2026-05-23 04:36:16.914 [main] INFO  c.example.project.ProjectApplication - Starting ProjectApplication using Java 17.0.12 with PID 22748 (C:\Users\Mc-kevin\mck\tutoree\crowdfunding\crowdfunding-backend\target\classes started by Mc-kevin in C:\Users\Mc-kevin\mck\tutoree\crowdfunding\crowdfunding-backend)
2026-05-23 04:36:16.953 [main] DEBUG c.example.project.ProjectApplication - Running with Spring Boot v3.2.5, Spring v6.1.6
2026-05-23 04:36:16.960 [main] INFO  c.example.project.ProjectApplication - No active profile set, falling back to 1 default profile: "default"
2026-05-23 04:36:28.679 [main] INFO  o.s.b.w.e.tomcat.TomcatWebServer - Tomcat initialized with port 8080 (http)
2026-05-23 04:36:28.712 [main] INFO  o.a.catalina.core.StandardService - Starting service [Tomcat]
2026-05-23 04:36:28.713 [main] INFO  o.a.catalina.core.StandardEngine - Starting Servlet engine: [Apache Tomcat/10.1.20]
2026-05-23 04:36:29.093 [main] INFO  o.a.c.c.C.[Tomcat].[localhost].[/] - Initializing Spring embedded WebApplicationContext
2026-05-23 04:36:29.094 [main] INFO  o.s.b.w.s.c.ServletWebServerApplicationContext - Root WebApplicationContext: initialization completed in 11920 ms
2026-05-23 04:36:30.178 [main] DEBUG o.s.o.j.LocalContainerEntityManagerFactoryBean - Building JPA container EntityManagerFactory for persistence unit 'default'
2026-05-23 04:36:31.922 [main] INFO  o.s.o.j.p.SpringPersistenceUnitInfo - No LoadTimeWeaver setup: ignoring JPA class transformer
2026-05-23 04:36:31.998 [main] INFO  com.zaxxer.hikari.HikariDataSource - HikariPool-1 - Starting...
2026-05-23 04:36:33.249 [main] INFO  com.zaxxer.hikari.pool.HikariPool - HikariPool-1 - Added connection com.mysql.cj.jdbc.ConnectionImpl@408d12fc
2026-05-23 04:36:33.254 [main] INFO  com.zaxxer.hikari.HikariDataSource - HikariPool-1 - Start completed.
2026-05-23 04:36:33.552 [main] WARN  org.hibernate.orm.deprecation - HHH90000025: MySQLDialect does not need to be specified explicitly using 'hibernate.dialect' (remove the property setting and it will be selected by default)
2026-05-23 04:36:38.505 [main] INFO  o.s.o.j.LocalContainerEntityManagerFactoryBean - Initialized JPA EntityManagerFactory for persistence unit 'default'
2026-05-23 04:36:39.258 [main] DEBUG o.s.o.j.SharedEntityManagerCreator$SharedEntityManagerInvocationHandler - Creating new EntityManager for shared EntityManager invocation
2026-05-23 04:36:39.358 [main] DEBUG o.s.o.j.SharedEntityManagerCreator$SharedEntityManagerInvocationHandler - Creating new EntityManager for shared EntityManager invocation
2026-05-23 04:36:39.530 [main] DEBUG o.s.o.j.SharedEntityManagerCreator$SharedEntityManagerInvocationHandler - Creating new EntityManager for shared EntityManager invocation
2026-05-23 04:36:39.655 [main] DEBUG o.s.o.j.SharedEntityManagerCreator$SharedEntityManagerInvocationHandler - Creating new EntityManager for shared EntityManager invocation
2026-05-23 04:36:39.798 [main] DEBUG o.s.o.j.SharedEntityManagerCreator$SharedEntityManagerInvocationHandler - Creating new EntityManager for shared EntityManager invocation
2026-05-23 04:36:40.296 [main] DEBUG o.s.o.j.SharedEntityManagerCreator$SharedEntityManagerInvocationHandler - Creating new EntityManager for shared EntityManager invocation
2026-05-23 04:36:40.912 [main] DEBUG o.s.o.j.SharedEntityManagerCreator$SharedEntityManagerInvocationHandler - Creating new EntityManager for shared EntityManager invocation
2026-05-23 04:36:40.917 [main] DEBUG o.s.o.j.SharedEntityManagerCreator$SharedEntityManagerInvocationHandler - Creating new EntityManager for shared EntityManager invocation
2026-05-23 04:36:41.388 [main] DEBUG c.e.project.security.JwtAuthFilter - Filter 'jwtAuthFilter' configured for use
2026-05-23 04:36:41.539 [main] DEBUG o.s.o.j.SharedEntityManagerCreator$SharedEntityManagerInvocationHandler - Creating new EntityManager for shared EntityManager invocation
2026-05-23 04:36:41.745 [main] DEBUG o.s.o.j.SharedEntityManagerCreator$SharedEntityManagerInvocationHandler - Creating new EntityManager for shared EntityManager invocation
2026-05-23 04:36:41.765 [main] DEBUG o.s.o.j.SharedEntityManagerCreator$SharedEntityManagerInvocationHandler - Creating new EntityManager for shared EntityManager invocation
2026-05-23 04:36:41.781 [main] DEBUG o.s.o.j.SharedEntityManagerCreator$SharedEntityManagerInvocationHandler - Creating new EntityManager for shared EntityManager invocation
2026-05-23 04:36:41.787 [main] DEBUG o.s.o.j.SharedEntityManagerCreator$SharedEntityManagerInvocationHandler - Creating new EntityManager for shared EntityManager invocation
2026-05-23 04:36:41.967 [main] DEBUG o.s.o.j.SharedEntityManagerCreator$SharedEntityManagerInvocationHandler - Creating new EntityManager for shared EntityManager invocation
2026-05-23 04:36:41.968 [main] DEBUG o.s.o.j.SharedEntityManagerCreator$SharedEntityManagerInvocationHandler - Creating new EntityManager for shared EntityManager invocation
2026-05-23 04:36:41.980 [main] DEBUG o.s.o.j.SharedEntityManagerCreator$SharedEntityManagerInvocationHandler - Creating new EntityManager for shared EntityManager invocation
2026-05-23 04:36:41.991 [main] DEBUG o.s.o.j.SharedEntityManagerCreator$SharedEntityManagerInvocationHandler - Creating new EntityManager for shared EntityManager invocation
2026-05-23 04:36:41.999 [main] DEBUG o.s.o.j.SharedEntityManagerCreator$SharedEntityManagerInvocationHandler - Creating new EntityManager for shared EntityManager invocation
2026-05-23 04:36:42.026 [main] DEBUG o.s.o.j.SharedEntityManagerCreator$SharedEntityManagerInvocationHandler - Creating new EntityManager for shared EntityManager invocation
2026-05-23 04:36:42.037 [main] DEBUG o.s.o.j.SharedEntityManagerCreator$SharedEntityManagerInvocationHandler - Creating new EntityManager for shared EntityManager invocation
2026-05-23 04:36:43.697 [main] DEBUG o.s.o.j.SharedEntityManagerCreator$SharedEntityManagerInvocationHandler - Creating new EntityManager for shared EntityManager invocation
2026-05-23 04:36:43.707 [main] DEBUG o.s.o.j.SharedEntityManagerCreator$SharedEntityManagerInvocationHandler - Creating new EntityManager for shared EntityManager invocation
2026-05-23 04:36:43.715 [main] DEBUG o.s.o.j.SharedEntityManagerCreator$SharedEntityManagerInvocationHandler - Creating new EntityManager for shared EntityManager invocation
2026-05-23 04:36:43.719 [main] DEBUG o.s.o.j.SharedEntityManagerCreator$SharedEntityManagerInvocationHandler - Creating new EntityManager for shared EntityManager invocation
2026-05-23 04:36:43.890 [main] DEBUG o.s.o.j.SharedEntityManagerCreator$SharedEntityManagerInvocationHandler - Creating new EntityManager for shared EntityManager invocation
2026-05-23 04:36:43.894 [main] DEBUG o.s.o.j.SharedEntityManagerCreator$SharedEntityManagerInvocationHandler - Creating new EntityManager for shared EntityManager invocation
2026-05-23 04:36:43.899 [main] DEBUG o.s.o.j.SharedEntityManagerCreator$SharedEntityManagerInvocationHandler - Creating new EntityManager for shared EntityManager invocation
2026-05-23 04:36:43.902 [main] DEBUG o.s.o.j.SharedEntityManagerCreator$SharedEntityManagerInvocationHandler - Creating new EntityManager for shared EntityManager invocation
2026-05-23 04:36:43.907 [main] DEBUG o.s.o.j.SharedEntityManagerCreator$SharedEntityManagerInvocationHandler - Creating new EntityManager for shared EntityManager invocation
2026-05-23 04:36:43.912 [main] DEBUG o.s.o.j.SharedEntityManagerCreator$SharedEntityManagerInvocationHandler - Creating new EntityManager for shared EntityManager invocation
2026-05-23 04:36:44.660 [main] DEBUG o.s.o.j.SharedEntityManagerCreator$SharedEntityManagerInvocationHandler - Creating new EntityManager for shared EntityManager invocation
2026-05-23 04:36:44.671 [main] DEBUG o.s.o.j.SharedEntityManagerCreator$SharedEntityManagerInvocationHandler - Creating new EntityManager for shared EntityManager invocation
2026-05-23 04:36:44.679 [main] DEBUG o.s.o.j.SharedEntityManagerCreator$SharedEntityManagerInvocationHandler - Creating new EntityManager for shared EntityManager invocation
2026-05-23 04:36:44.696 [main] DEBUG o.s.o.j.SharedEntityManagerCreator$SharedEntityManagerInvocationHandler - Creating new EntityManager for shared EntityManager invocation
2026-05-23 04:36:44.717 [main] DEBUG o.s.o.j.SharedEntityManagerCreator$SharedEntityManagerInvocationHandler - Creating new EntityManager for shared EntityManager invocation
2026-05-23 04:36:44.724 [main] DEBUG o.s.o.j.SharedEntityManagerCreator$SharedEntityManagerInvocationHandler - Creating new EntityManager for shared EntityManager invocation
2026-05-23 04:36:44.731 [main] DEBUG o.s.o.j.SharedEntityManagerCreator$SharedEntityManagerInvocationHandler - Creating new EntityManager for shared EntityManager invocation
2026-05-23 04:36:44.743 [main] DEBUG o.s.o.j.SharedEntityManagerCreator$SharedEntityManagerInvocationHandler - Creating new EntityManager for shared EntityManager invocation
2026-05-23 04:36:44.933 [main] DEBUG o.s.o.j.SharedEntityManagerCreator$SharedEntityManagerInvocationHandler - Creating new EntityManager for shared EntityManager invocation
2026-05-23 04:36:44.939 [main] DEBUG o.s.o.j.SharedEntityManagerCreator$SharedEntityManagerInvocationHandler - Creating new EntityManager for shared EntityManager invocation
2026-05-23 04:36:44.947 [main] DEBUG o.s.o.j.SharedEntityManagerCreator$SharedEntityManagerInvocationHandler - Creating new EntityManager for shared EntityManager invocation
2026-05-23 04:36:44.949 [main] DEBUG o.s.o.j.SharedEntityManagerCreator$SharedEntityManagerInvocationHandler - Creating new EntityManager for shared EntityManager invocation
2026-05-23 04:36:44.954 [main] DEBUG o.s.o.j.SharedEntityManagerCreator$SharedEntityManagerInvocationHandler - Creating new EntityManager for shared EntityManager invocation
2026-05-23 04:36:44.962 [main] DEBUG o.s.o.j.SharedEntityManagerCreator$SharedEntityManagerInvocationHandler - Creating new EntityManager for shared EntityManager invocation
2026-05-23 04:36:44.965 [main] DEBUG o.s.o.j.SharedEntityManagerCreator$SharedEntityManagerInvocationHandler - Creating new EntityManager for shared EntityManager invocation
2026-05-23 04:36:45.129 [main] DEBUG o.s.o.j.SharedEntityManagerCreator$SharedEntityManagerInvocationHandler - Creating new EntityManager for shared EntityManager invocation
2026-05-23 04:36:45.130 [main] DEBUG o.s.o.j.SharedEntityManagerCreator$SharedEntityManagerInvocationHandler - Creating new EntityManager for shared EntityManager invocation
2026-05-23 04:36:45.134 [main] DEBUG o.s.o.j.SharedEntityManagerCreator$SharedEntityManagerInvocationHandler - Creating new EntityManager for shared EntityManager invocation
2026-05-23 04:36:45.140 [main] DEBUG o.s.o.j.SharedEntityManagerCreator$SharedEntityManagerInvocationHandler - Creating new EntityManager for shared EntityManager invocation
2026-05-23 04:36:45.409 [main] DEBUG o.s.o.j.SharedEntityManagerCreator$SharedEntityManagerInvocationHandler - Creating new EntityManager for shared EntityManager invocation
2026-05-23 04:36:45.416 [main] DEBUG o.s.o.j.SharedEntityManagerCreator$SharedEntityManagerInvocationHandler - Creating new EntityManager for shared EntityManager invocation
2026-05-23 04:36:45.423 [main] DEBUG o.s.o.j.SharedEntityManagerCreator$SharedEntityManagerInvocationHandler - Creating new EntityManager for shared EntityManager invocation
2026-05-23 04:36:45.429 [main] DEBUG o.s.o.j.SharedEntityManagerCreator$SharedEntityManagerInvocationHandler - Creating new EntityManager for shared EntityManager invocation
2026-05-23 04:36:45.435 [main] DEBUG o.s.o.j.SharedEntityManagerCreator$SharedEntityManagerInvocationHandler - Creating new EntityManager for shared EntityManager invocation
2026-05-23 04:36:46.092 [main] DEBUG o.s.o.j.SharedEntityManagerCreator$SharedEntityManagerInvocationHandler - Creating new EntityManager for shared EntityManager invocation
2026-05-23 04:36:46.103 [main] DEBUG o.s.o.j.SharedEntityManagerCreator$SharedEntityManagerInvocationHandler - Creating new EntityManager for shared EntityManager invocation
2026-05-23 04:36:46.108 [main] DEBUG o.s.o.j.SharedEntityManagerCreator$SharedEntityManagerInvocationHandler - Creating new EntityManager for shared EntityManager invocation
2026-05-23 04:36:46.415 [main] DEBUG o.s.o.j.SharedEntityManagerCreator$SharedEntityManagerInvocationHandler - Creating new EntityManager for shared EntityManager invocation
2026-05-23 04:36:46.420 [main] DEBUG o.s.o.j.SharedEntityManagerCreator$SharedEntityManagerInvocationHandler - Creating new EntityManager for shared EntityManager invocation
2026-05-23 04:36:46.434 [main] DEBUG o.s.o.j.SharedEntityManagerCreator$SharedEntityManagerInvocationHandler - Creating new EntityManager for shared EntityManager invocation
2026-05-23 04:36:46.441 [main] DEBUG o.s.o.j.SharedEntityManagerCreator$SharedEntityManagerInvocationHandler - Creating new EntityManager for shared EntityManager invocation
2026-05-23 04:36:46.463 [main] DEBUG o.s.o.j.SharedEntityManagerCreator$SharedEntityManagerInvocationHandler - Creating new EntityManager for shared EntityManager invocation
2026-05-23 04:36:47.019 [main] DEBUG o.s.o.j.SharedEntityManagerCreator$SharedEntityManagerInvocationHandler - Creating new EntityManager for shared EntityManager invocation
2026-05-23 04:36:47.032 [main] DEBUG o.s.o.j.SharedEntityManagerCreator$SharedEntityManagerInvocationHandler - Creating new EntityManager for shared EntityManager invocation
2026-05-23 04:36:47.041 [main] DEBUG o.s.o.j.SharedEntityManagerCreator$SharedEntityManagerInvocationHandler - Creating new EntityManager for shared EntityManager invocation
2026-05-23 04:36:47.051 [main] DEBUG o.s.o.j.SharedEntityManagerCreator$SharedEntityManagerInvocationHandler - Creating new EntityManager for shared EntityManager invocation
2026-05-23 04:36:47.063 [main] DEBUG o.s.o.j.SharedEntityManagerCreator$SharedEntityManagerInvocationHandler - Creating new EntityManager for shared EntityManager invocation
2026-05-23 04:36:47.083 [main] DEBUG o.s.o.j.SharedEntityManagerCreator$SharedEntityManagerInvocationHandler - Creating new EntityManager for shared EntityManager invocation
2026-05-23 04:36:47.644 [main] DEBUG o.s.o.j.SharedEntityManagerCreator$SharedEntityManagerInvocationHandler - Creating new EntityManager for shared EntityManager invocation
2026-05-23 04:36:47.654 [main] DEBUG o.s.o.j.SharedEntityManagerCreator$SharedEntityManagerInvocationHandler - Creating new EntityManager for shared EntityManager invocation
2026-05-23 04:36:47.662 [main] DEBUG o.s.o.j.SharedEntityManagerCreator$SharedEntityManagerInvocationHandler - Creating new EntityManager for shared EntityManager invocation
2026-05-23 04:36:47.667 [main] DEBUG o.s.o.j.SharedEntityManagerCreator$SharedEntityManagerInvocationHandler - Creating new EntityManager for shared EntityManager invocation
2026-05-23 04:36:47.904 [main] DEBUG o.s.o.j.SharedEntityManagerCreator$SharedEntityManagerInvocationHandler - Creating new EntityManager for shared EntityManager invocation
2026-05-23 04:36:47.910 [main] DEBUG o.s.o.j.SharedEntityManagerCreator$SharedEntityManagerInvocationHandler - Creating new EntityManager for shared EntityManager invocation
2026-05-23 04:36:47.915 [main] DEBUG o.s.o.j.SharedEntityManagerCreator$SharedEntityManagerInvocationHandler - Creating new EntityManager for shared EntityManager invocation
2026-05-23 04:36:47.918 [main] DEBUG o.s.o.j.SharedEntityManagerCreator$SharedEntityManagerInvocationHandler - Creating new EntityManager for shared EntityManager invocation
2026-05-23 04:36:47.921 [main] DEBUG o.s.o.j.SharedEntityManagerCreator$SharedEntityManagerInvocationHandler - Creating new EntityManager for shared EntityManager invocation
2026-05-23 04:36:48.129 [main] DEBUG o.s.o.j.SharedEntityManagerCreator$SharedEntityManagerInvocationHandler - Creating new EntityManager for shared EntityManager invocation
2026-05-23 04:36:48.144 [main] DEBUG o.s.o.j.SharedEntityManagerCreator$SharedEntityManagerInvocationHandler - Creating new EntityManager for shared EntityManager invocation
2026-05-23 04:36:48.148 [main] DEBUG o.s.o.j.SharedEntityManagerCreator$SharedEntityManagerInvocationHandler - Creating new EntityManager for shared EntityManager invocation
2026-05-23 04:36:48.364 [main] DEBUG o.s.o.j.SharedEntityManagerCreator$SharedEntityManagerInvocationHandler - Creating new EntityManager for shared EntityManager invocation
2026-05-23 04:36:48.371 [main] DEBUG o.s.o.j.SharedEntityManagerCreator$SharedEntityManagerInvocationHandler - Creating new EntityManager for shared EntityManager invocation
2026-05-23 04:36:48.379 [main] DEBUG o.s.o.j.SharedEntityManagerCreator$SharedEntityManagerInvocationHandler - Creating new EntityManager for shared EntityManager invocation
2026-05-23 04:36:48.382 [main] DEBUG o.s.o.j.SharedEntityManagerCreator$SharedEntityManagerInvocationHandler - Creating new EntityManager for shared EntityManager invocation
2026-05-23 04:36:48.661 [main] DEBUG o.s.o.j.SharedEntityManagerCreator$SharedEntityManagerInvocationHandler - Creating new EntityManager for shared EntityManager invocation
2026-05-23 04:36:48.669 [main] DEBUG o.s.o.j.SharedEntityManagerCreator$SharedEntityManagerInvocationHandler - Creating new EntityManager for shared EntityManager invocation
2026-05-23 04:36:48.676 [main] DEBUG o.s.o.j.SharedEntityManagerCreator$SharedEntityManagerInvocationHandler - Creating new EntityManager for shared EntityManager invocation
2026-05-23 04:36:48.724 [main] DEBUG o.s.o.j.SharedEntityManagerCreator$SharedEntityManagerInvocationHandler - Creating new EntityManager for shared EntityManager invocation
2026-05-23 04:36:48.893 [main] DEBUG o.s.o.j.SharedEntityManagerCreator$SharedEntityManagerInvocationHandler - Creating new EntityManager for shared EntityManager invocation
2026-05-23 04:36:49.241 [main] DEBUG o.s.o.j.SharedEntityManagerCreator$SharedEntityManagerInvocationHandler - Creating new EntityManager for shared EntityManager invocation
2026-05-23 04:36:49.248 [main] DEBUG o.s.o.j.SharedEntityManagerCreator$SharedEntityManagerInvocationHandler - Creating new EntityManager for shared EntityManager invocation
2026-05-23 04:36:49.252 [main] DEBUG o.s.o.j.SharedEntityManagerCreator$SharedEntityManagerInvocationHandler - Creating new EntityManager for shared EntityManager invocation
2026-05-23 04:36:49.538 [main] DEBUG o.s.o.j.SharedEntityManagerCreator$SharedEntityManagerInvocationHandler - Creating new EntityManager for shared EntityManager invocation
2026-05-23 04:36:49.545 [main] DEBUG o.s.o.j.SharedEntityManagerCreator$SharedEntityManagerInvocationHandler - Creating new EntityManager for shared EntityManager invocation
2026-05-23 04:36:49.550 [main] DEBUG o.s.o.j.SharedEntityManagerCreator$SharedEntityManagerInvocationHandler - Creating new EntityManager for shared EntityManager invocation
2026-05-23 04:36:49.555 [main] DEBUG o.s.o.j.SharedEntityManagerCreator$SharedEntityManagerInvocationHandler - Creating new EntityManager for shared EntityManager invocation
2026-05-23 04:36:49.563 [main] DEBUG o.s.o.j.SharedEntityManagerCreator$SharedEntityManagerInvocationHandler - Creating new EntityManager for shared EntityManager invocation
2026-05-23 04:36:49.567 [main] DEBUG o.s.o.j.SharedEntityManagerCreator$SharedEntityManagerInvocationHandler - Creating new EntityManager for shared EntityManager invocation
2026-05-23 04:36:49.831 [main] DEBUG o.s.o.j.SharedEntityManagerCreator$SharedEntityManagerInvocationHandler - Creating new EntityManager for shared EntityManager invocation
2026-05-23 04:36:49.835 [main] DEBUG o.s.o.j.SharedEntityManagerCreator$SharedEntityManagerInvocationHandler - Creating new EntityManager for shared EntityManager invocation
2026-05-23 04:36:49.839 [main] DEBUG o.s.o.j.SharedEntityManagerCreator$SharedEntityManagerInvocationHandler - Creating new EntityManager for shared EntityManager invocation
2026-05-23 04:36:50.031 [main] DEBUG o.s.o.j.SharedEntityManagerCreator$SharedEntityManagerInvocationHandler - Creating new EntityManager for shared EntityManager invocation
2026-05-23 04:36:50.036 [main] DEBUG o.s.o.j.SharedEntityManagerCreator$SharedEntityManagerInvocationHandler - Creating new EntityManager for shared EntityManager invocation
2026-05-23 04:36:50.041 [main] DEBUG o.s.o.j.SharedEntityManagerCreator$SharedEntityManagerInvocationHandler - Creating new EntityManager for shared EntityManager invocation
2026-05-23 04:36:50.045 [main] DEBUG o.s.o.j.SharedEntityManagerCreator$SharedEntityManagerInvocationHandler - Creating new EntityManager for shared EntityManager invocation
2026-05-23 04:36:50.048 [main] DEBUG o.s.o.j.SharedEntityManagerCreator$SharedEntityManagerInvocationHandler - Creating new EntityManager for shared EntityManager invocation
2026-05-23 04:36:50.998 [main] WARN  o.s.b.a.o.j.JpaBaseConfiguration$JpaWebConfiguration - spring.jpa.open-in-view is enabled by default. Therefore, database queries may be performed during view rendering. Explicitly configure spring.jpa.open-in-view to disable this warning
2026-05-23 04:36:53.028 [main] INFO  o.s.b.a.e.web.EndpointLinksResolver - Exposing 1 endpoint(s) beneath base path '/actuator'
2026-05-23 04:36:53.426 [main] INFO  o.s.s.web.DefaultSecurityFilterChain - Will secure any request with [org.springframework.security.web.session.DisableEncodeUrlFilter@6431e18, org.springframework.security.web.context.request.async.WebAsyncManagerIntegrationFilter@13b1c2f5, org.springframework.security.web.context.SecurityContextHolderFilter@388f2d15, org.springframework.security.web.header.HeaderWriterFilter@5e51ac41, org.springframework.web.filter.CorsFilter@32b90410, org.springframework.web.filter.CorsFilter@7837c99c, org.springframework.security.web.authentication.logout.LogoutFilter@5dab9949, com.example.project.security.JwtAuthFilter@101d4a4e, org.springframework.security.web.savedrequest.RequestCacheAwareFilter@122a6bac, org.springframework.security.web.servletapi.SecurityContextHolderAwareRequestFilter@26327339, org.springframework.security.web.authentication.AnonymousAuthenticationFilter@669abb5c, org.springframework.security.web.session.SessionManagementFilter@2c861fc2, org.springframework.security.web.access.ExceptionTranslationFilter@78bc7456, org.springframework.security.web.access.intercept.AuthorizationFilter@29b29e5d]
2026-05-23 04:36:56.846 [main] INFO  o.s.b.w.e.tomcat.TomcatWebServer - Tomcat started on port 8080 (http) with context path ''
2026-05-23 04:36:56.850 [main] INFO  o.s.m.s.b.SimpleBrokerMessageHandler - Starting...
2026-05-23 04:36:56.852 [main] INFO  o.s.m.s.b.SimpleBrokerMessageHandler - BrokerAvailabilityEvent[available=true, SimpleBrokerMessageHandler [org.springframework.messaging.simp.broker.DefaultSubscriptionRegistry@35f99930]]
2026-05-23 04:36:56.853 [main] INFO  o.s.m.s.b.SimpleBrokerMessageHandler - Started.
2026-05-23 04:36:56.899 [main] INFO  c.example.project.ProjectApplication - Started ProjectApplication in 42.456 seconds (process running for 45.801)
2026-05-23 04:36:57.035 [main] DEBUG o.s.o.j.SharedEntityManagerCreator$SharedEntityManagerInvocationHandler - Creating new EntityManager for shared EntityManager invocation
2026-05-23 04:36:57.260 [main] DEBUG org.hibernate.SQL - 
    select
        u1_0.id,
        u1_0.address,
        u1_0.admin_notes,
        u1_0.avatar_url,
        u1_0.bio,
        u1_0.preferred_category,
        u1_0.created_at,
        u1_0.email,
        u1_0.google_id,
        u1_0.kyc_status,
        u1_0.password,
        u1_0.last_name,
        u1_0.first_name,
        u1_0.role,
        u1_0.status,
        u1_0.phone,
        u1_0.ville 
    from
        users u1_0 
    where
        u1_0.email=?
2026-05-23 04:36:57.314 [main] WARN  c.e.p.util.PerformanceLoggingAspect - SLOW_QUERY: $Proxy166.findByEmail took 288ms
2026-05-23 04:47:50.029 [SpringApplicationShutdownHook] INFO  o.s.m.s.b.SimpleBrokerMessageHandler - Stopping...
2026-05-23 04:47:50.032 [SpringApplicationShutdownHook] INFO  o.s.m.s.b.SimpleBrokerMessageHandler - BrokerAvailabilityEvent[available=false, SimpleBrokerMessageHandler [org.springframework.messaging.simp.broker.DefaultSubscriptionRegistry@35f99930]]
2026-05-23 04:47:50.034 [SpringApplicationShutdownHook] INFO  o.s.m.s.b.SimpleBrokerMessageHandler - Stopped.
2026-05-23 04:47:50.171 [SpringApplicationShutdownHook] INFO  o.s.o.j.LocalContainerEntityManagerFactoryBean - Closing JPA EntityManagerFactory for persistence unit 'default'
2026-05-23 04:47:50.176 [SpringApplicationShutdownHook] INFO  com.zaxxer.hikari.HikariDataSource - HikariPool-1 - Shutdown initiated...
2026-05-23 04:47:50.211 [SpringApplicationShutdownHook] INFO  com.zaxxer.hikari.HikariDataSource - HikariPool-1 - Shutdown completed.
2026-05-23 04:48:14.997 [main] INFO  c.example.project.ProjectApplication - Starting ProjectApplication using Java 17.0.12 with PID 24748 (C:\Users\Mc-kevin\mck\tutoree\crowdfunding\crowdfunding-backend\target\classes started by Mc-kevin in C:\Users\Mc-kevin\mck\tutoree\crowdfunding\crowdfunding-backend)
2026-05-23 04:48:15.002 [main] DEBUG c.example.project.ProjectApplication - Running with Spring Boot v3.2.5, Spring v6.1.6
2026-05-23 04:48:15.009 [main] INFO  c.example.project.ProjectApplication - No active profile set, falling back to 1 default profile: "default"
2026-05-23 04:48:22.308 [main] INFO  o.s.b.w.e.tomcat.TomcatWebServer - Tomcat initialized with port 8080 (http)
2026-05-23 04:48:22.427 [main] INFO  o.a.catalina.core.StandardService - Starting service [Tomcat]
2026-05-23 04:48:22.473 [main] INFO  o.a.catalina.core.StandardEngine - Starting Servlet engine: [Apache Tomcat/10.1.20]
2026-05-23 04:48:23.768 [main] INFO  o.a.c.c.C.[Tomcat].[localhost].[/] - Initializing Spring embedded WebApplicationContext
2026-05-23 04:48:23.769 [main] INFO  o.s.b.w.s.c.ServletWebServerApplicationContext - Root WebApplicationContext: initialization completed in 8658 ms
2026-05-23 04:48:24.646 [main] DEBUG o.s.o.j.LocalContainerEntityManagerFactoryBean - Building JPA container EntityManagerFactory for persistence unit 'default'
2026-05-23 04:48:25.603 [main] INFO  o.s.o.j.p.SpringPersistenceUnitInfo - No LoadTimeWeaver setup: ignoring JPA class transformer
2026-05-23 04:48:25.672 [main] INFO  com.zaxxer.hikari.HikariDataSource - HikariPool-1 - Starting...
2026-05-23 04:48:27.311 [main] INFO  com.zaxxer.hikari.pool.HikariPool - HikariPool-1 - Added connection com.mysql.cj.jdbc.ConnectionImpl@69d1ad64
2026-05-23 04:48:27.368 [main] INFO  com.zaxxer.hikari.HikariDataSource - HikariPool-1 - Start completed.
2026-05-23 04:48:27.815 [main] WARN  org.hibernate.orm.deprecation - HHH90000025: MySQLDialect does not need to be specified explicitly using 'hibernate.dialect' (remove the property setting and it will be selected by default)
2026-05-23 04:48:32.734 [main] INFO  o.s.o.j.LocalContainerEntityManagerFactoryBean - Initialized JPA EntityManagerFactory for persistence unit 'default'
2026-05-23 04:48:33.393 [main] DEBUG o.s.o.j.SharedEntityManagerCreator$SharedEntityManagerInvocationHandler - Creating new EntityManager for shared EntityManager invocation
2026-05-23 04:48:33.476 [main] DEBUG o.s.o.j.SharedEntityManagerCreator$SharedEntityManagerInvocationHandler - Creating new EntityManager for shared EntityManager invocation
2026-05-23 04:48:33.622 [main] DEBUG o.s.o.j.SharedEntityManagerCreator$SharedEntityManagerInvocationHandler - Creating new EntityManager for shared EntityManager invocation
2026-05-23 04:48:33.714 [main] DEBUG o.s.o.j.SharedEntityManagerCreator$SharedEntityManagerInvocationHandler - Creating new EntityManager for shared EntityManager invocation
2026-05-23 04:48:33.811 [main] DEBUG o.s.o.j.SharedEntityManagerCreator$SharedEntityManagerInvocationHandler - Creating new EntityManager for shared EntityManager invocation
2026-05-23 04:48:34.252 [main] DEBUG o.s.o.j.SharedEntityManagerCreator$SharedEntityManagerInvocationHandler - Creating new EntityManager for shared EntityManager invocation
2026-05-23 04:48:35.494 [main] DEBUG o.s.o.j.SharedEntityManagerCreator$SharedEntityManagerInvocationHandler - Creating new EntityManager for shared EntityManager invocation
2026-05-23 04:48:35.496 [main] DEBUG o.s.o.j.SharedEntityManagerCreator$SharedEntityManagerInvocationHandler - Creating new EntityManager for shared EntityManager invocation
2026-05-23 04:48:36.054 [main] DEBUG c.e.project.security.JwtAuthFilter - Filter 'jwtAuthFilter' configured for use
2026-05-23 04:48:36.164 [main] DEBUG o.s.o.j.SharedEntityManagerCreator$SharedEntityManagerInvocationHandler - Creating new EntityManager for shared EntityManager invocation
2026-05-23 04:48:36.664 [main] DEBUG o.s.o.j.SharedEntityManagerCreator$SharedEntityManagerInvocationHandler - Creating new EntityManager for shared EntityManager invocation
2026-05-23 04:48:36.672 [main] DEBUG o.s.o.j.SharedEntityManagerCreator$SharedEntityManagerInvocationHandler - Creating new EntityManager for shared EntityManager invocation
2026-05-23 04:48:36.683 [main] DEBUG o.s.o.j.SharedEntityManagerCreator$SharedEntityManagerInvocationHandler - Creating new EntityManager for shared EntityManager invocation
2026-05-23 04:48:36.701 [main] DEBUG o.s.o.j.SharedEntityManagerCreator$SharedEntityManagerInvocationHandler - Creating new EntityManager for shared EntityManager invocation
2026-05-23 04:48:37.046 [main] DEBUG o.s.o.j.SharedEntityManagerCreator$SharedEntityManagerInvocationHandler - Creating new EntityManager for shared EntityManager invocation
2026-05-23 04:48:37.065 [main] DEBUG o.s.o.j.SharedEntityManagerCreator$SharedEntityManagerInvocationHandler - Creating new EntityManager for shared EntityManager invocation
2026-05-23 04:48:37.122 [main] DEBUG o.s.o.j.SharedEntityManagerCreator$SharedEntityManagerInvocationHandler - Creating new EntityManager for shared EntityManager invocation
2026-05-23 04:48:37.146 [main] DEBUG o.s.o.j.SharedEntityManagerCreator$SharedEntityManagerInvocationHandler - Creating new EntityManager for shared EntityManager invocation
2026-05-23 04:48:37.164 [main] DEBUG o.s.o.j.SharedEntityManagerCreator$SharedEntityManagerInvocationHandler - Creating new EntityManager for shared EntityManager invocation
2026-05-23 04:48:37.177 [main] DEBUG o.s.o.j.SharedEntityManagerCreator$SharedEntityManagerInvocationHandler - Creating new EntityManager for shared EntityManager invocation
2026-05-23 04:48:37.186 [main] DEBUG o.s.o.j.SharedEntityManagerCreator$SharedEntityManagerInvocationHandler - Creating new EntityManager for shared EntityManager invocation
2026-05-23 04:48:38.305 [main] DEBUG o.s.o.j.SharedEntityManagerCreator$SharedEntityManagerInvocationHandler - Creating new EntityManager for shared EntityManager invocation
2026-05-23 04:48:38.310 [main] DEBUG o.s.o.j.SharedEntityManagerCreator$SharedEntityManagerInvocationHandler - Creating new EntityManager for shared EntityManager invocation
2026-05-23 04:48:38.314 [main] DEBUG o.s.o.j.SharedEntityManagerCreator$SharedEntityManagerInvocationHandler - Creating new EntityManager for shared EntityManager invocation
2026-05-23 04:48:38.318 [main] DEBUG o.s.o.j.SharedEntityManagerCreator$SharedEntityManagerInvocationHandler - Creating new EntityManager for shared EntityManager invocation
2026-05-23 04:48:38.477 [main] DEBUG o.s.o.j.SharedEntityManagerCreator$SharedEntityManagerInvocationHandler - Creating new EntityManager for shared EntityManager invocation
2026-05-23 04:48:38.486 [main] DEBUG o.s.o.j.SharedEntityManagerCreator$SharedEntityManagerInvocationHandler - Creating new EntityManager for shared EntityManager invocation
2026-05-23 04:48:38.489 [main] DEBUG o.s.o.j.SharedEntityManagerCreator$SharedEntityManagerInvocationHandler - Creating new EntityManager for shared EntityManager invocation
2026-05-23 04:48:38.495 [main] DEBUG o.s.o.j.SharedEntityManagerCreator$SharedEntityManagerInvocationHandler - Creating new EntityManager for shared EntityManager invocation
2026-05-23 04:48:38.496 [main] DEBUG o.s.o.j.SharedEntityManagerCreator$SharedEntityManagerInvocationHandler - Creating new EntityManager for shared EntityManager invocation
2026-05-23 04:48:38.506 [main] DEBUG o.s.o.j.SharedEntityManagerCreator$SharedEntityManagerInvocationHandler - Creating new EntityManager for shared EntityManager invocation
2026-05-23 04:48:38.936 [main] DEBUG o.s.o.j.SharedEntityManagerCreator$SharedEntityManagerInvocationHandler - Creating new EntityManager for shared EntityManager invocation
2026-05-23 04:48:38.952 [main] DEBUG o.s.o.j.SharedEntityManagerCreator$SharedEntityManagerInvocationHandler - Creating new EntityManager for shared EntityManager invocation
2026-05-23 04:48:38.957 [main] DEBUG o.s.o.j.SharedEntityManagerCreator$SharedEntityManagerInvocationHandler - Creating new EntityManager for shared EntityManager invocation
2026-05-23 04:48:38.960 [main] DEBUG o.s.o.j.SharedEntityManagerCreator$SharedEntityManagerInvocationHandler - Creating new EntityManager for shared EntityManager invocation
2026-05-23 04:48:38.970 [main] DEBUG o.s.o.j.SharedEntityManagerCreator$SharedEntityManagerInvocationHandler - Creating new EntityManager for shared EntityManager invocation
2026-05-23 04:48:39.005 [main] DEBUG o.s.o.j.SharedEntityManagerCreator$SharedEntityManagerInvocationHandler - Creating new EntityManager for shared EntityManager invocation
2026-05-23 04:48:39.010 [main] DEBUG o.s.o.j.SharedEntityManagerCreator$SharedEntityManagerInvocationHandler - Creating new EntityManager for shared EntityManager invocation
2026-05-23 04:48:39.017 [main] DEBUG o.s.o.j.SharedEntityManagerCreator$SharedEntityManagerInvocationHandler - Creating new EntityManager for shared EntityManager invocation
2026-05-23 04:48:39.160 [main] DEBUG o.s.o.j.SharedEntityManagerCreator$SharedEntityManagerInvocationHandler - Creating new EntityManager for shared EntityManager invocation
2026-05-23 04:48:39.170 [main] DEBUG o.s.o.j.SharedEntityManagerCreator$SharedEntityManagerInvocationHandler - Creating new EntityManager for shared EntityManager invocation
2026-05-23 04:48:39.180 [main] DEBUG o.s.o.j.SharedEntityManagerCreator$SharedEntityManagerInvocationHandler - Creating new EntityManager for shared EntityManager invocation
2026-05-23 04:48:39.187 [main] DEBUG o.s.o.j.SharedEntityManagerCreator$SharedEntityManagerInvocationHandler - Creating new EntityManager for shared EntityManager invocation
2026-05-23 04:48:39.192 [main] DEBUG o.s.o.j.SharedEntityManagerCreator$SharedEntityManagerInvocationHandler - Creating new EntityManager for shared EntityManager invocation
2026-05-23 04:48:39.197 [main] DEBUG o.s.o.j.SharedEntityManagerCreator$SharedEntityManagerInvocationHandler - Creating new EntityManager for shared EntityManager invocation
2026-05-23 04:48:39.197 [main] DEBUG o.s.o.j.SharedEntityManagerCreator$SharedEntityManagerInvocationHandler - Creating new EntityManager for shared EntityManager invocation
2026-05-23 04:48:39.360 [main] DEBUG o.s.o.j.SharedEntityManagerCreator$SharedEntityManagerInvocationHandler - Creating new EntityManager for shared EntityManager invocation
2026-05-23 04:48:39.360 [main] DEBUG o.s.o.j.SharedEntityManagerCreator$SharedEntityManagerInvocationHandler - Creating new EntityManager for shared EntityManager invocation
2026-05-23 04:48:39.365 [main] DEBUG o.s.o.j.SharedEntityManagerCreator$SharedEntityManagerInvocationHandler - Creating new EntityManager for shared EntityManager invocation
2026-05-23 04:48:39.374 [main] DEBUG o.s.o.j.SharedEntityManagerCreator$SharedEntityManagerInvocationHandler - Creating new EntityManager for shared EntityManager invocation
2026-05-23 04:48:39.628 [main] DEBUG o.s.o.j.SharedEntityManagerCreator$SharedEntityManagerInvocationHandler - Creating new EntityManager for shared EntityManager invocation
2026-05-23 04:48:39.636 [main] DEBUG o.s.o.j.SharedEntityManagerCreator$SharedEntityManagerInvocationHandler - Creating new EntityManager for shared EntityManager invocation
2026-05-23 04:48:39.640 [main] DEBUG o.s.o.j.SharedEntityManagerCreator$SharedEntityManagerInvocationHandler - Creating new EntityManager for shared EntityManager invocation
2026-05-23 04:48:39.644 [main] DEBUG o.s.o.j.SharedEntityManagerCreator$SharedEntityManagerInvocationHandler - Creating new EntityManager for shared EntityManager invocation
2026-05-23 04:48:39.654 [main] DEBUG o.s.o.j.SharedEntityManagerCreator$SharedEntityManagerInvocationHandler - Creating new EntityManager for shared EntityManager invocation
2026-05-23 04:48:40.155 [main] DEBUG o.s.o.j.SharedEntityManagerCreator$SharedEntityManagerInvocationHandler - Creating new EntityManager for shared EntityManager invocation
2026-05-23 04:48:40.166 [main] DEBUG o.s.o.j.SharedEntityManagerCreator$SharedEntityManagerInvocationHandler - Creating new EntityManager for shared EntityManager invocation
2026-05-23 04:48:40.175 [main] DEBUG o.s.o.j.SharedEntityManagerCreator$SharedEntityManagerInvocationHandler - Creating new EntityManager for shared EntityManager invocation
2026-05-23 04:48:40.387 [main] DEBUG o.s.o.j.SharedEntityManagerCreator$SharedEntityManagerInvocationHandler - Creating new EntityManager for shared EntityManager invocation
2026-05-23 04:48:40.389 [main] DEBUG o.s.o.j.SharedEntityManagerCreator$SharedEntityManagerInvocationHandler - Creating new EntityManager for shared EntityManager invocation
2026-05-23 04:48:40.394 [main] DEBUG o.s.o.j.SharedEntityManagerCreator$SharedEntityManagerInvocationHandler - Creating new EntityManager for shared EntityManager invocation
2026-05-23 04:48:40.405 [main] DEBUG o.s.o.j.SharedEntityManagerCreator$SharedEntityManagerInvocationHandler - Creating new EntityManager for shared EntityManager invocation
2026-05-23 04:48:40.411 [main] DEBUG o.s.o.j.SharedEntityManagerCreator$SharedEntityManagerInvocationHandler - Creating new EntityManager for shared EntityManager invocation
2026-05-23 04:48:40.626 [main] DEBUG o.s.o.j.SharedEntityManagerCreator$SharedEntityManagerInvocationHandler - Creating new EntityManager for shared EntityManager invocation
2026-05-23 04:48:40.631 [main] DEBUG o.s.o.j.SharedEntityManagerCreator$SharedEntityManagerInvocationHandler - Creating new EntityManager for shared EntityManager invocation
2026-05-23 04:48:40.639 [main] DEBUG o.s.o.j.SharedEntityManagerCreator$SharedEntityManagerInvocationHandler - Creating new EntityManager for shared EntityManager invocation
2026-05-23 04:48:40.647 [main] DEBUG o.s.o.j.SharedEntityManagerCreator$SharedEntityManagerInvocationHandler - Creating new EntityManager for shared EntityManager invocation
2026-05-23 04:48:40.654 [main] DEBUG o.s.o.j.SharedEntityManagerCreator$SharedEntityManagerInvocationHandler - Creating new EntityManager for shared EntityManager invocation
2026-05-23 04:48:40.655 [main] DEBUG o.s.o.j.SharedEntityManagerCreator$SharedEntityManagerInvocationHandler - Creating new EntityManager for shared EntityManager invocation
2026-05-23 04:48:40.852 [main] DEBUG o.s.o.j.SharedEntityManagerCreator$SharedEntityManagerInvocationHandler - Creating new EntityManager for shared EntityManager invocation
2026-05-23 04:48:40.859 [main] DEBUG o.s.o.j.SharedEntityManagerCreator$SharedEntityManagerInvocationHandler - Creating new EntityManager for shared EntityManager invocation
2026-05-23 04:48:40.862 [main] DEBUG o.s.o.j.SharedEntityManagerCreator$SharedEntityManagerInvocationHandler - Creating new EntityManager for shared EntityManager invocation
2026-05-23 04:48:40.864 [main] DEBUG o.s.o.j.SharedEntityManagerCreator$SharedEntityManagerInvocationHandler - Creating new EntityManager for shared EntityManager invocation
2026-05-23 04:48:40.982 [main] DEBUG o.s.o.j.SharedEntityManagerCreator$SharedEntityManagerInvocationHandler - Creating new EntityManager for shared EntityManager invocation
2026-05-23 04:48:40.986 [main] DEBUG o.s.o.j.SharedEntityManagerCreator$SharedEntityManagerInvocationHandler - Creating new EntityManager for shared EntityManager invocation
2026-05-23 04:48:40.994 [main] DEBUG o.s.o.j.SharedEntityManagerCreator$SharedEntityManagerInvocationHandler - Creating new EntityManager for shared EntityManager invocation
2026-05-23 04:48:40.998 [main] DEBUG o.s.o.j.SharedEntityManagerCreator$SharedEntityManagerInvocationHandler - Creating new EntityManager for shared EntityManager invocation
2026-05-23 04:48:41.000 [main] DEBUG o.s.o.j.SharedEntityManagerCreator$SharedEntityManagerInvocationHandler - Creating new EntityManager for shared EntityManager invocation
2026-05-23 04:48:41.171 [main] DEBUG o.s.o.j.SharedEntityManagerCreator$SharedEntityManagerInvocationHandler - Creating new EntityManager for shared EntityManager invocation
2026-05-23 04:48:41.177 [main] DEBUG o.s.o.j.SharedEntityManagerCreator$SharedEntityManagerInvocationHandler - Creating new EntityManager for shared EntityManager invocation
2026-05-23 04:48:41.187 [main] DEBUG o.s.o.j.SharedEntityManagerCreator$SharedEntityManagerInvocationHandler - Creating new EntityManager for shared EntityManager invocation
2026-05-23 04:48:41.342 [main] DEBUG o.s.o.j.SharedEntityManagerCreator$SharedEntityManagerInvocationHandler - Creating new EntityManager for shared EntityManager invocation
2026-05-23 04:48:41.351 [main] DEBUG o.s.o.j.SharedEntityManagerCreator$SharedEntityManagerInvocationHandler - Creating new EntityManager for shared EntityManager invocation
2026-05-23 04:48:41.354 [main] DEBUG o.s.o.j.SharedEntityManagerCreator$SharedEntityManagerInvocationHandler - Creating new EntityManager for shared EntityManager invocation
2026-05-23 04:48:41.359 [main] DEBUG o.s.o.j.SharedEntityManagerCreator$SharedEntityManagerInvocationHandler - Creating new EntityManager for shared EntityManager invocation
2026-05-23 04:48:41.551 [main] DEBUG o.s.o.j.SharedEntityManagerCreator$SharedEntityManagerInvocationHandler - Creating new EntityManager for shared EntityManager invocation
2026-05-23 04:48:41.554 [main] DEBUG o.s.o.j.SharedEntityManagerCreator$SharedEntityManagerInvocationHandler - Creating new EntityManager for shared EntityManager invocation
2026-05-23 04:48:41.570 [main] DEBUG o.s.o.j.SharedEntityManagerCreator$SharedEntityManagerInvocationHandler - Creating new EntityManager for shared EntityManager invocation
2026-05-23 04:48:41.673 [main] DEBUG o.s.o.j.SharedEntityManagerCreator$SharedEntityManagerInvocationHandler - Creating new EntityManager for shared EntityManager invocation
2026-05-23 04:48:41.847 [main] DEBUG o.s.o.j.SharedEntityManagerCreator$SharedEntityManagerInvocationHandler - Creating new EntityManager for shared EntityManager invocation
2026-05-23 04:48:42.123 [main] DEBUG o.s.o.j.SharedEntityManagerCreator$SharedEntityManagerInvocationHandler - Creating new EntityManager for shared EntityManager invocation
2026-05-23 04:48:42.127 [main] DEBUG o.s.o.j.SharedEntityManagerCreator$SharedEntityManagerInvocationHandler - Creating new EntityManager for shared EntityManager invocation
2026-05-23 04:48:42.133 [main] DEBUG o.s.o.j.SharedEntityManagerCreator$SharedEntityManagerInvocationHandler - Creating new EntityManager for shared EntityManager invocation
2026-05-23 04:48:42.352 [main] DEBUG o.s.o.j.SharedEntityManagerCreator$SharedEntityManagerInvocationHandler - Creating new EntityManager for shared EntityManager invocation
2026-05-23 04:48:42.354 [main] DEBUG o.s.o.j.SharedEntityManagerCreator$SharedEntityManagerInvocationHandler - Creating new EntityManager for shared EntityManager invocation
2026-05-23 04:48:42.358 [main] DEBUG o.s.o.j.SharedEntityManagerCreator$SharedEntityManagerInvocationHandler - Creating new EntityManager for shared EntityManager invocation
2026-05-23 04:48:42.360 [main] DEBUG o.s.o.j.SharedEntityManagerCreator$SharedEntityManagerInvocationHandler - Creating new EntityManager for shared EntityManager invocation
2026-05-23 04:48:42.364 [main] DEBUG o.s.o.j.SharedEntityManagerCreator$SharedEntityManagerInvocationHandler - Creating new EntityManager for shared EntityManager invocation
2026-05-23 04:48:42.368 [main] DEBUG o.s.o.j.SharedEntityManagerCreator$SharedEntityManagerInvocationHandler - Creating new EntityManager for shared EntityManager invocation
2026-05-23 04:48:42.554 [main] DEBUG o.s.o.j.SharedEntityManagerCreator$SharedEntityManagerInvocationHandler - Creating new EntityManager for shared EntityManager invocation
2026-05-23 04:48:42.559 [main] DEBUG o.s.o.j.SharedEntityManagerCreator$SharedEntityManagerInvocationHandler - Creating new EntityManager for shared EntityManager invocation
2026-05-23 04:48:42.562 [main] DEBUG o.s.o.j.SharedEntityManagerCreator$SharedEntityManagerInvocationHandler - Creating new EntityManager for shared EntityManager invocation
2026-05-23 04:48:42.745 [main] DEBUG o.s.o.j.SharedEntityManagerCreator$SharedEntityManagerInvocationHandler - Creating new EntityManager for shared EntityManager invocation
2026-05-23 04:48:42.751 [main] DEBUG o.s.o.j.SharedEntityManagerCreator$SharedEntityManagerInvocationHandler - Creating new EntityManager for shared EntityManager invocation
2026-05-23 04:48:42.755 [main] DEBUG o.s.o.j.SharedEntityManagerCreator$SharedEntityManagerInvocationHandler - Creating new EntityManager for shared EntityManager invocation
2026-05-23 04:48:42.758 [main] DEBUG o.s.o.j.SharedEntityManagerCreator$SharedEntityManagerInvocationHandler - Creating new EntityManager for shared EntityManager invocation
2026-05-23 04:48:42.761 [main] DEBUG o.s.o.j.SharedEntityManagerCreator$SharedEntityManagerInvocationHandler - Creating new EntityManager for shared EntityManager invocation
2026-05-23 04:48:43.485 [main] WARN  o.s.b.a.o.j.JpaBaseConfiguration$JpaWebConfiguration - spring.jpa.open-in-view is enabled by default. Therefore, database queries may be performed during view rendering. Explicitly configure spring.jpa.open-in-view to disable this warning
2026-05-23 04:48:45.154 [main] INFO  o.s.b.a.e.web.EndpointLinksResolver - Exposing 1 endpoint(s) beneath base path '/actuator'
2026-05-23 04:48:45.467 [main] INFO  o.s.s.web.DefaultSecurityFilterChain - Will secure any request with [org.springframework.security.web.session.DisableEncodeUrlFilter@19e884a2, org.springframework.security.web.context.request.async.WebAsyncManagerIntegrationFilter@6795c28a, org.springframework.security.web.context.SecurityContextHolderFilter@6f6920dd, org.springframework.security.web.header.HeaderWriterFilter@1e2ffb8e, org.springframework.web.filter.CorsFilter@55633015, org.springframework.web.filter.CorsFilter@23c0d01c, org.springframework.security.web.authentication.logout.LogoutFilter@6a2579a3, com.example.project.security.JwtAuthFilter@2abc6965, org.springframework.security.web.savedrequest.RequestCacheAwareFilter@736500e6, org.springframework.security.web.servletapi.SecurityContextHolderAwareRequestFilter@63a6798f, org.springframework.security.web.authentication.AnonymousAuthenticationFilter@7ed08d52, org.springframework.security.web.session.SessionManagementFilter@4a938cc6, org.springframework.security.web.access.ExceptionTranslationFilter@671cada9, org.springframework.security.web.access.intercept.AuthorizationFilter@4c8d8d80]
2026-05-23 04:48:47.932 [main] INFO  o.s.b.w.e.tomcat.TomcatWebServer - Tomcat started on port 8080 (http) with context path ''
2026-05-23 04:48:47.941 [main] INFO  o.s.m.s.b.SimpleBrokerMessageHandler - Starting...
2026-05-23 04:48:47.947 [main] INFO  o.s.m.s.b.SimpleBrokerMessageHandler - BrokerAvailabilityEvent[available=true, SimpleBrokerMessageHandler [org.springframework.messaging.simp.broker.DefaultSubscriptionRegistry@404f665e]]
2026-05-23 04:48:47.950 [main] INFO  o.s.m.s.b.SimpleBrokerMessageHandler - Started.
2026-05-23 04:48:48.015 [main] INFO  c.example.project.ProjectApplication - Started ProjectApplication in 34.346 seconds (process running for 35.334)
2026-05-23 04:48:48.185 [main] DEBUG o.s.o.j.SharedEntityManagerCreator$SharedEntityManagerInvocationHandler - Creating new EntityManager for shared EntityManager invocation
2026-05-23 04:48:48.925 [main] DEBUG org.hibernate.SQL - 
    select
        u1_0.id,
        u1_0.address,
        u1_0.admin_notes,
        u1_0.avatar_url,
        u1_0.bio,
        u1_0.preferred_category,
        u1_0.created_at,
        u1_0.email,
        u1_0.google_id,
        u1_0.kyc_status,
        u1_0.password,
        u1_0.last_name,
        u1_0.first_name,
        u1_0.role,
        u1_0.status,
        u1_0.phone,
        u1_0.ville 
    from
        users u1_0 
    where
        u1_0.email=?
2026-05-23 04:48:50.020 [main] WARN  c.e.p.util.PerformanceLoggingAspect - SLOW_QUERY: $Proxy166.findByEmail took 1846ms
2026-05-23 04:56:33.720 [http-nio-0.0.0.0-8080-exec-2] INFO  o.a.c.c.C.[Tomcat].[localhost].[/] - Initializing Spring DispatcherServlet 'dispatcherServlet'
2026-05-23 04:56:33.930 [http-nio-0.0.0.0-8080-exec-2] DEBUG o.s.security.web.FilterChainProxy - Securing GET /api/v1/projets/active
2026-05-23 04:57:12.141 [http-nio-0.0.0.0-8080-exec-3] DEBUG o.s.security.web.FilterChainProxy - Securing GET /api/v1/projets/active
2026-05-23 04:57:17.507 [http-nio-0.0.0.0-8080-exec-4] DEBUG o.s.security.web.FilterChainProxy - Securing GET /api/v1/projets
2026-05-23 04:57:30.561 [http-nio-0.0.0.0-8080-exec-5] DEBUG o.s.security.web.FilterChainProxy - Securing GET /api/v1/projets
2026-05-23 04:57:31.612 [http-nio-0.0.0.0-8080-exec-8] DEBUG o.s.security.web.FilterChainProxy - Securing GET /api/v1/projets
2026-05-23 04:57:40.737 [http-nio-0.0.0.0-8080-exec-10] DEBUG o.s.security.web.FilterChainProxy - Securing GET /api/v1/projets
2026-05-23 04:57:51.151 [http-nio-0.0.0.0-8080-exec-1] DEBUG o.s.security.web.FilterChainProxy - Securing GET /api/v1/projets
2026-05-23 04:58:43.098 [http-nio-0.0.0.0-8080-exec-4] DEBUG o.s.security.web.FilterChainProxy - Securing OPTIONS /api/v1/auth/login
2026-05-23 04:58:59.444 [http-nio-0.0.0.0-8080-exec-6] DEBUG o.s.security.web.FilterChainProxy - Securing OPTIONS /api/v1/auth/login
2026-05-23 04:59:02.388 [http-nio-0.0.0.0-8080-exec-5] DEBUG o.s.security.web.FilterChainProxy - Securing OPTIONS /api/v1/auth/login
2026-05-23 05:00:10.334 [http-nio-0.0.0.0-8080-exec-8] DEBUG o.s.security.web.FilterChainProxy - Securing GET /api/v1/projets/active
2026-05-23 05:00:10.388 [http-nio-0.0.0.0-8080-exec-8] DEBUG o.s.s.w.a.AnonymousAuthenticationFilter - Set SecurityContextHolder to anonymous SecurityContext
2026-05-23 05:00:10.412 [http-nio-0.0.0.0-8080-exec-8] DEBUG o.s.security.web.FilterChainProxy - Secured GET /api/v1/projets/active
2026-05-23 05:00:10.422 [http-nio-0.0.0.0-8080-exec-8] INFO  c.e.p.util.HttpLoggingInterceptor - REQUEST_START [1c6eb3f0-53b0-488f-9cbc-decee39d1c08] GET /api/v1/projets/active | IP: 172.27.232.215 | User-Agent: Mozilla/5.0 (Windows NT 10.0; Win64; x64) AppleWebKit/537.36 (KHTML, like Gecko) Chrome/148.0.0.0 Safari/537.36
2026-05-23 05:00:10.423 [http-nio-0.0.0.0-8080-exec-8] DEBUG o.s.o.j.s.OpenEntityManagerInViewInterceptor - Opening JPA EntityManager in OpenEntityManagerInViewInterceptor
2026-05-23 05:00:10.458 [http-nio-0.0.0.0-8080-exec-8] DEBUG c.e.p.util.PerformanceLoggingAspect - CONTROLLER_METHOD_START: ProjetController.getActiveProjets
2026-05-23 05:00:10.459 [http-nio-0.0.0.0-8080-exec-8] DEBUG c.e.p.util.PerformanceLoggingAspect - SERVICE_METHOD_START: ProjetServiceImpl.getActiveProjets
2026-05-23 05:00:10.606 [http-nio-0.0.0.0-8080-exec-8] DEBUG org.hibernate.SQL - 
    select
        p1_0.id,
        p1_0.admin_notes,
        p1_0.all_or_nothing,
        p1_0.categorie,
        p1_0.created_at,
        p1_0.start_date,
        p1_0.end_date,
        p1_0.description,
        p1_0.cover_image,
        p1_0.localisation,
        p1_0.current_amount,
        p1_0.investors_count,
        p1_0.funding_goal,
        p1_0.equity_percentage,
        p1_0.owner_id,
        p1_0.status,
        p1_0.suspension_deadline,
        p1_0.interest_rate,
        p1_0.titre,
        p1_0.funding_type 
    from
        projects p1_0 
    where
        p1_0.status=? 
        and p1_0.end_date>=?
2026-05-23 05:00:10.630 [http-nio-0.0.0.0-8080-exec-8] WARN  c.e.p.util.PerformanceLoggingAspect - SLOW_QUERY: $Proxy173.findActiveProjectsByStatus took 169ms
2026-05-23 05:00:10.632 [http-nio-0.0.0.0-8080-exec-8] DEBUG c.e.p.util.PerformanceLoggingAspect - SERVICE_METHOD_END: ProjetServiceImpl.getActiveProjets | Duration: 173ms
2026-05-23 05:00:10.639 [http-nio-0.0.0.0-8080-exec-8] DEBUG c.e.p.util.PerformanceLoggingAspect - CONTROLLER_METHOD_END: ProjetController.getActiveProjets | Duration: 181ms
2026-05-23 05:00:10.720 [http-nio-0.0.0.0-8080-exec-8] DEBUG o.s.o.j.s.OpenEntityManagerInViewInterceptor - Closing JPA EntityManager in OpenEntityManagerInViewInterceptor
2026-05-23 05:00:10.720 [http-nio-0.0.0.0-8080-exec-8] INFO  c.e.p.util.HttpLoggingInterceptor - REQUEST_END [1c6eb3f0-53b0-488f-9cbc-decee39d1c08] GET /api/v1/projets/active | Status: 200 | Duration: 299ms
2026-05-23 05:00:10.877 [http-nio-0.0.0.0-8080-exec-9] DEBUG o.s.security.web.FilterChainProxy - Securing GET /api/v1/projets/active
2026-05-23 05:00:10.890 [http-nio-0.0.0.0-8080-exec-9] DEBUG o.s.s.w.a.AnonymousAuthenticationFilter - Set SecurityContextHolder to anonymous SecurityContext
2026-05-23 05:00:10.893 [http-nio-0.0.0.0-8080-exec-9] DEBUG o.s.security.web.FilterChainProxy - Secured GET /api/v1/projets/active
2026-05-23 05:00:10.895 [http-nio-0.0.0.0-8080-exec-9] INFO  c.e.p.util.HttpLoggingInterceptor - REQUEST_START [bb91d18c-e810-4bed-a803-f15748651ac4] GET /api/v1/projets/active | IP: 172.27.232.215 | User-Agent: Mozilla/5.0 (Windows NT 10.0; Win64; x64) AppleWebKit/537.36 (KHTML, like Gecko) Chrome/148.0.0.0 Safari/537.36
2026-05-23 05:00:10.899 [http-nio-0.0.0.0-8080-exec-9] DEBUG o.s.o.j.s.OpenEntityManagerInViewInterceptor - Opening JPA EntityManager in OpenEntityManagerInViewInterceptor
2026-05-23 05:00:10.900 [http-nio-0.0.0.0-8080-exec-9] DEBUG c.e.p.util.PerformanceLoggingAspect - CONTROLLER_METHOD_START: ProjetController.getActiveProjets
2026-05-23 05:00:10.901 [http-nio-0.0.0.0-8080-exec-9] DEBUG c.e.p.util.PerformanceLoggingAspect - SERVICE_METHOD_START: ProjetServiceImpl.getActiveProjets
2026-05-23 05:00:10.904 [http-nio-0.0.0.0-8080-exec-9] DEBUG org.hibernate.SQL - 
    select
        p1_0.id,
        p1_0.admin_notes,
        p1_0.all_or_nothing,
        p1_0.categorie,
        p1_0.created_at,
        p1_0.start_date,
        p1_0.end_date,
        p1_0.description,
        p1_0.cover_image,
        p1_0.localisation,
        p1_0.current_amount,
        p1_0.investors_count,
        p1_0.funding_goal,
        p1_0.equity_percentage,
        p1_0.owner_id,
        p1_0.status,
        p1_0.suspension_deadline,
        p1_0.interest_rate,
        p1_0.titre,
        p1_0.funding_type 
    from
        projects p1_0 
    where
        p1_0.status=? 
        and p1_0.end_date>=?
2026-05-23 05:00:10.908 [http-nio-0.0.0.0-8080-exec-9] DEBUG c.e.p.util.PerformanceLoggingAspect - QUERY_EXECUTED: $Proxy173.findActiveProjectsByStatus | Duration: 7ms
2026-05-23 05:00:10.909 [http-nio-0.0.0.0-8080-exec-9] DEBUG c.e.p.util.PerformanceLoggingAspect - SERVICE_METHOD_END: ProjetServiceImpl.getActiveProjets | Duration: 8ms
2026-05-23 05:00:10.909 [http-nio-0.0.0.0-8080-exec-9] DEBUG c.e.p.util.PerformanceLoggingAspect - CONTROLLER_METHOD_END: ProjetController.getActiveProjets | Duration: 9ms
2026-05-23 05:00:10.922 [http-nio-0.0.0.0-8080-exec-9] DEBUG o.s.o.j.s.OpenEntityManagerInViewInterceptor - Closing JPA EntityManager in OpenEntityManagerInViewInterceptor
2026-05-23 05:00:10.922 [http-nio-0.0.0.0-8080-exec-9] INFO  c.e.p.util.HttpLoggingInterceptor - REQUEST_END [bb91d18c-e810-4bed-a803-f15748651ac4] GET /api/v1/projets/active | Status: 200 | Duration: 27ms
2026-05-23 05:00:26.610 [http-nio-0.0.0.0-8080-exec-10] DEBUG o.s.security.web.FilterChainProxy - Securing OPTIONS /api/v1/auth/login
2026-05-23 05:00:26.622 [http-nio-0.0.0.0-8080-exec-2] DEBUG o.s.security.web.FilterChainProxy - Securing POST /api/v1/auth/login
2026-05-23 05:00:26.625 [http-nio-0.0.0.0-8080-exec-2] DEBUG o.s.s.w.a.AnonymousAuthenticationFilter - Set SecurityContextHolder to anonymous SecurityContext
2026-05-23 05:00:26.630 [http-nio-0.0.0.0-8080-exec-2] DEBUG o.s.security.web.FilterChainProxy - Secured POST /api/v1/auth/login
2026-05-23 05:00:26.632 [http-nio-0.0.0.0-8080-exec-2] INFO  c.e.p.util.HttpLoggingInterceptor - REQUEST_START [aae5d8cf-4c0a-4417-ada1-68aacb57ce9f] POST /api/v1/auth/login | IP: 172.27.232.215 | User-Agent: Mozilla/5.0 (Windows NT 10.0; Win64; x64) AppleWebKit/537.36 (KHTML, like Gecko) Chrome/148.0.0.0 Safari/537.36
2026-05-23 05:00:26.633 [http-nio-0.0.0.0-8080-exec-2] DEBUG o.s.o.j.s.OpenEntityManagerInViewInterceptor - Opening JPA EntityManager in OpenEntityManagerInViewInterceptor
2026-05-23 05:00:26.833 [http-nio-0.0.0.0-8080-exec-2] DEBUG c.e.p.util.PerformanceLoggingAspect - CONTROLLER_METHOD_START: AuthController.login
2026-05-23 05:00:26.833 [http-nio-0.0.0.0-8080-exec-2] INFO  c.e.p.controller.AuthController - USER_LOGIN: Tentative de connexion pour l'email: kamguemmckevin@gmail.com
2026-05-23 05:00:26.834 [http-nio-0.0.0.0-8080-exec-2] DEBUG c.e.p.util.PerformanceLoggingAspect - SERVICE_METHOD_START: AuthServiceImpl.login
2026-05-23 05:00:26.952 [http-nio-0.0.0.0-8080-exec-2] DEBUG org.hibernate.SQL - 
    select
        u1_0.id,
        u1_0.address,
        u1_0.admin_notes,
        u1_0.avatar_url,
        u1_0.bio,
        u1_0.preferred_category,
        u1_0.created_at,
        u1_0.email,
        u1_0.google_id,
        u1_0.kyc_status,
        u1_0.password,
        u1_0.last_name,
        u1_0.first_name,
        u1_0.role,
        u1_0.status,
        u1_0.phone,
        u1_0.ville 
    from
        users u1_0 
    where
        u1_0.email=?
2026-05-23 05:00:26.957 [http-nio-0.0.0.0-8080-exec-2] DEBUG c.e.p.util.PerformanceLoggingAspect - QUERY_EXECUTED: $Proxy166.findByEmail | Duration: 6ms
2026-05-23 05:00:26.964 [http-nio-0.0.0.0-8080-exec-2] DEBUG c.e.p.util.SecurityLoggingAspect - AUTHORIZATION_GRANTED: User=anonymousUser, Method=loadUserByUsername
2026-05-23 05:00:27.070 [http-nio-0.0.0.0-8080-exec-2] DEBUG o.s.s.a.d.DaoAuthenticationProvider - Failed to authenticate since password does not match stored value
2026-05-23 05:00:27.072 [http-nio-0.0.0.0-8080-exec-2] ERROR c.e.p.util.PerformanceLoggingAspect - SERVICE_METHOD_EXCEPTION: AuthServiceImpl.login | Duration: 238ms | Exception: Bad credentials
org.springframework.security.authentication.BadCredentialsException: Bad credentials
	at org.springframework.security.authentication.dao.DaoAuthenticationProvider.additionalAuthenticationChecks(DaoAuthenticationProvider.java:89)
	at org.springframework.security.authentication.dao.AbstractUserDetailsAuthenticationProvider.authenticate(AbstractUserDetailsAuthenticationProvider.java:147)
	at org.springframework.security.authentication.ProviderManager.authenticate(ProviderManager.java:182)
	at com.example.project.service.impl.AuthServiceImpl.login(AuthServiceImpl.java:92)
	at java.base/jdk.internal.reflect.NativeMethodAccessorImpl.invoke0(Native Method)
	at java.base/jdk.internal.reflect.NativeMethodAccessorImpl.invoke(NativeMethodAccessorImpl.java:77)
	at java.base/jdk.internal.reflect.DelegatingMethodAccessorImpl.invoke(DelegatingMethodAccessorImpl.java:43)
	at java.base/java.lang.reflect.Method.invoke(Method.java:568)
	at org.springframework.aop.support.AopUtils.invokeJoinpointUsingReflection(AopUtils.java:354)
	at org.springframework.aop.framework.ReflectiveMethodInvocation.invokeJoinpoint(ReflectiveMethodInvocation.java:196)
	at org.springframework.aop.framework.ReflectiveMethodInvocation.proceed(ReflectiveMethodInvocation.java:163)
	at org.springframework.aop.framework.CglibAopProxy$CglibMethodInvocation.proceed(CglibAopProxy.java:768)
	at org.springframework.aop.aspectj.MethodInvocationProceedingJoinPoint.proceed(MethodInvocationProceedingJoinPoint.java:89)
	at com.example.project.util.PerformanceLoggingAspect.logServiceMethodPerformance(PerformanceLoggingAspect.java:32)
	at java.base/jdk.internal.reflect.NativeMethodAccessorImpl.invoke0(Native Method)
	at java.base/jdk.internal.reflect.NativeMethodAccessorImpl.invoke(NativeMethodAccessorImpl.java:77)
	at java.base/jdk.internal.reflect.DelegatingMethodAccessorImpl.invoke(DelegatingMethodAccessorImpl.java:43)
	at java.base/java.lang.reflect.Method.invoke(Method.java:568)
	at org.springframework.aop.aspectj.AbstractAspectJAdvice.invokeAdviceMethodWithGivenArgs(AbstractAspectJAdvice.java:637)
	at org.springframework.aop.aspectj.AbstractAspectJAdvice.invokeAdviceMethod(AbstractAspectJAdvice.java:627)
	at org.springframework.aop.aspectj.AspectJAroundAdvice.invoke(AspectJAroundAdvice.java:71)
	at org.springframework.aop.framework.ReflectiveMethodInvocation.proceed(ReflectiveMethodInvocation.java:184)
	at org.springframework.aop.framework.CglibAopProxy$CglibMethodInvocation.proceed(CglibAopProxy.java:768)
	at org.springframework.aop.interceptor.ExposeInvocationInterceptor.invoke(ExposeInvocationInterceptor.java:97)
	at org.springframework.aop.framework.ReflectiveMethodInvocation.proceed(ReflectiveMethodInvocation.java:184)
	at org.springframework.aop.framework.CglibAopProxy$CglibMethodInvocation.proceed(CglibAopProxy.java:768)
	at org.springframework.aop.framework.CglibAopProxy$DynamicAdvisedInterceptor.intercept(CglibAopProxy.java:720)
	at com.example.project.service.impl.AuthServiceImpl$$SpringCGLIB$$0.login(<generated>)
	at com.example.project.controller.AuthController.login(AuthController.java:56)
	at java.base/jdk.internal.reflect.NativeMethodAccessorImpl.invoke0(Native Method)
	at java.base/jdk.internal.reflect.NativeMethodAccessorImpl.invoke(NativeMethodAccessorImpl.java:77)
	at java.base/jdk.internal.reflect.DelegatingMethodAccessorImpl.invoke(DelegatingMethodAccessorImpl.java:43)
	at java.base/java.lang.reflect.Method.invoke(Method.java:568)
	at org.springframework.aop.support.AopUtils.invokeJoinpointUsingReflection(AopUtils.java:354)
	at org.springframework.aop.framework.ReflectiveMethodInvocation.invokeJoinpoint(ReflectiveMethodInvocation.java:196)
	at org.springframework.aop.framework.ReflectiveMethodInvocation.proceed(ReflectiveMethodInvocation.java:163)
	at org.springframework.aop.framework.CglibAopProxy$CglibMethodInvocation.proceed(CglibAopProxy.java:768)
	at org.springframework.aop.aspectj.MethodInvocationProceedingJoinPoint.proceed(MethodInvocationProceedingJoinPoint.java:89)
	at com.example.project.util.PerformanceLoggingAspect.logControllerMethodPerformance(PerformanceLoggingAspect.java:63)
	at java.base/jdk.internal.reflect.NativeMethodAccessorImpl.invoke0(Native Method)
	at java.base/jdk.internal.reflect.NativeMethodAccessorImpl.invoke(NativeMethodAccessorImpl.java:77)
	at java.base/jdk.internal.reflect.DelegatingMethodAccessorImpl.invoke(DelegatingMethodAccessorImpl.java:43)
	at java.base/java.lang.reflect.Method.invoke(Method.java:568)
	at org.springframework.aop.aspectj.AbstractAspectJAdvice.invokeAdviceMethodWithGivenArgs(AbstractAspectJAdvice.java:637)
	at org.springframework.aop.aspectj.AbstractAspectJAdvice.invokeAdviceMethod(AbstractAspectJAdvice.java:627)
	at org.springframework.aop.aspectj.AspectJAroundAdvice.invoke(AspectJAroundAdvice.java:71)
	at org.springframework.aop.framework.ReflectiveMethodInvocation.proceed(ReflectiveMethodInvocation.java:184)
	at org.springframework.aop.framework.CglibAopProxy$CglibMethodInvocation.proceed(CglibAopProxy.java:768)
	at org.springframework.aop.interceptor.ExposeInvocationInterceptor.invoke(ExposeInvocationInterceptor.java:97)
	at org.springframework.aop.framework.ReflectiveMethodInvocation.proceed(ReflectiveMethodInvocation.java:184)
	at org.springframework.aop.framework.CglibAopProxy$CglibMethodInvocation.proceed(CglibAopProxy.java:768)
	at org.springframework.aop.framework.CglibAopProxy$DynamicAdvisedInterceptor.intercept(CglibAopProxy.java:720)
	at com.example.project.controller.AuthController$$SpringCGLIB$$0.login(<generated>)
	at java.base/jdk.internal.reflect.NativeMethodAccessorImpl.invoke0(Native Method)
	at java.base/jdk.internal.reflect.NativeMethodAccessorImpl.invoke(NativeMethodAccessorImpl.java:77)
	at java.base/jdk.internal.reflect.DelegatingMethodAccessorImpl.invoke(DelegatingMethodAccessorImpl.java:43)
	at java.base/java.lang.reflect.Method.invoke(Method.java:568)
	at org.springframework.web.method.support.InvocableHandlerMethod.doInvoke(InvocableHandlerMethod.java:255)
	at org.springframework.web.method.support.InvocableHandlerMethod.invokeForRequest(InvocableHandlerMethod.java:188)
	at org.springframework.web.servlet.mvc.method.annotation.ServletInvocableHandlerMethod.invokeAndHandle(ServletInvocableHandlerMethod.java:118)
	at org.springframework.web.servlet.mvc.method.annotation.RequestMappingHandlerAdapter.invokeHandlerMethod(RequestMappingHandlerAdapter.java:926)
	at org.springframework.web.servlet.mvc.method.annotation.RequestMappingHandlerAdapter.handleInternal(RequestMappingHandlerAdapter.java:831)
	at org.springframework.web.servlet.mvc.method.AbstractHandlerMethodAdapter.handle(AbstractHandlerMethodAdapter.java:87)
	at org.springframework.web.servlet.DispatcherServlet.doDispatch(DispatcherServlet.java:1089)
	at org.springframework.web.servlet.DispatcherServlet.doService(DispatcherServlet.java:979)
	at org.springframework.web.servlet.FrameworkServlet.processRequest(FrameworkServlet.java:1014)
	at org.springframework.web.servlet.FrameworkServlet.doPost(FrameworkServlet.java:914)
	at jakarta.servlet.http.HttpServlet.service(HttpServlet.java:590)
	at org.springframework.web.servlet.FrameworkServlet.service(FrameworkServlet.java:885)
	at jakarta.servlet.http.HttpServlet.service(HttpServlet.java:658)
	at org.apache.catalina.core.ApplicationFilterChain.internalDoFilter(ApplicationFilterChain.java:206)
	at org.apache.catalina.core.ApplicationFilterChain.doFilter(ApplicationFilterChain.java:150)
	at org.apache.tomcat.websocket.server.WsFilter.doFilter(WsFilter.java:51)
	at org.apache.catalina.core.ApplicationFilterChain.internalDoFilter(ApplicationFilterChain.java:175)
	at org.apache.catalina.core.ApplicationFilterChain.doFilter(ApplicationFilterChain.java:150)
	at org.springframework.web.filter.OncePerRequestFilter.doFilter(OncePerRequestFilter.java:110)
	at org.apache.catalina.core.ApplicationFilterChain.internalDoFilter(ApplicationFilterChain.java:175)
	at org.apache.catalina.core.ApplicationFilterChain.doFilter(ApplicationFilterChain.java:150)
	at org.springframework.web.filter.CompositeFilter$VirtualFilterChain.doFilter(CompositeFilter.java:108)
	at org.springframework.security.web.FilterChainProxy.lambda$doFilterInternal$3(FilterChainProxy.java:231)
	at org.springframework.security.web.ObservationFilterChainDecorator$FilterObservation$SimpleFilterObservation.lambda$wrap$1(ObservationFilterChainDecorator.java:479)
	at org.springframework.security.web.ObservationFilterChainDecorator$AroundFilterObservation$SimpleAroundFilterObservation.lambda$wrap$1(ObservationFilterChainDecorator.java:340)
	at org.springframework.security.web.ObservationFilterChainDecorator.lambda$wrapSecured$0(ObservationFilterChainDecorator.java:82)
	at org.springframework.security.web.ObservationFilterChainDecorator$VirtualFilterChain.doFilter(ObservationFilterChainDecorator.java:128)
	at org.springframework.security.web.access.intercept.AuthorizationFilter.doFilter(AuthorizationFilter.java:100)
	at org.springframework.security.web.ObservationFilterChainDecorator$ObservationFilter.wrapFilter(ObservationFilterChainDecorator.java:240)
	at org.springframework.security.web.ObservationFilterChainDecorator$ObservationFilter.doFilter(ObservationFilterChainDecorator.java:227)
	at org.springframework.security.web.ObservationFilterChainDecorator$VirtualFilterChain.doFilter(ObservationFilterChainDecorator.java:137)
	at org.springframework.security.web.access.ExceptionTranslationFilter.doFilter(ExceptionTranslationFilter.java:126)
	at org.springframework.security.web.access.ExceptionTranslationFilter.doFilter(ExceptionTranslationFilter.java:120)
	at org.springframework.security.web.ObservationFilterChainDecorator$ObservationFilter.wrapFilter(ObservationFilterChainDecorator.java:240)
	at org.springframework.security.web.ObservationFilterChainDecorator$ObservationFilter.doFilter(ObservationFilterChainDecorator.java:227)
	at org.springframework.security.web.ObservationFilterChainDecorator$VirtualFilterChain.doFilter(ObservationFilterChainDecorator.java:137)
	at org.springframework.security.web.session.SessionManagementFilter.doFilter(SessionManagementFilter.java:131)
	at org.springframework.security.web.session.SessionManagementFilter.doFilter(SessionManagementFilter.java:85)
	at org.springframework.security.web.ObservationFilterChainDecorator$ObservationFilter.wrapFilter(ObservationFilterChainDecorator.java:240)
	at org.springframework.security.web.ObservationFilterChainDecorator$ObservationFilter.doFilter(ObservationFilterChainDecorator.java:227)
	at org.springframework.security.web.ObservationFilterChainDecorator$VirtualFilterChain.doFilter(ObservationFilterChainDecorator.java:137)
	at org.springframework.security.web.authentication.AnonymousAuthenticationFilter.doFilter(AnonymousAuthenticationFilter.java:100)
	at org.springframework.security.web.ObservationFilterChainDecorator$ObservationFilter.wrapFilter(ObservationFilterChainDecorator.java:240)
	at org.springframework.security.web.ObservationFilterChainDecorator$ObservationFilter.doFilter(ObservationFilterChainDecorator.java:227)
	at org.springframework.security.web.ObservationFilterChainDecorator$VirtualFilterChain.doFilter(ObservationFilterChainDecorator.java:137)
	at org.springframework.security.web.servletapi.SecurityContextHolderAwareRequestFilter.doFilter(SecurityContextHolderAwareRequestFilter.java:179)
	at org.springframework.security.web.ObservationFilterChainDecorator$ObservationFilter.wrapFilter(ObservationFilterChainDecorator.java:240)
	at org.springframework.security.web.ObservationFilterChainDecorator$ObservationFilter.doFilter(ObservationFilterChainDecorator.java:227)
	at org.springframework.security.web.ObservationFilterChainDecorator$VirtualFilterChain.doFilter(ObservationFilterChainDecorator.java:137)
	at org.springframework.security.web.savedrequest.RequestCacheAwareFilter.doFilter(RequestCacheAwareFilter.java:63)
	at org.springframework.security.web.ObservationFilterChainDecorator$ObservationFilter.wrapFilter(ObservationFilterChainDecorator.java:240)
	at org.springframework.security.web.ObservationFilterChainDecorator$ObservationFilter.doFilter(ObservationFilterChainDecorator.java:227)
	at org.springframework.security.web.ObservationFilterChainDecorator$VirtualFilterChain.doFilter(ObservationFilterChainDecorator.java:137)
	at com.example.project.security.JwtAuthFilter.doFilterInternal(JwtAuthFilter.java:37)
	at org.springframework.web.filter.OncePerRequestFilter.doFilter(OncePerRequestFilter.java:116)
	at org.springframework.security.web.ObservationFilterChainDecorator$ObservationFilter.wrapFilter(ObservationFilterChainDecorator.java:240)
	at org.springframework.security.web.ObservationFilterChainDecorator$ObservationFilter.doFilter(ObservationFilterChainDecorator.java:227)
	at org.springframework.security.web.ObservationFilterChainDecorator$VirtualFilterChain.doFilter(ObservationFilterChainDecorator.java:137)
	at org.springframework.security.web.authentication.logout.LogoutFilter.doFilter(LogoutFilter.java:107)
	at org.springframework.security.web.authentication.logout.LogoutFilter.doFilter(LogoutFilter.java:93)
	at org.springframework.security.web.ObservationFilterChainDecorator$ObservationFilter.wrapFilter(ObservationFilterChainDecorator.java:240)
	at org.springframework.security.web.ObservationFilterChainDecorator$ObservationFilter.doFilter(ObservationFilterChainDecorator.java:227)
	at org.springframework.security.web.ObservationFilterChainDecorator$VirtualFilterChain.doFilter(ObservationFilterChainDecorator.java:137)
	at org.springframework.web.filter.OncePerRequestFilter.doFilter(OncePerRequestFilter.java:110)
	at org.springframework.security.web.ObservationFilterChainDecorator$ObservationFilter.wrapFilter(ObservationFilterChainDecorator.java:240)
	at org.springframework.security.web.ObservationFilterChainDecorator$ObservationFilter.doFilter(ObservationFilterChainDecorator.java:227)
	at org.springframework.security.web.ObservationFilterChainDecorator$VirtualFilterChain.doFilter(ObservationFilterChainDecorator.java:137)
	at org.springframework.web.filter.CorsFilter.doFilterInternal(CorsFilter.java:91)
	at org.springframework.web.filter.OncePerRequestFilter.doFilter(OncePerRequestFilter.java:116)
	at org.springframework.security.web.ObservationFilterChainDecorator$ObservationFilter.wrapFilter(ObservationFilterChainDecorator.java:240)
	at org.springframework.security.web.ObservationFilterChainDecorator$ObservationFilter.doFilter(ObservationFilterChainDecorator.java:227)
	at org.springframework.security.web.ObservationFilterChainDecorator$VirtualFilterChain.doFilter(ObservationFilterChainDecorator.java:137)
	at org.springframework.security.web.header.HeaderWriterFilter.doHeadersAfter(HeaderWriterFilter.java:90)
	at org.springframework.security.web.header.HeaderWriterFilter.doFilterInternal(HeaderWriterFilter.java:75)
	at org.springframework.web.filter.OncePerRequestFilter.doFilter(OncePerRequestFilter.java:116)
	at org.springframework.security.web.ObservationFilterChainDecorator$ObservationFilter.wrapFilter(ObservationFilterChainDecorator.java:240)
	at org.springframework.security.web.ObservationFilterChainDecorator$ObservationFilter.doFilter(ObservationFilterChainDecorator.java:227)
	at org.springframework.security.web.ObservationFilterChainDecorator$VirtualFilterChain.doFilter(ObservationFilterChainDecorator.java:137)
	at org.springframework.security.web.context.SecurityContextHolderFilter.doFilter(SecurityContextHolderFilter.java:82)
	at org.springframework.security.web.context.SecurityContextHolderFilter.doFilter(SecurityContextHolderFilter.java:69)
	at org.springframework.security.web.ObservationFilterChainDecorator$ObservationFilter.wrapFilter(ObservationFilterChainDecorator.java:240)
	at org.springframework.security.web.ObservationFilterChainDecorator$ObservationFilter.doFilter(ObservationFilterChainDecorator.java:227)
	at org.springframework.security.web.ObservationFilterChainDecorator$VirtualFilterChain.doFilter(ObservationFilterChainDecorator.java:137)
	at org.springframework.security.web.context.request.async.WebAsyncManagerIntegrationFilter.doFilterInternal(WebAsyncManagerIntegrationFilter.java:62)
	at org.springframework.web.filter.OncePerRequestFilter.doFilter(OncePerRequestFilter.java:116)
	at org.springframework.security.web.ObservationFilterChainDecorator$ObservationFilter.wrapFilter(ObservationFilterChainDecorator.java:240)
	at org.springframework.security.web.ObservationFilterChainDecorator$ObservationFilter.doFilter(ObservationFilterChainDecorator.java:227)
	at org.springframework.security.web.ObservationFilterChainDecorator$VirtualFilterChain.doFilter(ObservationFilterChainDecorator.java:137)
	at org.springframework.security.web.session.DisableEncodeUrlFilter.doFilterInternal(DisableEncodeUrlFilter.java:42)
	at org.springframework.web.filter.OncePerRequestFilter.doFilter(OncePerRequestFilter.java:116)
	at org.springframework.security.web.ObservationFilterChainDecorator$ObservationFilter.wrapFilter(ObservationFilterChainDecorator.java:240)
	at org.springframework.security.web.ObservationFilterChainDecorator$AroundFilterObservation$SimpleAroundFilterObservation.lambda$wrap$0(ObservationFilterChainDecorator.java:323)
	at org.springframework.security.web.ObservationFilterChainDecorator$ObservationFilter.doFilter(ObservationFilterChainDecorator.java:224)
	at org.springframework.security.web.ObservationFilterChainDecorator$VirtualFilterChain.doFilter(ObservationFilterChainDecorator.java:137)
	at org.springframework.security.web.FilterChainProxy.doFilterInternal(FilterChainProxy.java:233)
	at org.springframework.security.web.FilterChainProxy.doFilter(FilterChainProxy.java:191)
	at org.springframework.web.filter.CompositeFilter$VirtualFilterChain.doFilter(CompositeFilter.java:113)
	at org.springframework.web.servlet.handler.HandlerMappingIntrospector.lambda$createCacheFilter$3(HandlerMappingIntrospector.java:195)
	at org.springframework.web.filter.CompositeFilter$VirtualFilterChain.doFilter(CompositeFilter.java:113)
	at org.springframework.web.filter.CompositeFilter.doFilter(CompositeFilter.java:74)
	at org.springframework.security.config.annotation.web.configuration.WebMvcSecurityConfiguration$CompositeFilterChainProxy.doFilter(WebMvcSecurityConfiguration.java:230)
	at org.springframework.web.filter.DelegatingFilterProxy.invokeDelegate(DelegatingFilterProxy.java:352)
	at org.springframework.web.filter.DelegatingFilterProxy.doFilter(DelegatingFilterProxy.java:268)
	at org.apache.catalina.core.ApplicationFilterChain.internalDoFilter(ApplicationFilterChain.java:175)
	at org.apache.catalina.core.ApplicationFilterChain.doFilter(ApplicationFilterChain.java:150)
	at org.springframework.web.filter.RequestContextFilter.doFilterInternal(RequestContextFilter.java:100)
	at org.springframework.web.filter.OncePerRequestFilter.doFilter(OncePerRequestFilter.java:116)
	at org.apache.catalina.core.ApplicationFilterChain.internalDoFilter(ApplicationFilterChain.java:175)
	at org.apache.catalina.core.ApplicationFilterChain.doFilter(ApplicationFilterChain.java:150)
	at org.springframework.web.filter.FormContentFilter.doFilterInternal(FormContentFilter.java:93)
	at org.springframework.web.filter.OncePerRequestFilter.doFilter(OncePerRequestFilter.java:116)
	at org.apache.catalina.core.ApplicationFilterChain.internalDoFilter(ApplicationFilterChain.java:175)
	at org.apache.catalina.core.ApplicationFilterChain.doFilter(ApplicationFilterChain.java:150)
	at org.springframework.web.filter.ServerHttpObservationFilter.doFilterInternal(ServerHttpObservationFilter.java:109)
	at org.springframework.web.filter.OncePerRequestFilter.doFilter(OncePerRequestFilter.java:116)
	at org.apache.catalina.core.ApplicationFilterChain.internalDoFilter(ApplicationFilterChain.java:175)
	at org.apache.catalina.core.ApplicationFilterChain.doFilter(ApplicationFilterChain.java:150)
	at org.springframework.web.filter.CharacterEncodingFilter.doFilterInternal(CharacterEncodingFilter.java:201)
	at org.springframework.web.filter.OncePerRequestFilter.doFilter(OncePerRequestFilter.java:116)
	at org.apache.catalina.core.ApplicationFilterChain.internalDoFilter(ApplicationFilterChain.java:175)
	at org.apache.catalina.core.ApplicationFilterChain.doFilter(ApplicationFilterChain.java:150)
	at org.apache.catalina.core.StandardWrapperValve.invoke(StandardWrapperValve.java:167)
	at org.apache.catalina.core.StandardContextValve.invoke(StandardContextValve.java:90)
	at org.apache.catalina.authenticator.AuthenticatorBase.invoke(AuthenticatorBase.java:482)
	at org.apache.catalina.core.StandardHostValve.invoke(StandardHostValve.java:115)
	at org.apache.catalina.valves.ErrorReportValve.invoke(ErrorReportValve.java:93)
	at org.apache.catalina.core.StandardEngineValve.invoke(StandardEngineValve.java:74)
	at org.apache.catalina.connector.CoyoteAdapter.service(CoyoteAdapter.java:344)
	at org.apache.coyote.http11.Http11Processor.service(Http11Processor.java:391)
	at org.apache.coyote.AbstractProcessorLight.process(AbstractProcessorLight.java:63)
	at org.apache.coyote.AbstractProtocol$ConnectionHandler.process(AbstractProtocol.java:896)
	at org.apache.tomcat.util.net.NioEndpoint$SocketProcessor.doRun(NioEndpoint.java:1736)
	at org.apache.tomcat.util.net.SocketProcessorBase.run(SocketProcessorBase.java:52)
	at org.apache.tomcat.util.threads.ThreadPoolExecutor.runWorker(ThreadPoolExecutor.java:1191)
	at org.apache.tomcat.util.threads.ThreadPoolExecutor$Worker.run(ThreadPoolExecutor.java:659)
	at org.apache.tomcat.util.threads.TaskThread$WrappingRunnable.run(TaskThread.java:63)
	at java.base/java.lang.Thread.run(Thread.java:842)
2026-05-23 05:00:27.176 [http-nio-0.0.0.0-8080-exec-2] ERROR c.e.p.util.PerformanceLoggingAspect - CONTROLLER_METHOD_EXCEPTION: AuthController.login | Duration: 343ms | Exception: Bad credentials
org.springframework.security.authentication.BadCredentialsException: Bad credentials
	at org.springframework.security.authentication.dao.DaoAuthenticationProvider.additionalAuthenticationChecks(DaoAuthenticationProvider.java:89)
	at org.springframework.security.authentication.dao.AbstractUserDetailsAuthenticationProvider.authenticate(AbstractUserDetailsAuthenticationProvider.java:147)
	at org.springframework.security.authentication.ProviderManager.authenticate(ProviderManager.java:182)
	at com.example.project.service.impl.AuthServiceImpl.login(AuthServiceImpl.java:92)
	at java.base/jdk.internal.reflect.NativeMethodAccessorImpl.invoke0(Native Method)
	at java.base/jdk.internal.reflect.NativeMethodAccessorImpl.invoke(NativeMethodAccessorImpl.java:77)
	at java.base/jdk.internal.reflect.DelegatingMethodAccessorImpl.invoke(DelegatingMethodAccessorImpl.java:43)
	at java.base/java.lang.reflect.Method.invoke(Method.java:568)
	at org.springframework.aop.support.AopUtils.invokeJoinpointUsingReflection(AopUtils.java:354)
	at org.springframework.aop.framework.ReflectiveMethodInvocation.invokeJoinpoint(ReflectiveMethodInvocation.java:196)
	at org.springframework.aop.framework.ReflectiveMethodInvocation.proceed(ReflectiveMethodInvocation.java:163)
	at org.springframework.aop.framework.CglibAopProxy$CglibMethodInvocation.proceed(CglibAopProxy.java:768)
	at org.springframework.aop.aspectj.MethodInvocationProceedingJoinPoint.proceed(MethodInvocationProceedingJoinPoint.java:89)
	at com.example.project.util.PerformanceLoggingAspect.logServiceMethodPerformance(PerformanceLoggingAspect.java:32)
	at java.base/jdk.internal.reflect.NativeMethodAccessorImpl.invoke0(Native Method)
	at java.base/jdk.internal.reflect.NativeMethodAccessorImpl.invoke(NativeMethodAccessorImpl.java:77)
	at java.base/jdk.internal.reflect.DelegatingMethodAccessorImpl.invoke(DelegatingMethodAccessorImpl.java:43)
	at java.base/java.lang.reflect.Method.invoke(Method.java:568)
	at org.springframework.aop.aspectj.AbstractAspectJAdvice.invokeAdviceMethodWithGivenArgs(AbstractAspectJAdvice.java:637)
	at org.springframework.aop.aspectj.AbstractAspectJAdvice.invokeAdviceMethod(AbstractAspectJAdvice.java:627)
	at org.springframework.aop.aspectj.AspectJAroundAdvice.invoke(AspectJAroundAdvice.java:71)
	at org.springframework.aop.framework.ReflectiveMethodInvocation.proceed(ReflectiveMethodInvocation.java:184)
	at org.springframework.aop.framework.CglibAopProxy$CglibMethodInvocation.proceed(CglibAopProxy.java:768)
	at org.springframework.aop.interceptor.ExposeInvocationInterceptor.invoke(ExposeInvocationInterceptor.java:97)
	at org.springframework.aop.framework.ReflectiveMethodInvocation.proceed(ReflectiveMethodInvocation.java:184)
	at org.springframework.aop.framework.CglibAopProxy$CglibMethodInvocation.proceed(CglibAopProxy.java:768)
	at org.springframework.aop.framework.CglibAopProxy$DynamicAdvisedInterceptor.intercept(CglibAopProxy.java:720)
	at com.example.project.service.impl.AuthServiceImpl$$SpringCGLIB$$0.login(<generated>)
	at com.example.project.controller.AuthController.login(AuthController.java:56)
	at java.base/jdk.internal.reflect.NativeMethodAccessorImpl.invoke0(Native Method)
	at java.base/jdk.internal.reflect.NativeMethodAccessorImpl.invoke(NativeMethodAccessorImpl.java:77)
	at java.base/jdk.internal.reflect.DelegatingMethodAccessorImpl.invoke(DelegatingMethodAccessorImpl.java:43)
	at java.base/java.lang.reflect.Method.invoke(Method.java:568)
	at org.springframework.aop.support.AopUtils.invokeJoinpointUsingReflection(AopUtils.java:354)
	at org.springframework.aop.framework.ReflectiveMethodInvocation.invokeJoinpoint(ReflectiveMethodInvocation.java:196)
	at org.springframework.aop.framework.ReflectiveMethodInvocation.proceed(ReflectiveMethodInvocation.java:163)
	at org.springframework.aop.framework.CglibAopProxy$CglibMethodInvocation.proceed(CglibAopProxy.java:768)
	at org.springframework.aop.aspectj.MethodInvocationProceedingJoinPoint.proceed(MethodInvocationProceedingJoinPoint.java:89)
	at com.example.project.util.PerformanceLoggingAspect.logControllerMethodPerformance(PerformanceLoggingAspect.java:63)
	at java.base/jdk.internal.reflect.NativeMethodAccessorImpl.invoke0(Native Method)
	at java.base/jdk.internal.reflect.NativeMethodAccessorImpl.invoke(NativeMethodAccessorImpl.java:77)
	at java.base/jdk.internal.reflect.DelegatingMethodAccessorImpl.invoke(DelegatingMethodAccessorImpl.java:43)
	at java.base/java.lang.reflect.Method.invoke(Method.java:568)
	at org.springframework.aop.aspectj.AbstractAspectJAdvice.invokeAdviceMethodWithGivenArgs(AbstractAspectJAdvice.java:637)
	at org.springframework.aop.aspectj.AbstractAspectJAdvice.invokeAdviceMethod(AbstractAspectJAdvice.java:627)
	at org.springframework.aop.aspectj.AspectJAroundAdvice.invoke(AspectJAroundAdvice.java:71)
	at org.springframework.aop.framework.ReflectiveMethodInvocation.proceed(ReflectiveMethodInvocation.java:184)
	at org.springframework.aop.framework.CglibAopProxy$CglibMethodInvocation.proceed(CglibAopProxy.java:768)
	at org.springframework.aop.interceptor.ExposeInvocationInterceptor.invoke(ExposeInvocationInterceptor.java:97)
	at org.springframework.aop.framework.ReflectiveMethodInvocation.proceed(ReflectiveMethodInvocation.java:184)
	at org.springframework.aop.framework.CglibAopProxy$CglibMethodInvocation.proceed(CglibAopProxy.java:768)
	at org.springframework.aop.framework.CglibAopProxy$DynamicAdvisedInterceptor.intercept(CglibAopProxy.java:720)
	at com.example.project.controller.AuthController$$SpringCGLIB$$0.login(<generated>)
	at java.base/jdk.internal.reflect.NativeMethodAccessorImpl.invoke0(Native Method)
	at java.base/jdk.internal.reflect.NativeMethodAccessorImpl.invoke(NativeMethodAccessorImpl.java:77)
	at java.base/jdk.internal.reflect.DelegatingMethodAccessorImpl.invoke(DelegatingMethodAccessorImpl.java:43)
	at java.base/java.lang.reflect.Method.invoke(Method.java:568)
	at org.springframework.web.method.support.InvocableHandlerMethod.doInvoke(InvocableHandlerMethod.java:255)
	at org.springframework.web.method.support.InvocableHandlerMethod.invokeForRequest(InvocableHandlerMethod.java:188)
	at org.springframework.web.servlet.mvc.method.annotation.ServletInvocableHandlerMethod.invokeAndHandle(ServletInvocableHandlerMethod.java:118)
	at org.springframework.web.servlet.mvc.method.annotation.RequestMappingHandlerAdapter.invokeHandlerMethod(RequestMappingHandlerAdapter.java:926)
	at org.springframework.web.servlet.mvc.method.annotation.RequestMappingHandlerAdapter.handleInternal(RequestMappingHandlerAdapter.java:831)
	at org.springframework.web.servlet.mvc.method.AbstractHandlerMethodAdapter.handle(AbstractHandlerMethodAdapter.java:87)
	at org.springframework.web.servlet.DispatcherServlet.doDispatch(DispatcherServlet.java:1089)
	at org.springframework.web.servlet.DispatcherServlet.doService(DispatcherServlet.java:979)
	at org.springframework.web.servlet.FrameworkServlet.processRequest(FrameworkServlet.java:1014)
	at org.springframework.web.servlet.FrameworkServlet.doPost(FrameworkServlet.java:914)
	at jakarta.servlet.http.HttpServlet.service(HttpServlet.java:590)
	at org.springframework.web.servlet.FrameworkServlet.service(FrameworkServlet.java:885)
	at jakarta.servlet.http.HttpServlet.service(HttpServlet.java:658)
	at org.apache.catalina.core.ApplicationFilterChain.internalDoFilter(ApplicationFilterChain.java:206)
	at org.apache.catalina.core.ApplicationFilterChain.doFilter(ApplicationFilterChain.java:150)
	at org.apache.tomcat.websocket.server.WsFilter.doFilter(WsFilter.java:51)
	at org.apache.catalina.core.ApplicationFilterChain.internalDoFilter(ApplicationFilterChain.java:175)
	at org.apache.catalina.core.ApplicationFilterChain.doFilter(ApplicationFilterChain.java:150)
	at org.springframework.web.filter.OncePerRequestFilter.doFilter(OncePerRequestFilter.java:110)
	at org.apache.catalina.core.ApplicationFilterChain.internalDoFilter(ApplicationFilterChain.java:175)
	at org.apache.catalina.core.ApplicationFilterChain.doFilter(ApplicationFilterChain.java:150)
	at org.springframework.web.filter.CompositeFilter$VirtualFilterChain.doFilter(CompositeFilter.java:108)
	at org.springframework.security.web.FilterChainProxy.lambda$doFilterInternal$3(FilterChainProxy.java:231)
	at org.springframework.security.web.ObservationFilterChainDecorator$FilterObservation$SimpleFilterObservation.lambda$wrap$1(ObservationFilterChainDecorator.java:479)
	at org.springframework.security.web.ObservationFilterChainDecorator$AroundFilterObservation$SimpleAroundFilterObservation.lambda$wrap$1(ObservationFilterChainDecorator.java:340)
	at org.springframework.security.web.ObservationFilterChainDecorator.lambda$wrapSecured$0(ObservationFilterChainDecorator.java:82)
	at org.springframework.security.web.ObservationFilterChainDecorator$VirtualFilterChain.doFilter(ObservationFilterChainDecorator.java:128)
	at org.springframework.security.web.access.intercept.AuthorizationFilter.doFilter(AuthorizationFilter.java:100)
	at org.springframework.security.web.ObservationFilterChainDecorator$ObservationFilter.wrapFilter(ObservationFilterChainDecorator.java:240)
	at org.springframework.security.web.ObservationFilterChainDecorator$ObservationFilter.doFilter(ObservationFilterChainDecorator.java:227)
	at org.springframework.security.web.ObservationFilterChainDecorator$VirtualFilterChain.doFilter(ObservationFilterChainDecorator.java:137)
	at org.springframework.security.web.access.ExceptionTranslationFilter.doFilter(ExceptionTranslationFilter.java:126)
	at org.springframework.security.web.access.ExceptionTranslationFilter.doFilter(ExceptionTranslationFilter.java:120)
	at org.springframework.security.web.ObservationFilterChainDecorator$ObservationFilter.wrapFilter(ObservationFilterChainDecorator.java:240)
	at org.springframework.security.web.ObservationFilterChainDecorator$ObservationFilter.doFilter(ObservationFilterChainDecorator.java:227)
	at org.springframework.security.web.ObservationFilterChainDecorator$VirtualFilterChain.doFilter(ObservationFilterChainDecorator.java:137)
	at org.springframework.security.web.session.SessionManagementFilter.doFilter(SessionManagementFilter.java:131)
	at org.springframework.security.web.session.SessionManagementFilter.doFilter(SessionManagementFilter.java:85)
	at org.springframework.security.web.ObservationFilterChainDecorator$ObservationFilter.wrapFilter(ObservationFilterChainDecorator.java:240)
	at org.springframework.security.web.ObservationFilterChainDecorator$ObservationFilter.doFilter(ObservationFilterChainDecorator.java:227)
	at org.springframework.security.web.ObservationFilterChainDecorator$VirtualFilterChain.doFilter(ObservationFilterChainDecorator.java:137)
	at org.springframework.security.web.authentication.AnonymousAuthenticationFilter.doFilter(AnonymousAuthenticationFilter.java:100)
	at org.springframework.security.web.ObservationFilterChainDecorator$ObservationFilter.wrapFilter(ObservationFilterChainDecorator.java:240)
	at org.springframework.security.web.ObservationFilterChainDecorator$ObservationFilter.doFilter(ObservationFilterChainDecorator.java:227)
	at org.springframework.security.web.ObservationFilterChainDecorator$VirtualFilterChain.doFilter(ObservationFilterChainDecorator.java:137)
	at org.springframework.security.web.servletapi.SecurityContextHolderAwareRequestFilter.doFilter(SecurityContextHolderAwareRequestFilter.java:179)
	at org.springframework.security.web.ObservationFilterChainDecorator$ObservationFilter.wrapFilter(ObservationFilterChainDecorator.java:240)
	at org.springframework.security.web.ObservationFilterChainDecorator$ObservationFilter.doFilter(ObservationFilterChainDecorator.java:227)
	at org.springframework.security.web.ObservationFilterChainDecorator$VirtualFilterChain.doFilter(ObservationFilterChainDecorator.java:137)
	at org.springframework.security.web.savedrequest.RequestCacheAwareFilter.doFilter(RequestCacheAwareFilter.java:63)
	at org.springframework.security.web.ObservationFilterChainDecorator$ObservationFilter.wrapFilter(ObservationFilterChainDecorator.java:240)
	at org.springframework.security.web.ObservationFilterChainDecorator$ObservationFilter.doFilter(ObservationFilterChainDecorator.java:227)
	at org.springframework.security.web.ObservationFilterChainDecorator$VirtualFilterChain.doFilter(ObservationFilterChainDecorator.java:137)
	at com.example.project.security.JwtAuthFilter.doFilterInternal(JwtAuthFilter.java:37)
	at org.springframework.web.filter.OncePerRequestFilter.doFilter(OncePerRequestFilter.java:116)
	at org.springframework.security.web.ObservationFilterChainDecorator$ObservationFilter.wrapFilter(ObservationFilterChainDecorator.java:240)
	at org.springframework.security.web.ObservationFilterChainDecorator$ObservationFilter.doFilter(ObservationFilterChainDecorator.java:227)
	at org.springframework.security.web.ObservationFilterChainDecorator$VirtualFilterChain.doFilter(ObservationFilterChainDecorator.java:137)
	at org.springframework.security.web.authentication.logout.LogoutFilter.doFilter(LogoutFilter.java:107)
	at org.springframework.security.web.authentication.logout.LogoutFilter.doFilter(LogoutFilter.java:93)
	at org.springframework.security.web.ObservationFilterChainDecorator$ObservationFilter.wrapFilter(ObservationFilterChainDecorator.java:240)
	at org.springframework.security.web.ObservationFilterChainDecorator$ObservationFilter.doFilter(ObservationFilterChainDecorator.java:227)
	at org.springframework.security.web.ObservationFilterChainDecorator$VirtualFilterChain.doFilter(ObservationFilterChainDecorator.java:137)
	at org.springframework.web.filter.OncePerRequestFilter.doFilter(OncePerRequestFilter.java:110)
	at org.springframework.security.web.ObservationFilterChainDecorator$ObservationFilter.wrapFilter(ObservationFilterChainDecorator.java:240)
	at org.springframework.security.web.ObservationFilterChainDecorator$ObservationFilter.doFilter(ObservationFilterChainDecorator.java:227)
	at org.springframework.security.web.ObservationFilterChainDecorator$VirtualFilterChain.doFilter(ObservationFilterChainDecorator.java:137)
	at org.springframework.web.filter.CorsFilter.doFilterInternal(CorsFilter.java:91)
	at org.springframework.web.filter.OncePerRequestFilter.doFilter(OncePerRequestFilter.java:116)
	at org.springframework.security.web.ObservationFilterChainDecorator$ObservationFilter.wrapFilter(ObservationFilterChainDecorator.java:240)
	at org.springframework.security.web.ObservationFilterChainDecorator$ObservationFilter.doFilter(ObservationFilterChainDecorator.java:227)
	at org.springframework.security.web.ObservationFilterChainDecorator$VirtualFilterChain.doFilter(ObservationFilterChainDecorator.java:137)
	at org.springframework.security.web.header.HeaderWriterFilter.doHeadersAfter(HeaderWriterFilter.java:90)
	at org.springframework.security.web.header.HeaderWriterFilter.doFilterInternal(HeaderWriterFilter.java:75)
	at org.springframework.web.filter.OncePerRequestFilter.doFilter(OncePerRequestFilter.java:116)
	at org.springframework.security.web.ObservationFilterChainDecorator$ObservationFilter.wrapFilter(ObservationFilterChainDecorator.java:240)
	at org.springframework.security.web.ObservationFilterChainDecorator$ObservationFilter.doFilter(ObservationFilterChainDecorator.java:227)
	at org.springframework.security.web.ObservationFilterChainDecorator$VirtualFilterChain.doFilter(ObservationFilterChainDecorator.java:137)
	at org.springframework.security.web.context.SecurityContextHolderFilter.doFilter(SecurityContextHolderFilter.java:82)
	at org.springframework.security.web.context.SecurityContextHolderFilter.doFilter(SecurityContextHolderFilter.java:69)
	at org.springframework.security.web.ObservationFilterChainDecorator$ObservationFilter.wrapFilter(ObservationFilterChainDecorator.java:240)
	at org.springframework.security.web.ObservationFilterChainDecorator$ObservationFilter.doFilter(ObservationFilterChainDecorator.java:227)
	at org.springframework.security.web.ObservationFilterChainDecorator$VirtualFilterChain.doFilter(ObservationFilterChainDecorator.java:137)
	at org.springframework.security.web.context.request.async.WebAsyncManagerIntegrationFilter.doFilterInternal(WebAsyncManagerIntegrationFilter.java:62)
	at org.springframework.web.filter.OncePerRequestFilter.doFilter(OncePerRequestFilter.java:116)
	at org.springframework.security.web.ObservationFilterChainDecorator$ObservationFilter.wrapFilter(ObservationFilterChainDecorator.java:240)
	at org.springframework.security.web.ObservationFilterChainDecorator$ObservationFilter.doFilter(ObservationFilterChainDecorator.java:227)
	at org.springframework.security.web.ObservationFilterChainDecorator$VirtualFilterChain.doFilter(ObservationFilterChainDecorator.java:137)
	at org.springframework.security.web.session.DisableEncodeUrlFilter.doFilterInternal(DisableEncodeUrlFilter.java:42)
	at org.springframework.web.filter.OncePerRequestFilter.doFilter(OncePerRequestFilter.java:116)
	at org.springframework.security.web.ObservationFilterChainDecorator$ObservationFilter.wrapFilter(ObservationFilterChainDecorator.java:240)
	at org.springframework.security.web.ObservationFilterChainDecorator$AroundFilterObservation$SimpleAroundFilterObservation.lambda$wrap$0(ObservationFilterChainDecorator.java:323)
	at org.springframework.security.web.ObservationFilterChainDecorator$ObservationFilter.doFilter(ObservationFilterChainDecorator.java:224)
	at org.springframework.security.web.ObservationFilterChainDecorator$VirtualFilterChain.doFilter(ObservationFilterChainDecorator.java:137)
	at org.springframework.security.web.FilterChainProxy.doFilterInternal(FilterChainProxy.java:233)
	at org.springframework.security.web.FilterChainProxy.doFilter(FilterChainProxy.java:191)
	at org.springframework.web.filter.CompositeFilter$VirtualFilterChain.doFilter(CompositeFilter.java:113)
	at org.springframework.web.servlet.handler.HandlerMappingIntrospector.lambda$createCacheFilter$3(HandlerMappingIntrospector.java:195)
	at org.springframework.web.filter.CompositeFilter$VirtualFilterChain.doFilter(CompositeFilter.java:113)
	at org.springframework.web.filter.CompositeFilter.doFilter(CompositeFilter.java:74)
	at org.springframework.security.config.annotation.web.configuration.WebMvcSecurityConfiguration$CompositeFilterChainProxy.doFilter(WebMvcSecurityConfiguration.java:230)
	at org.springframework.web.filter.DelegatingFilterProxy.invokeDelegate(DelegatingFilterProxy.java:352)
	at org.springframework.web.filter.DelegatingFilterProxy.doFilter(DelegatingFilterProxy.java:268)
	at org.apache.catalina.core.ApplicationFilterChain.internalDoFilter(ApplicationFilterChain.java:175)
	at org.apache.catalina.core.ApplicationFilterChain.doFilter(ApplicationFilterChain.java:150)
	at org.springframework.web.filter.RequestContextFilter.doFilterInternal(RequestContextFilter.java:100)
	at org.springframework.web.filter.OncePerRequestFilter.doFilter(OncePerRequestFilter.java:116)
	at org.apache.catalina.core.ApplicationFilterChain.internalDoFilter(ApplicationFilterChain.java:175)
	at org.apache.catalina.core.ApplicationFilterChain.doFilter(ApplicationFilterChain.java:150)
	at org.springframework.web.filter.FormContentFilter.doFilterInternal(FormContentFilter.java:93)
	at org.springframework.web.filter.OncePerRequestFilter.doFilter(OncePerRequestFilter.java:116)
	at org.apache.catalina.core.ApplicationFilterChain.internalDoFilter(ApplicationFilterChain.java:175)
	at org.apache.catalina.core.ApplicationFilterChain.doFilter(ApplicationFilterChain.java:150)
	at org.springframework.web.filter.ServerHttpObservationFilter.doFilterInternal(ServerHttpObservationFilter.java:109)
	at org.springframework.web.filter.OncePerRequestFilter.doFilter(OncePerRequestFilter.java:116)
	at org.apache.catalina.core.ApplicationFilterChain.internalDoFilter(ApplicationFilterChain.java:175)
	at org.apache.catalina.core.ApplicationFilterChain.doFilter(ApplicationFilterChain.java:150)
	at org.springframework.web.filter.CharacterEncodingFilter.doFilterInternal(CharacterEncodingFilter.java:201)
	at org.springframework.web.filter.OncePerRequestFilter.doFilter(OncePerRequestFilter.java:116)
	at org.apache.catalina.core.ApplicationFilterChain.internalDoFilter(ApplicationFilterChain.java:175)
	at org.apache.catalina.core.ApplicationFilterChain.doFilter(ApplicationFilterChain.java:150)
	at org.apache.catalina.core.StandardWrapperValve.invoke(StandardWrapperValve.java:167)
	at org.apache.catalina.core.StandardContextValve.invoke(StandardContextValve.java:90)
	at org.apache.catalina.authenticator.AuthenticatorBase.invoke(AuthenticatorBase.java:482)
	at org.apache.catalina.core.StandardHostValve.invoke(StandardHostValve.java:115)
	at org.apache.catalina.valves.ErrorReportValve.invoke(ErrorReportValve.java:93)
	at org.apache.catalina.core.StandardEngineValve.invoke(StandardEngineValve.java:74)
	at org.apache.catalina.connector.CoyoteAdapter.service(CoyoteAdapter.java:344)
	at org.apache.coyote.http11.Http11Processor.service(Http11Processor.java:391)
	at org.apache.coyote.AbstractProcessorLight.process(AbstractProcessorLight.java:63)
	at org.apache.coyote.AbstractProtocol$ConnectionHandler.process(AbstractProtocol.java:896)
	at org.apache.tomcat.util.net.NioEndpoint$SocketProcessor.doRun(NioEndpoint.java:1736)
	at org.apache.tomcat.util.net.SocketProcessorBase.run(SocketProcessorBase.java:52)
	at org.apache.tomcat.util.threads.ThreadPoolExecutor.runWorker(ThreadPoolExecutor.java:1191)
	at org.apache.tomcat.util.threads.ThreadPoolExecutor$Worker.run(ThreadPoolExecutor.java:659)
	at org.apache.tomcat.util.threads.TaskThread$WrappingRunnable.run(TaskThread.java:63)
	at java.base/java.lang.Thread.run(Thread.java:842)
2026-05-23 05:00:27.197 [http-nio-0.0.0.0-8080-exec-2] ERROR c.e.p.e.GlobalExceptionHandler - UNEXPECTED_ERROR: Bad credentials | Stack Trace: 
org.springframework.security.authentication.BadCredentialsException: Bad credentials
	at org.springframework.security.authentication.dao.DaoAuthenticationProvider.additionalAuthenticationChecks(DaoAuthenticationProvider.java:89)
	at org.springframework.security.authentication.dao.AbstractUserDetailsAuthenticationProvider.authenticate(AbstractUserDetailsAuthenticationProvider.java:147)
	at org.springframework.security.authentication.ProviderManager.authenticate(ProviderManager.java:182)
	at com.example.project.service.impl.AuthServiceImpl.login(AuthServiceImpl.java:92)
	at java.base/jdk.internal.reflect.NativeMethodAccessorImpl.invoke0(Native Method)
	at java.base/jdk.internal.reflect.NativeMethodAccessorImpl.invoke(NativeMethodAccessorImpl.java:77)
	at java.base/jdk.internal.reflect.DelegatingMethodAccessorImpl.invoke(DelegatingMethodAccessorImpl.java:43)
	at java.base/java.lang.reflect.Method.invoke(Method.java:568)
	at org.springframework.aop.support.AopUtils.invokeJoinpointUsingReflection(AopUtils.java:354)
	at org.springframework.aop.framework.ReflectiveMethodInvocation.invokeJoinpoint(ReflectiveMethodInvocation.java:196)
	at org.springframework.aop.framework.ReflectiveMethodInvocation.proceed(ReflectiveMethodInvocation.java:163)
	at org.springframework.aop.framework.CglibAopProxy$CglibMethodInvocation.proceed(CglibAopProxy.java:768)
	at org.springframework.aop.aspectj.MethodInvocationProceedingJoinPoint.proceed(MethodInvocationProceedingJoinPoint.java:89)
	at com.example.project.util.PerformanceLoggingAspect.logServiceMethodPerformance(PerformanceLoggingAspect.java:32)
	at java.base/jdk.internal.reflect.NativeMethodAccessorImpl.invoke0(Native Method)
	at java.base/jdk.internal.reflect.NativeMethodAccessorImpl.invoke(NativeMethodAccessorImpl.java:77)
	at java.base/jdk.internal.reflect.DelegatingMethodAccessorImpl.invoke(DelegatingMethodAccessorImpl.java:43)
	at java.base/java.lang.reflect.Method.invoke(Method.java:568)
	at org.springframework.aop.aspectj.AbstractAspectJAdvice.invokeAdviceMethodWithGivenArgs(AbstractAspectJAdvice.java:637)
	at org.springframework.aop.aspectj.AbstractAspectJAdvice.invokeAdviceMethod(AbstractAspectJAdvice.java:627)
	at org.springframework.aop.aspectj.AspectJAroundAdvice.invoke(AspectJAroundAdvice.java:71)
	at org.springframework.aop.framework.ReflectiveMethodInvocation.proceed(ReflectiveMethodInvocation.java:184)
	at org.springframework.aop.framework.CglibAopProxy$CglibMethodInvocation.proceed(CglibAopProxy.java:768)
	at org.springframework.aop.interceptor.ExposeInvocationInterceptor.invoke(ExposeInvocationInterceptor.java:97)
	at org.springframework.aop.framework.ReflectiveMethodInvocation.proceed(ReflectiveMethodInvocation.java:184)
	at org.springframework.aop.framework.CglibAopProxy$CglibMethodInvocation.proceed(CglibAopProxy.java:768)
	at org.springframework.aop.framework.CglibAopProxy$DynamicAdvisedInterceptor.intercept(CglibAopProxy.java:720)
	at com.example.project.service.impl.AuthServiceImpl$$SpringCGLIB$$0.login(<generated>)
	at com.example.project.controller.AuthController.login(AuthController.java:56)
	at java.base/jdk.internal.reflect.NativeMethodAccessorImpl.invoke0(Native Method)
	at java.base/jdk.internal.reflect.NativeMethodAccessorImpl.invoke(NativeMethodAccessorImpl.java:77)
	at java.base/jdk.internal.reflect.DelegatingMethodAccessorImpl.invoke(DelegatingMethodAccessorImpl.java:43)
	at java.base/java.lang.reflect.Method.invoke(Method.java:568)
	at org.springframework.aop.support.AopUtils.invokeJoinpointUsingReflection(AopUtils.java:354)
	at org.springframework.aop.framework.ReflectiveMethodInvocation.invokeJoinpoint(ReflectiveMethodInvocation.java:196)
	at org.springframework.aop.framework.ReflectiveMethodInvocation.proceed(ReflectiveMethodInvocation.java:163)
	at org.springframework.aop.framework.CglibAopProxy$CglibMethodInvocation.proceed(CglibAopProxy.java:768)
	at org.springframework.aop.aspectj.MethodInvocationProceedingJoinPoint.proceed(MethodInvocationProceedingJoinPoint.java:89)
	at com.example.project.util.PerformanceLoggingAspect.logControllerMethodPerformance(PerformanceLoggingAspect.java:63)
	at java.base/jdk.internal.reflect.NativeMethodAccessorImpl.invoke0(Native Method)
	at java.base/jdk.internal.reflect.NativeMethodAccessorImpl.invoke(NativeMethodAccessorImpl.java:77)
	at java.base/jdk.internal.reflect.DelegatingMethodAccessorImpl.invoke(DelegatingMethodAccessorImpl.java:43)
	at java.base/java.lang.reflect.Method.invoke(Method.java:568)
	at org.springframework.aop.aspectj.AbstractAspectJAdvice.invokeAdviceMethodWithGivenArgs(AbstractAspectJAdvice.java:637)
	at org.springframework.aop.aspectj.AbstractAspectJAdvice.invokeAdviceMethod(AbstractAspectJAdvice.java:627)
	at org.springframework.aop.aspectj.AspectJAroundAdvice.invoke(AspectJAroundAdvice.java:71)
	at org.springframework.aop.framework.ReflectiveMethodInvocation.proceed(ReflectiveMethodInvocation.java:184)
	at org.springframework.aop.framework.CglibAopProxy$CglibMethodInvocation.proceed(CglibAopProxy.java:768)
	at org.springframework.aop.interceptor.ExposeInvocationInterceptor.invoke(ExposeInvocationInterceptor.java:97)
	at org.springframework.aop.framework.ReflectiveMethodInvocation.proceed(ReflectiveMethodInvocation.java:184)
	at org.springframework.aop.framework.CglibAopProxy$CglibMethodInvocation.proceed(CglibAopProxy.java:768)
	at org.springframework.aop.framework.CglibAopProxy$DynamicAdvisedInterceptor.intercept(CglibAopProxy.java:720)
	at com.example.project.controller.AuthController$$SpringCGLIB$$0.login(<generated>)
	at java.base/jdk.internal.reflect.NativeMethodAccessorImpl.invoke0(Native Method)
	at java.base/jdk.internal.reflect.NativeMethodAccessorImpl.invoke(NativeMethodAccessorImpl.java:77)
	at java.base/jdk.internal.reflect.DelegatingMethodAccessorImpl.invoke(DelegatingMethodAccessorImpl.java:43)
	at java.base/java.lang.reflect.Method.invoke(Method.java:568)
	at org.springframework.web.method.support.InvocableHandlerMethod.doInvoke(InvocableHandlerMethod.java:255)
	at org.springframework.web.method.support.InvocableHandlerMethod.invokeForRequest(InvocableHandlerMethod.java:188)
	at org.springframework.web.servlet.mvc.method.annotation.ServletInvocableHandlerMethod.invokeAndHandle(ServletInvocableHandlerMethod.java:118)
	at org.springframework.web.servlet.mvc.method.annotation.RequestMappingHandlerAdapter.invokeHandlerMethod(RequestMappingHandlerAdapter.java:926)
	at org.springframework.web.servlet.mvc.method.annotation.RequestMappingHandlerAdapter.handleInternal(RequestMappingHandlerAdapter.java:831)
	at org.springframework.web.servlet.mvc.method.AbstractHandlerMethodAdapter.handle(AbstractHandlerMethodAdapter.java:87)
	at org.springframework.web.servlet.DispatcherServlet.doDispatch(DispatcherServlet.java:1089)
	at org.springframework.web.servlet.DispatcherServlet.doService(DispatcherServlet.java:979)
	at org.springframework.web.servlet.FrameworkServlet.processRequest(FrameworkServlet.java:1014)
	at org.springframework.web.servlet.FrameworkServlet.doPost(FrameworkServlet.java:914)
	at jakarta.servlet.http.HttpServlet.service(HttpServlet.java:590)
	at org.springframework.web.servlet.FrameworkServlet.service(FrameworkServlet.java:885)
	at jakarta.servlet.http.HttpServlet.service(HttpServlet.java:658)
	at org.apache.catalina.core.ApplicationFilterChain.internalDoFilter(ApplicationFilterChain.java:206)
	at org.apache.catalina.core.ApplicationFilterChain.doFilter(ApplicationFilterChain.java:150)
	at org.apache.tomcat.websocket.server.WsFilter.doFilter(WsFilter.java:51)
	at org.apache.catalina.core.ApplicationFilterChain.internalDoFilter(ApplicationFilterChain.java:175)
	at org.apache.catalina.core.ApplicationFilterChain.doFilter(ApplicationFilterChain.java:150)
	at org.springframework.web.filter.OncePerRequestFilter.doFilter(OncePerRequestFilter.java:110)
	at org.apache.catalina.core.ApplicationFilterChain.internalDoFilter(ApplicationFilterChain.java:175)
	at org.apache.catalina.core.ApplicationFilterChain.doFilter(ApplicationFilterChain.java:150)
	at org.springframework.web.filter.CompositeFilter$VirtualFilterChain.doFilter(CompositeFilter.java:108)
	at org.springframework.security.web.FilterChainProxy.lambda$doFilterInternal$3(FilterChainProxy.java:231)
	at org.springframework.security.web.ObservationFilterChainDecorator$FilterObservation$SimpleFilterObservation.lambda$wrap$1(ObservationFilterChainDecorator.java:479)
	at org.springframework.security.web.ObservationFilterChainDecorator$AroundFilterObservation$SimpleAroundFilterObservation.lambda$wrap$1(ObservationFilterChainDecorator.java:340)
	at org.springframework.security.web.ObservationFilterChainDecorator.lambda$wrapSecured$0(ObservationFilterChainDecorator.java:82)
	at org.springframework.security.web.ObservationFilterChainDecorator$VirtualFilterChain.doFilter(ObservationFilterChainDecorator.java:128)
	at org.springframework.security.web.access.intercept.AuthorizationFilter.doFilter(AuthorizationFilter.java:100)
	at org.springframework.security.web.ObservationFilterChainDecorator$ObservationFilter.wrapFilter(ObservationFilterChainDecorator.java:240)
	at org.springframework.security.web.ObservationFilterChainDecorator$ObservationFilter.doFilter(ObservationFilterChainDecorator.java:227)
	at org.springframework.security.web.ObservationFilterChainDecorator$VirtualFilterChain.doFilter(ObservationFilterChainDecorator.java:137)
	at org.springframework.security.web.access.ExceptionTranslationFilter.doFilter(ExceptionTranslationFilter.java:126)
	at org.springframework.security.web.access.ExceptionTranslationFilter.doFilter(ExceptionTranslationFilter.java:120)
	at org.springframework.security.web.ObservationFilterChainDecorator$ObservationFilter.wrapFilter(ObservationFilterChainDecorator.java:240)
	at org.springframework.security.web.ObservationFilterChainDecorator$ObservationFilter.doFilter(ObservationFilterChainDecorator.java:227)
	at org.springframework.security.web.ObservationFilterChainDecorator$VirtualFilterChain.doFilter(ObservationFilterChainDecorator.java:137)
	at org.springframework.security.web.session.SessionManagementFilter.doFilter(SessionManagementFilter.java:131)
	at org.springframework.security.web.session.SessionManagementFilter.doFilter(SessionManagementFilter.java:85)
	at org.springframework.security.web.ObservationFilterChainDecorator$ObservationFilter.wrapFilter(ObservationFilterChainDecorator.java:240)
	at org.springframework.security.web.ObservationFilterChainDecorator$ObservationFilter.doFilter(ObservationFilterChainDecorator.java:227)
	at org.springframework.security.web.ObservationFilterChainDecorator$VirtualFilterChain.doFilter(ObservationFilterChainDecorator.java:137)
	at org.springframework.security.web.authentication.AnonymousAuthenticationFilter.doFilter(AnonymousAuthenticationFilter.java:100)
	at org.springframework.security.web.ObservationFilterChainDecorator$ObservationFilter.wrapFilter(ObservationFilterChainDecorator.java:240)
	at org.springframework.security.web.ObservationFilterChainDecorator$ObservationFilter.doFilter(ObservationFilterChainDecorator.java:227)
	at org.springframework.security.web.ObservationFilterChainDecorator$VirtualFilterChain.doFilter(ObservationFilterChainDecorator.java:137)
	at org.springframework.security.web.servletapi.SecurityContextHolderAwareRequestFilter.doFilter(SecurityContextHolderAwareRequestFilter.java:179)
	at org.springframework.security.web.ObservationFilterChainDecorator$ObservationFilter.wrapFilter(ObservationFilterChainDecorator.java:240)
	at org.springframework.security.web.ObservationFilterChainDecorator$ObservationFilter.doFilter(ObservationFilterChainDecorator.java:227)
	at org.springframework.security.web.ObservationFilterChainDecorator$VirtualFilterChain.doFilter(ObservationFilterChainDecorator.java:137)
	at org.springframework.security.web.savedrequest.RequestCacheAwareFilter.doFilter(RequestCacheAwareFilter.java:63)
	at org.springframework.security.web.ObservationFilterChainDecorator$ObservationFilter.wrapFilter(ObservationFilterChainDecorator.java:240)
	at org.springframework.security.web.ObservationFilterChainDecorator$ObservationFilter.doFilter(ObservationFilterChainDecorator.java:227)
	at org.springframework.security.web.ObservationFilterChainDecorator$VirtualFilterChain.doFilter(ObservationFilterChainDecorator.java:137)
	at com.example.project.security.JwtAuthFilter.doFilterInternal(JwtAuthFilter.java:37)
	at org.springframework.web.filter.OncePerRequestFilter.doFilter(OncePerRequestFilter.java:116)
	at org.springframework.security.web.ObservationFilterChainDecorator$ObservationFilter.wrapFilter(ObservationFilterChainDecorator.java:240)
	at org.springframework.security.web.ObservationFilterChainDecorator$ObservationFilter.doFilter(ObservationFilterChainDecorator.java:227)
	at org.springframework.security.web.ObservationFilterChainDecorator$VirtualFilterChain.doFilter(ObservationFilterChainDecorator.java:137)
	at org.springframework.security.web.authentication.logout.LogoutFilter.doFilter(LogoutFilter.java:107)
	at org.springframework.security.web.authentication.logout.LogoutFilter.doFilter(LogoutFilter.java:93)
	at org.springframework.security.web.ObservationFilterChainDecorator$ObservationFilter.wrapFilter(ObservationFilterChainDecorator.java:240)
	at org.springframework.security.web.ObservationFilterChainDecorator$ObservationFilter.doFilter(ObservationFilterChainDecorator.java:227)
	at org.springframework.security.web.ObservationFilterChainDecorator$VirtualFilterChain.doFilter(ObservationFilterChainDecorator.java:137)
	at org.springframework.web.filter.OncePerRequestFilter.doFilter(OncePerRequestFilter.java:110)
	at org.springframework.security.web.ObservationFilterChainDecorator$ObservationFilter.wrapFilter(ObservationFilterChainDecorator.java:240)
	at org.springframework.security.web.ObservationFilterChainDecorator$ObservationFilter.doFilter(ObservationFilterChainDecorator.java:227)
	at org.springframework.security.web.ObservationFilterChainDecorator$VirtualFilterChain.doFilter(ObservationFilterChainDecorator.java:137)
	at org.springframework.web.filter.CorsFilter.doFilterInternal(CorsFilter.java:91)
	at org.springframework.web.filter.OncePerRequestFilter.doFilter(OncePerRequestFilter.java:116)
	at org.springframework.security.web.ObservationFilterChainDecorator$ObservationFilter.wrapFilter(ObservationFilterChainDecorator.java:240)
	at org.springframework.security.web.ObservationFilterChainDecorator$ObservationFilter.doFilter(ObservationFilterChainDecorator.java:227)
	at org.springframework.security.web.ObservationFilterChainDecorator$VirtualFilterChain.doFilter(ObservationFilterChainDecorator.java:137)
	at org.springframework.security.web.header.HeaderWriterFilter.doHeadersAfter(HeaderWriterFilter.java:90)
	at org.springframework.security.web.header.HeaderWriterFilter.doFilterInternal(HeaderWriterFilter.java:75)
	at org.springframework.web.filter.OncePerRequestFilter.doFilter(OncePerRequestFilter.java:116)
	at org.springframework.security.web.ObservationFilterChainDecorator$ObservationFilter.wrapFilter(ObservationFilterChainDecorator.java:240)
	at org.springframework.security.web.ObservationFilterChainDecorator$ObservationFilter.doFilter(ObservationFilterChainDecorator.java:227)
	at org.springframework.security.web.ObservationFilterChainDecorator$VirtualFilterChain.doFilter(ObservationFilterChainDecorator.java:137)
	at org.springframework.security.web.context.SecurityContextHolderFilter.doFilter(SecurityContextHolderFilter.java:82)
	at org.springframework.security.web.context.SecurityContextHolderFilter.doFilter(SecurityContextHolderFilter.java:69)
	at org.springframework.security.web.ObservationFilterChainDecorator$ObservationFilter.wrapFilter(ObservationFilterChainDecorator.java:240)
	at org.springframework.security.web.ObservationFilterChainDecorator$ObservationFilter.doFilter(ObservationFilterChainDecorator.java:227)
	at org.springframework.security.web.ObservationFilterChainDecorator$VirtualFilterChain.doFilter(ObservationFilterChainDecorator.java:137)
	at org.springframework.security.web.context.request.async.WebAsyncManagerIntegrationFilter.doFilterInternal(WebAsyncManagerIntegrationFilter.java:62)
	at org.springframework.web.filter.OncePerRequestFilter.doFilter(OncePerRequestFilter.java:116)
	at org.springframework.security.web.ObservationFilterChainDecorator$ObservationFilter.wrapFilter(ObservationFilterChainDecorator.java:240)
	at org.springframework.security.web.ObservationFilterChainDecorator$ObservationFilter.doFilter(ObservationFilterChainDecorator.java:227)
	at org.springframework.security.web.ObservationFilterChainDecorator$VirtualFilterChain.doFilter(ObservationFilterChainDecorator.java:137)
	at org.springframework.security.web.session.DisableEncodeUrlFilter.doFilterInternal(DisableEncodeUrlFilter.java:42)
	at org.springframework.web.filter.OncePerRequestFilter.doFilter(OncePerRequestFilter.java:116)
	at org.springframework.security.web.ObservationFilterChainDecorator$ObservationFilter.wrapFilter(ObservationFilterChainDecorator.java:240)
	at org.springframework.security.web.ObservationFilterChainDecorator$AroundFilterObservation$SimpleAroundFilterObservation.lambda$wrap$0(ObservationFilterChainDecorator.java:323)
	at org.springframework.security.web.ObservationFilterChainDecorator$ObservationFilter.doFilter(ObservationFilterChainDecorator.java:224)
	at org.springframework.security.web.ObservationFilterChainDecorator$VirtualFilterChain.doFilter(ObservationFilterChainDecorator.java:137)
	at org.springframework.security.web.FilterChainProxy.doFilterInternal(FilterChainProxy.java:233)
	at org.springframework.security.web.FilterChainProxy.doFilter(FilterChainProxy.java:191)
	at org.springframework.web.filter.CompositeFilter$VirtualFilterChain.doFilter(CompositeFilter.java:113)
	at org.springframework.web.servlet.handler.HandlerMappingIntrospector.lambda$createCacheFilter$3(HandlerMappingIntrospector.java:195)
	at org.springframework.web.filter.CompositeFilter$VirtualFilterChain.doFilter(CompositeFilter.java:113)
	at org.springframework.web.filter.CompositeFilter.doFilter(CompositeFilter.java:74)
	at org.springframework.security.config.annotation.web.configuration.WebMvcSecurityConfiguration$CompositeFilterChainProxy.doFilter(WebMvcSecurityConfiguration.java:230)
	at org.springframework.web.filter.DelegatingFilterProxy.invokeDelegate(DelegatingFilterProxy.java:352)
	at org.springframework.web.filter.DelegatingFilterProxy.doFilter(DelegatingFilterProxy.java:268)
	at org.apache.catalina.core.ApplicationFilterChain.internalDoFilter(ApplicationFilterChain.java:175)
	at org.apache.catalina.core.ApplicationFilterChain.doFilter(ApplicationFilterChain.java:150)
	at org.springframework.web.filter.RequestContextFilter.doFilterInternal(RequestContextFilter.java:100)
	at org.springframework.web.filter.OncePerRequestFilter.doFilter(OncePerRequestFilter.java:116)
	at org.apache.catalina.core.ApplicationFilterChain.internalDoFilter(ApplicationFilterChain.java:175)
	at org.apache.catalina.core.ApplicationFilterChain.doFilter(ApplicationFilterChain.java:150)
	at org.springframework.web.filter.FormContentFilter.doFilterInternal(FormContentFilter.java:93)
	at org.springframework.web.filter.OncePerRequestFilter.doFilter(OncePerRequestFilter.java:116)
	at org.apache.catalina.core.ApplicationFilterChain.internalDoFilter(ApplicationFilterChain.java:175)
	at org.apache.catalina.core.ApplicationFilterChain.doFilter(ApplicationFilterChain.java:150)
	at org.springframework.web.filter.ServerHttpObservationFilter.doFilterInternal(ServerHttpObservationFilter.java:109)
	at org.springframework.web.filter.OncePerRequestFilter.doFilter(OncePerRequestFilter.java:116)
	at org.apache.catalina.core.ApplicationFilterChain.internalDoFilter(ApplicationFilterChain.java:175)
	at org.apache.catalina.core.ApplicationFilterChain.doFilter(ApplicationFilterChain.java:150)
	at org.springframework.web.filter.CharacterEncodingFilter.doFilterInternal(CharacterEncodingFilter.java:201)
	at org.springframework.web.filter.OncePerRequestFilter.doFilter(OncePerRequestFilter.java:116)
	at org.apache.catalina.core.ApplicationFilterChain.internalDoFilter(ApplicationFilterChain.java:175)
	at org.apache.catalina.core.ApplicationFilterChain.doFilter(ApplicationFilterChain.java:150)
	at org.apache.catalina.core.StandardWrapperValve.invoke(StandardWrapperValve.java:167)
	at org.apache.catalina.core.StandardContextValve.invoke(StandardContextValve.java:90)
	at org.apache.catalina.authenticator.AuthenticatorBase.invoke(AuthenticatorBase.java:482)
	at org.apache.catalina.core.StandardHostValve.invoke(StandardHostValve.java:115)
	at org.apache.catalina.valves.ErrorReportValve.invoke(ErrorReportValve.java:93)
	at org.apache.catalina.core.StandardEngineValve.invoke(StandardEngineValve.java:74)
	at org.apache.catalina.connector.CoyoteAdapter.service(CoyoteAdapter.java:344)
	at org.apache.coyote.http11.Http11Processor.service(Http11Processor.java:391)
	at org.apache.coyote.AbstractProcessorLight.process(AbstractProcessorLight.java:63)
	at org.apache.coyote.AbstractProtocol$ConnectionHandler.process(AbstractProtocol.java:896)
	at org.apache.tomcat.util.net.NioEndpoint$SocketProcessor.doRun(NioEndpoint.java:1736)
	at org.apache.tomcat.util.net.SocketProcessorBase.run(SocketProcessorBase.java:52)
	at org.apache.tomcat.util.threads.ThreadPoolExecutor.runWorker(ThreadPoolExecutor.java:1191)
	at org.apache.tomcat.util.threads.ThreadPoolExecutor$Worker.run(ThreadPoolExecutor.java:659)
	at org.apache.tomcat.util.threads.TaskThread$WrappingRunnable.run(TaskThread.java:63)
	at java.base/java.lang.Thread.run(Thread.java:842)
2026-05-23 05:00:27.232 [http-nio-0.0.0.0-8080-exec-2] DEBUG o.s.o.j.s.OpenEntityManagerInViewInterceptor - Closing JPA EntityManager in OpenEntityManagerInViewInterceptor
2026-05-23 05:00:27.233 [http-nio-0.0.0.0-8080-exec-2] INFO  c.e.p.util.HttpLoggingInterceptor - REQUEST_END [aae5d8cf-4c0a-4417-ada1-68aacb57ce9f] POST /api/v1/auth/login | Status: 500 | Duration: 601ms
2026-05-23 05:00:43.760 [http-nio-0.0.0.0-8080-exec-1] DEBUG o.s.security.web.FilterChainProxy - Securing OPTIONS /api/v1/auth/login
2026-05-23 05:00:43.772 [http-nio-0.0.0.0-8080-exec-3] DEBUG o.s.security.web.FilterChainProxy - Securing POST /api/v1/auth/login
2026-05-23 05:00:43.777 [http-nio-0.0.0.0-8080-exec-3] DEBUG o.s.s.w.a.AnonymousAuthenticationFilter - Set SecurityContextHolder to anonymous SecurityContext
2026-05-23 05:00:43.778 [http-nio-0.0.0.0-8080-exec-3] DEBUG o.s.security.web.FilterChainProxy - Secured POST /api/v1/auth/login
2026-05-23 05:00:43.780 [http-nio-0.0.0.0-8080-exec-3] INFO  c.e.p.util.HttpLoggingInterceptor - REQUEST_START [25762905-da05-44cb-af71-13957f3aaa4a] POST /api/v1/auth/login | IP: 172.27.232.215 | User-Agent: Mozilla/5.0 (Windows NT 10.0; Win64; x64) AppleWebKit/537.36 (KHTML, like Gecko) Chrome/148.0.0.0 Safari/537.36
2026-05-23 05:00:43.781 [http-nio-0.0.0.0-8080-exec-3] DEBUG o.s.o.j.s.OpenEntityManagerInViewInterceptor - Opening JPA EntityManager in OpenEntityManagerInViewInterceptor
2026-05-23 05:00:43.782 [http-nio-0.0.0.0-8080-exec-3] DEBUG c.e.p.util.PerformanceLoggingAspect - CONTROLLER_METHOD_START: AuthController.login
2026-05-23 05:00:43.783 [http-nio-0.0.0.0-8080-exec-3] INFO  c.e.p.controller.AuthController - USER_LOGIN: Tentative de connexion pour l'email: kamguemmckevin@gmail.com
2026-05-23 05:00:43.783 [http-nio-0.0.0.0-8080-exec-3] DEBUG c.e.p.util.PerformanceLoggingAspect - SERVICE_METHOD_START: AuthServiceImpl.login
2026-05-23 05:00:43.784 [http-nio-0.0.0.0-8080-exec-3] DEBUG org.hibernate.SQL - 
    select
        u1_0.id,
        u1_0.address,
        u1_0.admin_notes,
        u1_0.avatar_url,
        u1_0.bio,
        u1_0.preferred_category,
        u1_0.created_at,
        u1_0.email,
        u1_0.google_id,
        u1_0.kyc_status,
        u1_0.password,
        u1_0.last_name,
        u1_0.first_name,
        u1_0.role,
        u1_0.status,
        u1_0.phone,
        u1_0.ville 
    from
        users u1_0 
    where
        u1_0.email=?
2026-05-23 05:00:43.788 [http-nio-0.0.0.0-8080-exec-3] DEBUG c.e.p.util.PerformanceLoggingAspect - QUERY_EXECUTED: $Proxy166.findByEmail | Duration: 5ms
2026-05-23 05:00:43.788 [http-nio-0.0.0.0-8080-exec-3] DEBUG c.e.p.util.SecurityLoggingAspect - AUTHORIZATION_GRANTED: User=anonymousUser, Method=loadUserByUsername
2026-05-23 05:00:43.921 [http-nio-0.0.0.0-8080-exec-3] DEBUG o.s.s.a.d.DaoAuthenticationProvider - Authenticated user
2026-05-23 05:00:43.926 [http-nio-0.0.0.0-8080-exec-3] DEBUG org.hibernate.SQL - 
    select
        u1_0.id,
        u1_0.address,
        u1_0.admin_notes,
        u1_0.avatar_url,
        u1_0.bio,
        u1_0.preferred_category,
        u1_0.created_at,
        u1_0.email,
        u1_0.google_id,
        u1_0.kyc_status,
        u1_0.password,
        u1_0.last_name,
        u1_0.first_name,
        u1_0.role,
        u1_0.status,
        u1_0.phone,
        u1_0.ville 
    from
        users u1_0 
    where
        u1_0.email=?
2026-05-23 05:00:43.933 [http-nio-0.0.0.0-8080-exec-3] DEBUG c.e.p.util.PerformanceLoggingAspect - QUERY_EXECUTED: $Proxy166.findByEmail | Duration: 11ms
2026-05-23 05:00:44.100 [http-nio-0.0.0.0-8080-exec-3] DEBUG c.e.p.util.SecurityLoggingAspect - AUTHORIZATION_GRANTED: User=anonymousUser, Method=generateToken
2026-05-23 05:00:44.102 [http-nio-0.0.0.0-8080-exec-3] DEBUG c.e.p.util.PerformanceLoggingAspect - SERVICE_METHOD_END: AuthServiceImpl.login | Duration: 319ms
2026-05-23 05:00:44.104 [http-nio-0.0.0.0-8080-exec-3] DEBUG c.e.p.util.PerformanceLoggingAspect - CONTROLLER_METHOD_END: AuthController.login | Duration: 322ms
2026-05-23 05:00:44.130 [http-nio-0.0.0.0-8080-exec-3] DEBUG o.s.o.j.s.OpenEntityManagerInViewInterceptor - Closing JPA EntityManager in OpenEntityManagerInViewInterceptor
2026-05-23 05:00:44.132 [http-nio-0.0.0.0-8080-exec-3] INFO  c.e.p.util.HttpLoggingInterceptor - REQUEST_END [25762905-da05-44cb-af71-13957f3aaa4a] POST /api/v1/auth/login | Status: 200 | Duration: 352ms
2026-05-23 05:00:44.369 [http-nio-0.0.0.0-8080-exec-6] DEBUG o.s.security.web.FilterChainProxy - Securing OPTIONS /api/v1/notifications/user/2
2026-05-23 05:00:44.370 [http-nio-0.0.0.0-8080-exec-4] DEBUG o.s.security.web.FilterChainProxy - Securing OPTIONS /api/v1/notifications/user/2
2026-05-23 05:00:44.385 [http-nio-0.0.0.0-8080-exec-5] DEBUG o.s.security.web.FilterChainProxy - Securing GET /api/v1/notifications/user/2
2026-05-23 05:00:44.737 [http-nio-0.0.0.0-8080-exec-5] DEBUG c.e.p.util.SecurityLoggingAspect - AUTHORIZATION_GRANTED: User=ANONYMOUS, Method=extractUsername
2026-05-23 05:00:44.769 [http-nio-0.0.0.0-8080-exec-5] DEBUG o.s.o.j.SharedEntityManagerCreator$SharedEntityManagerInvocationHandler - Creating new EntityManager for shared EntityManager invocation
2026-05-23 05:00:44.775 [http-nio-0.0.0.0-8080-exec-7] DEBUG o.s.security.web.FilterChainProxy - Securing OPTIONS /api/v1/auth/me
2026-05-23 05:00:44.784 [http-nio-0.0.0.0-8080-exec-9] DEBUG o.s.security.web.FilterChainProxy - Securing OPTIONS /api/v1/auth/me
2026-05-23 05:00:44.789 [http-nio-0.0.0.0-8080-exec-10] DEBUG o.s.security.web.FilterChainProxy - Securing OPTIONS /api/v1/projets/porteur/2
2026-05-23 05:00:44.791 [http-nio-0.0.0.0-8080-exec-8] DEBUG o.s.security.web.FilterChainProxy - Securing OPTIONS /api/v1/projets/porteur/2
2026-05-23 05:00:44.792 [http-nio-0.0.0.0-8080-exec-5] DEBUG org.hibernate.SQL - 
    select
        u1_0.id,
        u1_0.address,
        u1_0.admin_notes,
        u1_0.avatar_url,
        u1_0.bio,
        u1_0.preferred_category,
        u1_0.created_at,
        u1_0.email,
        u1_0.google_id,
        u1_0.kyc_status,
        u1_0.password,
        u1_0.last_name,
        u1_0.first_name,
        u1_0.role,
        u1_0.status,
        u1_0.phone,
        u1_0.ville 
    from
        users u1_0 
    where
        u1_0.email=?
2026-05-23 05:00:44.808 [http-nio-0.0.0.0-8080-exec-2] DEBUG o.s.security.web.FilterChainProxy - Securing GET /api/v1/auth/me
2026-05-23 05:00:44.808 [http-nio-0.0.0.0-8080-exec-1] DEBUG o.s.security.web.FilterChainProxy - Securing GET /api/v1/projets/porteur/2
2026-05-23 05:00:44.812 [http-nio-0.0.0.0-8080-exec-5] DEBUG c.e.p.util.PerformanceLoggingAspect - QUERY_EXECUTED: $Proxy166.findByEmail | Duration: 44ms
2026-05-23 05:00:44.813 [http-nio-0.0.0.0-8080-exec-5] DEBUG c.e.p.util.SecurityLoggingAspect - AUTHORIZATION_GRANTED: User=ANONYMOUS, Method=loadUserByUsername
2026-05-23 05:00:44.812 [http-nio-0.0.0.0-8080-exec-2] DEBUG c.e.p.util.SecurityLoggingAspect - AUTHORIZATION_GRANTED: User=ANONYMOUS, Method=extractUsername
2026-05-23 05:00:44.814 [http-nio-0.0.0.0-8080-exec-2] DEBUG o.s.o.j.SharedEntityManagerCreator$SharedEntityManagerInvocationHandler - Creating new EntityManager for shared EntityManager invocation
2026-05-23 05:00:44.814 [http-nio-0.0.0.0-8080-exec-1] DEBUG c.e.p.util.SecurityLoggingAspect - AUTHORIZATION_GRANTED: User=ANONYMOUS, Method=extractUsername
2026-05-23 05:00:44.816 [http-nio-0.0.0.0-8080-exec-1] DEBUG o.s.o.j.SharedEntityManagerCreator$SharedEntityManagerInvocationHandler - Creating new EntityManager for shared EntityManager invocation
2026-05-23 05:00:44.816 [http-nio-0.0.0.0-8080-exec-5] DEBUG c.e.p.util.SecurityLoggingAspect - AUTHORIZATION_GRANTED: User=ANONYMOUS, Method=isTokenValid
2026-05-23 05:00:44.817 [http-nio-0.0.0.0-8080-exec-2] DEBUG org.hibernate.SQL - 
    select
        u1_0.id,
        u1_0.address,
        u1_0.admin_notes,
        u1_0.avatar_url,
        u1_0.bio,
        u1_0.preferred_category,
        u1_0.created_at,
        u1_0.email,
        u1_0.google_id,
        u1_0.kyc_status,
        u1_0.password,
        u1_0.last_name,
        u1_0.first_name,
        u1_0.role,
        u1_0.status,
        u1_0.phone,
        u1_0.ville 
    from
        users u1_0 
    where
        u1_0.email=?
2026-05-23 05:00:44.819 [http-nio-0.0.0.0-8080-exec-5] DEBUG o.s.security.web.FilterChainProxy - Secured GET /api/v1/notifications/user/2
2026-05-23 05:00:44.819 [http-nio-0.0.0.0-8080-exec-1] DEBUG org.hibernate.SQL - 
    select
        u1_0.id,
        u1_0.address,
        u1_0.admin_notes,
        u1_0.avatar_url,
        u1_0.bio,
        u1_0.preferred_category,
        u1_0.created_at,
        u1_0.email,
        u1_0.google_id,
        u1_0.kyc_status,
        u1_0.password,
        u1_0.last_name,
        u1_0.first_name,
        u1_0.role,
        u1_0.status,
        u1_0.phone,
        u1_0.ville 
    from
        users u1_0 
    where
        u1_0.email=?
2026-05-23 05:00:44.821 [http-nio-0.0.0.0-8080-exec-5] INFO  c.e.p.util.HttpLoggingInterceptor - REQUEST_START [42b2c23a-46d7-4ca4-b7e4-0f50d682e4b9] GET /api/v1/notifications/user/2 | IP: 172.27.232.215 | User-Agent: Mozilla/5.0 (Windows NT 10.0; Win64; x64) AppleWebKit/537.36 (KHTML, like Gecko) Chrome/148.0.0.0 Safari/537.36
2026-05-23 05:00:44.822 [http-nio-0.0.0.0-8080-exec-5] DEBUG o.s.o.j.s.OpenEntityManagerInViewInterceptor - Opening JPA EntityManager in OpenEntityManagerInViewInterceptor
2026-05-23 05:00:44.823 [http-nio-0.0.0.0-8080-exec-2] DEBUG c.e.p.util.PerformanceLoggingAspect - QUERY_EXECUTED: $Proxy166.findByEmail | Duration: 9ms
2026-05-23 05:00:44.824 [http-nio-0.0.0.0-8080-exec-2] DEBUG c.e.p.util.SecurityLoggingAspect - AUTHORIZATION_GRANTED: User=ANONYMOUS, Method=loadUserByUsername
2026-05-23 05:00:44.826 [http-nio-0.0.0.0-8080-exec-5] DEBUG o.s.s.a.m.AuthorizationManagerBeforeMethodInterceptor - Authorizing method invocation ReflectiveMethodInvocation: public org.springframework.http.ResponseEntity com.example.project.controller.NotificationController.getNotificationsByUser(java.lang.Long); target is of class [com.example.project.controller.NotificationController]
2026-05-23 05:00:44.826 [http-nio-0.0.0.0-8080-exec-2] DEBUG c.e.p.util.SecurityLoggingAspect - AUTHORIZATION_GRANTED: User=ANONYMOUS, Method=isTokenValid
2026-05-23 05:00:44.829 [http-nio-0.0.0.0-8080-exec-2] DEBUG o.s.security.web.FilterChainProxy - Secured GET /api/v1/auth/me
2026-05-23 05:00:44.830 [http-nio-0.0.0.0-8080-exec-2] INFO  c.e.p.util.HttpLoggingInterceptor - REQUEST_START [3dacc3e3-5d96-45df-84e7-b095f44b858c] GET /api/v1/auth/me | IP: 172.27.232.215 | User-Agent: Mozilla/5.0 (Windows NT 10.0; Win64; x64) AppleWebKit/537.36 (KHTML, like Gecko) Chrome/148.0.0.0 Safari/537.36
2026-05-23 05:00:44.832 [http-nio-0.0.0.0-8080-exec-2] DEBUG o.s.o.j.s.OpenEntityManagerInViewInterceptor - Opening JPA EntityManager in OpenEntityManagerInViewInterceptor
2026-05-23 05:00:44.832 [http-nio-0.0.0.0-8080-exec-2] DEBUG c.e.p.util.PerformanceLoggingAspect - CONTROLLER_METHOD_START: AuthController.getCurrentUser
2026-05-23 05:00:44.833 [http-nio-0.0.0.0-8080-exec-2] INFO  c.e.p.controller.AuthController - GET_CURRENT_USER: Récupération de l'utilisateur conecté
2026-05-23 05:00:44.833 [http-nio-0.0.0.0-8080-exec-2] DEBUG c.e.p.util.PerformanceLoggingAspect - SERVICE_METHOD_START: AuthServiceImpl.getCurrentUser
2026-05-23 05:00:44.836 [http-nio-0.0.0.0-8080-exec-2] DEBUG org.hibernate.SQL - 
    select
        u1_0.id,
        u1_0.address,
        u1_0.admin_notes,
        u1_0.avatar_url,
        u1_0.bio,
        u1_0.preferred_category,
        u1_0.created_at,
        u1_0.email,
        u1_0.google_id,
        u1_0.kyc_status,
        u1_0.password,
        u1_0.last_name,
        u1_0.first_name,
        u1_0.role,
        u1_0.status,
        u1_0.phone,
        u1_0.ville 
    from
        users u1_0 
    where
        u1_0.email=?
2026-05-23 05:00:44.841 [http-nio-0.0.0.0-8080-exec-2] DEBUG c.e.p.util.PerformanceLoggingAspect - QUERY_EXECUTED: $Proxy166.findByEmail | Duration: 5ms
2026-05-23 05:00:44.844 [http-nio-0.0.0.0-8080-exec-2] DEBUG c.e.p.util.SecurityLoggingAspect - AUTHORIZATION_GRANTED: User=kamguemmckevin@gmail.com, Method=generateToken
2026-05-23 05:00:44.844 [http-nio-0.0.0.0-8080-exec-2] DEBUG c.e.p.util.PerformanceLoggingAspect - SERVICE_METHOD_END: AuthServiceImpl.getCurrentUser | Duration: 11ms
2026-05-23 05:00:44.845 [http-nio-0.0.0.0-8080-exec-2] DEBUG c.e.p.util.PerformanceLoggingAspect - CONTROLLER_METHOD_END: AuthController.getCurrentUser | Duration: 13ms
2026-05-23 05:00:44.846 [http-nio-0.0.0.0-8080-exec-2] DEBUG o.s.o.j.s.OpenEntityManagerInViewInterceptor - Closing JPA EntityManager in OpenEntityManagerInViewInterceptor
2026-05-23 05:00:44.847 [http-nio-0.0.0.0-8080-exec-2] INFO  c.e.p.util.HttpLoggingInterceptor - REQUEST_END [3dacc3e3-5d96-45df-84e7-b095f44b858c] GET /api/v1/auth/me | Status: 200 | Duration: 17ms
2026-05-23 05:00:44.849 [http-nio-0.0.0.0-8080-exec-3] DEBUG o.s.security.web.FilterChainProxy - Securing GET /api/v1/auth/me
2026-05-23 05:00:44.853 [http-nio-0.0.0.0-8080-exec-3] DEBUG c.e.p.util.SecurityLoggingAspect - AUTHORIZATION_GRANTED: User=ANONYMOUS, Method=extractUsername
2026-05-23 05:00:44.853 [http-nio-0.0.0.0-8080-exec-3] DEBUG o.s.o.j.SharedEntityManagerCreator$SharedEntityManagerInvocationHandler - Creating new EntityManager for shared EntityManager invocation
2026-05-23 05:00:44.859 [http-nio-0.0.0.0-8080-exec-3] DEBUG org.hibernate.SQL - 
    select
        u1_0.id,
        u1_0.address,
        u1_0.admin_notes,
        u1_0.avatar_url,
        u1_0.bio,
        u1_0.preferred_category,
        u1_0.created_at,
        u1_0.email,
        u1_0.google_id,
        u1_0.kyc_status,
        u1_0.password,
        u1_0.last_name,
        u1_0.first_name,
        u1_0.role,
        u1_0.status,
        u1_0.phone,
        u1_0.ville 
    from
        users u1_0 
    where
        u1_0.email=?
2026-05-23 05:00:44.864 [http-nio-0.0.0.0-8080-exec-3] DEBUG c.e.p.util.PerformanceLoggingAspect - QUERY_EXECUTED: $Proxy166.findByEmail | Duration: 11ms
2026-05-23 05:00:44.864 [http-nio-0.0.0.0-8080-exec-3] DEBUG c.e.p.util.SecurityLoggingAspect - AUTHORIZATION_GRANTED: User=ANONYMOUS, Method=loadUserByUsername
2026-05-23 05:00:44.867 [http-nio-0.0.0.0-8080-exec-3] DEBUG c.e.p.util.SecurityLoggingAspect - AUTHORIZATION_GRANTED: User=ANONYMOUS, Method=isTokenValid
2026-05-23 05:00:44.870 [http-nio-0.0.0.0-8080-exec-3] DEBUG o.s.security.web.FilterChainProxy - Secured GET /api/v1/auth/me
2026-05-23 05:00:44.873 [http-nio-0.0.0.0-8080-exec-3] INFO  c.e.p.util.HttpLoggingInterceptor - REQUEST_START [e1759ed7-d9b7-4156-9df5-a519456f616b] GET /api/v1/auth/me | IP: 172.27.232.215 | User-Agent: Mozilla/5.0 (Windows NT 10.0; Win64; x64) AppleWebKit/537.36 (KHTML, like Gecko) Chrome/148.0.0.0 Safari/537.36
2026-05-23 05:00:44.873 [http-nio-0.0.0.0-8080-exec-3] DEBUG o.s.o.j.s.OpenEntityManagerInViewInterceptor - Opening JPA EntityManager in OpenEntityManagerInViewInterceptor
2026-05-23 05:00:44.875 [http-nio-0.0.0.0-8080-exec-3] DEBUG c.e.p.util.PerformanceLoggingAspect - CONTROLLER_METHOD_START: AuthController.getCurrentUser
2026-05-23 05:00:44.876 [http-nio-0.0.0.0-8080-exec-3] INFO  c.e.p.controller.AuthController - GET_CURRENT_USER: Récupération de l'utilisateur conecté
2026-05-23 05:00:44.876 [http-nio-0.0.0.0-8080-exec-3] DEBUG c.e.p.util.PerformanceLoggingAspect - SERVICE_METHOD_START: AuthServiceImpl.getCurrentUser
2026-05-23 05:00:44.878 [http-nio-0.0.0.0-8080-exec-3] DEBUG org.hibernate.SQL - 
    select
        u1_0.id,
        u1_0.address,
        u1_0.admin_notes,
        u1_0.avatar_url,
        u1_0.bio,
        u1_0.preferred_category,
        u1_0.created_at,
        u1_0.email,
        u1_0.google_id,
        u1_0.kyc_status,
        u1_0.password,
        u1_0.last_name,
        u1_0.first_name,
        u1_0.role,
        u1_0.status,
        u1_0.phone,
        u1_0.ville 
    from
        users u1_0 
    where
        u1_0.email=?
2026-05-23 05:00:44.880 [http-nio-0.0.0.0-8080-exec-3] DEBUG c.e.p.util.PerformanceLoggingAspect - QUERY_EXECUTED: $Proxy166.findByEmail | Duration: 4ms
2026-05-23 05:00:44.881 [http-nio-0.0.0.0-8080-exec-3] DEBUG c.e.p.util.SecurityLoggingAspect - AUTHORIZATION_GRANTED: User=kamguemmckevin@gmail.com, Method=generateToken
2026-05-23 05:00:44.882 [http-nio-0.0.0.0-8080-exec-3] DEBUG c.e.p.util.PerformanceLoggingAspect - SERVICE_METHOD_END: AuthServiceImpl.getCurrentUser | Duration: 6ms
2026-05-23 05:00:44.882 [http-nio-0.0.0.0-8080-exec-3] DEBUG c.e.p.util.PerformanceLoggingAspect - CONTROLLER_METHOD_END: AuthController.getCurrentUser | Duration: 7ms
2026-05-23 05:00:44.883 [http-nio-0.0.0.0-8080-exec-3] DEBUG o.s.o.j.s.OpenEntityManagerInViewInterceptor - Closing JPA EntityManager in OpenEntityManagerInViewInterceptor
2026-05-23 05:00:44.884 [http-nio-0.0.0.0-8080-exec-3] INFO  c.e.p.util.HttpLoggingInterceptor - REQUEST_END [e1759ed7-d9b7-4156-9df5-a519456f616b] GET /api/v1/auth/me | Status: 200 | Duration: 11ms
2026-05-23 05:00:44.922 [http-nio-0.0.0.0-8080-exec-1] WARN  c.e.p.util.PerformanceLoggingAspect - SLOW_QUERY: $Proxy166.findByEmail took 106ms
2026-05-23 05:00:44.923 [http-nio-0.0.0.0-8080-exec-1] DEBUG c.e.p.util.SecurityLoggingAspect - AUTHORIZATION_GRANTED: User=ANONYMOUS, Method=loadUserByUsername
2026-05-23 05:00:44.935 [http-nio-0.0.0.0-8080-exec-1] DEBUG c.e.p.util.SecurityLoggingAspect - AUTHORIZATION_GRANTED: User=ANONYMOUS, Method=isTokenValid
2026-05-23 05:00:44.937 [http-nio-0.0.0.0-8080-exec-1] DEBUG o.s.security.web.FilterChainProxy - Secured GET /api/v1/projets/porteur/2
2026-05-23 05:00:44.931 [http-nio-0.0.0.0-8080-exec-5] ERROR c.e.p.e.GlobalExceptionHandler - UNEXPECTED_ERROR: Failed to evaluate expression 'hasRole('ADMIN') or @securityService.isCurrentUser(#utilisateurId)' | Stack Trace: 
java.lang.IllegalArgumentException: Failed to evaluate expression 'hasRole('ADMIN') or @securityService.isCurrentUser(#utilisateurId)'
	at org.springframework.security.access.expression.ExpressionUtils.evaluateAsBoolean(ExpressionUtils.java:33)
	at org.springframework.security.authorization.method.PreAuthorizeAuthorizationManager.check(PreAuthorizeAuthorizationManager.java:68)
	at org.springframework.security.authorization.method.PreAuthorizeAuthorizationManager.check(PreAuthorizeAuthorizationManager.java:40)
	at org.springframework.security.authorization.ObservationAuthorizationManager.check(ObservationAuthorizationManager.java:63)
	at org.springframework.security.config.annotation.method.configuration.DeferringObservationAuthorizationManager.check(DeferringObservationAuthorizationManager.java:47)
	at org.springframework.security.authorization.method.AuthorizationManagerBeforeMethodInterceptor.attemptAuthorization(AuthorizationManagerBeforeMethodInterceptor.java:251)
	at org.springframework.security.authorization.method.AuthorizationManagerBeforeMethodInterceptor.invoke(AuthorizationManagerBeforeMethodInterceptor.java:197)
	at org.springframework.aop.framework.ReflectiveMethodInvocation.proceed(ReflectiveMethodInvocation.java:184)
	at org.springframework.aop.framework.CglibAopProxy$CglibMethodInvocation.proceed(CglibAopProxy.java:768)
	at org.springframework.aop.interceptor.ExposeInvocationInterceptor.invoke(ExposeInvocationInterceptor.java:97)
	at org.springframework.aop.framework.ReflectiveMethodInvocation.proceed(ReflectiveMethodInvocation.java:184)
	at org.springframework.aop.framework.CglibAopProxy$CglibMethodInvocation.proceed(CglibAopProxy.java:768)
	at org.springframework.aop.framework.CglibAopProxy$DynamicAdvisedInterceptor.intercept(CglibAopProxy.java:720)
	at com.example.project.controller.NotificationController$$SpringCGLIB$$0.getNotificationsByUser(<generated>)
	at java.base/jdk.internal.reflect.NativeMethodAccessorImpl.invoke0(Native Method)
	at java.base/jdk.internal.reflect.NativeMethodAccessorImpl.invoke(NativeMethodAccessorImpl.java:77)
	at java.base/jdk.internal.reflect.DelegatingMethodAccessorImpl.invoke(DelegatingMethodAccessorImpl.java:43)
	at java.base/java.lang.reflect.Method.invoke(Method.java:568)
	at org.springframework.web.method.support.InvocableHandlerMethod.doInvoke(InvocableHandlerMethod.java:255)
	at org.springframework.web.method.support.InvocableHandlerMethod.invokeForRequest(InvocableHandlerMethod.java:188)
	at org.springframework.web.servlet.mvc.method.annotation.ServletInvocableHandlerMethod.invokeAndHandle(ServletInvocableHandlerMethod.java:118)
	at org.springframework.web.servlet.mvc.method.annotation.RequestMappingHandlerAdapter.invokeHandlerMethod(RequestMappingHandlerAdapter.java:926)
	at org.springframework.web.servlet.mvc.method.annotation.RequestMappingHandlerAdapter.handleInternal(RequestMappingHandlerAdapter.java:831)
	at org.springframework.web.servlet.mvc.method.AbstractHandlerMethodAdapter.handle(AbstractHandlerMethodAdapter.java:87)
	at org.springframework.web.servlet.DispatcherServlet.doDispatch(DispatcherServlet.java:1089)
	at org.springframework.web.servlet.DispatcherServlet.doService(DispatcherServlet.java:979)
	at org.springframework.web.servlet.FrameworkServlet.processRequest(FrameworkServlet.java:1014)
	at org.springframework.web.servlet.FrameworkServlet.doGet(FrameworkServlet.java:903)
	at jakarta.servlet.http.HttpServlet.service(HttpServlet.java:564)
	at org.springframework.web.servlet.FrameworkServlet.service(FrameworkServlet.java:885)
	at jakarta.servlet.http.HttpServlet.service(HttpServlet.java:658)
	at org.apache.catalina.core.ApplicationFilterChain.internalDoFilter(ApplicationFilterChain.java:206)
	at org.apache.catalina.core.ApplicationFilterChain.doFilter(ApplicationFilterChain.java:150)
	at org.apache.tomcat.websocket.server.WsFilter.doFilter(WsFilter.java:51)
	at org.apache.catalina.core.ApplicationFilterChain.internalDoFilter(ApplicationFilterChain.java:175)
	at org.apache.catalina.core.ApplicationFilterChain.doFilter(ApplicationFilterChain.java:150)
	at org.springframework.web.filter.OncePerRequestFilter.doFilter(OncePerRequestFilter.java:110)
	at org.apache.catalina.core.ApplicationFilterChain.internalDoFilter(ApplicationFilterChain.java:175)
	at org.apache.catalina.core.ApplicationFilterChain.doFilter(ApplicationFilterChain.java:150)
	at org.springframework.web.filter.CompositeFilter$VirtualFilterChain.doFilter(CompositeFilter.java:108)
	at org.springframework.security.web.FilterChainProxy.lambda$doFilterInternal$3(FilterChainProxy.java:231)
	at org.springframework.security.web.ObservationFilterChainDecorator$FilterObservation$SimpleFilterObservation.lambda$wrap$1(ObservationFilterChainDecorator.java:479)
	at org.springframework.security.web.ObservationFilterChainDecorator$AroundFilterObservation$SimpleAroundFilterObservation.lambda$wrap$1(ObservationFilterChainDecorator.java:340)
	at org.springframework.security.web.ObservationFilterChainDecorator.lambda$wrapSecured$0(ObservationFilterChainDecorator.java:82)
	at org.springframework.security.web.ObservationFilterChainDecorator$VirtualFilterChain.doFilter(ObservationFilterChainDecorator.java:128)
	at org.springframework.security.web.access.intercept.AuthorizationFilter.doFilter(AuthorizationFilter.java:100)
	at org.springframework.security.web.ObservationFilterChainDecorator$ObservationFilter.wrapFilter(ObservationFilterChainDecorator.java:240)
	at org.springframework.security.web.ObservationFilterChainDecorator$ObservationFilter.doFilter(ObservationFilterChainDecorator.java:227)
	at org.springframework.security.web.ObservationFilterChainDecorator$VirtualFilterChain.doFilter(ObservationFilterChainDecorator.java:137)
	at org.springframework.security.web.access.ExceptionTranslationFilter.doFilter(ExceptionTranslationFilter.java:126)
	at org.springframework.security.web.access.ExceptionTranslationFilter.doFilter(ExceptionTranslationFilter.java:120)
	at org.springframework.security.web.ObservationFilterChainDecorator$ObservationFilter.wrapFilter(ObservationFilterChainDecorator.java:240)
	at org.springframework.security.web.ObservationFilterChainDecorator$ObservationFilter.doFilter(ObservationFilterChainDecorator.java:227)
	at org.springframework.security.web.ObservationFilterChainDecorator$VirtualFilterChain.doFilter(ObservationFilterChainDecorator.java:137)
	at org.springframework.security.web.session.SessionManagementFilter.doFilter(SessionManagementFilter.java:131)
	at org.springframework.security.web.session.SessionManagementFilter.doFilter(SessionManagementFilter.java:85)
	at org.springframework.security.web.ObservationFilterChainDecorator$ObservationFilter.wrapFilter(ObservationFilterChainDecorator.java:240)
	at org.springframework.security.web.ObservationFilterChainDecorator$ObservationFilter.doFilter(ObservationFilterChainDecorator.java:227)
	at org.springframework.security.web.ObservationFilterChainDecorator$VirtualFilterChain.doFilter(ObservationFilterChainDecorator.java:137)
	at org.springframework.security.web.authentication.AnonymousAuthenticationFilter.doFilter(AnonymousAuthenticationFilter.java:100)
	at org.springframework.security.web.ObservationFilterChainDecorator$ObservationFilter.wrapFilter(ObservationFilterChainDecorator.java:240)
	at org.springframework.security.web.ObservationFilterChainDecorator$ObservationFilter.doFilter(ObservationFilterChainDecorator.java:227)
	at org.springframework.security.web.ObservationFilterChainDecorator$VirtualFilterChain.doFilter(ObservationFilterChainDecorator.java:137)
	at org.springframework.security.web.servletapi.SecurityContextHolderAwareRequestFilter.doFilter(SecurityContextHolderAwareRequestFilter.java:179)
	at org.springframework.security.web.ObservationFilterChainDecorator$ObservationFilter.wrapFilter(ObservationFilterChainDecorator.java:240)
	at org.springframework.security.web.ObservationFilterChainDecorator$ObservationFilter.doFilter(ObservationFilterChainDecorator.java:227)
	at org.springframework.security.web.ObservationFilterChainDecorator$VirtualFilterChain.doFilter(ObservationFilterChainDecorator.java:137)
	at org.springframework.security.web.savedrequest.RequestCacheAwareFilter.doFilter(RequestCacheAwareFilter.java:63)
	at org.springframework.security.web.ObservationFilterChainDecorator$ObservationFilter.wrapFilter(ObservationFilterChainDecorator.java:240)
	at org.springframework.security.web.ObservationFilterChainDecorator$ObservationFilter.doFilter(ObservationFilterChainDecorator.java:227)
	at org.springframework.security.web.ObservationFilterChainDecorator$VirtualFilterChain.doFilter(ObservationFilterChainDecorator.java:137)
	at com.example.project.security.JwtAuthFilter.doFilterInternal(JwtAuthFilter.java:63)
	at org.springframework.web.filter.OncePerRequestFilter.doFilter(OncePerRequestFilter.java:116)
	at org.springframework.security.web.ObservationFilterChainDecorator$ObservationFilter.wrapFilter(ObservationFilterChainDecorator.java:240)
	at org.springframework.security.web.ObservationFilterChainDecorator$ObservationFilter.doFilter(ObservationFilterChainDecorator.java:227)
	at org.springframework.security.web.ObservationFilterChainDecorator$VirtualFilterChain.doFilter(ObservationFilterChainDecorator.java:137)
	at org.springframework.security.web.authentication.logout.LogoutFilter.doFilter(LogoutFilter.java:107)
	at org.springframework.security.web.authentication.logout.LogoutFilter.doFilter(LogoutFilter.java:93)
	at org.springframework.security.web.ObservationFilterChainDecorator$ObservationFilter.wrapFilter(ObservationFilterChainDecorator.java:240)
	at org.springframework.security.web.ObservationFilterChainDecorator$ObservationFilter.doFilter(ObservationFilterChainDecorator.java:227)
	at org.springframework.security.web.ObservationFilterChainDecorator$VirtualFilterChain.doFilter(ObservationFilterChainDecorator.java:137)
	at org.springframework.web.filter.OncePerRequestFilter.doFilter(OncePerRequestFilter.java:110)
	at org.springframework.security.web.ObservationFilterChainDecorator$ObservationFilter.wrapFilter(ObservationFilterChainDecorator.java:240)
	at org.springframework.security.web.ObservationFilterChainDecorator$ObservationFilter.doFilter(ObservationFilterChainDecorator.java:227)
	at org.springframework.security.web.ObservationFilterChainDecorator$VirtualFilterChain.doFilter(ObservationFilterChainDecorator.java:137)
	at org.springframework.web.filter.CorsFilter.doFilterInternal(CorsFilter.java:91)
	at org.springframework.web.filter.OncePerRequestFilter.doFilter(OncePerRequestFilter.java:116)
	at org.springframework.security.web.ObservationFilterChainDecorator$ObservationFilter.wrapFilter(ObservationFilterChainDecorator.java:240)
	at org.springframework.security.web.ObservationFilterChainDecorator$ObservationFilter.doFilter(ObservationFilterChainDecorator.java:227)
	at org.springframework.security.web.ObservationFilterChainDecorator$VirtualFilterChain.doFilter(ObservationFilterChainDecorator.java:137)
	at org.springframework.security.web.header.HeaderWriterFilter.doHeadersAfter(HeaderWriterFilter.java:90)
	at org.springframework.security.web.header.HeaderWriterFilter.doFilterInternal(HeaderWriterFilter.java:75)
	at org.springframework.web.filter.OncePerRequestFilter.doFilter(OncePerRequestFilter.java:116)
	at org.springframework.security.web.ObservationFilterChainDecorator$ObservationFilter.wrapFilter(ObservationFilterChainDecorator.java:240)
	at org.springframework.security.web.ObservationFilterChainDecorator$ObservationFilter.doFilter(ObservationFilterChainDecorator.java:227)
	at org.springframework.security.web.ObservationFilterChainDecorator$VirtualFilterChain.doFilter(ObservationFilterChainDecorator.java:137)
	at org.springframework.security.web.context.SecurityContextHolderFilter.doFilter(SecurityContextHolderFilter.java:82)
	at org.springframework.security.web.context.SecurityContextHolderFilter.doFilter(SecurityContextHolderFilter.java:69)
	at org.springframework.security.web.ObservationFilterChainDecorator$ObservationFilter.wrapFilter(ObservationFilterChainDecorator.java:240)
	at org.springframework.security.web.ObservationFilterChainDecorator$ObservationFilter.doFilter(ObservationFilterChainDecorator.java:227)
	at org.springframework.security.web.ObservationFilterChainDecorator$VirtualFilterChain.doFilter(ObservationFilterChainDecorator.java:137)
	at org.springframework.security.web.context.request.async.WebAsyncManagerIntegrationFilter.doFilterInternal(WebAsyncManagerIntegrationFilter.java:62)
	at org.springframework.web.filter.OncePerRequestFilter.doFilter(OncePerRequestFilter.java:116)
	at org.springframework.security.web.ObservationFilterChainDecorator$ObservationFilter.wrapFilter(ObservationFilterChainDecorator.java:240)
	at org.springframework.security.web.ObservationFilterChainDecorator$ObservationFilter.doFilter(ObservationFilterChainDecorator.java:227)
	at org.springframework.security.web.ObservationFilterChainDecorator$VirtualFilterChain.doFilter(ObservationFilterChainDecorator.java:137)
	at org.springframework.security.web.session.DisableEncodeUrlFilter.doFilterInternal(DisableEncodeUrlFilter.java:42)
	at org.springframework.web.filter.OncePerRequestFilter.doFilter(OncePerRequestFilter.java:116)
	at org.springframework.security.web.ObservationFilterChainDecorator$ObservationFilter.wrapFilter(ObservationFilterChainDecorator.java:240)
	at org.springframework.security.web.ObservationFilterChainDecorator$AroundFilterObservation$SimpleAroundFilterObservation.lambda$wrap$0(ObservationFilterChainDecorator.java:323)
	at org.springframework.security.web.ObservationFilterChainDecorator$ObservationFilter.doFilter(ObservationFilterChainDecorator.java:224)
	at org.springframework.security.web.ObservationFilterChainDecorator$VirtualFilterChain.doFilter(ObservationFilterChainDecorator.java:137)
	at org.springframework.security.web.FilterChainProxy.doFilterInternal(FilterChainProxy.java:233)
	at org.springframework.security.web.FilterChainProxy.doFilter(FilterChainProxy.java:191)
	at org.springframework.web.filter.CompositeFilter$VirtualFilterChain.doFilter(CompositeFilter.java:113)
	at org.springframework.web.servlet.handler.HandlerMappingIntrospector.lambda$createCacheFilter$3(HandlerMappingIntrospector.java:195)
	at org.springframework.web.filter.CompositeFilter$VirtualFilterChain.doFilter(CompositeFilter.java:113)
	at org.springframework.web.filter.CompositeFilter.doFilter(CompositeFilter.java:74)
	at org.springframework.security.config.annotation.web.configuration.WebMvcSecurityConfiguration$CompositeFilterChainProxy.doFilter(WebMvcSecurityConfiguration.java:230)
	at org.springframework.web.filter.DelegatingFilterProxy.invokeDelegate(DelegatingFilterProxy.java:352)
	at org.springframework.web.filter.DelegatingFilterProxy.doFilter(DelegatingFilterProxy.java:268)
	at org.apache.catalina.core.ApplicationFilterChain.internalDoFilter(ApplicationFilterChain.java:175)
	at org.apache.catalina.core.ApplicationFilterChain.doFilter(ApplicationFilterChain.java:150)
	at org.springframework.web.filter.RequestContextFilter.doFilterInternal(RequestContextFilter.java:100)
	at org.springframework.web.filter.OncePerRequestFilter.doFilter(OncePerRequestFilter.java:116)
	at org.apache.catalina.core.ApplicationFilterChain.internalDoFilter(ApplicationFilterChain.java:175)
	at org.apache.catalina.core.ApplicationFilterChain.doFilter(ApplicationFilterChain.java:150)
	at org.springframework.web.filter.FormContentFilter.doFilterInternal(FormContentFilter.java:93)
	at org.springframework.web.filter.OncePerRequestFilter.doFilter(OncePerRequestFilter.java:116)
	at org.apache.catalina.core.ApplicationFilterChain.internalDoFilter(ApplicationFilterChain.java:175)
	at org.apache.catalina.core.ApplicationFilterChain.doFilter(ApplicationFilterChain.java:150)
	at org.springframework.web.filter.ServerHttpObservationFilter.doFilterInternal(ServerHttpObservationFilter.java:109)
	at org.springframework.web.filter.OncePerRequestFilter.doFilter(OncePerRequestFilter.java:116)
	at org.apache.catalina.core.ApplicationFilterChain.internalDoFilter(ApplicationFilterChain.java:175)
	at org.apache.catalina.core.ApplicationFilterChain.doFilter(ApplicationFilterChain.java:150)
	at org.springframework.web.filter.CharacterEncodingFilter.doFilterInternal(CharacterEncodingFilter.java:201)
	at org.springframework.web.filter.OncePerRequestFilter.doFilter(OncePerRequestFilter.java:116)
	at org.apache.catalina.core.ApplicationFilterChain.internalDoFilter(ApplicationFilterChain.java:175)
	at org.apache.catalina.core.ApplicationFilterChain.doFilter(ApplicationFilterChain.java:150)
	at org.apache.catalina.core.StandardWrapperValve.invoke(StandardWrapperValve.java:167)
	at org.apache.catalina.core.StandardContextValve.invoke(StandardContextValve.java:90)
	at org.apache.catalina.authenticator.AuthenticatorBase.invoke(AuthenticatorBase.java:482)
	at org.apache.catalina.core.StandardHostValve.invoke(StandardHostValve.java:115)
	at org.apache.catalina.valves.ErrorReportValve.invoke(ErrorReportValve.java:93)
	at org.apache.catalina.core.StandardEngineValve.invoke(StandardEngineValve.java:74)
	at org.apache.catalina.connector.CoyoteAdapter.service(CoyoteAdapter.java:344)
	at org.apache.coyote.http11.Http11Processor.service(Http11Processor.java:391)
	at org.apache.coyote.AbstractProcessorLight.process(AbstractProcessorLight.java:63)
	at org.apache.coyote.AbstractProtocol$ConnectionHandler.process(AbstractProtocol.java:896)
	at org.apache.tomcat.util.net.NioEndpoint$SocketProcessor.doRun(NioEndpoint.java:1736)
	at org.apache.tomcat.util.net.SocketProcessorBase.run(SocketProcessorBase.java:52)
	at org.apache.tomcat.util.threads.ThreadPoolExecutor.runWorker(ThreadPoolExecutor.java:1191)
	at org.apache.tomcat.util.threads.ThreadPoolExecutor$Worker.run(ThreadPoolExecutor.java:659)
	at org.apache.tomcat.util.threads.TaskThread$WrappingRunnable.run(TaskThread.java:63)
	at java.base/java.lang.Thread.run(Thread.java:842)
Caused by: org.springframework.expression.spel.SpelEvaluationException: EL1058E: A problem occurred when trying to resolve bean 'securityService':'Could not resolve bean reference against BeanFactory'
	at org.springframework.expression.spel.ast.BeanReference.getValueInternal(BeanReference.java:59)
	at org.springframework.expression.spel.ast.CompoundExpression.getValueRef(CompoundExpression.java:60)
	at org.springframework.expression.spel.ast.CompoundExpression.getValueInternal(CompoundExpression.java:96)
	at org.springframework.expression.spel.ast.SpelNodeImpl.getValue(SpelNodeImpl.java:222)
	at org.springframework.expression.spel.ast.OpOr.getBooleanValue(OpOr.java:56)
	at org.springframework.expression.spel.ast.OpOr.getValueInternal(OpOr.java:51)
	at org.springframework.expression.spel.ast.OpOr.getValueInternal(OpOr.java:37)
	at org.springframework.expression.spel.ast.SpelNodeImpl.getTypedValue(SpelNodeImpl.java:119)
	at org.springframework.expression.spel.standard.SpelExpression.getValue(SpelExpression.java:309)
	at org.springframework.security.access.expression.ExpressionUtils.evaluateAsBoolean(ExpressionUtils.java:30)
	... 154 common frames omitted
Caused by: org.springframework.expression.AccessException: Could not resolve bean reference against BeanFactory
	at org.springframework.context.expression.BeanFactoryResolver.resolve(BeanFactoryResolver.java:54)
	at org.springframework.expression.spel.ast.BeanReference.getValueInternal(BeanReference.java:55)
	... 163 common frames omitted
Caused by: org.springframework.beans.factory.NoSuchBeanDefinitionException: No bean named 'securityService' available
	at org.springframework.beans.factory.support.DefaultListableBeanFactory.getBeanDefinition(DefaultListableBeanFactory.java:895)
	at org.springframework.beans.factory.support.AbstractBeanFactory.getMergedLocalBeanDefinition(AbstractBeanFactory.java:1351)
	at org.springframework.beans.factory.support.AbstractBeanFactory.doGetBean(AbstractBeanFactory.java:300)
	at org.springframework.beans.factory.support.AbstractBeanFactory.getBean(AbstractBeanFactory.java:200)
	at org.springframework.context.support.AbstractApplicationContext.getBean(AbstractApplicationContext.java:1234)
	at org.springframework.context.expression.BeanFactoryResolver.resolve(BeanFactoryResolver.java:51)
	... 164 common frames omitted
2026-05-23 05:00:44.940 [http-nio-0.0.0.0-8080-exec-6] INFO  o.a.tomcat.util.http.parser.Cookie - A cookie header was received [g_state={"i_l":0,"i_ll":1779508815372,"i_e":{"enable_itp_optimization":1},"i_b":"xXQdhGLB2fYvEVzZZkd+QBF9EbSHrk1JY4rxPij6eSw","i_et":1776198370052}] that contained an invalid cookie. That cookie will be ignored.
 Note: further occurrences of this error will be logged at DEBUG level.
2026-05-23 05:00:44.946 [http-nio-0.0.0.0-8080-exec-5] DEBUG o.s.o.j.s.OpenEntityManagerInViewInterceptor - Closing JPA EntityManager in OpenEntityManagerInViewInterceptor
2026-05-23 05:00:44.950 [http-nio-0.0.0.0-8080-exec-1] INFO  c.e.p.util.HttpLoggingInterceptor - REQUEST_START [760ae467-8d8b-42c7-9fd5-bc1592f98c16] GET /api/v1/projets/porteur/2 | IP: 172.27.232.215 | User-Agent: Mozilla/5.0 (Windows NT 10.0; Win64; x64) AppleWebKit/537.36 (KHTML, like Gecko) Chrome/148.0.0.0 Safari/537.36
2026-05-23 05:00:44.961 [http-nio-0.0.0.0-8080-exec-1] DEBUG o.s.o.j.s.OpenEntityManagerInViewInterceptor - Opening JPA EntityManager in OpenEntityManagerInViewInterceptor
2026-05-23 05:00:44.958 [http-nio-0.0.0.0-8080-exec-4] DEBUG o.s.security.web.FilterChainProxy - Securing GET /api/v1/notifications/user/2
2026-05-23 05:00:44.958 [http-nio-0.0.0.0-8080-exec-5] INFO  c.e.p.util.HttpLoggingInterceptor - REQUEST_END [42b2c23a-46d7-4ca4-b7e4-0f50d682e4b9] GET /api/v1/notifications/user/2 | Status: 500 | Duration: 137ms
2026-05-23 05:00:44.968 [http-nio-0.0.0.0-8080-exec-1] DEBUG c.e.p.util.PerformanceLoggingAspect - CONTROLLER_METHOD_START: ProjetController.getProjetsByPorteur
2026-05-23 05:00:44.968 [http-nio-0.0.0.0-8080-exec-6] DEBUG o.s.security.web.FilterChainProxy - Securing GET /ws-notifications/info?t=1779508844764
2026-05-23 05:00:44.972 [http-nio-0.0.0.0-8080-exec-1] DEBUG c.e.p.util.PerformanceLoggingAspect - SERVICE_METHOD_START: ProjetServiceImpl.getProjetsByPorteur
2026-05-23 05:00:44.976 [http-nio-0.0.0.0-8080-exec-6] DEBUG o.s.s.w.a.AnonymousAuthenticationFilter - Set SecurityContextHolder to anonymous SecurityContext
2026-05-23 05:00:44.975 [http-nio-0.0.0.0-8080-exec-4] DEBUG c.e.p.util.SecurityLoggingAspect - AUTHORIZATION_GRANTED: User=ANONYMOUS, Method=extractUsername
2026-05-23 05:00:44.977 [http-nio-0.0.0.0-8080-exec-4] DEBUG o.s.o.j.SharedEntityManagerCreator$SharedEntityManagerInvocationHandler - Creating new EntityManager for shared EntityManager invocation
2026-05-23 05:00:44.980 [http-nio-0.0.0.0-8080-exec-6] DEBUG o.s.security.web.FilterChainProxy - Secured GET /ws-notifications/info?t=1779508844764
2026-05-23 05:00:44.984 [http-nio-0.0.0.0-8080-exec-4] DEBUG org.hibernate.SQL - 
    select
        u1_0.id,
        u1_0.address,
        u1_0.admin_notes,
        u1_0.avatar_url,
        u1_0.bio,
        u1_0.preferred_category,
        u1_0.created_at,
        u1_0.email,
        u1_0.google_id,
        u1_0.kyc_status,
        u1_0.password,
        u1_0.last_name,
        u1_0.first_name,
        u1_0.role,
        u1_0.status,
        u1_0.phone,
        u1_0.ville 
    from
        users u1_0 
    where
        u1_0.email=?
2026-05-23 05:00:44.995 [http-nio-0.0.0.0-8080-exec-4] DEBUG c.e.p.util.PerformanceLoggingAspect - QUERY_EXECUTED: $Proxy166.findByEmail | Duration: 18ms
2026-05-23 05:00:44.998 [http-nio-0.0.0.0-8080-exec-4] DEBUG c.e.p.util.SecurityLoggingAspect - AUTHORIZATION_GRANTED: User=ANONYMOUS, Method=loadUserByUsername
2026-05-23 05:00:45.013 [http-nio-0.0.0.0-8080-exec-4] DEBUG c.e.p.util.SecurityLoggingAspect - AUTHORIZATION_GRANTED: User=ANONYMOUS, Method=isTokenValid
2026-05-23 05:00:45.015 [http-nio-0.0.0.0-8080-exec-4] DEBUG o.s.security.web.FilterChainProxy - Secured GET /api/v1/notifications/user/2
2026-05-23 05:00:45.017 [http-nio-0.0.0.0-8080-exec-10] DEBUG o.s.security.web.FilterChainProxy - Securing GET /ws-notifications/955/xeiztjh5/websocket
2026-05-23 05:00:45.021 [http-nio-0.0.0.0-8080-exec-4] INFO  c.e.p.util.HttpLoggingInterceptor - REQUEST_START [09c35075-5052-415f-af7b-7bc1ced31d08] GET /api/v1/notifications/user/2 | IP: 172.27.232.215 | User-Agent: Mozilla/5.0 (Windows NT 10.0; Win64; x64) AppleWebKit/537.36 (KHTML, like Gecko) Chrome/148.0.0.0 Safari/537.36
2026-05-23 05:00:45.021 [http-nio-0.0.0.0-8080-exec-10] DEBUG o.s.s.w.a.AnonymousAuthenticationFilter - Set SecurityContextHolder to anonymous SecurityContext
2026-05-23 05:00:45.021 [http-nio-0.0.0.0-8080-exec-4] DEBUG o.s.o.j.s.OpenEntityManagerInViewInterceptor - Opening JPA EntityManager in OpenEntityManagerInViewInterceptor
2026-05-23 05:00:45.022 [http-nio-0.0.0.0-8080-exec-1] DEBUG o.s.orm.jpa.JpaTransactionManager - Found thread-bound EntityManager [SessionImpl(1064067443<open>)] for JPA transaction
2026-05-23 05:00:45.022 [http-nio-0.0.0.0-8080-exec-10] DEBUG o.s.security.web.FilterChainProxy - Secured GET /ws-notifications/955/xeiztjh5/websocket
2026-05-23 05:00:45.022 [http-nio-0.0.0.0-8080-exec-4] DEBUG o.s.s.a.m.AuthorizationManagerBeforeMethodInterceptor - Authorizing method invocation ReflectiveMethodInvocation: public org.springframework.http.ResponseEntity com.example.project.controller.NotificationController.getNotificationsByUser(java.lang.Long); target is of class [com.example.project.controller.NotificationController]
2026-05-23 05:00:45.028 [http-nio-0.0.0.0-8080-exec-1] DEBUG o.s.orm.jpa.JpaTransactionManager - Creating new transaction with name [org.springframework.data.jpa.repository.support.SimpleJpaRepository.findById]: PROPAGATION_REQUIRED,ISOLATION_DEFAULT,readOnly
2026-05-23 05:00:45.031 [http-nio-0.0.0.0-8080-exec-4] ERROR c.e.p.e.GlobalExceptionHandler - UNEXPECTED_ERROR: Failed to evaluate expression 'hasRole('ADMIN') or @securityService.isCurrentUser(#utilisateurId)' | Stack Trace: 
java.lang.IllegalArgumentException: Failed to evaluate expression 'hasRole('ADMIN') or @securityService.isCurrentUser(#utilisateurId)'
	at org.springframework.security.access.expression.ExpressionUtils.evaluateAsBoolean(ExpressionUtils.java:33)
	at org.springframework.security.authorization.method.PreAuthorizeAuthorizationManager.check(PreAuthorizeAuthorizationManager.java:68)
	at org.springframework.security.authorization.method.PreAuthorizeAuthorizationManager.check(PreAuthorizeAuthorizationManager.java:40)
	at org.springframework.security.authorization.ObservationAuthorizationManager.check(ObservationAuthorizationManager.java:63)
	at org.springframework.security.config.annotation.method.configuration.DeferringObservationAuthorizationManager.check(DeferringObservationAuthorizationManager.java:47)
	at org.springframework.security.authorization.method.AuthorizationManagerBeforeMethodInterceptor.attemptAuthorization(AuthorizationManagerBeforeMethodInterceptor.java:251)
	at org.springframework.security.authorization.method.AuthorizationManagerBeforeMethodInterceptor.invoke(AuthorizationManagerBeforeMethodInterceptor.java:197)
	at org.springframework.aop.framework.ReflectiveMethodInvocation.proceed(ReflectiveMethodInvocation.java:184)
	at org.springframework.aop.framework.CglibAopProxy$CglibMethodInvocation.proceed(CglibAopProxy.java:768)
	at org.springframework.aop.interceptor.ExposeInvocationInterceptor.invoke(ExposeInvocationInterceptor.java:97)
	at org.springframework.aop.framework.ReflectiveMethodInvocation.proceed(ReflectiveMethodInvocation.java:184)
	at org.springframework.aop.framework.CglibAopProxy$CglibMethodInvocation.proceed(CglibAopProxy.java:768)
	at org.springframework.aop.framework.CglibAopProxy$DynamicAdvisedInterceptor.intercept(CglibAopProxy.java:720)
	at com.example.project.controller.NotificationController$$SpringCGLIB$$0.getNotificationsByUser(<generated>)
	at java.base/jdk.internal.reflect.NativeMethodAccessorImpl.invoke0(Native Method)
	at java.base/jdk.internal.reflect.NativeMethodAccessorImpl.invoke(NativeMethodAccessorImpl.java:77)
	at java.base/jdk.internal.reflect.DelegatingMethodAccessorImpl.invoke(DelegatingMethodAccessorImpl.java:43)
	at java.base/java.lang.reflect.Method.invoke(Method.java:568)
	at org.springframework.web.method.support.InvocableHandlerMethod.doInvoke(InvocableHandlerMethod.java:255)
	at org.springframework.web.method.support.InvocableHandlerMethod.invokeForRequest(InvocableHandlerMethod.java:188)
	at org.springframework.web.servlet.mvc.method.annotation.ServletInvocableHandlerMethod.invokeAndHandle(ServletInvocableHandlerMethod.java:118)
	at org.springframework.web.servlet.mvc.method.annotation.RequestMappingHandlerAdapter.invokeHandlerMethod(RequestMappingHandlerAdapter.java:926)
	at org.springframework.web.servlet.mvc.method.annotation.RequestMappingHandlerAdapter.handleInternal(RequestMappingHandlerAdapter.java:831)
	at org.springframework.web.servlet.mvc.method.AbstractHandlerMethodAdapter.handle(AbstractHandlerMethodAdapter.java:87)
	at org.springframework.web.servlet.DispatcherServlet.doDispatch(DispatcherServlet.java:1089)
	at org.springframework.web.servlet.DispatcherServlet.doService(DispatcherServlet.java:979)
	at org.springframework.web.servlet.FrameworkServlet.processRequest(FrameworkServlet.java:1014)
	at org.springframework.web.servlet.FrameworkServlet.doGet(FrameworkServlet.java:903)
	at jakarta.servlet.http.HttpServlet.service(HttpServlet.java:564)
	at org.springframework.web.servlet.FrameworkServlet.service(FrameworkServlet.java:885)
	at jakarta.servlet.http.HttpServlet.service(HttpServlet.java:658)
	at org.apache.catalina.core.ApplicationFilterChain.internalDoFilter(ApplicationFilterChain.java:206)
	at org.apache.catalina.core.ApplicationFilterChain.doFilter(ApplicationFilterChain.java:150)
	at org.apache.tomcat.websocket.server.WsFilter.doFilter(WsFilter.java:51)
	at org.apache.catalina.core.ApplicationFilterChain.internalDoFilter(ApplicationFilterChain.java:175)
	at org.apache.catalina.core.ApplicationFilterChain.doFilter(ApplicationFilterChain.java:150)
	at org.springframework.web.filter.OncePerRequestFilter.doFilter(OncePerRequestFilter.java:110)
	at org.apache.catalina.core.ApplicationFilterChain.internalDoFilter(ApplicationFilterChain.java:175)
	at org.apache.catalina.core.ApplicationFilterChain.doFilter(ApplicationFilterChain.java:150)
	at org.springframework.web.filter.CompositeFilter$VirtualFilterChain.doFilter(CompositeFilter.java:108)
	at org.springframework.security.web.FilterChainProxy.lambda$doFilterInternal$3(FilterChainProxy.java:231)
	at org.springframework.security.web.ObservationFilterChainDecorator$FilterObservation$SimpleFilterObservation.lambda$wrap$1(ObservationFilterChainDecorator.java:479)
	at org.springframework.security.web.ObservationFilterChainDecorator$AroundFilterObservation$SimpleAroundFilterObservation.lambda$wrap$1(ObservationFilterChainDecorator.java:340)
	at org.springframework.security.web.ObservationFilterChainDecorator.lambda$wrapSecured$0(ObservationFilterChainDecorator.java:82)
	at org.springframework.security.web.ObservationFilterChainDecorator$VirtualFilterChain.doFilter(ObservationFilterChainDecorator.java:128)
	at org.springframework.security.web.access.intercept.AuthorizationFilter.doFilter(AuthorizationFilter.java:100)
	at org.springframework.security.web.ObservationFilterChainDecorator$ObservationFilter.wrapFilter(ObservationFilterChainDecorator.java:240)
	at org.springframework.security.web.ObservationFilterChainDecorator$ObservationFilter.doFilter(ObservationFilterChainDecorator.java:227)
	at org.springframework.security.web.ObservationFilterChainDecorator$VirtualFilterChain.doFilter(ObservationFilterChainDecorator.java:137)
	at org.springframework.security.web.access.ExceptionTranslationFilter.doFilter(ExceptionTranslationFilter.java:126)
	at org.springframework.security.web.access.ExceptionTranslationFilter.doFilter(ExceptionTranslationFilter.java:120)
	at org.springframework.security.web.ObservationFilterChainDecorator$ObservationFilter.wrapFilter(ObservationFilterChainDecorator.java:240)
	at org.springframework.security.web.ObservationFilterChainDecorator$ObservationFilter.doFilter(ObservationFilterChainDecorator.java:227)
	at org.springframework.security.web.ObservationFilterChainDecorator$VirtualFilterChain.doFilter(ObservationFilterChainDecorator.java:137)
	at org.springframework.security.web.session.SessionManagementFilter.doFilter(SessionManagementFilter.java:131)
	at org.springframework.security.web.session.SessionManagementFilter.doFilter(SessionManagementFilter.java:85)
	at org.springframework.security.web.ObservationFilterChainDecorator$ObservationFilter.wrapFilter(ObservationFilterChainDecorator.java:240)
	at org.springframework.security.web.ObservationFilterChainDecorator$ObservationFilter.doFilter(ObservationFilterChainDecorator.java:227)
	at org.springframework.security.web.ObservationFilterChainDecorator$VirtualFilterChain.doFilter(ObservationFilterChainDecorator.java:137)
	at org.springframework.security.web.authentication.AnonymousAuthenticationFilter.doFilter(AnonymousAuthenticationFilter.java:100)
	at org.springframework.security.web.ObservationFilterChainDecorator$ObservationFilter.wrapFilter(ObservationFilterChainDecorator.java:240)
	at org.springframework.security.web.ObservationFilterChainDecorator$ObservationFilter.doFilter(ObservationFilterChainDecorator.java:227)
	at org.springframework.security.web.ObservationFilterChainDecorator$VirtualFilterChain.doFilter(ObservationFilterChainDecorator.java:137)
	at org.springframework.security.web.servletapi.SecurityContextHolderAwareRequestFilter.doFilter(SecurityContextHolderAwareRequestFilter.java:179)
	at org.springframework.security.web.ObservationFilterChainDecorator$ObservationFilter.wrapFilter(ObservationFilterChainDecorator.java:240)
	at org.springframework.security.web.ObservationFilterChainDecorator$ObservationFilter.doFilter(ObservationFilterChainDecorator.java:227)
	at org.springframework.security.web.ObservationFilterChainDecorator$VirtualFilterChain.doFilter(ObservationFilterChainDecorator.java:137)
	at org.springframework.security.web.savedrequest.RequestCacheAwareFilter.doFilter(RequestCacheAwareFilter.java:63)
	at org.springframework.security.web.ObservationFilterChainDecorator$ObservationFilter.wrapFilter(ObservationFilterChainDecorator.java:240)
	at org.springframework.security.web.ObservationFilterChainDecorator$ObservationFilter.doFilter(ObservationFilterChainDecorator.java:227)
	at org.springframework.security.web.ObservationFilterChainDecorator$VirtualFilterChain.doFilter(ObservationFilterChainDecorator.java:137)
	at com.example.project.security.JwtAuthFilter.doFilterInternal(JwtAuthFilter.java:63)
	at org.springframework.web.filter.OncePerRequestFilter.doFilter(OncePerRequestFilter.java:116)
	at org.springframework.security.web.ObservationFilterChainDecorator$ObservationFilter.wrapFilter(ObservationFilterChainDecorator.java:240)
	at org.springframework.security.web.ObservationFilterChainDecorator$ObservationFilter.doFilter(ObservationFilterChainDecorator.java:227)
	at org.springframework.security.web.ObservationFilterChainDecorator$VirtualFilterChain.doFilter(ObservationFilterChainDecorator.java:137)
	at org.springframework.security.web.authentication.logout.LogoutFilter.doFilter(LogoutFilter.java:107)
	at org.springframework.security.web.authentication.logout.LogoutFilter.doFilter(LogoutFilter.java:93)
	at org.springframework.security.web.ObservationFilterChainDecorator$ObservationFilter.wrapFilter(ObservationFilterChainDecorator.java:240)
	at org.springframework.security.web.ObservationFilterChainDecorator$ObservationFilter.doFilter(ObservationFilterChainDecorator.java:227)
	at org.springframework.security.web.ObservationFilterChainDecorator$VirtualFilterChain.doFilter(ObservationFilterChainDecorator.java:137)
	at org.springframework.web.filter.OncePerRequestFilter.doFilter(OncePerRequestFilter.java:110)
	at org.springframework.security.web.ObservationFilterChainDecorator$ObservationFilter.wrapFilter(ObservationFilterChainDecorator.java:240)
	at org.springframework.security.web.ObservationFilterChainDecorator$ObservationFilter.doFilter(ObservationFilterChainDecorator.java:227)
	at org.springframework.security.web.ObservationFilterChainDecorator$VirtualFilterChain.doFilter(ObservationFilterChainDecorator.java:137)
	at org.springframework.web.filter.CorsFilter.doFilterInternal(CorsFilter.java:91)
	at org.springframework.web.filter.OncePerRequestFilter.doFilter(OncePerRequestFilter.java:116)
	at org.springframework.security.web.ObservationFilterChainDecorator$ObservationFilter.wrapFilter(ObservationFilterChainDecorator.java:240)
	at org.springframework.security.web.ObservationFilterChainDecorator$ObservationFilter.doFilter(ObservationFilterChainDecorator.java:227)
	at org.springframework.security.web.ObservationFilterChainDecorator$VirtualFilterChain.doFilter(ObservationFilterChainDecorator.java:137)
	at org.springframework.security.web.header.HeaderWriterFilter.doHeadersAfter(HeaderWriterFilter.java:90)
	at org.springframework.security.web.header.HeaderWriterFilter.doFilterInternal(HeaderWriterFilter.java:75)
	at org.springframework.web.filter.OncePerRequestFilter.doFilter(OncePerRequestFilter.java:116)
	at org.springframework.security.web.ObservationFilterChainDecorator$ObservationFilter.wrapFilter(ObservationFilterChainDecorator.java:240)
	at org.springframework.security.web.ObservationFilterChainDecorator$ObservationFilter.doFilter(ObservationFilterChainDecorator.java:227)
	at org.springframework.security.web.ObservationFilterChainDecorator$VirtualFilterChain.doFilter(ObservationFilterChainDecorator.java:137)
	at org.springframework.security.web.context.SecurityContextHolderFilter.doFilter(SecurityContextHolderFilter.java:82)
	at org.springframework.security.web.context.SecurityContextHolderFilter.doFilter(SecurityContextHolderFilter.java:69)
	at org.springframework.security.web.ObservationFilterChainDecorator$ObservationFilter.wrapFilter(ObservationFilterChainDecorator.java:240)
	at org.springframework.security.web.ObservationFilterChainDecorator$ObservationFilter.doFilter(ObservationFilterChainDecorator.java:227)
	at org.springframework.security.web.ObservationFilterChainDecorator$VirtualFilterChain.doFilter(ObservationFilterChainDecorator.java:137)
	at org.springframework.security.web.context.request.async.WebAsyncManagerIntegrationFilter.doFilterInternal(WebAsyncManagerIntegrationFilter.java:62)
	at org.springframework.web.filter.OncePerRequestFilter.doFilter(OncePerRequestFilter.java:116)
	at org.springframework.security.web.ObservationFilterChainDecorator$ObservationFilter.wrapFilter(ObservationFilterChainDecorator.java:240)
	at org.springframework.security.web.ObservationFilterChainDecorator$ObservationFilter.doFilter(ObservationFilterChainDecorator.java:227)
	at org.springframework.security.web.ObservationFilterChainDecorator$VirtualFilterChain.doFilter(ObservationFilterChainDecorator.java:137)
	at org.springframework.security.web.session.DisableEncodeUrlFilter.doFilterInternal(DisableEncodeUrlFilter.java:42)
	at org.springframework.web.filter.OncePerRequestFilter.doFilter(OncePerRequestFilter.java:116)
	at org.springframework.security.web.ObservationFilterChainDecorator$ObservationFilter.wrapFilter(ObservationFilterChainDecorator.java:240)
	at org.springframework.security.web.ObservationFilterChainDecorator$AroundFilterObservation$SimpleAroundFilterObservation.lambda$wrap$0(ObservationFilterChainDecorator.java:323)
	at org.springframework.security.web.ObservationFilterChainDecorator$ObservationFilter.doFilter(ObservationFilterChainDecorator.java:224)
	at org.springframework.security.web.ObservationFilterChainDecorator$VirtualFilterChain.doFilter(ObservationFilterChainDecorator.java:137)
	at org.springframework.security.web.FilterChainProxy.doFilterInternal(FilterChainProxy.java:233)
	at org.springframework.security.web.FilterChainProxy.doFilter(FilterChainProxy.java:191)
	at org.springframework.web.filter.CompositeFilter$VirtualFilterChain.doFilter(CompositeFilter.java:113)
	at org.springframework.web.servlet.handler.HandlerMappingIntrospector.lambda$createCacheFilter$3(HandlerMappingIntrospector.java:195)
	at org.springframework.web.filter.CompositeFilter$VirtualFilterChain.doFilter(CompositeFilter.java:113)
	at org.springframework.web.filter.CompositeFilter.doFilter(CompositeFilter.java:74)
	at org.springframework.security.config.annotation.web.configuration.WebMvcSecurityConfiguration$CompositeFilterChainProxy.doFilter(WebMvcSecurityConfiguration.java:230)
	at org.springframework.web.filter.DelegatingFilterProxy.invokeDelegate(DelegatingFilterProxy.java:352)
	at org.springframework.web.filter.DelegatingFilterProxy.doFilter(DelegatingFilterProxy.java:268)
	at org.apache.catalina.core.ApplicationFilterChain.internalDoFilter(ApplicationFilterChain.java:175)
	at org.apache.catalina.core.ApplicationFilterChain.doFilter(ApplicationFilterChain.java:150)
	at org.springframework.web.filter.RequestContextFilter.doFilterInternal(RequestContextFilter.java:100)
	at org.springframework.web.filter.OncePerRequestFilter.doFilter(OncePerRequestFilter.java:116)
	at org.apache.catalina.core.ApplicationFilterChain.internalDoFilter(ApplicationFilterChain.java:175)
	at org.apache.catalina.core.ApplicationFilterChain.doFilter(ApplicationFilterChain.java:150)
	at org.springframework.web.filter.FormContentFilter.doFilterInternal(FormContentFilter.java:93)
	at org.springframework.web.filter.OncePerRequestFilter.doFilter(OncePerRequestFilter.java:116)
	at org.apache.catalina.core.ApplicationFilterChain.internalDoFilter(ApplicationFilterChain.java:175)
	at org.apache.catalina.core.ApplicationFilterChain.doFilter(ApplicationFilterChain.java:150)
	at org.springframework.web.filter.ServerHttpObservationFilter.doFilterInternal(ServerHttpObservationFilter.java:109)
	at org.springframework.web.filter.OncePerRequestFilter.doFilter(OncePerRequestFilter.java:116)
	at org.apache.catalina.core.ApplicationFilterChain.internalDoFilter(ApplicationFilterChain.java:175)
	at org.apache.catalina.core.ApplicationFilterChain.doFilter(ApplicationFilterChain.java:150)
	at org.springframework.web.filter.CharacterEncodingFilter.doFilterInternal(CharacterEncodingFilter.java:201)
	at org.springframework.web.filter.OncePerRequestFilter.doFilter(OncePerRequestFilter.java:116)
	at org.apache.catalina.core.ApplicationFilterChain.internalDoFilter(ApplicationFilterChain.java:175)
	at org.apache.catalina.core.ApplicationFilterChain.doFilter(ApplicationFilterChain.java:150)
	at org.apache.catalina.core.StandardWrapperValve.invoke(StandardWrapperValve.java:167)
	at org.apache.catalina.core.StandardContextValve.invoke(StandardContextValve.java:90)
	at org.apache.catalina.authenticator.AuthenticatorBase.invoke(AuthenticatorBase.java:482)
	at org.apache.catalina.core.StandardHostValve.invoke(StandardHostValve.java:115)
	at org.apache.catalina.valves.ErrorReportValve.invoke(ErrorReportValve.java:93)
	at org.apache.catalina.core.StandardEngineValve.invoke(StandardEngineValve.java:74)
	at org.apache.catalina.connector.CoyoteAdapter.service(CoyoteAdapter.java:344)
	at org.apache.coyote.http11.Http11Processor.service(Http11Processor.java:391)
	at org.apache.coyote.AbstractProcessorLight.process(AbstractProcessorLight.java:63)
	at org.apache.coyote.AbstractProtocol$ConnectionHandler.process(AbstractProtocol.java:896)
	at org.apache.tomcat.util.net.NioEndpoint$SocketProcessor.doRun(NioEndpoint.java:1736)
	at org.apache.tomcat.util.net.SocketProcessorBase.run(SocketProcessorBase.java:52)
	at org.apache.tomcat.util.threads.ThreadPoolExecutor.runWorker(ThreadPoolExecutor.java:1191)
	at org.apache.tomcat.util.threads.ThreadPoolExecutor$Worker.run(ThreadPoolExecutor.java:659)
	at org.apache.tomcat.util.threads.TaskThread$WrappingRunnable.run(TaskThread.java:63)
	at java.base/java.lang.Thread.run(Thread.java:842)
Caused by: org.springframework.expression.spel.SpelEvaluationException: EL1058E: A problem occurred when trying to resolve bean 'securityService':'Could not resolve bean reference against BeanFactory'
	at org.springframework.expression.spel.ast.BeanReference.getValueInternal(BeanReference.java:59)
	at org.springframework.expression.spel.ast.CompoundExpression.getValueRef(CompoundExpression.java:60)
	at org.springframework.expression.spel.ast.CompoundExpression.getValueInternal(CompoundExpression.java:96)
	at org.springframework.expression.spel.ast.SpelNodeImpl.getValue(SpelNodeImpl.java:222)
	at org.springframework.expression.spel.ast.OpOr.getBooleanValue(OpOr.java:56)
	at org.springframework.expression.spel.ast.OpOr.getValueInternal(OpOr.java:51)
	at org.springframework.expression.spel.ast.OpOr.getValueInternal(OpOr.java:37)
	at org.springframework.expression.spel.ast.SpelNodeImpl.getTypedValue(SpelNodeImpl.java:119)
	at org.springframework.expression.spel.standard.SpelExpression.getValue(SpelExpression.java:309)
	at org.springframework.security.access.expression.ExpressionUtils.evaluateAsBoolean(ExpressionUtils.java:30)
	... 154 common frames omitted
Caused by: org.springframework.expression.AccessException: Could not resolve bean reference against BeanFactory
	at org.springframework.context.expression.BeanFactoryResolver.resolve(BeanFactoryResolver.java:54)
	at org.springframework.expression.spel.ast.BeanReference.getValueInternal(BeanReference.java:55)
	... 163 common frames omitted
Caused by: org.springframework.beans.factory.NoSuchBeanDefinitionException: No bean named 'securityService' available
	at org.springframework.beans.factory.support.DefaultListableBeanFactory.getBeanDefinition(DefaultListableBeanFactory.java:895)
	at org.springframework.beans.factory.support.AbstractBeanFactory.getMergedLocalBeanDefinition(AbstractBeanFactory.java:1351)
	at org.springframework.beans.factory.support.AbstractBeanFactory.doGetBean(AbstractBeanFactory.java:300)
	at org.springframework.beans.factory.support.AbstractBeanFactory.getBean(AbstractBeanFactory.java:200)
	at org.springframework.context.support.AbstractApplicationContext.getBean(AbstractApplicationContext.java:1234)
	at org.springframework.context.expression.BeanFactoryResolver.resolve(BeanFactoryResolver.java:51)
	... 164 common frames omitted
2026-05-23 05:00:45.040 [http-nio-0.0.0.0-8080-exec-4] DEBUG o.s.o.j.s.OpenEntityManagerInViewInterceptor - Closing JPA EntityManager in OpenEntityManagerInViewInterceptor
2026-05-23 05:00:45.049 [http-nio-0.0.0.0-8080-exec-4] INFO  c.e.p.util.HttpLoggingInterceptor - REQUEST_END [09c35075-5052-415f-af7b-7bc1ced31d08] GET /api/v1/notifications/user/2 | Status: 500 | Duration: 27ms
2026-05-23 05:00:45.050 [http-nio-0.0.0.0-8080-exec-7] DEBUG o.s.security.web.FilterChainProxy - Securing GET /api/v1/notifications/user/2
2026-05-23 05:00:45.053 [http-nio-0.0.0.0-8080-exec-7] DEBUG c.e.p.util.SecurityLoggingAspect - AUTHORIZATION_GRANTED: User=ANONYMOUS, Method=extractUsername
2026-05-23 05:00:45.053 [http-nio-0.0.0.0-8080-exec-7] DEBUG o.s.o.j.SharedEntityManagerCreator$SharedEntityManagerInvocationHandler - Creating new EntityManager for shared EntityManager invocation
2026-05-23 05:00:45.056 [http-nio-0.0.0.0-8080-exec-7] DEBUG org.hibernate.SQL - 
    select
        u1_0.id,
        u1_0.address,
        u1_0.admin_notes,
        u1_0.avatar_url,
        u1_0.bio,
        u1_0.preferred_category,
        u1_0.created_at,
        u1_0.email,
        u1_0.google_id,
        u1_0.kyc_status,
        u1_0.password,
        u1_0.last_name,
        u1_0.first_name,
        u1_0.role,
        u1_0.status,
        u1_0.phone,
        u1_0.ville 
    from
        users u1_0 
    where
        u1_0.email=?
2026-05-23 05:00:45.063 [http-nio-0.0.0.0-8080-exec-7] DEBUG c.e.p.util.PerformanceLoggingAspect - QUERY_EXECUTED: $Proxy166.findByEmail | Duration: 10ms
2026-05-23 05:00:45.063 [http-nio-0.0.0.0-8080-exec-7] DEBUG c.e.p.util.SecurityLoggingAspect - AUTHORIZATION_GRANTED: User=ANONYMOUS, Method=loadUserByUsername
2026-05-23 05:00:45.066 [http-nio-0.0.0.0-8080-exec-7] DEBUG c.e.p.util.SecurityLoggingAspect - AUTHORIZATION_GRANTED: User=ANONYMOUS, Method=isTokenValid
2026-05-23 05:00:45.067 [http-nio-0.0.0.0-8080-exec-7] DEBUG o.s.security.web.FilterChainProxy - Secured GET /api/v1/notifications/user/2
2026-05-23 05:00:45.068 [http-nio-0.0.0.0-8080-exec-7] INFO  c.e.p.util.HttpLoggingInterceptor - REQUEST_START [b81fb9f9-c406-4d75-ba5a-7951c2b8d306] GET /api/v1/notifications/user/2 | IP: 172.27.232.215 | User-Agent: Mozilla/5.0 (Windows NT 10.0; Win64; x64) AppleWebKit/537.36 (KHTML, like Gecko) Chrome/148.0.0.0 Safari/537.36
2026-05-23 05:00:45.068 [http-nio-0.0.0.0-8080-exec-7] DEBUG o.s.o.j.s.OpenEntityManagerInViewInterceptor - Opening JPA EntityManager in OpenEntityManagerInViewInterceptor
2026-05-23 05:00:45.068 [http-nio-0.0.0.0-8080-exec-7] DEBUG o.s.s.a.m.AuthorizationManagerBeforeMethodInterceptor - Authorizing method invocation ReflectiveMethodInvocation: public org.springframework.http.ResponseEntity com.example.project.controller.NotificationController.getNotificationsByUser(java.lang.Long); target is of class [com.example.project.controller.NotificationController]
2026-05-23 05:00:45.070 [http-nio-0.0.0.0-8080-exec-7] ERROR c.e.p.e.GlobalExceptionHandler - UNEXPECTED_ERROR: Failed to evaluate expression 'hasRole('ADMIN') or @securityService.isCurrentUser(#utilisateurId)' | Stack Trace: 
java.lang.IllegalArgumentException: Failed to evaluate expression 'hasRole('ADMIN') or @securityService.isCurrentUser(#utilisateurId)'
	at org.springframework.security.access.expression.ExpressionUtils.evaluateAsBoolean(ExpressionUtils.java:33)
	at org.springframework.security.authorization.method.PreAuthorizeAuthorizationManager.check(PreAuthorizeAuthorizationManager.java:68)
	at org.springframework.security.authorization.method.PreAuthorizeAuthorizationManager.check(PreAuthorizeAuthorizationManager.java:40)
	at org.springframework.security.authorization.ObservationAuthorizationManager.check(ObservationAuthorizationManager.java:63)
	at org.springframework.security.config.annotation.method.configuration.DeferringObservationAuthorizationManager.check(DeferringObservationAuthorizationManager.java:47)
	at org.springframework.security.authorization.method.AuthorizationManagerBeforeMethodInterceptor.attemptAuthorization(AuthorizationManagerBeforeMethodInterceptor.java:251)
	at org.springframework.security.authorization.method.AuthorizationManagerBeforeMethodInterceptor.invoke(AuthorizationManagerBeforeMethodInterceptor.java:197)
	at org.springframework.aop.framework.ReflectiveMethodInvocation.proceed(ReflectiveMethodInvocation.java:184)
	at org.springframework.aop.framework.CglibAopProxy$CglibMethodInvocation.proceed(CglibAopProxy.java:768)
	at org.springframework.aop.interceptor.ExposeInvocationInterceptor.invoke(ExposeInvocationInterceptor.java:97)
	at org.springframework.aop.framework.ReflectiveMethodInvocation.proceed(ReflectiveMethodInvocation.java:184)
	at org.springframework.aop.framework.CglibAopProxy$CglibMethodInvocation.proceed(CglibAopProxy.java:768)
	at org.springframework.aop.framework.CglibAopProxy$DynamicAdvisedInterceptor.intercept(CglibAopProxy.java:720)
	at com.example.project.controller.NotificationController$$SpringCGLIB$$0.getNotificationsByUser(<generated>)
	at java.base/jdk.internal.reflect.NativeMethodAccessorImpl.invoke0(Native Method)
	at java.base/jdk.internal.reflect.NativeMethodAccessorImpl.invoke(NativeMethodAccessorImpl.java:77)
	at java.base/jdk.internal.reflect.DelegatingMethodAccessorImpl.invoke(DelegatingMethodAccessorImpl.java:43)
	at java.base/java.lang.reflect.Method.invoke(Method.java:568)
	at org.springframework.web.method.support.InvocableHandlerMethod.doInvoke(InvocableHandlerMethod.java:255)
	at org.springframework.web.method.support.InvocableHandlerMethod.invokeForRequest(InvocableHandlerMethod.java:188)
	at org.springframework.web.servlet.mvc.method.annotation.ServletInvocableHandlerMethod.invokeAndHandle(ServletInvocableHandlerMethod.java:118)
	at org.springframework.web.servlet.mvc.method.annotation.RequestMappingHandlerAdapter.invokeHandlerMethod(RequestMappingHandlerAdapter.java:926)
	at org.springframework.web.servlet.mvc.method.annotation.RequestMappingHandlerAdapter.handleInternal(RequestMappingHandlerAdapter.java:831)
	at org.springframework.web.servlet.mvc.method.AbstractHandlerMethodAdapter.handle(AbstractHandlerMethodAdapter.java:87)
	at org.springframework.web.servlet.DispatcherServlet.doDispatch(DispatcherServlet.java:1089)
	at org.springframework.web.servlet.DispatcherServlet.doService(DispatcherServlet.java:979)
	at org.springframework.web.servlet.FrameworkServlet.processRequest(FrameworkServlet.java:1014)
	at org.springframework.web.servlet.FrameworkServlet.doGet(FrameworkServlet.java:903)
	at jakarta.servlet.http.HttpServlet.service(HttpServlet.java:564)
	at org.springframework.web.servlet.FrameworkServlet.service(FrameworkServlet.java:885)
	at jakarta.servlet.http.HttpServlet.service(HttpServlet.java:658)
	at org.apache.catalina.core.ApplicationFilterChain.internalDoFilter(ApplicationFilterChain.java:206)
	at org.apache.catalina.core.ApplicationFilterChain.doFilter(ApplicationFilterChain.java:150)
	at org.apache.tomcat.websocket.server.WsFilter.doFilter(WsFilter.java:51)
	at org.apache.catalina.core.ApplicationFilterChain.internalDoFilter(ApplicationFilterChain.java:175)
	at org.apache.catalina.core.ApplicationFilterChain.doFilter(ApplicationFilterChain.java:150)
	at org.springframework.web.filter.OncePerRequestFilter.doFilter(OncePerRequestFilter.java:110)
	at org.apache.catalina.core.ApplicationFilterChain.internalDoFilter(ApplicationFilterChain.java:175)
	at org.apache.catalina.core.ApplicationFilterChain.doFilter(ApplicationFilterChain.java:150)
	at org.springframework.web.filter.CompositeFilter$VirtualFilterChain.doFilter(CompositeFilter.java:108)
	at org.springframework.security.web.FilterChainProxy.lambda$doFilterInternal$3(FilterChainProxy.java:231)
	at org.springframework.security.web.ObservationFilterChainDecorator$FilterObservation$SimpleFilterObservation.lambda$wrap$1(ObservationFilterChainDecorator.java:479)
	at org.springframework.security.web.ObservationFilterChainDecorator$AroundFilterObservation$SimpleAroundFilterObservation.lambda$wrap$1(ObservationFilterChainDecorator.java:340)
	at org.springframework.security.web.ObservationFilterChainDecorator.lambda$wrapSecured$0(ObservationFilterChainDecorator.java:82)
	at org.springframework.security.web.ObservationFilterChainDecorator$VirtualFilterChain.doFilter(ObservationFilterChainDecorator.java:128)
	at org.springframework.security.web.access.intercept.AuthorizationFilter.doFilter(AuthorizationFilter.java:100)
	at org.springframework.security.web.ObservationFilterChainDecorator$ObservationFilter.wrapFilter(ObservationFilterChainDecorator.java:240)
	at org.springframework.security.web.ObservationFilterChainDecorator$ObservationFilter.doFilter(ObservationFilterChainDecorator.java:227)
	at org.springframework.security.web.ObservationFilterChainDecorator$VirtualFilterChain.doFilter(ObservationFilterChainDecorator.java:137)
	at org.springframework.security.web.access.ExceptionTranslationFilter.doFilter(ExceptionTranslationFilter.java:126)
	at org.springframework.security.web.access.ExceptionTranslationFilter.doFilter(ExceptionTranslationFilter.java:120)
	at org.springframework.security.web.ObservationFilterChainDecorator$ObservationFilter.wrapFilter(ObservationFilterChainDecorator.java:240)
	at org.springframework.security.web.ObservationFilterChainDecorator$ObservationFilter.doFilter(ObservationFilterChainDecorator.java:227)
	at org.springframework.security.web.ObservationFilterChainDecorator$VirtualFilterChain.doFilter(ObservationFilterChainDecorator.java:137)
	at org.springframework.security.web.session.SessionManagementFilter.doFilter(SessionManagementFilter.java:131)
	at org.springframework.security.web.session.SessionManagementFilter.doFilter(SessionManagementFilter.java:85)
	at org.springframework.security.web.ObservationFilterChainDecorator$ObservationFilter.wrapFilter(ObservationFilterChainDecorator.java:240)
	at org.springframework.security.web.ObservationFilterChainDecorator$ObservationFilter.doFilter(ObservationFilterChainDecorator.java:227)
	at org.springframework.security.web.ObservationFilterChainDecorator$VirtualFilterChain.doFilter(ObservationFilterChainDecorator.java:137)
	at org.springframework.security.web.authentication.AnonymousAuthenticationFilter.doFilter(AnonymousAuthenticationFilter.java:100)
	at org.springframework.security.web.ObservationFilterChainDecorator$ObservationFilter.wrapFilter(ObservationFilterChainDecorator.java:240)
	at org.springframework.security.web.ObservationFilterChainDecorator$ObservationFilter.doFilter(ObservationFilterChainDecorator.java:227)
	at org.springframework.security.web.ObservationFilterChainDecorator$VirtualFilterChain.doFilter(ObservationFilterChainDecorator.java:137)
	at org.springframework.security.web.servletapi.SecurityContextHolderAwareRequestFilter.doFilter(SecurityContextHolderAwareRequestFilter.java:179)
	at org.springframework.security.web.ObservationFilterChainDecorator$ObservationFilter.wrapFilter(ObservationFilterChainDecorator.java:240)
	at org.springframework.security.web.ObservationFilterChainDecorator$ObservationFilter.doFilter(ObservationFilterChainDecorator.java:227)
	at org.springframework.security.web.ObservationFilterChainDecorator$VirtualFilterChain.doFilter(ObservationFilterChainDecorator.java:137)
	at org.springframework.security.web.savedrequest.RequestCacheAwareFilter.doFilter(RequestCacheAwareFilter.java:63)
	at org.springframework.security.web.ObservationFilterChainDecorator$ObservationFilter.wrapFilter(ObservationFilterChainDecorator.java:240)
	at org.springframework.security.web.ObservationFilterChainDecorator$ObservationFilter.doFilter(ObservationFilterChainDecorator.java:227)
	at org.springframework.security.web.ObservationFilterChainDecorator$VirtualFilterChain.doFilter(ObservationFilterChainDecorator.java:137)
	at com.example.project.security.JwtAuthFilter.doFilterInternal(JwtAuthFilter.java:63)
	at org.springframework.web.filter.OncePerRequestFilter.doFilter(OncePerRequestFilter.java:116)
	at org.springframework.security.web.ObservationFilterChainDecorator$ObservationFilter.wrapFilter(ObservationFilterChainDecorator.java:240)
	at org.springframework.security.web.ObservationFilterChainDecorator$ObservationFilter.doFilter(ObservationFilterChainDecorator.java:227)
	at org.springframework.security.web.ObservationFilterChainDecorator$VirtualFilterChain.doFilter(ObservationFilterChainDecorator.java:137)
	at org.springframework.security.web.authentication.logout.LogoutFilter.doFilter(LogoutFilter.java:107)
	at org.springframework.security.web.authentication.logout.LogoutFilter.doFilter(LogoutFilter.java:93)
	at org.springframework.security.web.ObservationFilterChainDecorator$ObservationFilter.wrapFilter(ObservationFilterChainDecorator.java:240)
	at org.springframework.security.web.ObservationFilterChainDecorator$ObservationFilter.doFilter(ObservationFilterChainDecorator.java:227)
	at org.springframework.security.web.ObservationFilterChainDecorator$VirtualFilterChain.doFilter(ObservationFilterChainDecorator.java:137)
	at org.springframework.web.filter.OncePerRequestFilter.doFilter(OncePerRequestFilter.java:110)
	at org.springframework.security.web.ObservationFilterChainDecorator$ObservationFilter.wrapFilter(ObservationFilterChainDecorator.java:240)
	at org.springframework.security.web.ObservationFilterChainDecorator$ObservationFilter.doFilter(ObservationFilterChainDecorator.java:227)
	at org.springframework.security.web.ObservationFilterChainDecorator$VirtualFilterChain.doFilter(ObservationFilterChainDecorator.java:137)
	at org.springframework.web.filter.CorsFilter.doFilterInternal(CorsFilter.java:91)
	at org.springframework.web.filter.OncePerRequestFilter.doFilter(OncePerRequestFilter.java:116)
	at org.springframework.security.web.ObservationFilterChainDecorator$ObservationFilter.wrapFilter(ObservationFilterChainDecorator.java:240)
	at org.springframework.security.web.ObservationFilterChainDecorator$ObservationFilter.doFilter(ObservationFilterChainDecorator.java:227)
	at org.springframework.security.web.ObservationFilterChainDecorator$VirtualFilterChain.doFilter(ObservationFilterChainDecorator.java:137)
	at org.springframework.security.web.header.HeaderWriterFilter.doHeadersAfter(HeaderWriterFilter.java:90)
	at org.springframework.security.web.header.HeaderWriterFilter.doFilterInternal(HeaderWriterFilter.java:75)
	at org.springframework.web.filter.OncePerRequestFilter.doFilter(OncePerRequestFilter.java:116)
	at org.springframework.security.web.ObservationFilterChainDecorator$ObservationFilter.wrapFilter(ObservationFilterChainDecorator.java:240)
	at org.springframework.security.web.ObservationFilterChainDecorator$ObservationFilter.doFilter(ObservationFilterChainDecorator.java:227)
	at org.springframework.security.web.ObservationFilterChainDecorator$VirtualFilterChain.doFilter(ObservationFilterChainDecorator.java:137)
	at org.springframework.security.web.context.SecurityContextHolderFilter.doFilter(SecurityContextHolderFilter.java:82)
	at org.springframework.security.web.context.SecurityContextHolderFilter.doFilter(SecurityContextHolderFilter.java:69)
	at org.springframework.security.web.ObservationFilterChainDecorator$ObservationFilter.wrapFilter(ObservationFilterChainDecorator.java:240)
	at org.springframework.security.web.ObservationFilterChainDecorator$ObservationFilter.doFilter(ObservationFilterChainDecorator.java:227)
	at org.springframework.security.web.ObservationFilterChainDecorator$VirtualFilterChain.doFilter(ObservationFilterChainDecorator.java:137)
	at org.springframework.security.web.context.request.async.WebAsyncManagerIntegrationFilter.doFilterInternal(WebAsyncManagerIntegrationFilter.java:62)
	at org.springframework.web.filter.OncePerRequestFilter.doFilter(OncePerRequestFilter.java:116)
	at org.springframework.security.web.ObservationFilterChainDecorator$ObservationFilter.wrapFilter(ObservationFilterChainDecorator.java:240)
	at org.springframework.security.web.ObservationFilterChainDecorator$ObservationFilter.doFilter(ObservationFilterChainDecorator.java:227)
	at org.springframework.security.web.ObservationFilterChainDecorator$VirtualFilterChain.doFilter(ObservationFilterChainDecorator.java:137)
	at org.springframework.security.web.session.DisableEncodeUrlFilter.doFilterInternal(DisableEncodeUrlFilter.java:42)
	at org.springframework.web.filter.OncePerRequestFilter.doFilter(OncePerRequestFilter.java:116)
	at org.springframework.security.web.ObservationFilterChainDecorator$ObservationFilter.wrapFilter(ObservationFilterChainDecorator.java:240)
	at org.springframework.security.web.ObservationFilterChainDecorator$AroundFilterObservation$SimpleAroundFilterObservation.lambda$wrap$0(ObservationFilterChainDecorator.java:323)
	at org.springframework.security.web.ObservationFilterChainDecorator$ObservationFilter.doFilter(ObservationFilterChainDecorator.java:224)
	at org.springframework.security.web.ObservationFilterChainDecorator$VirtualFilterChain.doFilter(ObservationFilterChainDecorator.java:137)
	at org.springframework.security.web.FilterChainProxy.doFilterInternal(FilterChainProxy.java:233)
	at org.springframework.security.web.FilterChainProxy.doFilter(FilterChainProxy.java:191)
	at org.springframework.web.filter.CompositeFilter$VirtualFilterChain.doFilter(CompositeFilter.java:113)
	at org.springframework.web.servlet.handler.HandlerMappingIntrospector.lambda$createCacheFilter$3(HandlerMappingIntrospector.java:195)
	at org.springframework.web.filter.CompositeFilter$VirtualFilterChain.doFilter(CompositeFilter.java:113)
	at org.springframework.web.filter.CompositeFilter.doFilter(CompositeFilter.java:74)
	at org.springframework.security.config.annotation.web.configuration.WebMvcSecurityConfiguration$CompositeFilterChainProxy.doFilter(WebMvcSecurityConfiguration.java:230)
	at org.springframework.web.filter.DelegatingFilterProxy.invokeDelegate(DelegatingFilterProxy.java:352)
	at org.springframework.web.filter.DelegatingFilterProxy.doFilter(DelegatingFilterProxy.java:268)
	at org.apache.catalina.core.ApplicationFilterChain.internalDoFilter(ApplicationFilterChain.java:175)
	at org.apache.catalina.core.ApplicationFilterChain.doFilter(ApplicationFilterChain.java:150)
	at org.springframework.web.filter.RequestContextFilter.doFilterInternal(RequestContextFilter.java:100)
	at org.springframework.web.filter.OncePerRequestFilter.doFilter(OncePerRequestFilter.java:116)
	at org.apache.catalina.core.ApplicationFilterChain.internalDoFilter(ApplicationFilterChain.java:175)
	at org.apache.catalina.core.ApplicationFilterChain.doFilter(ApplicationFilterChain.java:150)
	at org.springframework.web.filter.FormContentFilter.doFilterInternal(FormContentFilter.java:93)
	at org.springframework.web.filter.OncePerRequestFilter.doFilter(OncePerRequestFilter.java:116)
	at org.apache.catalina.core.ApplicationFilterChain.internalDoFilter(ApplicationFilterChain.java:175)
	at org.apache.catalina.core.ApplicationFilterChain.doFilter(ApplicationFilterChain.java:150)
	at org.springframework.web.filter.ServerHttpObservationFilter.doFilterInternal(ServerHttpObservationFilter.java:109)
	at org.springframework.web.filter.OncePerRequestFilter.doFilter(OncePerRequestFilter.java:116)
	at org.apache.catalina.core.ApplicationFilterChain.internalDoFilter(ApplicationFilterChain.java:175)
	at org.apache.catalina.core.ApplicationFilterChain.doFilter(ApplicationFilterChain.java:150)
	at org.springframework.web.filter.CharacterEncodingFilter.doFilterInternal(CharacterEncodingFilter.java:201)
	at org.springframework.web.filter.OncePerRequestFilter.doFilter(OncePerRequestFilter.java:116)
	at org.apache.catalina.core.ApplicationFilterChain.internalDoFilter(ApplicationFilterChain.java:175)
	at org.apache.catalina.core.ApplicationFilterChain.doFilter(ApplicationFilterChain.java:150)
	at org.apache.catalina.core.StandardWrapperValve.invoke(StandardWrapperValve.java:167)
	at org.apache.catalina.core.StandardContextValve.invoke(StandardContextValve.java:90)
	at org.apache.catalina.authenticator.AuthenticatorBase.invoke(AuthenticatorBase.java:482)
	at org.apache.catalina.core.StandardHostValve.invoke(StandardHostValve.java:115)
	at org.apache.catalina.valves.ErrorReportValve.invoke(ErrorReportValve.java:93)
	at org.apache.catalina.core.StandardEngineValve.invoke(StandardEngineValve.java:74)
	at org.apache.catalina.connector.CoyoteAdapter.service(CoyoteAdapter.java:344)
	at org.apache.coyote.http11.Http11Processor.service(Http11Processor.java:391)
	at org.apache.coyote.AbstractProcessorLight.process(AbstractProcessorLight.java:63)
	at org.apache.coyote.AbstractProtocol$ConnectionHandler.process(AbstractProtocol.java:896)
	at org.apache.tomcat.util.net.NioEndpoint$SocketProcessor.doRun(NioEndpoint.java:1736)
	at org.apache.tomcat.util.net.SocketProcessorBase.run(SocketProcessorBase.java:52)
	at org.apache.tomcat.util.threads.ThreadPoolExecutor.runWorker(ThreadPoolExecutor.java:1191)
	at org.apache.tomcat.util.threads.ThreadPoolExecutor$Worker.run(ThreadPoolExecutor.java:659)
	at org.apache.tomcat.util.threads.TaskThread$WrappingRunnable.run(TaskThread.java:63)
	at java.base/java.lang.Thread.run(Thread.java:842)
Caused by: org.springframework.expression.spel.SpelEvaluationException: EL1058E: A problem occurred when trying to resolve bean 'securityService':'Could not resolve bean reference against BeanFactory'
	at org.springframework.expression.spel.ast.BeanReference.getValueInternal(BeanReference.java:59)
	at org.springframework.expression.spel.ast.CompoundExpression.getValueRef(CompoundExpression.java:60)
	at org.springframework.expression.spel.ast.CompoundExpression.getValueInternal(CompoundExpression.java:96)
	at org.springframework.expression.spel.ast.SpelNodeImpl.getValue(SpelNodeImpl.java:222)
	at org.springframework.expression.spel.ast.OpOr.getBooleanValue(OpOr.java:56)
	at org.springframework.expression.spel.ast.OpOr.getValueInternal(OpOr.java:51)
	at org.springframework.expression.spel.ast.OpOr.getValueInternal(OpOr.java:37)
	at org.springframework.expression.spel.ast.SpelNodeImpl.getTypedValue(SpelNodeImpl.java:119)
	at org.springframework.expression.spel.standard.SpelExpression.getValue(SpelExpression.java:309)
	at org.springframework.security.access.expression.ExpressionUtils.evaluateAsBoolean(ExpressionUtils.java:30)
	... 154 common frames omitted
Caused by: org.springframework.expression.AccessException: Could not resolve bean reference against BeanFactory
	at org.springframework.context.expression.BeanFactoryResolver.resolve(BeanFactoryResolver.java:54)
	at org.springframework.expression.spel.ast.BeanReference.getValueInternal(BeanReference.java:55)
	... 163 common frames omitted
Caused by: org.springframework.beans.factory.NoSuchBeanDefinitionException: No bean named 'securityService' available
	at org.springframework.beans.factory.support.DefaultListableBeanFactory.getBeanDefinition(DefaultListableBeanFactory.java:895)
	at org.springframework.beans.factory.support.AbstractBeanFactory.getMergedLocalBeanDefinition(AbstractBeanFactory.java:1351)
	at org.springframework.beans.factory.support.AbstractBeanFactory.doGetBean(AbstractBeanFactory.java:300)
	at org.springframework.beans.factory.support.AbstractBeanFactory.getBean(AbstractBeanFactory.java:200)
	at org.springframework.context.support.AbstractApplicationContext.getBean(AbstractApplicationContext.java:1234)
	at org.springframework.context.expression.BeanFactoryResolver.resolve(BeanFactoryResolver.java:51)
	... 164 common frames omitted
2026-05-23 05:00:45.080 [http-nio-0.0.0.0-8080-exec-7] DEBUG o.s.o.j.s.OpenEntityManagerInViewInterceptor - Closing JPA EntityManager in OpenEntityManagerInViewInterceptor
2026-05-23 05:00:45.082 [http-nio-0.0.0.0-8080-exec-7] INFO  c.e.p.util.HttpLoggingInterceptor - REQUEST_END [b81fb9f9-c406-4d75-ba5a-7951c2b8d306] GET /api/v1/notifications/user/2 | Status: 500 | Duration: 14ms
2026-05-23 05:00:45.084 [http-nio-0.0.0.0-8080-exec-9] DEBUG o.s.security.web.FilterChainProxy - Securing GET /api/v1/notifications/user/2
2026-05-23 05:00:45.086 [http-nio-0.0.0.0-8080-exec-9] DEBUG c.e.p.util.SecurityLoggingAspect - AUTHORIZATION_GRANTED: User=ANONYMOUS, Method=extractUsername
2026-05-23 05:00:45.090 [http-nio-0.0.0.0-8080-exec-9] DEBUG o.s.o.j.SharedEntityManagerCreator$SharedEntityManagerInvocationHandler - Creating new EntityManager for shared EntityManager invocation
2026-05-23 05:00:45.096 [http-nio-0.0.0.0-8080-exec-9] DEBUG org.hibernate.SQL - 
    select
        u1_0.id,
        u1_0.address,
        u1_0.admin_notes,
        u1_0.avatar_url,
        u1_0.bio,
        u1_0.preferred_category,
        u1_0.created_at,
        u1_0.email,
        u1_0.google_id,
        u1_0.kyc_status,
        u1_0.password,
        u1_0.last_name,
        u1_0.first_name,
        u1_0.role,
        u1_0.status,
        u1_0.phone,
        u1_0.ville 
    from
        users u1_0 
    where
        u1_0.email=?
2026-05-23 05:00:45.100 [http-nio-0.0.0.0-8080-exec-9] DEBUG c.e.p.util.PerformanceLoggingAspect - QUERY_EXECUTED: $Proxy166.findByEmail | Duration: 11ms
2026-05-23 05:00:45.100 [http-nio-0.0.0.0-8080-exec-9] DEBUG c.e.p.util.SecurityLoggingAspect - AUTHORIZATION_GRANTED: User=ANONYMOUS, Method=loadUserByUsername
2026-05-23 05:00:45.101 [http-nio-0.0.0.0-8080-exec-9] DEBUG c.e.p.util.SecurityLoggingAspect - AUTHORIZATION_GRANTED: User=ANONYMOUS, Method=isTokenValid
2026-05-23 05:00:45.102 [http-nio-0.0.0.0-8080-exec-9] DEBUG o.s.security.web.FilterChainProxy - Secured GET /api/v1/notifications/user/2
2026-05-23 05:00:45.103 [http-nio-0.0.0.0-8080-exec-9] INFO  c.e.p.util.HttpLoggingInterceptor - REQUEST_START [fb3c9d56-8074-4133-b59f-9078b13050d8] GET /api/v1/notifications/user/2 | IP: 172.27.232.215 | User-Agent: Mozilla/5.0 (Windows NT 10.0; Win64; x64) AppleWebKit/537.36 (KHTML, like Gecko) Chrome/148.0.0.0 Safari/537.36
2026-05-23 05:00:45.103 [http-nio-0.0.0.0-8080-exec-9] DEBUG o.s.o.j.s.OpenEntityManagerInViewInterceptor - Opening JPA EntityManager in OpenEntityManagerInViewInterceptor
2026-05-23 05:00:45.105 [http-nio-0.0.0.0-8080-exec-9] DEBUG o.s.s.a.m.AuthorizationManagerBeforeMethodInterceptor - Authorizing method invocation ReflectiveMethodInvocation: public org.springframework.http.ResponseEntity com.example.project.controller.NotificationController.getNotificationsByUser(java.lang.Long); target is of class [com.example.project.controller.NotificationController]
2026-05-23 05:00:45.105 [http-nio-0.0.0.0-8080-exec-9] ERROR c.e.p.e.GlobalExceptionHandler - UNEXPECTED_ERROR: Failed to evaluate expression 'hasRole('ADMIN') or @securityService.isCurrentUser(#utilisateurId)' | Stack Trace: 
java.lang.IllegalArgumentException: Failed to evaluate expression 'hasRole('ADMIN') or @securityService.isCurrentUser(#utilisateurId)'
	at org.springframework.security.access.expression.ExpressionUtils.evaluateAsBoolean(ExpressionUtils.java:33)
	at org.springframework.security.authorization.method.PreAuthorizeAuthorizationManager.check(PreAuthorizeAuthorizationManager.java:68)
	at org.springframework.security.authorization.method.PreAuthorizeAuthorizationManager.check(PreAuthorizeAuthorizationManager.java:40)
	at org.springframework.security.authorization.ObservationAuthorizationManager.check(ObservationAuthorizationManager.java:63)
	at org.springframework.security.config.annotation.method.configuration.DeferringObservationAuthorizationManager.check(DeferringObservationAuthorizationManager.java:47)
	at org.springframework.security.authorization.method.AuthorizationManagerBeforeMethodInterceptor.attemptAuthorization(AuthorizationManagerBeforeMethodInterceptor.java:251)
	at org.springframework.security.authorization.method.AuthorizationManagerBeforeMethodInterceptor.invoke(AuthorizationManagerBeforeMethodInterceptor.java:197)
	at org.springframework.aop.framework.ReflectiveMethodInvocation.proceed(ReflectiveMethodInvocation.java:184)
	at org.springframework.aop.framework.CglibAopProxy$CglibMethodInvocation.proceed(CglibAopProxy.java:768)
	at org.springframework.aop.interceptor.ExposeInvocationInterceptor.invoke(ExposeInvocationInterceptor.java:97)
	at org.springframework.aop.framework.ReflectiveMethodInvocation.proceed(ReflectiveMethodInvocation.java:184)
	at org.springframework.aop.framework.CglibAopProxy$CglibMethodInvocation.proceed(CglibAopProxy.java:768)
	at org.springframework.aop.framework.CglibAopProxy$DynamicAdvisedInterceptor.intercept(CglibAopProxy.java:720)
	at com.example.project.controller.NotificationController$$SpringCGLIB$$0.getNotificationsByUser(<generated>)
	at java.base/jdk.internal.reflect.NativeMethodAccessorImpl.invoke0(Native Method)
	at java.base/jdk.internal.reflect.NativeMethodAccessorImpl.invoke(NativeMethodAccessorImpl.java:77)
	at java.base/jdk.internal.reflect.DelegatingMethodAccessorImpl.invoke(DelegatingMethodAccessorImpl.java:43)
	at java.base/java.lang.reflect.Method.invoke(Method.java:568)
	at org.springframework.web.method.support.InvocableHandlerMethod.doInvoke(InvocableHandlerMethod.java:255)
	at org.springframework.web.method.support.InvocableHandlerMethod.invokeForRequest(InvocableHandlerMethod.java:188)
	at org.springframework.web.servlet.mvc.method.annotation.ServletInvocableHandlerMethod.invokeAndHandle(ServletInvocableHandlerMethod.java:118)
	at org.springframework.web.servlet.mvc.method.annotation.RequestMappingHandlerAdapter.invokeHandlerMethod(RequestMappingHandlerAdapter.java:926)
	at org.springframework.web.servlet.mvc.method.annotation.RequestMappingHandlerAdapter.handleInternal(RequestMappingHandlerAdapter.java:831)
	at org.springframework.web.servlet.mvc.method.AbstractHandlerMethodAdapter.handle(AbstractHandlerMethodAdapter.java:87)
	at org.springframework.web.servlet.DispatcherServlet.doDispatch(DispatcherServlet.java:1089)
	at org.springframework.web.servlet.DispatcherServlet.doService(DispatcherServlet.java:979)
	at org.springframework.web.servlet.FrameworkServlet.processRequest(FrameworkServlet.java:1014)
	at org.springframework.web.servlet.FrameworkServlet.doGet(FrameworkServlet.java:903)
	at jakarta.servlet.http.HttpServlet.service(HttpServlet.java:564)
	at org.springframework.web.servlet.FrameworkServlet.service(FrameworkServlet.java:885)
	at jakarta.servlet.http.HttpServlet.service(HttpServlet.java:658)
	at org.apache.catalina.core.ApplicationFilterChain.internalDoFilter(ApplicationFilterChain.java:206)
	at org.apache.catalina.core.ApplicationFilterChain.doFilter(ApplicationFilterChain.java:150)
	at org.apache.tomcat.websocket.server.WsFilter.doFilter(WsFilter.java:51)
	at org.apache.catalina.core.ApplicationFilterChain.internalDoFilter(ApplicationFilterChain.java:175)
	at org.apache.catalina.core.ApplicationFilterChain.doFilter(ApplicationFilterChain.java:150)
	at org.springframework.web.filter.OncePerRequestFilter.doFilter(OncePerRequestFilter.java:110)
	at org.apache.catalina.core.ApplicationFilterChain.internalDoFilter(ApplicationFilterChain.java:175)
	at org.apache.catalina.core.ApplicationFilterChain.doFilter(ApplicationFilterChain.java:150)
	at org.springframework.web.filter.CompositeFilter$VirtualFilterChain.doFilter(CompositeFilter.java:108)
	at org.springframework.security.web.FilterChainProxy.lambda$doFilterInternal$3(FilterChainProxy.java:231)
	at org.springframework.security.web.ObservationFilterChainDecorator$FilterObservation$SimpleFilterObservation.lambda$wrap$1(ObservationFilterChainDecorator.java:479)
	at org.springframework.security.web.ObservationFilterChainDecorator$AroundFilterObservation$SimpleAroundFilterObservation.lambda$wrap$1(ObservationFilterChainDecorator.java:340)
	at org.springframework.security.web.ObservationFilterChainDecorator.lambda$wrapSecured$0(ObservationFilterChainDecorator.java:82)
	at org.springframework.security.web.ObservationFilterChainDecorator$VirtualFilterChain.doFilter(ObservationFilterChainDecorator.java:128)
	at org.springframework.security.web.access.intercept.AuthorizationFilter.doFilter(AuthorizationFilter.java:100)
	at org.springframework.security.web.ObservationFilterChainDecorator$ObservationFilter.wrapFilter(ObservationFilterChainDecorator.java:240)
	at org.springframework.security.web.ObservationFilterChainDecorator$ObservationFilter.doFilter(ObservationFilterChainDecorator.java:227)
	at org.springframework.security.web.ObservationFilterChainDecorator$VirtualFilterChain.doFilter(ObservationFilterChainDecorator.java:137)
	at org.springframework.security.web.access.ExceptionTranslationFilter.doFilter(ExceptionTranslationFilter.java:126)
	at org.springframework.security.web.access.ExceptionTranslationFilter.doFilter(ExceptionTranslationFilter.java:120)
	at org.springframework.security.web.ObservationFilterChainDecorator$ObservationFilter.wrapFilter(ObservationFilterChainDecorator.java:240)
	at org.springframework.security.web.ObservationFilterChainDecorator$ObservationFilter.doFilter(ObservationFilterChainDecorator.java:227)
	at org.springframework.security.web.ObservationFilterChainDecorator$VirtualFilterChain.doFilter(ObservationFilterChainDecorator.java:137)
	at org.springframework.security.web.session.SessionManagementFilter.doFilter(SessionManagementFilter.java:131)
	at org.springframework.security.web.session.SessionManagementFilter.doFilter(SessionManagementFilter.java:85)
	at org.springframework.security.web.ObservationFilterChainDecorator$ObservationFilter.wrapFilter(ObservationFilterChainDecorator.java:240)
	at org.springframework.security.web.ObservationFilterChainDecorator$ObservationFilter.doFilter(ObservationFilterChainDecorator.java:227)
	at org.springframework.security.web.ObservationFilterChainDecorator$VirtualFilterChain.doFilter(ObservationFilterChainDecorator.java:137)
	at org.springframework.security.web.authentication.AnonymousAuthenticationFilter.doFilter(AnonymousAuthenticationFilter.java:100)
	at org.springframework.security.web.ObservationFilterChainDecorator$ObservationFilter.wrapFilter(ObservationFilterChainDecorator.java:240)
	at org.springframework.security.web.ObservationFilterChainDecorator$ObservationFilter.doFilter(ObservationFilterChainDecorator.java:227)
	at org.springframework.security.web.ObservationFilterChainDecorator$VirtualFilterChain.doFilter(ObservationFilterChainDecorator.java:137)
	at org.springframework.security.web.servletapi.SecurityContextHolderAwareRequestFilter.doFilter(SecurityContextHolderAwareRequestFilter.java:179)
	at org.springframework.security.web.ObservationFilterChainDecorator$ObservationFilter.wrapFilter(ObservationFilterChainDecorator.java:240)
	at org.springframework.security.web.ObservationFilterChainDecorator$ObservationFilter.doFilter(ObservationFilterChainDecorator.java:227)
	at org.springframework.security.web.ObservationFilterChainDecorator$VirtualFilterChain.doFilter(ObservationFilterChainDecorator.java:137)
	at org.springframework.security.web.savedrequest.RequestCacheAwareFilter.doFilter(RequestCacheAwareFilter.java:63)
	at org.springframework.security.web.ObservationFilterChainDecorator$ObservationFilter.wrapFilter(ObservationFilterChainDecorator.java:240)
	at org.springframework.security.web.ObservationFilterChainDecorator$ObservationFilter.doFilter(ObservationFilterChainDecorator.java:227)
	at org.springframework.security.web.ObservationFilterChainDecorator$VirtualFilterChain.doFilter(ObservationFilterChainDecorator.java:137)
	at com.example.project.security.JwtAuthFilter.doFilterInternal(JwtAuthFilter.java:63)
	at org.springframework.web.filter.OncePerRequestFilter.doFilter(OncePerRequestFilter.java:116)
	at org.springframework.security.web.ObservationFilterChainDecorator$ObservationFilter.wrapFilter(ObservationFilterChainDecorator.java:240)
	at org.springframework.security.web.ObservationFilterChainDecorator$ObservationFilter.doFilter(ObservationFilterChainDecorator.java:227)
	at org.springframework.security.web.ObservationFilterChainDecorator$VirtualFilterChain.doFilter(ObservationFilterChainDecorator.java:137)
	at org.springframework.security.web.authentication.logout.LogoutFilter.doFilter(LogoutFilter.java:107)
	at org.springframework.security.web.authentication.logout.LogoutFilter.doFilter(LogoutFilter.java:93)
	at org.springframework.security.web.ObservationFilterChainDecorator$ObservationFilter.wrapFilter(ObservationFilterChainDecorator.java:240)
	at org.springframework.security.web.ObservationFilterChainDecorator$ObservationFilter.doFilter(ObservationFilterChainDecorator.java:227)
	at org.springframework.security.web.ObservationFilterChainDecorator$VirtualFilterChain.doFilter(ObservationFilterChainDecorator.java:137)
	at org.springframework.web.filter.OncePerRequestFilter.doFilter(OncePerRequestFilter.java:110)
	at org.springframework.security.web.ObservationFilterChainDecorator$ObservationFilter.wrapFilter(ObservationFilterChainDecorator.java:240)
	at org.springframework.security.web.ObservationFilterChainDecorator$ObservationFilter.doFilter(ObservationFilterChainDecorator.java:227)
	at org.springframework.security.web.ObservationFilterChainDecorator$VirtualFilterChain.doFilter(ObservationFilterChainDecorator.java:137)
	at org.springframework.web.filter.CorsFilter.doFilterInternal(CorsFilter.java:91)
	at org.springframework.web.filter.OncePerRequestFilter.doFilter(OncePerRequestFilter.java:116)
	at org.springframework.security.web.ObservationFilterChainDecorator$ObservationFilter.wrapFilter(ObservationFilterChainDecorator.java:240)
	at org.springframework.security.web.ObservationFilterChainDecorator$ObservationFilter.doFilter(ObservationFilterChainDecorator.java:227)
	at org.springframework.security.web.ObservationFilterChainDecorator$VirtualFilterChain.doFilter(ObservationFilterChainDecorator.java:137)
	at org.springframework.security.web.header.HeaderWriterFilter.doHeadersAfter(HeaderWriterFilter.java:90)
	at org.springframework.security.web.header.HeaderWriterFilter.doFilterInternal(HeaderWriterFilter.java:75)
	at org.springframework.web.filter.OncePerRequestFilter.doFilter(OncePerRequestFilter.java:116)
	at org.springframework.security.web.ObservationFilterChainDecorator$ObservationFilter.wrapFilter(ObservationFilterChainDecorator.java:240)
	at org.springframework.security.web.ObservationFilterChainDecorator$ObservationFilter.doFilter(ObservationFilterChainDecorator.java:227)
	at org.springframework.security.web.ObservationFilterChainDecorator$VirtualFilterChain.doFilter(ObservationFilterChainDecorator.java:137)
	at org.springframework.security.web.context.SecurityContextHolderFilter.doFilter(SecurityContextHolderFilter.java:82)
	at org.springframework.security.web.context.SecurityContextHolderFilter.doFilter(SecurityContextHolderFilter.java:69)
	at org.springframework.security.web.ObservationFilterChainDecorator$ObservationFilter.wrapFilter(ObservationFilterChainDecorator.java:240)
	at org.springframework.security.web.ObservationFilterChainDecorator$ObservationFilter.doFilter(ObservationFilterChainDecorator.java:227)
	at org.springframework.security.web.ObservationFilterChainDecorator$VirtualFilterChain.doFilter(ObservationFilterChainDecorator.java:137)
	at org.springframework.security.web.context.request.async.WebAsyncManagerIntegrationFilter.doFilterInternal(WebAsyncManagerIntegrationFilter.java:62)
	at org.springframework.web.filter.OncePerRequestFilter.doFilter(OncePerRequestFilter.java:116)
	at org.springframework.security.web.ObservationFilterChainDecorator$ObservationFilter.wrapFilter(ObservationFilterChainDecorator.java:240)
	at org.springframework.security.web.ObservationFilterChainDecorator$ObservationFilter.doFilter(ObservationFilterChainDecorator.java:227)
	at org.springframework.security.web.ObservationFilterChainDecorator$VirtualFilterChain.doFilter(ObservationFilterChainDecorator.java:137)
	at org.springframework.security.web.session.DisableEncodeUrlFilter.doFilterInternal(DisableEncodeUrlFilter.java:42)
	at org.springframework.web.filter.OncePerRequestFilter.doFilter(OncePerRequestFilter.java:116)
	at org.springframework.security.web.ObservationFilterChainDecorator$ObservationFilter.wrapFilter(ObservationFilterChainDecorator.java:240)
	at org.springframework.security.web.ObservationFilterChainDecorator$AroundFilterObservation$SimpleAroundFilterObservation.lambda$wrap$0(ObservationFilterChainDecorator.java:323)
	at org.springframework.security.web.ObservationFilterChainDecorator$ObservationFilter.doFilter(ObservationFilterChainDecorator.java:224)
	at org.springframework.security.web.ObservationFilterChainDecorator$VirtualFilterChain.doFilter(ObservationFilterChainDecorator.java:137)
	at org.springframework.security.web.FilterChainProxy.doFilterInternal(FilterChainProxy.java:233)
	at org.springframework.security.web.FilterChainProxy.doFilter(FilterChainProxy.java:191)
	at org.springframework.web.filter.CompositeFilter$VirtualFilterChain.doFilter(CompositeFilter.java:113)
	at org.springframework.web.servlet.handler.HandlerMappingIntrospector.lambda$createCacheFilter$3(HandlerMappingIntrospector.java:195)
	at org.springframework.web.filter.CompositeFilter$VirtualFilterChain.doFilter(CompositeFilter.java:113)
	at org.springframework.web.filter.CompositeFilter.doFilter(CompositeFilter.java:74)
	at org.springframework.security.config.annotation.web.configuration.WebMvcSecurityConfiguration$CompositeFilterChainProxy.doFilter(WebMvcSecurityConfiguration.java:230)
	at org.springframework.web.filter.DelegatingFilterProxy.invokeDelegate(DelegatingFilterProxy.java:352)
	at org.springframework.web.filter.DelegatingFilterProxy.doFilter(DelegatingFilterProxy.java:268)
	at org.apache.catalina.core.ApplicationFilterChain.internalDoFilter(ApplicationFilterChain.java:175)
	at org.apache.catalina.core.ApplicationFilterChain.doFilter(ApplicationFilterChain.java:150)
	at org.springframework.web.filter.RequestContextFilter.doFilterInternal(RequestContextFilter.java:100)
	at org.springframework.web.filter.OncePerRequestFilter.doFilter(OncePerRequestFilter.java:116)
	at org.apache.catalina.core.ApplicationFilterChain.internalDoFilter(ApplicationFilterChain.java:175)
	at org.apache.catalina.core.ApplicationFilterChain.doFilter(ApplicationFilterChain.java:150)
	at org.springframework.web.filter.FormContentFilter.doFilterInternal(FormContentFilter.java:93)
	at org.springframework.web.filter.OncePerRequestFilter.doFilter(OncePerRequestFilter.java:116)
	at org.apache.catalina.core.ApplicationFilterChain.internalDoFilter(ApplicationFilterChain.java:175)
	at org.apache.catalina.core.ApplicationFilterChain.doFilter(ApplicationFilterChain.java:150)
	at org.springframework.web.filter.ServerHttpObservationFilter.doFilterInternal(ServerHttpObservationFilter.java:109)
	at org.springframework.web.filter.OncePerRequestFilter.doFilter(OncePerRequestFilter.java:116)
	at org.apache.catalina.core.ApplicationFilterChain.internalDoFilter(ApplicationFilterChain.java:175)
	at org.apache.catalina.core.ApplicationFilterChain.doFilter(ApplicationFilterChain.java:150)
	at org.springframework.web.filter.CharacterEncodingFilter.doFilterInternal(CharacterEncodingFilter.java:201)
	at org.springframework.web.filter.OncePerRequestFilter.doFilter(OncePerRequestFilter.java:116)
	at org.apache.catalina.core.ApplicationFilterChain.internalDoFilter(ApplicationFilterChain.java:175)
	at org.apache.catalina.core.ApplicationFilterChain.doFilter(ApplicationFilterChain.java:150)
	at org.apache.catalina.core.StandardWrapperValve.invoke(StandardWrapperValve.java:167)
	at org.apache.catalina.core.StandardContextValve.invoke(StandardContextValve.java:90)
	at org.apache.catalina.authenticator.AuthenticatorBase.invoke(AuthenticatorBase.java:482)
	at org.apache.catalina.core.StandardHostValve.invoke(StandardHostValve.java:115)
	at org.apache.catalina.valves.ErrorReportValve.invoke(ErrorReportValve.java:93)
	at org.apache.catalina.core.StandardEngineValve.invoke(StandardEngineValve.java:74)
	at org.apache.catalina.connector.CoyoteAdapter.service(CoyoteAdapter.java:344)
	at org.apache.coyote.http11.Http11Processor.service(Http11Processor.java:391)
	at org.apache.coyote.AbstractProcessorLight.process(AbstractProcessorLight.java:63)
	at org.apache.coyote.AbstractProtocol$ConnectionHandler.process(AbstractProtocol.java:896)
	at org.apache.tomcat.util.net.NioEndpoint$SocketProcessor.doRun(NioEndpoint.java:1736)
	at org.apache.tomcat.util.net.SocketProcessorBase.run(SocketProcessorBase.java:52)
	at org.apache.tomcat.util.threads.ThreadPoolExecutor.runWorker(ThreadPoolExecutor.java:1191)
	at org.apache.tomcat.util.threads.ThreadPoolExecutor$Worker.run(ThreadPoolExecutor.java:659)
	at org.apache.tomcat.util.threads.TaskThread$WrappingRunnable.run(TaskThread.java:63)
	at java.base/java.lang.Thread.run(Thread.java:842)
Caused by: org.springframework.expression.spel.SpelEvaluationException: EL1058E: A problem occurred when trying to resolve bean 'securityService':'Could not resolve bean reference against BeanFactory'
	at org.springframework.expression.spel.ast.BeanReference.getValueInternal(BeanReference.java:59)
	at org.springframework.expression.spel.ast.CompoundExpression.getValueRef(CompoundExpression.java:60)
	at org.springframework.expression.spel.ast.CompoundExpression.getValueInternal(CompoundExpression.java:96)
	at org.springframework.expression.spel.ast.SpelNodeImpl.getValue(SpelNodeImpl.java:222)
	at org.springframework.expression.spel.ast.OpOr.getBooleanValue(OpOr.java:56)
	at org.springframework.expression.spel.ast.OpOr.getValueInternal(OpOr.java:51)
	at org.springframework.expression.spel.ast.OpOr.getValueInternal(OpOr.java:37)
	at org.springframework.expression.spel.ast.SpelNodeImpl.getTypedValue(SpelNodeImpl.java:119)
	at org.springframework.expression.spel.standard.SpelExpression.getValue(SpelExpression.java:309)
	at org.springframework.security.access.expression.ExpressionUtils.evaluateAsBoolean(ExpressionUtils.java:30)
	... 154 common frames omitted
Caused by: org.springframework.expression.AccessException: Could not resolve bean reference against BeanFactory
	at org.springframework.context.expression.BeanFactoryResolver.resolve(BeanFactoryResolver.java:54)
	at org.springframework.expression.spel.ast.BeanReference.getValueInternal(BeanReference.java:55)
	... 163 common frames omitted
Caused by: org.springframework.beans.factory.NoSuchBeanDefinitionException: No bean named 'securityService' available
	at org.springframework.beans.factory.support.DefaultListableBeanFactory.getBeanDefinition(DefaultListableBeanFactory.java:895)
	at org.springframework.beans.factory.support.AbstractBeanFactory.getMergedLocalBeanDefinition(AbstractBeanFactory.java:1351)
	at org.springframework.beans.factory.support.AbstractBeanFactory.doGetBean(AbstractBeanFactory.java:300)
	at org.springframework.beans.factory.support.AbstractBeanFactory.getBean(AbstractBeanFactory.java:200)
	at org.springframework.context.support.AbstractApplicationContext.getBean(AbstractApplicationContext.java:1234)
	at org.springframework.context.expression.BeanFactoryResolver.resolve(BeanFactoryResolver.java:51)
	... 164 common frames omitted
2026-05-23 05:00:45.115 [http-nio-0.0.0.0-8080-exec-9] DEBUG o.s.o.j.s.OpenEntityManagerInViewInterceptor - Closing JPA EntityManager in OpenEntityManagerInViewInterceptor
2026-05-23 05:00:45.118 [http-nio-0.0.0.0-8080-exec-9] INFO  c.e.p.util.HttpLoggingInterceptor - REQUEST_END [fb3c9d56-8074-4133-b59f-9078b13050d8] GET /api/v1/notifications/user/2 | Status: 500 | Duration: 16ms
2026-05-23 05:00:45.165 [http-nio-0.0.0.0-8080-exec-1] DEBUG o.s.orm.jpa.JpaTransactionManager - Exposing JPA transaction as JDBC [org.springframework.orm.jpa.vendor.HibernateJpaDialect$HibernateConnectionHandle@53242e3e]
2026-05-23 05:00:45.188 [http-nio-0.0.0.0-8080-exec-1] DEBUG org.hibernate.SQL - 
    select
        u1_0.id,
        u1_0.address,
        u1_0.admin_notes,
        u1_0.avatar_url,
        u1_0.bio,
        u1_0.preferred_category,
        u1_0.created_at,
        u1_0.email,
        u1_0.google_id,
        u1_0.kyc_status,
        u1_0.password,
        u1_0.last_name,
        u1_0.first_name,
        u1_0.role,
        u1_0.status,
        u1_0.phone,
        u1_0.ville 
    from
        users u1_0 
    where
        u1_0.id=?
2026-05-23 05:00:45.197 [http-nio-0.0.0.0-8080-exec-1] DEBUG o.s.orm.jpa.JpaTransactionManager - Initiating transaction commit
2026-05-23 05:00:45.200 [http-nio-0.0.0.0-8080-exec-1] DEBUG o.s.orm.jpa.JpaTransactionManager - Committing JPA transaction on EntityManager [SessionImpl(1064067443<open>)]
2026-05-23 05:00:45.207 [http-nio-0.0.0.0-8080-exec-1] DEBUG o.s.orm.jpa.JpaTransactionManager - Not closing pre-bound JPA EntityManager after transaction
2026-05-23 05:00:45.208 [http-nio-0.0.0.0-8080-exec-1] WARN  c.e.p.util.PerformanceLoggingAspect - SLOW_QUERY: $Proxy166.findById took 210ms
2026-05-23 05:00:45.208 [http-nio-0.0.0.0-8080-exec-1] WARN  c.e.p.util.DatabaseLoggingAspect - SLOW_QUERY: Method=findById, Duration=211ms (threshold: 100ms)
2026-05-23 05:00:45.221 [http-nio-0.0.0.0-8080-exec-1] DEBUG org.hibernate.SQL - 
    select
        p1_0.id,
        p1_0.admin_notes,
        p1_0.all_or_nothing,
        p1_0.categorie,
        p1_0.created_at,
        p1_0.start_date,
        p1_0.end_date,
        p1_0.description,
        p1_0.cover_image,
        p1_0.localisation,
        p1_0.current_amount,
        p1_0.investors_count,
        p1_0.funding_goal,
        p1_0.equity_percentage,
        p1_0.owner_id,
        p1_0.status,
        p1_0.suspension_deadline,
        p1_0.interest_rate,
        p1_0.titre,
        p1_0.funding_type 
    from
        projects p1_0 
    where
        p1_0.owner_id=? 
    order by
        p1_0.id desc
2026-05-23 05:00:45.258 [http-nio-0.0.0.0-8080-exec-1] DEBUG c.e.p.util.PerformanceLoggingAspect - QUERY_EXECUTED: $Proxy173.findProjectsByOwner | Duration: 47ms
2026-05-23 05:00:45.261 [http-nio-0.0.0.0-8080-exec-1] DEBUG c.e.p.util.PerformanceLoggingAspect - SERVICE_METHOD_END: ProjetServiceImpl.getProjetsByPorteur | Duration: 289ms
2026-05-23 05:00:45.261 [http-nio-0.0.0.0-8080-exec-1] DEBUG c.e.p.util.PerformanceLoggingAspect - CONTROLLER_METHOD_END: ProjetController.getProjetsByPorteur | Duration: 293ms
2026-05-23 05:00:45.281 [http-nio-0.0.0.0-8080-exec-1] DEBUG o.s.o.j.s.OpenEntityManagerInViewInterceptor - Closing JPA EntityManager in OpenEntityManagerInViewInterceptor
2026-05-23 05:00:45.285 [http-nio-0.0.0.0-8080-exec-2] DEBUG o.s.security.web.FilterChainProxy - Securing GET /api/v1/projets/porteur/2
2026-05-23 05:00:45.286 [http-nio-0.0.0.0-8080-exec-1] INFO  c.e.p.util.HttpLoggingInterceptor - REQUEST_END [760ae467-8d8b-42c7-9fd5-bc1592f98c16] GET /api/v1/projets/porteur/2 | Status: 200 | Duration: 336ms
2026-05-23 05:00:45.288 [http-nio-0.0.0.0-8080-exec-2] DEBUG c.e.p.util.SecurityLoggingAspect - AUTHORIZATION_GRANTED: User=ANONYMOUS, Method=extractUsername
2026-05-23 05:00:45.294 [http-nio-0.0.0.0-8080-exec-2] DEBUG o.s.o.j.SharedEntityManagerCreator$SharedEntityManagerInvocationHandler - Creating new EntityManager for shared EntityManager invocation
2026-05-23 05:00:45.322 [http-nio-0.0.0.0-8080-exec-2] DEBUG org.hibernate.SQL - 
    select
        u1_0.id,
        u1_0.address,
        u1_0.admin_notes,
        u1_0.avatar_url,
        u1_0.bio,
        u1_0.preferred_category,
        u1_0.created_at,
        u1_0.email,
        u1_0.google_id,
        u1_0.kyc_status,
        u1_0.password,
        u1_0.last_name,
        u1_0.first_name,
        u1_0.role,
        u1_0.status,
        u1_0.phone,
        u1_0.ville 
    from
        users u1_0 
    where
        u1_0.email=?
2026-05-23 05:00:45.350 [http-nio-0.0.0.0-8080-exec-2] DEBUG c.e.p.util.PerformanceLoggingAspect - QUERY_EXECUTED: $Proxy166.findByEmail | Duration: 56ms
2026-05-23 05:00:45.354 [http-nio-0.0.0.0-8080-exec-2] DEBUG c.e.p.util.SecurityLoggingAspect - AUTHORIZATION_GRANTED: User=ANONYMOUS, Method=loadUserByUsername
2026-05-23 05:00:45.367 [http-nio-0.0.0.0-8080-exec-2] DEBUG c.e.p.util.SecurityLoggingAspect - AUTHORIZATION_GRANTED: User=ANONYMOUS, Method=isTokenValid
2026-05-23 05:00:45.375 [http-nio-0.0.0.0-8080-exec-2] DEBUG o.s.security.web.FilterChainProxy - Secured GET /api/v1/projets/porteur/2
2026-05-23 05:00:45.380 [http-nio-0.0.0.0-8080-exec-2] INFO  c.e.p.util.HttpLoggingInterceptor - REQUEST_START [c14b51dc-13d4-4220-ab13-dd4e2ea59428] GET /api/v1/projets/porteur/2 | IP: 172.27.232.215 | User-Agent: Mozilla/5.0 (Windows NT 10.0; Win64; x64) AppleWebKit/537.36 (KHTML, like Gecko) Chrome/148.0.0.0 Safari/537.36
2026-05-23 05:00:45.384 [http-nio-0.0.0.0-8080-exec-2] DEBUG o.s.o.j.s.OpenEntityManagerInViewInterceptor - Opening JPA EntityManager in OpenEntityManagerInViewInterceptor
2026-05-23 05:00:45.387 [http-nio-0.0.0.0-8080-exec-2] DEBUG c.e.p.util.PerformanceLoggingAspect - CONTROLLER_METHOD_START: ProjetController.getProjetsByPorteur
2026-05-23 05:00:45.389 [http-nio-0.0.0.0-8080-exec-2] DEBUG c.e.p.util.PerformanceLoggingAspect - SERVICE_METHOD_START: ProjetServiceImpl.getProjetsByPorteur
2026-05-23 05:00:45.392 [http-nio-0.0.0.0-8080-exec-2] DEBUG o.s.orm.jpa.JpaTransactionManager - Found thread-bound EntityManager [SessionImpl(1790560832<open>)] for JPA transaction
2026-05-23 05:00:45.394 [http-nio-0.0.0.0-8080-exec-2] DEBUG o.s.orm.jpa.JpaTransactionManager - Creating new transaction with name [org.springframework.data.jpa.repository.support.SimpleJpaRepository.findById]: PROPAGATION_REQUIRED,ISOLATION_DEFAULT,readOnly
2026-05-23 05:00:45.396 [http-nio-0.0.0.0-8080-exec-2] DEBUG o.s.orm.jpa.JpaTransactionManager - Exposing JPA transaction as JDBC [org.springframework.orm.jpa.vendor.HibernateJpaDialect$HibernateConnectionHandle@52c1ae1b]
2026-05-23 05:00:45.398 [http-nio-0.0.0.0-8080-exec-2] DEBUG org.hibernate.SQL - 
    select
        u1_0.id,
        u1_0.address,
        u1_0.admin_notes,
        u1_0.avatar_url,
        u1_0.bio,
        u1_0.preferred_category,
        u1_0.created_at,
        u1_0.email,
        u1_0.google_id,
        u1_0.kyc_status,
        u1_0.password,
        u1_0.last_name,
        u1_0.first_name,
        u1_0.role,
        u1_0.status,
        u1_0.phone,
        u1_0.ville 
    from
        users u1_0 
    where
        u1_0.id=?
2026-05-23 05:00:45.406 [http-nio-0.0.0.0-8080-exec-2] DEBUG o.s.orm.jpa.JpaTransactionManager - Initiating transaction commit
2026-05-23 05:00:45.408 [http-nio-0.0.0.0-8080-exec-2] DEBUG o.s.orm.jpa.JpaTransactionManager - Committing JPA transaction on EntityManager [SessionImpl(1790560832<open>)]
2026-05-23 05:00:45.412 [http-nio-0.0.0.0-8080-exec-2] DEBUG o.s.orm.jpa.JpaTransactionManager - Not closing pre-bound JPA EntityManager after transaction
2026-05-23 05:00:45.416 [http-nio-0.0.0.0-8080-exec-2] DEBUG c.e.p.util.PerformanceLoggingAspect - QUERY_EXECUTED: $Proxy166.findById | Duration: 25ms
2026-05-23 05:00:45.417 [http-nio-0.0.0.0-8080-exec-2] DEBUG c.e.p.util.DatabaseLoggingAspect - QUERY_EXECUTED: Method=findById, Duration=26ms
2026-05-23 05:00:45.419 [http-nio-0.0.0.0-8080-exec-2] DEBUG org.hibernate.SQL - 
    select
        p1_0.id,
        p1_0.admin_notes,
        p1_0.all_or_nothing,
        p1_0.categorie,
        p1_0.created_at,
        p1_0.start_date,
        p1_0.end_date,
        p1_0.description,
        p1_0.cover_image,
        p1_0.localisation,
        p1_0.current_amount,
        p1_0.investors_count,
        p1_0.funding_goal,
        p1_0.equity_percentage,
        p1_0.owner_id,
        p1_0.status,
        p1_0.suspension_deadline,
        p1_0.interest_rate,
        p1_0.titre,
        p1_0.funding_type 
    from
        projects p1_0 
    where
        p1_0.owner_id=? 
    order by
        p1_0.id desc
2026-05-23 05:00:45.467 [http-nio-0.0.0.0-8080-exec-2] DEBUG c.e.p.util.PerformanceLoggingAspect - QUERY_EXECUTED: $Proxy173.findProjectsByOwner | Duration: 49ms
2026-05-23 05:00:45.468 [http-nio-0.0.0.0-8080-exec-2] DEBUG c.e.p.util.PerformanceLoggingAspect - SERVICE_METHOD_END: ProjetServiceImpl.getProjetsByPorteur | Duration: 80ms
2026-05-23 05:00:45.468 [http-nio-0.0.0.0-8080-exec-2] DEBUG c.e.p.util.PerformanceLoggingAspect - CONTROLLER_METHOD_END: ProjetController.getProjetsByPorteur | Duration: 81ms
2026-05-23 05:00:45.471 [http-nio-0.0.0.0-8080-exec-2] DEBUG o.s.o.j.s.OpenEntityManagerInViewInterceptor - Closing JPA EntityManager in OpenEntityManagerInViewInterceptor
2026-05-23 05:00:45.478 [http-nio-0.0.0.0-8080-exec-2] INFO  c.e.p.util.HttpLoggingInterceptor - REQUEST_END [c14b51dc-13d4-4220-ab13-dd4e2ea59428] GET /api/v1/projets/porteur/2 | Status: 200 | Duration: 97ms
2026-05-23 05:01:02.637 [http-nio-0.0.0.0-8080-exec-3] DEBUG o.s.security.web.FilterChainProxy - Securing OPTIONS /api/v1/auth/login
2026-05-23 05:01:13.483 [http-nio-0.0.0.0-8080-exec-6] DEBUG o.s.security.web.FilterChainProxy - Securing OPTIONS /api/v1/utilisateurs/2
2026-05-23 05:01:13.483 [http-nio-0.0.0.0-8080-exec-5] DEBUG o.s.security.web.FilterChainProxy - Securing OPTIONS /api/v1/utilisateurs/2
2026-05-23 05:01:13.511 [http-nio-0.0.0.0-8080-exec-4] DEBUG o.s.security.web.FilterChainProxy - Securing GET /api/v1/utilisateurs/2
2026-05-23 05:01:13.514 [http-nio-0.0.0.0-8080-exec-4] DEBUG c.e.p.util.SecurityLoggingAspect - AUTHORIZATION_GRANTED: User=ANONYMOUS, Method=extractUsername
2026-05-23 05:01:13.514 [http-nio-0.0.0.0-8080-exec-4] DEBUG o.s.o.j.SharedEntityManagerCreator$SharedEntityManagerInvocationHandler - Creating new EntityManager for shared EntityManager invocation
2026-05-23 05:01:13.516 [http-nio-0.0.0.0-8080-exec-4] DEBUG org.hibernate.SQL - 
    select
        u1_0.id,
        u1_0.address,
        u1_0.admin_notes,
        u1_0.avatar_url,
        u1_0.bio,
        u1_0.preferred_category,
        u1_0.created_at,
        u1_0.email,
        u1_0.google_id,
        u1_0.kyc_status,
        u1_0.password,
        u1_0.last_name,
        u1_0.first_name,
        u1_0.role,
        u1_0.status,
        u1_0.phone,
        u1_0.ville 
    from
        users u1_0 
    where
        u1_0.email=?
2026-05-23 05:01:13.521 [http-nio-0.0.0.0-8080-exec-4] DEBUG c.e.p.util.PerformanceLoggingAspect - QUERY_EXECUTED: $Proxy166.findByEmail | Duration: 7ms
2026-05-23 05:01:13.521 [http-nio-0.0.0.0-8080-exec-4] DEBUG c.e.p.util.SecurityLoggingAspect - AUTHORIZATION_GRANTED: User=ANONYMOUS, Method=loadUserByUsername
2026-05-23 05:01:13.522 [http-nio-0.0.0.0-8080-exec-4] DEBUG c.e.p.util.SecurityLoggingAspect - AUTHORIZATION_GRANTED: User=ANONYMOUS, Method=isTokenValid
2026-05-23 05:01:13.524 [http-nio-0.0.0.0-8080-exec-4] DEBUG o.s.security.web.FilterChainProxy - Secured GET /api/v1/utilisateurs/2
2026-05-23 05:01:13.525 [http-nio-0.0.0.0-8080-exec-4] INFO  c.e.p.util.HttpLoggingInterceptor - REQUEST_START [b52ab5a1-82da-42ea-b19d-a5afddfdc659] GET /api/v1/utilisateurs/2 | IP: 172.27.232.215 | User-Agent: Mozilla/5.0 (Windows NT 10.0; Win64; x64) AppleWebKit/537.36 (KHTML, like Gecko) Chrome/148.0.0.0 Safari/537.36
2026-05-23 05:01:13.525 [http-nio-0.0.0.0-8080-exec-4] DEBUG o.s.o.j.s.OpenEntityManagerInViewInterceptor - Opening JPA EntityManager in OpenEntityManagerInViewInterceptor
2026-05-23 05:01:13.526 [http-nio-0.0.0.0-8080-exec-4] DEBUG c.e.p.util.PerformanceLoggingAspect - CONTROLLER_METHOD_START: UtilisateurController.getProfil
2026-05-23 05:01:13.527 [http-nio-0.0.0.0-8080-exec-4] DEBUG c.e.p.util.PerformanceLoggingAspect - SERVICE_METHOD_START: UtilisateurServiceImpl.getProfil
2026-05-23 05:01:13.528 [http-nio-0.0.0.0-8080-exec-4] DEBUG o.s.orm.jpa.JpaTransactionManager - Found thread-bound EntityManager [SessionImpl(329249292<open>)] for JPA transaction
2026-05-23 05:01:13.528 [http-nio-0.0.0.0-8080-exec-4] DEBUG o.s.orm.jpa.JpaTransactionManager - Creating new transaction with name [org.springframework.data.jpa.repository.support.SimpleJpaRepository.findById]: PROPAGATION_REQUIRED,ISOLATION_DEFAULT,readOnly
2026-05-23 05:01:13.530 [http-nio-0.0.0.0-8080-exec-4] DEBUG o.s.orm.jpa.JpaTransactionManager - Exposing JPA transaction as JDBC [org.springframework.orm.jpa.vendor.HibernateJpaDialect$HibernateConnectionHandle@31ece8]
2026-05-23 05:01:13.530 [http-nio-0.0.0.0-8080-exec-4] DEBUG org.hibernate.SQL - 
    select
        u1_0.id,
        u1_0.address,
        u1_0.admin_notes,
        u1_0.avatar_url,
        u1_0.bio,
        u1_0.preferred_category,
        u1_0.created_at,
        u1_0.email,
        u1_0.google_id,
        u1_0.kyc_status,
        u1_0.password,
        u1_0.last_name,
        u1_0.first_name,
        u1_0.role,
        u1_0.status,
        u1_0.phone,
        u1_0.ville 
    from
        users u1_0 
    where
        u1_0.id=?
2026-05-23 05:01:13.534 [http-nio-0.0.0.0-8080-exec-4] DEBUG o.s.orm.jpa.JpaTransactionManager - Initiating transaction commit
2026-05-23 05:01:13.536 [http-nio-0.0.0.0-8080-exec-4] DEBUG o.s.orm.jpa.JpaTransactionManager - Committing JPA transaction on EntityManager [SessionImpl(329249292<open>)]
2026-05-23 05:01:13.538 [http-nio-0.0.0.0-8080-exec-4] DEBUG o.s.orm.jpa.JpaTransactionManager - Not closing pre-bound JPA EntityManager after transaction
2026-05-23 05:01:13.538 [http-nio-0.0.0.0-8080-exec-4] DEBUG c.e.p.util.PerformanceLoggingAspect - QUERY_EXECUTED: $Proxy166.findById | Duration: 10ms
2026-05-23 05:01:13.539 [http-nio-0.0.0.0-8080-exec-4] DEBUG c.e.p.util.DatabaseLoggingAspect - QUERY_EXECUTED: Method=findById, Duration=11ms
2026-05-23 05:01:13.540 [http-nio-0.0.0.0-8080-exec-4] DEBUG c.e.p.util.PerformanceLoggingAspect - SERVICE_METHOD_END: UtilisateurServiceImpl.getProfil | Duration: 13ms
2026-05-23 05:01:13.540 [http-nio-0.0.0.0-8080-exec-4] DEBUG c.e.p.util.PerformanceLoggingAspect - CONTROLLER_METHOD_END: UtilisateurController.getProfil | Duration: 14ms
2026-05-23 05:01:13.556 [http-nio-0.0.0.0-8080-exec-4] DEBUG o.s.o.j.s.OpenEntityManagerInViewInterceptor - Closing JPA EntityManager in OpenEntityManagerInViewInterceptor
2026-05-23 05:01:13.561 [http-nio-0.0.0.0-8080-exec-4] INFO  c.e.p.util.HttpLoggingInterceptor - REQUEST_END [b52ab5a1-82da-42ea-b19d-a5afddfdc659] GET /api/v1/utilisateurs/2 | Status: 200 | Duration: 36ms
2026-05-23 05:01:13.573 [http-nio-0.0.0.0-8080-exec-7] DEBUG o.s.security.web.FilterChainProxy - Securing GET /api/v1/utilisateurs/2
2026-05-23 05:01:13.580 [http-nio-0.0.0.0-8080-exec-7] DEBUG c.e.p.util.SecurityLoggingAspect - AUTHORIZATION_GRANTED: User=ANONYMOUS, Method=extractUsername
2026-05-23 05:01:13.581 [http-nio-0.0.0.0-8080-exec-7] DEBUG o.s.o.j.SharedEntityManagerCreator$SharedEntityManagerInvocationHandler - Creating new EntityManager for shared EntityManager invocation
2026-05-23 05:01:13.586 [http-nio-0.0.0.0-8080-exec-7] DEBUG org.hibernate.SQL - 
    select
        u1_0.id,
        u1_0.address,
        u1_0.admin_notes,
        u1_0.avatar_url,
        u1_0.bio,
        u1_0.preferred_category,
        u1_0.created_at,
        u1_0.email,
        u1_0.google_id,
        u1_0.kyc_status,
        u1_0.password,
        u1_0.last_name,
        u1_0.first_name,
        u1_0.role,
        u1_0.status,
        u1_0.phone,
        u1_0.ville 
    from
        users u1_0 
    where
        u1_0.email=?
2026-05-23 05:01:13.591 [http-nio-0.0.0.0-8080-exec-7] DEBUG c.e.p.util.PerformanceLoggingAspect - QUERY_EXECUTED: $Proxy166.findByEmail | Duration: 10ms
2026-05-23 05:01:13.591 [http-nio-0.0.0.0-8080-exec-7] DEBUG c.e.p.util.SecurityLoggingAspect - AUTHORIZATION_GRANTED: User=ANONYMOUS, Method=loadUserByUsername
2026-05-23 05:01:13.594 [http-nio-0.0.0.0-8080-exec-7] DEBUG c.e.p.util.SecurityLoggingAspect - AUTHORIZATION_GRANTED: User=ANONYMOUS, Method=isTokenValid
2026-05-23 05:01:13.595 [http-nio-0.0.0.0-8080-exec-7] DEBUG o.s.security.web.FilterChainProxy - Secured GET /api/v1/utilisateurs/2
2026-05-23 05:01:13.596 [http-nio-0.0.0.0-8080-exec-7] INFO  c.e.p.util.HttpLoggingInterceptor - REQUEST_START [3745a939-e771-4fac-8d75-3c0eb063191e] GET /api/v1/utilisateurs/2 | IP: 172.27.232.215 | User-Agent: Mozilla/5.0 (Windows NT 10.0; Win64; x64) AppleWebKit/537.36 (KHTML, like Gecko) Chrome/148.0.0.0 Safari/537.36
2026-05-23 05:01:13.596 [http-nio-0.0.0.0-8080-exec-7] DEBUG o.s.o.j.s.OpenEntityManagerInViewInterceptor - Opening JPA EntityManager in OpenEntityManagerInViewInterceptor
2026-05-23 05:01:13.597 [http-nio-0.0.0.0-8080-exec-7] DEBUG c.e.p.util.PerformanceLoggingAspect - CONTROLLER_METHOD_START: UtilisateurController.getProfil
2026-05-23 05:01:13.598 [http-nio-0.0.0.0-8080-exec-7] DEBUG c.e.p.util.PerformanceLoggingAspect - SERVICE_METHOD_START: UtilisateurServiceImpl.getProfil
2026-05-23 05:01:13.598 [http-nio-0.0.0.0-8080-exec-7] DEBUG o.s.orm.jpa.JpaTransactionManager - Found thread-bound EntityManager [SessionImpl(796147630<open>)] for JPA transaction
2026-05-23 05:01:13.598 [http-nio-0.0.0.0-8080-exec-7] DEBUG o.s.orm.jpa.JpaTransactionManager - Creating new transaction with name [org.springframework.data.jpa.repository.support.SimpleJpaRepository.findById]: PROPAGATION_REQUIRED,ISOLATION_DEFAULT,readOnly
2026-05-23 05:01:13.602 [http-nio-0.0.0.0-8080-exec-7] DEBUG o.s.orm.jpa.JpaTransactionManager - Exposing JPA transaction as JDBC [org.springframework.orm.jpa.vendor.HibernateJpaDialect$HibernateConnectionHandle@1748bb22]
2026-05-23 05:01:13.607 [http-nio-0.0.0.0-8080-exec-7] DEBUG org.hibernate.SQL - 
    select
        u1_0.id,
        u1_0.address,
        u1_0.admin_notes,
        u1_0.avatar_url,
        u1_0.bio,
        u1_0.preferred_category,
        u1_0.created_at,
        u1_0.email,
        u1_0.google_id,
        u1_0.kyc_status,
        u1_0.password,
        u1_0.last_name,
        u1_0.first_name,
        u1_0.role,
        u1_0.status,
        u1_0.phone,
        u1_0.ville 
    from
        users u1_0 
    where
        u1_0.id=?
2026-05-23 05:01:13.611 [http-nio-0.0.0.0-8080-exec-7] DEBUG o.s.orm.jpa.JpaTransactionManager - Initiating transaction commit
2026-05-23 05:01:13.611 [http-nio-0.0.0.0-8080-exec-7] DEBUG o.s.orm.jpa.JpaTransactionManager - Committing JPA transaction on EntityManager [SessionImpl(796147630<open>)]
2026-05-23 05:01:13.613 [http-nio-0.0.0.0-8080-exec-7] DEBUG o.s.orm.jpa.JpaTransactionManager - Not closing pre-bound JPA EntityManager after transaction
2026-05-23 05:01:13.613 [http-nio-0.0.0.0-8080-exec-7] DEBUG c.e.p.util.PerformanceLoggingAspect - QUERY_EXECUTED: $Proxy166.findById | Duration: 15ms
2026-05-23 05:01:13.614 [http-nio-0.0.0.0-8080-exec-7] DEBUG c.e.p.util.DatabaseLoggingAspect - QUERY_EXECUTED: Method=findById, Duration=16ms
2026-05-23 05:01:13.614 [http-nio-0.0.0.0-8080-exec-7] DEBUG c.e.p.util.PerformanceLoggingAspect - SERVICE_METHOD_END: UtilisateurServiceImpl.getProfil | Duration: 16ms
2026-05-23 05:01:13.614 [http-nio-0.0.0.0-8080-exec-7] DEBUG c.e.p.util.PerformanceLoggingAspect - CONTROLLER_METHOD_END: UtilisateurController.getProfil | Duration: 17ms
2026-05-23 05:01:13.616 [http-nio-0.0.0.0-8080-exec-7] DEBUG o.s.o.j.s.OpenEntityManagerInViewInterceptor - Closing JPA EntityManager in OpenEntityManagerInViewInterceptor
2026-05-23 05:01:13.623 [http-nio-0.0.0.0-8080-exec-7] INFO  c.e.p.util.HttpLoggingInterceptor - REQUEST_END [3745a939-e771-4fac-8d75-3c0eb063191e] GET /api/v1/utilisateurs/2 | Status: 200 | Duration: 26ms
2026-05-23 05:01:57.233 [http-nio-0.0.0.0-8080-exec-8] DEBUG o.s.security.web.FilterChainProxy - Securing GET /api/v1/projets/active
2026-05-23 05:01:57.242 [http-nio-0.0.0.0-8080-exec-2] DEBUG o.s.security.web.FilterChainProxy - Securing GET /api/v1/projets/active
2026-05-23 05:02:08.711 [http-nio-0.0.0.0-8080-exec-3] DEBUG o.s.security.web.FilterChainProxy - Securing OPTIONS /api/v1/auth/login
2026-05-23 05:02:44.991 [http-nio-0.0.0.0-8080-exec-4] DEBUG o.s.security.web.FilterChainProxy - Securing GET /api/v1/projets/active
2026-05-23 05:02:45.000 [http-nio-0.0.0.0-8080-exec-7] DEBUG o.s.security.web.FilterChainProxy - Securing GET /api/v1/projets/active
2026-05-23 05:02:58.111 [http-nio-0.0.0.0-8080-exec-9] DEBUG o.s.security.web.FilterChainProxy - Securing OPTIONS /api/v1/auth/login
2026-05-23 05:03:59.388 [SpringApplicationShutdownHook] INFO  o.s.m.s.b.SimpleBrokerMessageHandler - Stopping...
2026-05-23 05:03:59.389 [SpringApplicationShutdownHook] INFO  o.s.m.s.b.SimpleBrokerMessageHandler - BrokerAvailabilityEvent[available=false, SimpleBrokerMessageHandler [org.springframework.messaging.simp.broker.DefaultSubscriptionRegistry@404f665e]]
2026-05-23 05:03:59.390 [SpringApplicationShutdownHook] INFO  o.s.m.s.b.SimpleBrokerMessageHandler - Stopped.
2026-05-23 05:03:59.461 [SpringApplicationShutdownHook] INFO  o.s.o.j.LocalContainerEntityManagerFactoryBean - Closing JPA EntityManagerFactory for persistence unit 'default'
2026-05-23 05:03:59.464 [SpringApplicationShutdownHook] INFO  com.zaxxer.hikari.HikariDataSource - HikariPool-1 - Shutdown initiated...
2026-05-23 05:03:59.483 [SpringApplicationShutdownHook] INFO  com.zaxxer.hikari.HikariDataSource - HikariPool-1 - Shutdown completed.
2026-05-23 05:05:05.706 [main] INFO  c.example.project.ProjectApplication - Starting ProjectApplication using Java 17.0.12 with PID 9764 (C:\Users\Mc-kevin\mck\tutoree\crowdfunding\crowdfunding-backend\target\classes started by Mc-kevin in C:\Users\Mc-kevin\mck\tutoree\crowdfunding\crowdfunding-backend)
2026-05-23 05:05:05.709 [main] DEBUG c.example.project.ProjectApplication - Running with Spring Boot v3.2.5, Spring v6.1.6
2026-05-23 05:05:05.709 [main] INFO  c.example.project.ProjectApplication - No active profile set, falling back to 1 default profile: "default"
2026-05-23 05:05:11.059 [main] INFO  o.s.b.w.e.tomcat.TomcatWebServer - Tomcat initialized with port 8080 (http)
2026-05-23 05:05:11.090 [main] INFO  o.a.catalina.core.StandardService - Starting service [Tomcat]
2026-05-23 05:05:11.092 [main] INFO  o.a.catalina.core.StandardEngine - Starting Servlet engine: [Apache Tomcat/10.1.20]
2026-05-23 05:05:11.351 [main] INFO  o.a.c.c.C.[Tomcat].[localhost].[/] - Initializing Spring embedded WebApplicationContext
2026-05-23 05:05:11.352 [main] INFO  o.s.b.w.s.c.ServletWebServerApplicationContext - Root WebApplicationContext: initialization completed in 5556 ms
2026-05-23 05:05:12.186 [main] DEBUG o.s.o.j.LocalContainerEntityManagerFactoryBean - Building JPA container EntityManagerFactory for persistence unit 'default'
2026-05-23 05:05:14.137 [main] INFO  o.s.o.j.p.SpringPersistenceUnitInfo - No LoadTimeWeaver setup: ignoring JPA class transformer
2026-05-23 05:05:14.793 [main] INFO  com.zaxxer.hikari.HikariDataSource - HikariPool-1 - Starting...
2026-05-23 05:05:15.301 [main] INFO  com.zaxxer.hikari.pool.HikariPool - HikariPool-1 - Added connection com.mysql.cj.jdbc.ConnectionImpl@4c3c31a5
2026-05-23 05:05:15.315 [main] INFO  com.zaxxer.hikari.HikariDataSource - HikariPool-1 - Start completed.
2026-05-23 05:05:16.197 [main] WARN  org.hibernate.orm.deprecation - HHH90000025: MySQLDialect does not need to be specified explicitly using 'hibernate.dialect' (remove the property setting and it will be selected by default)
2026-05-23 05:05:19.846 [main] INFO  o.s.o.j.LocalContainerEntityManagerFactoryBean - Initialized JPA EntityManagerFactory for persistence unit 'default'
2026-05-23 05:05:20.457 [main] DEBUG o.s.o.j.SharedEntityManagerCreator$SharedEntityManagerInvocationHandler - Creating new EntityManager for shared EntityManager invocation
2026-05-23 05:05:21.018 [main] DEBUG o.s.o.j.SharedEntityManagerCreator$SharedEntityManagerInvocationHandler - Creating new EntityManager for shared EntityManager invocation
2026-05-23 05:05:21.357 [main] DEBUG o.s.o.j.SharedEntityManagerCreator$SharedEntityManagerInvocationHandler - Creating new EntityManager for shared EntityManager invocation
2026-05-23 05:05:21.484 [main] DEBUG o.s.o.j.SharedEntityManagerCreator$SharedEntityManagerInvocationHandler - Creating new EntityManager for shared EntityManager invocation
2026-05-23 05:05:21.611 [main] DEBUG o.s.o.j.SharedEntityManagerCreator$SharedEntityManagerInvocationHandler - Creating new EntityManager for shared EntityManager invocation
2026-05-23 05:05:22.015 [main] DEBUG o.s.o.j.SharedEntityManagerCreator$SharedEntityManagerInvocationHandler - Creating new EntityManager for shared EntityManager invocation
2026-05-23 05:05:22.341 [main] DEBUG o.s.o.j.SharedEntityManagerCreator$SharedEntityManagerInvocationHandler - Creating new EntityManager for shared EntityManager invocation
2026-05-23 05:05:22.346 [main] DEBUG o.s.o.j.SharedEntityManagerCreator$SharedEntityManagerInvocationHandler - Creating new EntityManager for shared EntityManager invocation
2026-05-23 05:05:22.730 [main] DEBUG c.e.project.security.JwtAuthFilter - Filter 'jwtAuthFilter' configured for use
2026-05-23 05:05:22.849 [main] DEBUG o.s.o.j.SharedEntityManagerCreator$SharedEntityManagerInvocationHandler - Creating new EntityManager for shared EntityManager invocation
2026-05-23 05:05:22.889 [main] DEBUG o.s.o.j.SharedEntityManagerCreator$SharedEntityManagerInvocationHandler - Creating new EntityManager for shared EntityManager invocation
2026-05-23 05:05:22.894 [main] DEBUG o.s.o.j.SharedEntityManagerCreator$SharedEntityManagerInvocationHandler - Creating new EntityManager for shared EntityManager invocation
2026-05-23 05:05:22.901 [main] DEBUG o.s.o.j.SharedEntityManagerCreator$SharedEntityManagerInvocationHandler - Creating new EntityManager for shared EntityManager invocation
2026-05-23 05:05:22.915 [main] DEBUG o.s.o.j.SharedEntityManagerCreator$SharedEntityManagerInvocationHandler - Creating new EntityManager for shared EntityManager invocation
2026-05-23 05:05:23.096 [main] DEBUG o.s.o.j.SharedEntityManagerCreator$SharedEntityManagerInvocationHandler - Creating new EntityManager for shared EntityManager invocation
2026-05-23 05:05:23.097 [main] DEBUG o.s.o.j.SharedEntityManagerCreator$SharedEntityManagerInvocationHandler - Creating new EntityManager for shared EntityManager invocation
2026-05-23 05:05:23.102 [main] DEBUG o.s.o.j.SharedEntityManagerCreator$SharedEntityManagerInvocationHandler - Creating new EntityManager for shared EntityManager invocation
2026-05-23 05:05:23.114 [main] DEBUG o.s.o.j.SharedEntityManagerCreator$SharedEntityManagerInvocationHandler - Creating new EntityManager for shared EntityManager invocation
2026-05-23 05:05:23.129 [main] DEBUG o.s.o.j.SharedEntityManagerCreator$SharedEntityManagerInvocationHandler - Creating new EntityManager for shared EntityManager invocation
2026-05-23 05:05:23.146 [main] DEBUG o.s.o.j.SharedEntityManagerCreator$SharedEntityManagerInvocationHandler - Creating new EntityManager for shared EntityManager invocation
2026-05-23 05:05:23.157 [main] DEBUG o.s.o.j.SharedEntityManagerCreator$SharedEntityManagerInvocationHandler - Creating new EntityManager for shared EntityManager invocation
2026-05-23 05:05:24.140 [main] DEBUG o.s.o.j.SharedEntityManagerCreator$SharedEntityManagerInvocationHandler - Creating new EntityManager for shared EntityManager invocation
2026-05-23 05:05:24.260 [main] DEBUG o.s.o.j.SharedEntityManagerCreator$SharedEntityManagerInvocationHandler - Creating new EntityManager for shared EntityManager invocation
2026-05-23 05:05:24.270 [main] DEBUG o.s.o.j.SharedEntityManagerCreator$SharedEntityManagerInvocationHandler - Creating new EntityManager for shared EntityManager invocation
2026-05-23 05:05:24.276 [main] DEBUG o.s.o.j.SharedEntityManagerCreator$SharedEntityManagerInvocationHandler - Creating new EntityManager for shared EntityManager invocation
2026-05-23 05:05:24.461 [main] DEBUG o.s.o.j.SharedEntityManagerCreator$SharedEntityManagerInvocationHandler - Creating new EntityManager for shared EntityManager invocation
2026-05-23 05:05:24.466 [main] DEBUG o.s.o.j.SharedEntityManagerCreator$SharedEntityManagerInvocationHandler - Creating new EntityManager for shared EntityManager invocation
2026-05-23 05:05:24.473 [main] DEBUG o.s.o.j.SharedEntityManagerCreator$SharedEntityManagerInvocationHandler - Creating new EntityManager for shared EntityManager invocation
2026-05-23 05:05:24.476 [main] DEBUG o.s.o.j.SharedEntityManagerCreator$SharedEntityManagerInvocationHandler - Creating new EntityManager for shared EntityManager invocation
2026-05-23 05:05:24.488 [main] DEBUG o.s.o.j.SharedEntityManagerCreator$SharedEntityManagerInvocationHandler - Creating new EntityManager for shared EntityManager invocation
2026-05-23 05:05:24.491 [main] DEBUG o.s.o.j.SharedEntityManagerCreator$SharedEntityManagerInvocationHandler - Creating new EntityManager for shared EntityManager invocation
2026-05-23 05:05:24.922 [main] DEBUG o.s.o.j.SharedEntityManagerCreator$SharedEntityManagerInvocationHandler - Creating new EntityManager for shared EntityManager invocation
2026-05-23 05:05:24.927 [main] DEBUG o.s.o.j.SharedEntityManagerCreator$SharedEntityManagerInvocationHandler - Creating new EntityManager for shared EntityManager invocation
2026-05-23 05:05:24.932 [main] DEBUG o.s.o.j.SharedEntityManagerCreator$SharedEntityManagerInvocationHandler - Creating new EntityManager for shared EntityManager invocation
2026-05-23 05:05:24.938 [main] DEBUG o.s.o.j.SharedEntityManagerCreator$SharedEntityManagerInvocationHandler - Creating new EntityManager for shared EntityManager invocation
2026-05-23 05:05:24.945 [main] DEBUG o.s.o.j.SharedEntityManagerCreator$SharedEntityManagerInvocationHandler - Creating new EntityManager for shared EntityManager invocation
2026-05-23 05:05:24.949 [main] DEBUG o.s.o.j.SharedEntityManagerCreator$SharedEntityManagerInvocationHandler - Creating new EntityManager for shared EntityManager invocation
2026-05-23 05:05:24.966 [main] DEBUG o.s.o.j.SharedEntityManagerCreator$SharedEntityManagerInvocationHandler - Creating new EntityManager for shared EntityManager invocation
2026-05-23 05:05:24.992 [main] DEBUG o.s.o.j.SharedEntityManagerCreator$SharedEntityManagerInvocationHandler - Creating new EntityManager for shared EntityManager invocation
2026-05-23 05:05:25.148 [main] DEBUG o.s.o.j.SharedEntityManagerCreator$SharedEntityManagerInvocationHandler - Creating new EntityManager for shared EntityManager invocation
2026-05-23 05:05:25.158 [main] DEBUG o.s.o.j.SharedEntityManagerCreator$SharedEntityManagerInvocationHandler - Creating new EntityManager for shared EntityManager invocation
2026-05-23 05:05:25.164 [main] DEBUG o.s.o.j.SharedEntityManagerCreator$SharedEntityManagerInvocationHandler - Creating new EntityManager for shared EntityManager invocation
2026-05-23 05:05:25.167 [main] DEBUG o.s.o.j.SharedEntityManagerCreator$SharedEntityManagerInvocationHandler - Creating new EntityManager for shared EntityManager invocation
2026-05-23 05:05:25.171 [main] DEBUG o.s.o.j.SharedEntityManagerCreator$SharedEntityManagerInvocationHandler - Creating new EntityManager for shared EntityManager invocation
2026-05-23 05:05:25.175 [main] DEBUG o.s.o.j.SharedEntityManagerCreator$SharedEntityManagerInvocationHandler - Creating new EntityManager for shared EntityManager invocation
2026-05-23 05:05:25.178 [main] DEBUG o.s.o.j.SharedEntityManagerCreator$SharedEntityManagerInvocationHandler - Creating new EntityManager for shared EntityManager invocation
2026-05-23 05:05:25.312 [main] DEBUG o.s.o.j.SharedEntityManagerCreator$SharedEntityManagerInvocationHandler - Creating new EntityManager for shared EntityManager invocation
2026-05-23 05:05:25.314 [main] DEBUG o.s.o.j.SharedEntityManagerCreator$SharedEntityManagerInvocationHandler - Creating new EntityManager for shared EntityManager invocation
2026-05-23 05:05:25.318 [main] DEBUG o.s.o.j.SharedEntityManagerCreator$SharedEntityManagerInvocationHandler - Creating new EntityManager for shared EntityManager invocation
2026-05-23 05:05:25.324 [main] DEBUG o.s.o.j.SharedEntityManagerCreator$SharedEntityManagerInvocationHandler - Creating new EntityManager for shared EntityManager invocation
2026-05-23 05:05:25.552 [main] DEBUG o.s.o.j.SharedEntityManagerCreator$SharedEntityManagerInvocationHandler - Creating new EntityManager for shared EntityManager invocation
2026-05-23 05:05:25.558 [main] DEBUG o.s.o.j.SharedEntityManagerCreator$SharedEntityManagerInvocationHandler - Creating new EntityManager for shared EntityManager invocation
2026-05-23 05:05:25.561 [main] DEBUG o.s.o.j.SharedEntityManagerCreator$SharedEntityManagerInvocationHandler - Creating new EntityManager for shared EntityManager invocation
2026-05-23 05:05:25.564 [main] DEBUG o.s.o.j.SharedEntityManagerCreator$SharedEntityManagerInvocationHandler - Creating new EntityManager for shared EntityManager invocation
2026-05-23 05:05:25.573 [main] DEBUG o.s.o.j.SharedEntityManagerCreator$SharedEntityManagerInvocationHandler - Creating new EntityManager for shared EntityManager invocation
2026-05-23 05:05:26.002 [main] DEBUG o.s.o.j.SharedEntityManagerCreator$SharedEntityManagerInvocationHandler - Creating new EntityManager for shared EntityManager invocation
2026-05-23 05:05:26.008 [main] DEBUG o.s.o.j.SharedEntityManagerCreator$SharedEntityManagerInvocationHandler - Creating new EntityManager for shared EntityManager invocation
2026-05-23 05:05:26.015 [main] DEBUG o.s.o.j.SharedEntityManagerCreator$SharedEntityManagerInvocationHandler - Creating new EntityManager for shared EntityManager invocation
2026-05-23 05:05:26.200 [main] DEBUG o.s.o.j.SharedEntityManagerCreator$SharedEntityManagerInvocationHandler - Creating new EntityManager for shared EntityManager invocation
2026-05-23 05:05:26.202 [main] DEBUG o.s.o.j.SharedEntityManagerCreator$SharedEntityManagerInvocationHandler - Creating new EntityManager for shared EntityManager invocation
2026-05-23 05:05:26.205 [main] DEBUG o.s.o.j.SharedEntityManagerCreator$SharedEntityManagerInvocationHandler - Creating new EntityManager for shared EntityManager invocation
2026-05-23 05:05:26.211 [main] DEBUG o.s.o.j.SharedEntityManagerCreator$SharedEntityManagerInvocationHandler - Creating new EntityManager for shared EntityManager invocation
2026-05-23 05:05:26.216 [main] DEBUG o.s.o.j.SharedEntityManagerCreator$SharedEntityManagerInvocationHandler - Creating new EntityManager for shared EntityManager invocation
2026-05-23 05:05:26.417 [main] DEBUG o.s.o.j.SharedEntityManagerCreator$SharedEntityManagerInvocationHandler - Creating new EntityManager for shared EntityManager invocation
2026-05-23 05:05:26.424 [main] DEBUG o.s.o.j.SharedEntityManagerCreator$SharedEntityManagerInvocationHandler - Creating new EntityManager for shared EntityManager invocation
2026-05-23 05:05:26.428 [main] DEBUG o.s.o.j.SharedEntityManagerCreator$SharedEntityManagerInvocationHandler - Creating new EntityManager for shared EntityManager invocation
2026-05-23 05:05:26.430 [main] DEBUG o.s.o.j.SharedEntityManagerCreator$SharedEntityManagerInvocationHandler - Creating new EntityManager for shared EntityManager invocation
2026-05-23 05:05:26.435 [main] DEBUG o.s.o.j.SharedEntityManagerCreator$SharedEntityManagerInvocationHandler - Creating new EntityManager for shared EntityManager invocation
2026-05-23 05:05:26.443 [main] DEBUG o.s.o.j.SharedEntityManagerCreator$SharedEntityManagerInvocationHandler - Creating new EntityManager for shared EntityManager invocation
2026-05-23 05:05:26.663 [main] DEBUG o.s.o.j.SharedEntityManagerCreator$SharedEntityManagerInvocationHandler - Creating new EntityManager for shared EntityManager invocation
2026-05-23 05:05:26.670 [main] DEBUG o.s.o.j.SharedEntityManagerCreator$SharedEntityManagerInvocationHandler - Creating new EntityManager for shared EntityManager invocation
2026-05-23 05:05:26.674 [main] DEBUG o.s.o.j.SharedEntityManagerCreator$SharedEntityManagerInvocationHandler - Creating new EntityManager for shared EntityManager invocation
2026-05-23 05:05:26.676 [main] DEBUG o.s.o.j.SharedEntityManagerCreator$SharedEntityManagerInvocationHandler - Creating new EntityManager for shared EntityManager invocation
2026-05-23 05:05:26.833 [main] DEBUG o.s.o.j.SharedEntityManagerCreator$SharedEntityManagerInvocationHandler - Creating new EntityManager for shared EntityManager invocation
2026-05-23 05:05:26.839 [main] DEBUG o.s.o.j.SharedEntityManagerCreator$SharedEntityManagerInvocationHandler - Creating new EntityManager for shared EntityManager invocation
2026-05-23 05:05:26.843 [main] DEBUG o.s.o.j.SharedEntityManagerCreator$SharedEntityManagerInvocationHandler - Creating new EntityManager for shared EntityManager invocation
2026-05-23 05:05:26.844 [main] DEBUG o.s.o.j.SharedEntityManagerCreator$SharedEntityManagerInvocationHandler - Creating new EntityManager for shared EntityManager invocation
2026-05-23 05:05:26.847 [main] DEBUG o.s.o.j.SharedEntityManagerCreator$SharedEntityManagerInvocationHandler - Creating new EntityManager for shared EntityManager invocation
2026-05-23 05:05:27.038 [main] DEBUG o.s.o.j.SharedEntityManagerCreator$SharedEntityManagerInvocationHandler - Creating new EntityManager for shared EntityManager invocation
2026-05-23 05:05:27.046 [main] DEBUG o.s.o.j.SharedEntityManagerCreator$SharedEntityManagerInvocationHandler - Creating new EntityManager for shared EntityManager invocation
2026-05-23 05:05:27.054 [main] DEBUG o.s.o.j.SharedEntityManagerCreator$SharedEntityManagerInvocationHandler - Creating new EntityManager for shared EntityManager invocation
2026-05-23 05:05:27.230 [main] DEBUG o.s.o.j.SharedEntityManagerCreator$SharedEntityManagerInvocationHandler - Creating new EntityManager for shared EntityManager invocation
2026-05-23 05:05:27.237 [main] DEBUG o.s.o.j.SharedEntityManagerCreator$SharedEntityManagerInvocationHandler - Creating new EntityManager for shared EntityManager invocation
2026-05-23 05:05:27.242 [main] DEBUG o.s.o.j.SharedEntityManagerCreator$SharedEntityManagerInvocationHandler - Creating new EntityManager for shared EntityManager invocation
2026-05-23 05:05:27.247 [main] DEBUG o.s.o.j.SharedEntityManagerCreator$SharedEntityManagerInvocationHandler - Creating new EntityManager for shared EntityManager invocation
2026-05-23 05:05:27.415 [main] DEBUG o.s.o.j.SharedEntityManagerCreator$SharedEntityManagerInvocationHandler - Creating new EntityManager for shared EntityManager invocation
2026-05-23 05:05:27.423 [main] DEBUG o.s.o.j.SharedEntityManagerCreator$SharedEntityManagerInvocationHandler - Creating new EntityManager for shared EntityManager invocation
2026-05-23 05:05:27.428 [main] DEBUG o.s.o.j.SharedEntityManagerCreator$SharedEntityManagerInvocationHandler - Creating new EntityManager for shared EntityManager invocation
2026-05-23 05:05:27.462 [main] DEBUG o.s.o.j.SharedEntityManagerCreator$SharedEntityManagerInvocationHandler - Creating new EntityManager for shared EntityManager invocation
2026-05-23 05:05:27.597 [main] DEBUG o.s.o.j.SharedEntityManagerCreator$SharedEntityManagerInvocationHandler - Creating new EntityManager for shared EntityManager invocation
2026-05-23 05:05:27.883 [main] DEBUG o.s.o.j.SharedEntityManagerCreator$SharedEntityManagerInvocationHandler - Creating new EntityManager for shared EntityManager invocation
2026-05-23 05:05:27.887 [main] DEBUG o.s.o.j.SharedEntityManagerCreator$SharedEntityManagerInvocationHandler - Creating new EntityManager for shared EntityManager invocation
2026-05-23 05:05:27.889 [main] DEBUG o.s.o.j.SharedEntityManagerCreator$SharedEntityManagerInvocationHandler - Creating new EntityManager for shared EntityManager invocation
2026-05-23 05:05:28.073 [main] DEBUG o.s.o.j.SharedEntityManagerCreator$SharedEntityManagerInvocationHandler - Creating new EntityManager for shared EntityManager invocation
2026-05-23 05:05:28.075 [main] DEBUG o.s.o.j.SharedEntityManagerCreator$SharedEntityManagerInvocationHandler - Creating new EntityManager for shared EntityManager invocation
2026-05-23 05:05:28.078 [main] DEBUG o.s.o.j.SharedEntityManagerCreator$SharedEntityManagerInvocationHandler - Creating new EntityManager for shared EntityManager invocation
2026-05-23 05:05:28.080 [main] DEBUG o.s.o.j.SharedEntityManagerCreator$SharedEntityManagerInvocationHandler - Creating new EntityManager for shared EntityManager invocation
2026-05-23 05:05:28.087 [main] DEBUG o.s.o.j.SharedEntityManagerCreator$SharedEntityManagerInvocationHandler - Creating new EntityManager for shared EntityManager invocation
2026-05-23 05:05:28.091 [main] DEBUG o.s.o.j.SharedEntityManagerCreator$SharedEntityManagerInvocationHandler - Creating new EntityManager for shared EntityManager invocation
2026-05-23 05:05:28.346 [main] DEBUG o.s.o.j.SharedEntityManagerCreator$SharedEntityManagerInvocationHandler - Creating new EntityManager for shared EntityManager invocation
2026-05-23 05:05:28.349 [main] DEBUG o.s.o.j.SharedEntityManagerCreator$SharedEntityManagerInvocationHandler - Creating new EntityManager for shared EntityManager invocation
2026-05-23 05:05:28.353 [main] DEBUG o.s.o.j.SharedEntityManagerCreator$SharedEntityManagerInvocationHandler - Creating new EntityManager for shared EntityManager invocation
2026-05-23 05:05:28.518 [main] DEBUG o.s.o.j.SharedEntityManagerCreator$SharedEntityManagerInvocationHandler - Creating new EntityManager for shared EntityManager invocation
2026-05-23 05:05:28.521 [main] DEBUG o.s.o.j.SharedEntityManagerCreator$SharedEntityManagerInvocationHandler - Creating new EntityManager for shared EntityManager invocation
2026-05-23 05:05:28.523 [main] DEBUG o.s.o.j.SharedEntityManagerCreator$SharedEntityManagerInvocationHandler - Creating new EntityManager for shared EntityManager invocation
2026-05-23 05:05:28.528 [main] DEBUG o.s.o.j.SharedEntityManagerCreator$SharedEntityManagerInvocationHandler - Creating new EntityManager for shared EntityManager invocation
2026-05-23 05:05:28.532 [main] DEBUG o.s.o.j.SharedEntityManagerCreator$SharedEntityManagerInvocationHandler - Creating new EntityManager for shared EntityManager invocation
2026-05-23 05:05:29.144 [main] WARN  o.s.b.a.o.j.JpaBaseConfiguration$JpaWebConfiguration - spring.jpa.open-in-view is enabled by default. Therefore, database queries may be performed during view rendering. Explicitly configure spring.jpa.open-in-view to disable this warning
2026-05-23 05:05:30.548 [main] INFO  o.s.b.a.e.web.EndpointLinksResolver - Exposing 1 endpoint(s) beneath base path '/actuator'
2026-05-23 05:05:31.014 [main] INFO  o.s.s.web.DefaultSecurityFilterChain - Will secure any request with [org.springframework.security.web.session.DisableEncodeUrlFilter@36dc3fae, org.springframework.security.web.context.request.async.WebAsyncManagerIntegrationFilter@404fb8c2, org.springframework.security.web.context.SecurityContextHolderFilter@7f93f7fd, org.springframework.security.web.header.HeaderWriterFilter@2ffed7fd, org.springframework.web.filter.CorsFilter@7ae678d1, org.springframework.web.filter.CorsFilter@652b77eb, org.springframework.security.web.authentication.logout.LogoutFilter@7ad0cf01, com.example.project.security.JwtAuthFilter@31857c80, org.springframework.security.web.savedrequest.RequestCacheAwareFilter@16b6e5e, org.springframework.security.web.servletapi.SecurityContextHolderAwareRequestFilter@cb02e46, org.springframework.security.web.authentication.AnonymousAuthenticationFilter@32dd05af, org.springframework.security.web.session.SessionManagementFilter@1b60f2c, org.springframework.security.web.access.ExceptionTranslationFilter@448dcc13, org.springframework.security.web.access.intercept.AuthorizationFilter@408ec4f6]
2026-05-23 05:05:33.263 [main] INFO  o.s.b.w.e.tomcat.TomcatWebServer - Tomcat started on port 8080 (http) with context path ''
2026-05-23 05:05:33.268 [main] INFO  o.s.m.s.b.SimpleBrokerMessageHandler - Starting...
2026-05-23 05:05:33.279 [main] INFO  o.s.m.s.b.SimpleBrokerMessageHandler - BrokerAvailabilityEvent[available=true, SimpleBrokerMessageHandler [org.springframework.messaging.simp.broker.DefaultSubscriptionRegistry@5efd5ebd]]
2026-05-23 05:05:33.281 [main] INFO  o.s.m.s.b.SimpleBrokerMessageHandler - Started.
2026-05-23 05:05:33.341 [main] INFO  c.example.project.ProjectApplication - Started ProjectApplication in 28.54 seconds (process running for 29.49)
2026-05-23 05:05:33.445 [main] DEBUG o.s.o.j.SharedEntityManagerCreator$SharedEntityManagerInvocationHandler - Creating new EntityManager for shared EntityManager invocation
2026-05-23 05:05:33.629 [main] DEBUG org.hibernate.SQL - 
    select
        u1_0.id,
        u1_0.address,
        u1_0.admin_notes,
        u1_0.avatar_url,
        u1_0.bio,
        u1_0.preferred_category,
        u1_0.created_at,
        u1_0.email,
        u1_0.google_id,
        u1_0.kyc_status,
        u1_0.password,
        u1_0.last_name,
        u1_0.first_name,
        u1_0.role,
        u1_0.status,
        u1_0.phone,
        u1_0.ville 
    from
        users u1_0 
    where
        u1_0.email=?
2026-05-23 05:05:33.670 [main] WARN  c.e.p.util.PerformanceLoggingAspect - SLOW_QUERY: $Proxy166.findByEmail took 238ms
2026-05-23 05:05:51.400 [http-nio-0.0.0.0-8080-exec-1] INFO  o.a.c.c.C.[Tomcat].[localhost].[/] - Initializing Spring DispatcherServlet 'dispatcherServlet'
2026-05-23 05:05:51.471 [http-nio-0.0.0.0-8080-exec-1] DEBUG o.s.security.web.FilterChainProxy - Securing GET /api/v1/projets/active
2026-05-23 05:05:51.538 [http-nio-0.0.0.0-8080-exec-2] DEBUG o.s.security.web.FilterChainProxy - Securing GET /api/v1/projets/active
2026-05-23 05:06:03.537 [http-nio-0.0.0.0-8080-exec-4] DEBUG o.s.security.web.FilterChainProxy - Securing OPTIONS /api/v1/auth/login
2026-05-23 05:09:00.346 [SpringApplicationShutdownHook] INFO  o.s.m.s.b.SimpleBrokerMessageHandler - Stopping...
2026-05-23 05:09:00.348 [SpringApplicationShutdownHook] INFO  o.s.m.s.b.SimpleBrokerMessageHandler - BrokerAvailabilityEvent[available=false, SimpleBrokerMessageHandler [org.springframework.messaging.simp.broker.DefaultSubscriptionRegistry@5efd5ebd]]
2026-05-23 05:09:00.348 [SpringApplicationShutdownHook] INFO  o.s.m.s.b.SimpleBrokerMessageHandler - Stopped.
2026-05-23 05:09:00.417 [SpringApplicationShutdownHook] INFO  o.s.o.j.LocalContainerEntityManagerFactoryBean - Closing JPA EntityManagerFactory for persistence unit 'default'
2026-05-23 05:09:00.422 [SpringApplicationShutdownHook] INFO  com.zaxxer.hikari.HikariDataSource - HikariPool-1 - Shutdown initiated...
2026-05-23 05:09:00.500 [SpringApplicationShutdownHook] INFO  com.zaxxer.hikari.HikariDataSource - HikariPool-1 - Shutdown completed.
2026-05-23 05:09:20.525 [main] INFO  c.example.project.ProjectApplication - Starting ProjectApplication using Java 17.0.12 with PID 17172 (C:\Users\Mc-kevin\mck\tutoree\crowdfunding\crowdfunding-backend\target\classes started by Mc-kevin in C:\Users\Mc-kevin\mck\tutoree\crowdfunding\crowdfunding-backend)
2026-05-23 05:09:20.529 [main] DEBUG c.example.project.ProjectApplication - Running with Spring Boot v3.2.5, Spring v6.1.6
2026-05-23 05:09:20.530 [main] INFO  c.example.project.ProjectApplication - No active profile set, falling back to 1 default profile: "default"
2026-05-23 05:09:25.819 [main] INFO  o.s.b.w.e.tomcat.TomcatWebServer - Tomcat initialized with port 8080 (http)
2026-05-23 05:09:25.848 [main] INFO  o.a.catalina.core.StandardService - Starting service [Tomcat]
2026-05-23 05:09:25.849 [main] INFO  o.a.catalina.core.StandardEngine - Starting Servlet engine: [Apache Tomcat/10.1.20]
2026-05-23 05:09:26.080 [main] INFO  o.a.c.c.C.[Tomcat].[localhost].[/] - Initializing Spring embedded WebApplicationContext
2026-05-23 05:09:26.081 [main] INFO  o.s.b.w.s.c.ServletWebServerApplicationContext - Root WebApplicationContext: initialization completed in 5462 ms
2026-05-23 05:09:27.017 [main] DEBUG o.s.o.j.LocalContainerEntityManagerFactoryBean - Building JPA container EntityManagerFactory for persistence unit 'default'
2026-05-23 05:09:27.832 [main] INFO  o.s.o.j.p.SpringPersistenceUnitInfo - No LoadTimeWeaver setup: ignoring JPA class transformer
2026-05-23 05:09:28.062 [main] INFO  com.zaxxer.hikari.HikariDataSource - HikariPool-1 - Starting...
2026-05-23 05:09:30.592 [main] INFO  com.zaxxer.hikari.pool.HikariPool - HikariPool-1 - Added connection com.mysql.cj.jdbc.ConnectionImpl@45c2c396
2026-05-23 05:09:30.596 [main] INFO  com.zaxxer.hikari.HikariDataSource - HikariPool-1 - Start completed.
2026-05-23 05:09:31.239 [main] WARN  org.hibernate.orm.deprecation - HHH90000025: MySQLDialect does not need to be specified explicitly using 'hibernate.dialect' (remove the property setting and it will be selected by default)
2026-05-23 05:09:36.915 [main] INFO  o.s.o.j.LocalContainerEntityManagerFactoryBean - Initialized JPA EntityManagerFactory for persistence unit 'default'
2026-05-23 05:09:37.533 [main] DEBUG o.s.o.j.SharedEntityManagerCreator$SharedEntityManagerInvocationHandler - Creating new EntityManager for shared EntityManager invocation
2026-05-23 05:09:38.070 [main] DEBUG o.s.o.j.SharedEntityManagerCreator$SharedEntityManagerInvocationHandler - Creating new EntityManager for shared EntityManager invocation
2026-05-23 05:09:38.197 [main] DEBUG o.s.o.j.SharedEntityManagerCreator$SharedEntityManagerInvocationHandler - Creating new EntityManager for shared EntityManager invocation
2026-05-23 05:09:38.284 [main] DEBUG o.s.o.j.SharedEntityManagerCreator$SharedEntityManagerInvocationHandler - Creating new EntityManager for shared EntityManager invocation
2026-05-23 05:09:38.384 [main] DEBUG o.s.o.j.SharedEntityManagerCreator$SharedEntityManagerInvocationHandler - Creating new EntityManager for shared EntityManager invocation
2026-05-23 05:09:38.667 [main] DEBUG o.s.o.j.SharedEntityManagerCreator$SharedEntityManagerInvocationHandler - Creating new EntityManager for shared EntityManager invocation
2026-05-23 05:09:39.036 [main] DEBUG o.s.o.j.SharedEntityManagerCreator$SharedEntityManagerInvocationHandler - Creating new EntityManager for shared EntityManager invocation
2026-05-23 05:09:39.038 [main] DEBUG o.s.o.j.SharedEntityManagerCreator$SharedEntityManagerInvocationHandler - Creating new EntityManager for shared EntityManager invocation
2026-05-23 05:09:39.485 [main] DEBUG c.e.project.security.JwtAuthFilter - Filter 'jwtAuthFilter' configured for use
2026-05-23 05:09:40.277 [main] DEBUG o.s.o.j.SharedEntityManagerCreator$SharedEntityManagerInvocationHandler - Creating new EntityManager for shared EntityManager invocation
2026-05-23 05:09:40.330 [main] DEBUG o.s.o.j.SharedEntityManagerCreator$SharedEntityManagerInvocationHandler - Creating new EntityManager for shared EntityManager invocation
2026-05-23 05:09:40.334 [main] DEBUG o.s.o.j.SharedEntityManagerCreator$SharedEntityManagerInvocationHandler - Creating new EntityManager for shared EntityManager invocation
2026-05-23 05:09:40.342 [main] DEBUG o.s.o.j.SharedEntityManagerCreator$SharedEntityManagerInvocationHandler - Creating new EntityManager for shared EntityManager invocation
2026-05-23 05:09:40.355 [main] DEBUG o.s.o.j.SharedEntityManagerCreator$SharedEntityManagerInvocationHandler - Creating new EntityManager for shared EntityManager invocation
2026-05-23 05:09:40.523 [main] DEBUG o.s.o.j.SharedEntityManagerCreator$SharedEntityManagerInvocationHandler - Creating new EntityManager for shared EntityManager invocation
2026-05-23 05:09:40.525 [main] DEBUG o.s.o.j.SharedEntityManagerCreator$SharedEntityManagerInvocationHandler - Creating new EntityManager for shared EntityManager invocation
2026-05-23 05:09:40.533 [main] DEBUG o.s.o.j.SharedEntityManagerCreator$SharedEntityManagerInvocationHandler - Creating new EntityManager for shared EntityManager invocation
2026-05-23 05:09:40.564 [main] DEBUG o.s.o.j.SharedEntityManagerCreator$SharedEntityManagerInvocationHandler - Creating new EntityManager for shared EntityManager invocation
2026-05-23 05:09:40.570 [main] DEBUG o.s.o.j.SharedEntityManagerCreator$SharedEntityManagerInvocationHandler - Creating new EntityManager for shared EntityManager invocation
2026-05-23 05:09:40.574 [main] DEBUG o.s.o.j.SharedEntityManagerCreator$SharedEntityManagerInvocationHandler - Creating new EntityManager for shared EntityManager invocation
2026-05-23 05:09:40.576 [main] DEBUG o.s.o.j.SharedEntityManagerCreator$SharedEntityManagerInvocationHandler - Creating new EntityManager for shared EntityManager invocation
2026-05-23 05:09:41.722 [main] DEBUG o.s.o.j.SharedEntityManagerCreator$SharedEntityManagerInvocationHandler - Creating new EntityManager for shared EntityManager invocation
2026-05-23 05:09:41.728 [main] DEBUG o.s.o.j.SharedEntityManagerCreator$SharedEntityManagerInvocationHandler - Creating new EntityManager for shared EntityManager invocation
2026-05-23 05:09:41.737 [main] DEBUG o.s.o.j.SharedEntityManagerCreator$SharedEntityManagerInvocationHandler - Creating new EntityManager for shared EntityManager invocation
2026-05-23 05:09:41.742 [main] DEBUG o.s.o.j.SharedEntityManagerCreator$SharedEntityManagerInvocationHandler - Creating new EntityManager for shared EntityManager invocation
2026-05-23 05:09:41.898 [main] DEBUG o.s.o.j.SharedEntityManagerCreator$SharedEntityManagerInvocationHandler - Creating new EntityManager for shared EntityManager invocation
2026-05-23 05:09:41.903 [main] DEBUG o.s.o.j.SharedEntityManagerCreator$SharedEntityManagerInvocationHandler - Creating new EntityManager for shared EntityManager invocation
2026-05-23 05:09:41.911 [main] DEBUG o.s.o.j.SharedEntityManagerCreator$SharedEntityManagerInvocationHandler - Creating new EntityManager for shared EntityManager invocation
2026-05-23 05:09:41.915 [main] DEBUG o.s.o.j.SharedEntityManagerCreator$SharedEntityManagerInvocationHandler - Creating new EntityManager for shared EntityManager invocation
2026-05-23 05:09:41.924 [main] DEBUG o.s.o.j.SharedEntityManagerCreator$SharedEntityManagerInvocationHandler - Creating new EntityManager for shared EntityManager invocation
2026-05-23 05:09:41.926 [main] DEBUG o.s.o.j.SharedEntityManagerCreator$SharedEntityManagerInvocationHandler - Creating new EntityManager for shared EntityManager invocation
2026-05-23 05:09:42.492 [main] DEBUG o.s.o.j.SharedEntityManagerCreator$SharedEntityManagerInvocationHandler - Creating new EntityManager for shared EntityManager invocation
2026-05-23 05:09:42.508 [main] DEBUG o.s.o.j.SharedEntityManagerCreator$SharedEntityManagerInvocationHandler - Creating new EntityManager for shared EntityManager invocation
2026-05-23 05:09:42.514 [main] DEBUG o.s.o.j.SharedEntityManagerCreator$SharedEntityManagerInvocationHandler - Creating new EntityManager for shared EntityManager invocation
2026-05-23 05:09:42.522 [main] DEBUG o.s.o.j.SharedEntityManagerCreator$SharedEntityManagerInvocationHandler - Creating new EntityManager for shared EntityManager invocation
2026-05-23 05:09:42.528 [main] DEBUG o.s.o.j.SharedEntityManagerCreator$SharedEntityManagerInvocationHandler - Creating new EntityManager for shared EntityManager invocation
2026-05-23 05:09:42.552 [main] DEBUG o.s.o.j.SharedEntityManagerCreator$SharedEntityManagerInvocationHandler - Creating new EntityManager for shared EntityManager invocation
2026-05-23 05:09:42.620 [main] DEBUG o.s.o.j.SharedEntityManagerCreator$SharedEntityManagerInvocationHandler - Creating new EntityManager for shared EntityManager invocation
2026-05-23 05:09:42.628 [main] DEBUG o.s.o.j.SharedEntityManagerCreator$SharedEntityManagerInvocationHandler - Creating new EntityManager for shared EntityManager invocation
2026-05-23 05:09:42.919 [main] DEBUG o.s.o.j.SharedEntityManagerCreator$SharedEntityManagerInvocationHandler - Creating new EntityManager for shared EntityManager invocation
2026-05-23 05:09:42.926 [main] DEBUG o.s.o.j.SharedEntityManagerCreator$SharedEntityManagerInvocationHandler - Creating new EntityManager for shared EntityManager invocation
2026-05-23 05:09:42.936 [main] DEBUG o.s.o.j.SharedEntityManagerCreator$SharedEntityManagerInvocationHandler - Creating new EntityManager for shared EntityManager invocation
2026-05-23 05:09:42.942 [main] DEBUG o.s.o.j.SharedEntityManagerCreator$SharedEntityManagerInvocationHandler - Creating new EntityManager for shared EntityManager invocation
2026-05-23 05:09:42.949 [main] DEBUG o.s.o.j.SharedEntityManagerCreator$SharedEntityManagerInvocationHandler - Creating new EntityManager for shared EntityManager invocation
2026-05-23 05:09:42.958 [main] DEBUG o.s.o.j.SharedEntityManagerCreator$SharedEntityManagerInvocationHandler - Creating new EntityManager for shared EntityManager invocation
2026-05-23 05:09:42.961 [main] DEBUG o.s.o.j.SharedEntityManagerCreator$SharedEntityManagerInvocationHandler - Creating new EntityManager for shared EntityManager invocation
2026-05-23 05:09:43.133 [main] DEBUG o.s.o.j.SharedEntityManagerCreator$SharedEntityManagerInvocationHandler - Creating new EntityManager for shared EntityManager invocation
2026-05-23 05:09:43.138 [main] DEBUG o.s.o.j.SharedEntityManagerCreator$SharedEntityManagerInvocationHandler - Creating new EntityManager for shared EntityManager invocation
2026-05-23 05:09:43.144 [main] DEBUG o.s.o.j.SharedEntityManagerCreator$SharedEntityManagerInvocationHandler - Creating new EntityManager for shared EntityManager invocation
2026-05-23 05:09:43.150 [main] DEBUG o.s.o.j.SharedEntityManagerCreator$SharedEntityManagerInvocationHandler - Creating new EntityManager for shared EntityManager invocation
2026-05-23 05:09:43.381 [main] DEBUG o.s.o.j.SharedEntityManagerCreator$SharedEntityManagerInvocationHandler - Creating new EntityManager for shared EntityManager invocation
2026-05-23 05:09:43.597 [main] DEBUG o.s.o.j.SharedEntityManagerCreator$SharedEntityManagerInvocationHandler - Creating new EntityManager for shared EntityManager invocation
2026-05-23 05:09:43.606 [main] DEBUG o.s.o.j.SharedEntityManagerCreator$SharedEntityManagerInvocationHandler - Creating new EntityManager for shared EntityManager invocation
2026-05-23 05:09:43.612 [main] DEBUG o.s.o.j.SharedEntityManagerCreator$SharedEntityManagerInvocationHandler - Creating new EntityManager for shared EntityManager invocation
2026-05-23 05:09:43.627 [main] DEBUG o.s.o.j.SharedEntityManagerCreator$SharedEntityManagerInvocationHandler - Creating new EntityManager for shared EntityManager invocation
2026-05-23 05:09:44.260 [main] DEBUG o.s.o.j.SharedEntityManagerCreator$SharedEntityManagerInvocationHandler - Creating new EntityManager for shared EntityManager invocation
2026-05-23 05:09:44.270 [main] DEBUG o.s.o.j.SharedEntityManagerCreator$SharedEntityManagerInvocationHandler - Creating new EntityManager for shared EntityManager invocation
2026-05-23 05:09:44.278 [main] DEBUG o.s.o.j.SharedEntityManagerCreator$SharedEntityManagerInvocationHandler - Creating new EntityManager for shared EntityManager invocation
2026-05-23 05:09:44.560 [main] DEBUG o.s.o.j.SharedEntityManagerCreator$SharedEntityManagerInvocationHandler - Creating new EntityManager for shared EntityManager invocation
2026-05-23 05:09:44.562 [main] DEBUG o.s.o.j.SharedEntityManagerCreator$SharedEntityManagerInvocationHandler - Creating new EntityManager for shared EntityManager invocation
2026-05-23 05:09:44.566 [main] DEBUG o.s.o.j.SharedEntityManagerCreator$SharedEntityManagerInvocationHandler - Creating new EntityManager for shared EntityManager invocation
2026-05-23 05:09:44.573 [main] DEBUG o.s.o.j.SharedEntityManagerCreator$SharedEntityManagerInvocationHandler - Creating new EntityManager for shared EntityManager invocation
2026-05-23 05:09:44.578 [main] DEBUG o.s.o.j.SharedEntityManagerCreator$SharedEntityManagerInvocationHandler - Creating new EntityManager for shared EntityManager invocation
2026-05-23 05:09:44.770 [main] DEBUG o.s.o.j.SharedEntityManagerCreator$SharedEntityManagerInvocationHandler - Creating new EntityManager for shared EntityManager invocation
2026-05-23 05:09:44.776 [main] DEBUG o.s.o.j.SharedEntityManagerCreator$SharedEntityManagerInvocationHandler - Creating new EntityManager for shared EntityManager invocation
2026-05-23 05:09:44.780 [main] DEBUG o.s.o.j.SharedEntityManagerCreator$SharedEntityManagerInvocationHandler - Creating new EntityManager for shared EntityManager invocation
2026-05-23 05:09:44.782 [main] DEBUG o.s.o.j.SharedEntityManagerCreator$SharedEntityManagerInvocationHandler - Creating new EntityManager for shared EntityManager invocation
2026-05-23 05:09:44.789 [main] DEBUG o.s.o.j.SharedEntityManagerCreator$SharedEntityManagerInvocationHandler - Creating new EntityManager for shared EntityManager invocation
2026-05-23 05:09:44.794 [main] DEBUG o.s.o.j.SharedEntityManagerCreator$SharedEntityManagerInvocationHandler - Creating new EntityManager for shared EntityManager invocation
2026-05-23 05:09:44.977 [main] DEBUG o.s.o.j.SharedEntityManagerCreator$SharedEntityManagerInvocationHandler - Creating new EntityManager for shared EntityManager invocation
2026-05-23 05:09:44.982 [main] DEBUG o.s.o.j.SharedEntityManagerCreator$SharedEntityManagerInvocationHandler - Creating new EntityManager for shared EntityManager invocation
2026-05-23 05:09:44.986 [main] DEBUG o.s.o.j.SharedEntityManagerCreator$SharedEntityManagerInvocationHandler - Creating new EntityManager for shared EntityManager invocation
2026-05-23 05:09:44.989 [main] DEBUG o.s.o.j.SharedEntityManagerCreator$SharedEntityManagerInvocationHandler - Creating new EntityManager for shared EntityManager invocation
2026-05-23 05:09:45.156 [main] DEBUG o.s.o.j.SharedEntityManagerCreator$SharedEntityManagerInvocationHandler - Creating new EntityManager for shared EntityManager invocation
2026-05-23 05:09:45.165 [main] DEBUG o.s.o.j.SharedEntityManagerCreator$SharedEntityManagerInvocationHandler - Creating new EntityManager for shared EntityManager invocation
2026-05-23 05:09:45.172 [main] DEBUG o.s.o.j.SharedEntityManagerCreator$SharedEntityManagerInvocationHandler - Creating new EntityManager for shared EntityManager invocation
2026-05-23 05:09:45.174 [main] DEBUG o.s.o.j.SharedEntityManagerCreator$SharedEntityManagerInvocationHandler - Creating new EntityManager for shared EntityManager invocation
2026-05-23 05:09:45.177 [main] DEBUG o.s.o.j.SharedEntityManagerCreator$SharedEntityManagerInvocationHandler - Creating new EntityManager for shared EntityManager invocation
2026-05-23 05:09:45.580 [main] DEBUG o.s.o.j.SharedEntityManagerCreator$SharedEntityManagerInvocationHandler - Creating new EntityManager for shared EntityManager invocation
2026-05-23 05:09:45.587 [main] DEBUG o.s.o.j.SharedEntityManagerCreator$SharedEntityManagerInvocationHandler - Creating new EntityManager for shared EntityManager invocation
2026-05-23 05:09:45.590 [main] DEBUG o.s.o.j.SharedEntityManagerCreator$SharedEntityManagerInvocationHandler - Creating new EntityManager for shared EntityManager invocation
2026-05-23 05:09:45.752 [main] DEBUG o.s.o.j.SharedEntityManagerCreator$SharedEntityManagerInvocationHandler - Creating new EntityManager for shared EntityManager invocation
2026-05-23 05:09:45.757 [main] DEBUG o.s.o.j.SharedEntityManagerCreator$SharedEntityManagerInvocationHandler - Creating new EntityManager for shared EntityManager invocation
2026-05-23 05:09:45.760 [main] DEBUG o.s.o.j.SharedEntityManagerCreator$SharedEntityManagerInvocationHandler - Creating new EntityManager for shared EntityManager invocation
2026-05-23 05:09:45.764 [main] DEBUG o.s.o.j.SharedEntityManagerCreator$SharedEntityManagerInvocationHandler - Creating new EntityManager for shared EntityManager invocation
2026-05-23 05:09:45.979 [main] DEBUG o.s.o.j.SharedEntityManagerCreator$SharedEntityManagerInvocationHandler - Creating new EntityManager for shared EntityManager invocation
2026-05-23 05:09:45.986 [main] DEBUG o.s.o.j.SharedEntityManagerCreator$SharedEntityManagerInvocationHandler - Creating new EntityManager for shared EntityManager invocation
2026-05-23 05:09:45.992 [main] DEBUG o.s.o.j.SharedEntityManagerCreator$SharedEntityManagerInvocationHandler - Creating new EntityManager for shared EntityManager invocation
2026-05-23 05:09:46.020 [main] DEBUG o.s.o.j.SharedEntityManagerCreator$SharedEntityManagerInvocationHandler - Creating new EntityManager for shared EntityManager invocation
2026-05-23 05:09:46.143 [main] DEBUG o.s.o.j.SharedEntityManagerCreator$SharedEntityManagerInvocationHandler - Creating new EntityManager for shared EntityManager invocation
2026-05-23 05:09:46.399 [main] DEBUG o.s.o.j.SharedEntityManagerCreator$SharedEntityManagerInvocationHandler - Creating new EntityManager for shared EntityManager invocation
2026-05-23 05:09:46.407 [main] DEBUG o.s.o.j.SharedEntityManagerCreator$SharedEntityManagerInvocationHandler - Creating new EntityManager for shared EntityManager invocation
2026-05-23 05:09:46.410 [main] DEBUG o.s.o.j.SharedEntityManagerCreator$SharedEntityManagerInvocationHandler - Creating new EntityManager for shared EntityManager invocation
2026-05-23 05:09:46.612 [main] DEBUG o.s.o.j.SharedEntityManagerCreator$SharedEntityManagerInvocationHandler - Creating new EntityManager for shared EntityManager invocation
2026-05-23 05:09:46.613 [main] DEBUG o.s.o.j.SharedEntityManagerCreator$SharedEntityManagerInvocationHandler - Creating new EntityManager for shared EntityManager invocation
2026-05-23 05:09:46.619 [main] DEBUG o.s.o.j.SharedEntityManagerCreator$SharedEntityManagerInvocationHandler - Creating new EntityManager for shared EntityManager invocation
2026-05-23 05:09:46.622 [main] DEBUG o.s.o.j.SharedEntityManagerCreator$SharedEntityManagerInvocationHandler - Creating new EntityManager for shared EntityManager invocation
2026-05-23 05:09:46.629 [main] DEBUG o.s.o.j.SharedEntityManagerCreator$SharedEntityManagerInvocationHandler - Creating new EntityManager for shared EntityManager invocation
2026-05-23 05:09:46.630 [main] DEBUG o.s.o.j.SharedEntityManagerCreator$SharedEntityManagerInvocationHandler - Creating new EntityManager for shared EntityManager invocation
2026-05-23 05:09:46.820 [main] DEBUG o.s.o.j.SharedEntityManagerCreator$SharedEntityManagerInvocationHandler - Creating new EntityManager for shared EntityManager invocation
2026-05-23 05:09:46.824 [main] DEBUG o.s.o.j.SharedEntityManagerCreator$SharedEntityManagerInvocationHandler - Creating new EntityManager for shared EntityManager invocation
2026-05-23 05:09:46.825 [main] DEBUG o.s.o.j.SharedEntityManagerCreator$SharedEntityManagerInvocationHandler - Creating new EntityManager for shared EntityManager invocation
2026-05-23 05:09:46.977 [main] DEBUG o.s.o.j.SharedEntityManagerCreator$SharedEntityManagerInvocationHandler - Creating new EntityManager for shared EntityManager invocation
2026-05-23 05:09:46.982 [main] DEBUG o.s.o.j.SharedEntityManagerCreator$SharedEntityManagerInvocationHandler - Creating new EntityManager for shared EntityManager invocation
2026-05-23 05:09:46.987 [main] DEBUG o.s.o.j.SharedEntityManagerCreator$SharedEntityManagerInvocationHandler - Creating new EntityManager for shared EntityManager invocation
2026-05-23 05:09:46.991 [main] DEBUG o.s.o.j.SharedEntityManagerCreator$SharedEntityManagerInvocationHandler - Creating new EntityManager for shared EntityManager invocation
2026-05-23 05:09:46.994 [main] DEBUG o.s.o.j.SharedEntityManagerCreator$SharedEntityManagerInvocationHandler - Creating new EntityManager for shared EntityManager invocation
2026-05-23 05:09:47.657 [main] WARN  o.s.b.a.o.j.JpaBaseConfiguration$JpaWebConfiguration - spring.jpa.open-in-view is enabled by default. Therefore, database queries may be performed during view rendering. Explicitly configure spring.jpa.open-in-view to disable this warning
2026-05-23 05:09:49.361 [main] INFO  o.s.b.a.e.web.EndpointLinksResolver - Exposing 1 endpoint(s) beneath base path '/actuator'
2026-05-23 05:09:50.518 [main] INFO  o.s.s.web.DefaultSecurityFilterChain - Will secure any request with [org.springframework.security.web.session.DisableEncodeUrlFilter@e2333ef, org.springframework.security.web.context.request.async.WebAsyncManagerIntegrationFilter@61725c0e, org.springframework.security.web.context.SecurityContextHolderFilter@529461d3, org.springframework.security.web.header.HeaderWriterFilter@5a7e1d68, org.springframework.web.filter.CorsFilter@3487a5d1, org.springframework.web.filter.CorsFilter@6d078b9, org.springframework.security.web.authentication.logout.LogoutFilter@2b663a68, com.example.project.security.JwtAuthFilter@66b8f244, org.springframework.security.web.savedrequest.RequestCacheAwareFilter@45069467, org.springframework.security.web.servletapi.SecurityContextHolderAwareRequestFilter@67adae9f, org.springframework.security.web.authentication.AnonymousAuthenticationFilter@11fb9fc7, org.springframework.security.web.session.SessionManagementFilter@1da0ad22, org.springframework.security.web.access.ExceptionTranslationFilter@164466e4, org.springframework.security.web.access.intercept.AuthorizationFilter@10b69457]
2026-05-23 05:09:53.305 [main] INFO  o.s.b.w.e.tomcat.TomcatWebServer - Tomcat started on port 8080 (http) with context path ''
2026-05-23 05:09:53.323 [main] INFO  o.s.m.s.b.SimpleBrokerMessageHandler - Starting...
2026-05-23 05:09:53.327 [main] INFO  o.s.m.s.b.SimpleBrokerMessageHandler - BrokerAvailabilityEvent[available=true, SimpleBrokerMessageHandler [org.springframework.messaging.simp.broker.DefaultSubscriptionRegistry@7a58b77b]]
2026-05-23 05:09:53.328 [main] INFO  o.s.m.s.b.SimpleBrokerMessageHandler - Started.
2026-05-23 05:09:53.392 [main] INFO  c.example.project.ProjectApplication - Started ProjectApplication in 33.79 seconds (process running for 34.967)
2026-05-23 05:09:53.525 [main] DEBUG o.s.o.j.SharedEntityManagerCreator$SharedEntityManagerInvocationHandler - Creating new EntityManager for shared EntityManager invocation
2026-05-23 05:09:53.755 [main] DEBUG org.hibernate.SQL - 
    select
        u1_0.id,
        u1_0.address,
        u1_0.admin_notes,
        u1_0.avatar_url,
        u1_0.bio,
        u1_0.preferred_category,
        u1_0.created_at,
        u1_0.email,
        u1_0.google_id,
        u1_0.kyc_status,
        u1_0.password,
        u1_0.last_name,
        u1_0.first_name,
        u1_0.role,
        u1_0.status,
        u1_0.phone,
        u1_0.ville 
    from
        users u1_0 
    where
        u1_0.email=?
2026-05-23 05:09:53.868 [main] WARN  c.e.p.util.PerformanceLoggingAspect - SLOW_QUERY: $Proxy166.findByEmail took 351ms
2026-05-23 05:10:16.202 [http-nio-0.0.0.0-8080-exec-1] INFO  o.a.c.c.C.[Tomcat].[localhost].[/] - Initializing Spring DispatcherServlet 'dispatcherServlet'
2026-05-23 05:10:16.257 [http-nio-0.0.0.0-8080-exec-1] DEBUG o.s.security.web.FilterChainProxy - Securing OPTIONS /api/v1/auth/login
2026-05-23 05:10:16.324 [http-nio-0.0.0.0-8080-exec-2] DEBUG o.s.security.web.FilterChainProxy - Securing POST /api/v1/auth/login
2026-05-23 05:10:16.334 [http-nio-0.0.0.0-8080-exec-2] DEBUG o.s.s.w.a.AnonymousAuthenticationFilter - Set SecurityContextHolder to anonymous SecurityContext
2026-05-23 05:10:16.339 [http-nio-0.0.0.0-8080-exec-2] DEBUG o.s.security.web.FilterChainProxy - Secured POST /api/v1/auth/login
2026-05-23 05:10:16.344 [http-nio-0.0.0.0-8080-exec-2] INFO  c.e.p.util.HttpLoggingInterceptor - REQUEST_START [cc9bdc62-a0a5-4687-944d-02352592d6f5] POST /api/v1/auth/login | IP: 172.27.232.215 | User-Agent: Mozilla/5.0 (Linux; Android 13; Pixel 7) AppleWebKit/537.36 (KHTML, like Gecko) Chrome/148.0.0.0 Mobile Safari/537.36
2026-05-23 05:10:16.349 [http-nio-0.0.0.0-8080-exec-2] DEBUG o.s.o.j.s.OpenEntityManagerInViewInterceptor - Opening JPA EntityManager in OpenEntityManagerInViewInterceptor
2026-05-23 05:10:16.617 [http-nio-0.0.0.0-8080-exec-2] DEBUG c.e.p.util.PerformanceLoggingAspect - CONTROLLER_METHOD_START: AuthController.login
2026-05-23 05:10:16.618 [http-nio-0.0.0.0-8080-exec-2] INFO  c.e.p.controller.AuthController - USER_LOGIN: Tentative de connexion pour l'email: kamguemmckevin@gmail.com
2026-05-23 05:10:16.618 [http-nio-0.0.0.0-8080-exec-2] DEBUG c.e.p.util.PerformanceLoggingAspect - SERVICE_METHOD_START: AuthServiceImpl.login
2026-05-23 05:10:16.766 [http-nio-0.0.0.0-8080-exec-2] DEBUG org.hibernate.SQL - 
    select
        u1_0.id,
        u1_0.address,
        u1_0.admin_notes,
        u1_0.avatar_url,
        u1_0.bio,
        u1_0.preferred_category,
        u1_0.created_at,
        u1_0.email,
        u1_0.google_id,
        u1_0.kyc_status,
        u1_0.password,
        u1_0.last_name,
        u1_0.first_name,
        u1_0.role,
        u1_0.status,
        u1_0.phone,
        u1_0.ville 
    from
        users u1_0 
    where
        u1_0.email=?
2026-05-23 05:10:16.769 [http-nio-0.0.0.0-8080-exec-2] DEBUG c.e.p.util.PerformanceLoggingAspect - QUERY_EXECUTED: $Proxy166.findByEmail | Duration: 5ms
2026-05-23 05:10:16.773 [http-nio-0.0.0.0-8080-exec-2] DEBUG c.e.p.util.SecurityLoggingAspect - AUTHORIZATION_GRANTED: User=anonymousUser, Method=loadUserByUsername
2026-05-23 05:10:16.892 [http-nio-0.0.0.0-8080-exec-2] DEBUG o.s.s.a.d.DaoAuthenticationProvider - Authenticated user
2026-05-23 05:10:16.897 [http-nio-0.0.0.0-8080-exec-2] DEBUG org.hibernate.SQL - 
    select
        u1_0.id,
        u1_0.address,
        u1_0.admin_notes,
        u1_0.avatar_url,
        u1_0.bio,
        u1_0.preferred_category,
        u1_0.created_at,
        u1_0.email,
        u1_0.google_id,
        u1_0.kyc_status,
        u1_0.password,
        u1_0.last_name,
        u1_0.first_name,
        u1_0.role,
        u1_0.status,
        u1_0.phone,
        u1_0.ville 
    from
        users u1_0 
    where
        u1_0.email=?
2026-05-23 05:10:16.904 [http-nio-0.0.0.0-8080-exec-2] DEBUG c.e.p.util.PerformanceLoggingAspect - QUERY_EXECUTED: $Proxy166.findByEmail | Duration: 11ms
2026-05-23 05:10:17.075 [http-nio-0.0.0.0-8080-exec-2] DEBUG c.e.p.util.SecurityLoggingAspect - AUTHORIZATION_GRANTED: User=anonymousUser, Method=generateToken
2026-05-23 05:10:17.076 [http-nio-0.0.0.0-8080-exec-2] DEBUG c.e.p.util.PerformanceLoggingAspect - SERVICE_METHOD_END: AuthServiceImpl.login | Duration: 458ms
2026-05-23 05:10:17.082 [http-nio-0.0.0.0-8080-exec-2] DEBUG c.e.p.util.PerformanceLoggingAspect - CONTROLLER_METHOD_END: AuthController.login | Duration: 465ms
2026-05-23 05:10:17.127 [http-nio-0.0.0.0-8080-exec-2] DEBUG o.s.o.j.s.OpenEntityManagerInViewInterceptor - Closing JPA EntityManager in OpenEntityManagerInViewInterceptor
2026-05-23 05:10:17.132 [http-nio-0.0.0.0-8080-exec-2] INFO  c.e.p.util.HttpLoggingInterceptor - REQUEST_END [cc9bdc62-a0a5-4687-944d-02352592d6f5] POST /api/v1/auth/login | Status: 200 | Duration: 788ms
2026-05-23 05:10:17.676 [http-nio-0.0.0.0-8080-exec-3] DEBUG o.s.security.web.FilterChainProxy - Securing OPTIONS /api/v1/notifications/user/2
2026-05-23 05:10:17.685 [http-nio-0.0.0.0-8080-exec-4] DEBUG o.s.security.web.FilterChainProxy - Securing OPTIONS /api/v1/notifications/user/2
2026-05-23 05:10:17.898 [http-nio-0.0.0.0-8080-exec-5] DEBUG o.s.security.web.FilterChainProxy - Securing GET /api/v1/notifications/user/2
2026-05-23 05:10:18.236 [http-nio-0.0.0.0-8080-exec-5] DEBUG c.e.p.util.SecurityLoggingAspect - AUTHORIZATION_GRANTED: User=ANONYMOUS, Method=extractUsername
2026-05-23 05:10:18.238 [http-nio-0.0.0.0-8080-exec-5] DEBUG o.s.o.j.SharedEntityManagerCreator$SharedEntityManagerInvocationHandler - Creating new EntityManager for shared EntityManager invocation
2026-05-23 05:10:18.255 [http-nio-0.0.0.0-8080-exec-5] DEBUG org.hibernate.SQL - 
    select
        u1_0.id,
        u1_0.address,
        u1_0.admin_notes,
        u1_0.avatar_url,
        u1_0.bio,
        u1_0.preferred_category,
        u1_0.created_at,
        u1_0.email,
        u1_0.google_id,
        u1_0.kyc_status,
        u1_0.password,
        u1_0.last_name,
        u1_0.first_name,
        u1_0.role,
        u1_0.status,
        u1_0.phone,
        u1_0.ville 
    from
        users u1_0 
    where
        u1_0.email=?
2026-05-23 05:10:18.272 [http-nio-0.0.0.0-8080-exec-5] DEBUG c.e.p.util.PerformanceLoggingAspect - QUERY_EXECUTED: $Proxy166.findByEmail | Duration: 34ms
2026-05-23 05:10:18.273 [http-nio-0.0.0.0-8080-exec-5] DEBUG c.e.p.util.SecurityLoggingAspect - AUTHORIZATION_GRANTED: User=ANONYMOUS, Method=loadUserByUsername
2026-05-23 05:10:18.289 [http-nio-0.0.0.0-8080-exec-5] DEBUG c.e.p.util.SecurityLoggingAspect - AUTHORIZATION_GRANTED: User=ANONYMOUS, Method=isTokenValid
2026-05-23 05:10:18.331 [http-nio-0.0.0.0-8080-exec-5] DEBUG o.s.security.web.FilterChainProxy - Secured GET /api/v1/notifications/user/2
2026-05-23 05:10:18.358 [http-nio-0.0.0.0-8080-exec-5] INFO  c.e.p.util.HttpLoggingInterceptor - REQUEST_START [f077dd63-e1b3-4a64-adcd-ed599436f26d] GET /api/v1/notifications/user/2 | IP: 172.27.232.215 | User-Agent: Mozilla/5.0 (Linux; Android 13; Pixel 7) AppleWebKit/537.36 (KHTML, like Gecko) Chrome/148.0.0.0 Mobile Safari/537.36
2026-05-23 05:10:18.359 [http-nio-0.0.0.0-8080-exec-5] DEBUG o.s.o.j.s.OpenEntityManagerInViewInterceptor - Opening JPA EntityManager in OpenEntityManagerInViewInterceptor
2026-05-23 05:10:18.371 [http-nio-0.0.0.0-8080-exec-5] DEBUG o.s.s.a.m.AuthorizationManagerBeforeMethodInterceptor - Authorizing method invocation ReflectiveMethodInvocation: public org.springframework.http.ResponseEntity com.example.project.controller.NotificationController.getNotificationsByUser(java.lang.Long); target is of class [com.example.project.controller.NotificationController]
2026-05-23 05:10:18.443 [http-nio-0.0.0.0-8080-exec-5] ERROR c.e.p.e.GlobalExceptionHandler - UNEXPECTED_ERROR: Failed to evaluate expression 'hasRole('ADMIN') or @securityService.isCurrentUser(#utilisateurId)' | Stack Trace: 
java.lang.IllegalArgumentException: Failed to evaluate expression 'hasRole('ADMIN') or @securityService.isCurrentUser(#utilisateurId)'
	at org.springframework.security.access.expression.ExpressionUtils.evaluateAsBoolean(ExpressionUtils.java:33)
	at org.springframework.security.authorization.method.PreAuthorizeAuthorizationManager.check(PreAuthorizeAuthorizationManager.java:68)
	at org.springframework.security.authorization.method.PreAuthorizeAuthorizationManager.check(PreAuthorizeAuthorizationManager.java:40)
	at org.springframework.security.authorization.ObservationAuthorizationManager.check(ObservationAuthorizationManager.java:63)
	at org.springframework.security.config.annotation.method.configuration.DeferringObservationAuthorizationManager.check(DeferringObservationAuthorizationManager.java:47)
	at org.springframework.security.authorization.method.AuthorizationManagerBeforeMethodInterceptor.attemptAuthorization(AuthorizationManagerBeforeMethodInterceptor.java:251)
	at org.springframework.security.authorization.method.AuthorizationManagerBeforeMethodInterceptor.invoke(AuthorizationManagerBeforeMethodInterceptor.java:197)
	at org.springframework.aop.framework.ReflectiveMethodInvocation.proceed(ReflectiveMethodInvocation.java:184)
	at org.springframework.aop.framework.CglibAopProxy$CglibMethodInvocation.proceed(CglibAopProxy.java:768)
	at org.springframework.aop.interceptor.ExposeInvocationInterceptor.invoke(ExposeInvocationInterceptor.java:97)
	at org.springframework.aop.framework.ReflectiveMethodInvocation.proceed(ReflectiveMethodInvocation.java:184)
	at org.springframework.aop.framework.CglibAopProxy$CglibMethodInvocation.proceed(CglibAopProxy.java:768)
	at org.springframework.aop.framework.CglibAopProxy$DynamicAdvisedInterceptor.intercept(CglibAopProxy.java:720)
	at com.example.project.controller.NotificationController$$SpringCGLIB$$0.getNotificationsByUser(<generated>)
	at java.base/jdk.internal.reflect.NativeMethodAccessorImpl.invoke0(Native Method)
	at java.base/jdk.internal.reflect.NativeMethodAccessorImpl.invoke(NativeMethodAccessorImpl.java:77)
	at java.base/jdk.internal.reflect.DelegatingMethodAccessorImpl.invoke(DelegatingMethodAccessorImpl.java:43)
	at java.base/java.lang.reflect.Method.invoke(Method.java:568)
	at org.springframework.web.method.support.InvocableHandlerMethod.doInvoke(InvocableHandlerMethod.java:255)
	at org.springframework.web.method.support.InvocableHandlerMethod.invokeForRequest(InvocableHandlerMethod.java:188)
	at org.springframework.web.servlet.mvc.method.annotation.ServletInvocableHandlerMethod.invokeAndHandle(ServletInvocableHandlerMethod.java:118)
	at org.springframework.web.servlet.mvc.method.annotation.RequestMappingHandlerAdapter.invokeHandlerMethod(RequestMappingHandlerAdapter.java:926)
	at org.springframework.web.servlet.mvc.method.annotation.RequestMappingHandlerAdapter.handleInternal(RequestMappingHandlerAdapter.java:831)
	at org.springframework.web.servlet.mvc.method.AbstractHandlerMethodAdapter.handle(AbstractHandlerMethodAdapter.java:87)
	at org.springframework.web.servlet.DispatcherServlet.doDispatch(DispatcherServlet.java:1089)
	at org.springframework.web.servlet.DispatcherServlet.doService(DispatcherServlet.java:979)
	at org.springframework.web.servlet.FrameworkServlet.processRequest(FrameworkServlet.java:1014)
	at org.springframework.web.servlet.FrameworkServlet.doGet(FrameworkServlet.java:903)
	at jakarta.servlet.http.HttpServlet.service(HttpServlet.java:564)
	at org.springframework.web.servlet.FrameworkServlet.service(FrameworkServlet.java:885)
	at jakarta.servlet.http.HttpServlet.service(HttpServlet.java:658)
	at org.apache.catalina.core.ApplicationFilterChain.internalDoFilter(ApplicationFilterChain.java:206)
	at org.apache.catalina.core.ApplicationFilterChain.doFilter(ApplicationFilterChain.java:150)
	at org.apache.tomcat.websocket.server.WsFilter.doFilter(WsFilter.java:51)
	at org.apache.catalina.core.ApplicationFilterChain.internalDoFilter(ApplicationFilterChain.java:175)
	at org.apache.catalina.core.ApplicationFilterChain.doFilter(ApplicationFilterChain.java:150)
	at org.springframework.web.filter.OncePerRequestFilter.doFilter(OncePerRequestFilter.java:110)
	at org.apache.catalina.core.ApplicationFilterChain.internalDoFilter(ApplicationFilterChain.java:175)
	at org.apache.catalina.core.ApplicationFilterChain.doFilter(ApplicationFilterChain.java:150)
	at org.springframework.web.filter.CompositeFilter$VirtualFilterChain.doFilter(CompositeFilter.java:108)
	at org.springframework.security.web.FilterChainProxy.lambda$doFilterInternal$3(FilterChainProxy.java:231)
	at org.springframework.security.web.ObservationFilterChainDecorator$FilterObservation$SimpleFilterObservation.lambda$wrap$1(ObservationFilterChainDecorator.java:479)
	at org.springframework.security.web.ObservationFilterChainDecorator$AroundFilterObservation$SimpleAroundFilterObservation.lambda$wrap$1(ObservationFilterChainDecorator.java:340)
	at org.springframework.security.web.ObservationFilterChainDecorator.lambda$wrapSecured$0(ObservationFilterChainDecorator.java:82)
	at org.springframework.security.web.ObservationFilterChainDecorator$VirtualFilterChain.doFilter(ObservationFilterChainDecorator.java:128)
	at org.springframework.security.web.access.intercept.AuthorizationFilter.doFilter(AuthorizationFilter.java:100)
	at org.springframework.security.web.ObservationFilterChainDecorator$ObservationFilter.wrapFilter(ObservationFilterChainDecorator.java:240)
	at org.springframework.security.web.ObservationFilterChainDecorator$ObservationFilter.doFilter(ObservationFilterChainDecorator.java:227)
	at org.springframework.security.web.ObservationFilterChainDecorator$VirtualFilterChain.doFilter(ObservationFilterChainDecorator.java:137)
	at org.springframework.security.web.access.ExceptionTranslationFilter.doFilter(ExceptionTranslationFilter.java:126)
	at org.springframework.security.web.access.ExceptionTranslationFilter.doFilter(ExceptionTranslationFilter.java:120)
	at org.springframework.security.web.ObservationFilterChainDecorator$ObservationFilter.wrapFilter(ObservationFilterChainDecorator.java:240)
	at org.springframework.security.web.ObservationFilterChainDecorator$ObservationFilter.doFilter(ObservationFilterChainDecorator.java:227)
	at org.springframework.security.web.ObservationFilterChainDecorator$VirtualFilterChain.doFilter(ObservationFilterChainDecorator.java:137)
	at org.springframework.security.web.session.SessionManagementFilter.doFilter(SessionManagementFilter.java:131)
	at org.springframework.security.web.session.SessionManagementFilter.doFilter(SessionManagementFilter.java:85)
	at org.springframework.security.web.ObservationFilterChainDecorator$ObservationFilter.wrapFilter(ObservationFilterChainDecorator.java:240)
	at org.springframework.security.web.ObservationFilterChainDecorator$ObservationFilter.doFilter(ObservationFilterChainDecorator.java:227)
	at org.springframework.security.web.ObservationFilterChainDecorator$VirtualFilterChain.doFilter(ObservationFilterChainDecorator.java:137)
	at org.springframework.security.web.authentication.AnonymousAuthenticationFilter.doFilter(AnonymousAuthenticationFilter.java:100)
	at org.springframework.security.web.ObservationFilterChainDecorator$ObservationFilter.wrapFilter(ObservationFilterChainDecorator.java:240)
	at org.springframework.security.web.ObservationFilterChainDecorator$ObservationFilter.doFilter(ObservationFilterChainDecorator.java:227)
	at org.springframework.security.web.ObservationFilterChainDecorator$VirtualFilterChain.doFilter(ObservationFilterChainDecorator.java:137)
	at org.springframework.security.web.servletapi.SecurityContextHolderAwareRequestFilter.doFilter(SecurityContextHolderAwareRequestFilter.java:179)
	at org.springframework.security.web.ObservationFilterChainDecorator$ObservationFilter.wrapFilter(ObservationFilterChainDecorator.java:240)
	at org.springframework.security.web.ObservationFilterChainDecorator$ObservationFilter.doFilter(ObservationFilterChainDecorator.java:227)
	at org.springframework.security.web.ObservationFilterChainDecorator$VirtualFilterChain.doFilter(ObservationFilterChainDecorator.java:137)
	at org.springframework.security.web.savedrequest.RequestCacheAwareFilter.doFilter(RequestCacheAwareFilter.java:63)
	at org.springframework.security.web.ObservationFilterChainDecorator$ObservationFilter.wrapFilter(ObservationFilterChainDecorator.java:240)
	at org.springframework.security.web.ObservationFilterChainDecorator$ObservationFilter.doFilter(ObservationFilterChainDecorator.java:227)
	at org.springframework.security.web.ObservationFilterChainDecorator$VirtualFilterChain.doFilter(ObservationFilterChainDecorator.java:137)
	at com.example.project.security.JwtAuthFilter.doFilterInternal(JwtAuthFilter.java:63)
	at org.springframework.web.filter.OncePerRequestFilter.doFilter(OncePerRequestFilter.java:116)
	at org.springframework.security.web.ObservationFilterChainDecorator$ObservationFilter.wrapFilter(ObservationFilterChainDecorator.java:240)
	at org.springframework.security.web.ObservationFilterChainDecorator$ObservationFilter.doFilter(ObservationFilterChainDecorator.java:227)
	at org.springframework.security.web.ObservationFilterChainDecorator$VirtualFilterChain.doFilter(ObservationFilterChainDecorator.java:137)
	at org.springframework.security.web.authentication.logout.LogoutFilter.doFilter(LogoutFilter.java:107)
	at org.springframework.security.web.authentication.logout.LogoutFilter.doFilter(LogoutFilter.java:93)
	at org.springframework.security.web.ObservationFilterChainDecorator$ObservationFilter.wrapFilter(ObservationFilterChainDecorator.java:240)
	at org.springframework.security.web.ObservationFilterChainDecorator$ObservationFilter.doFilter(ObservationFilterChainDecorator.java:227)
	at org.springframework.security.web.ObservationFilterChainDecorator$VirtualFilterChain.doFilter(ObservationFilterChainDecorator.java:137)
	at org.springframework.web.filter.OncePerRequestFilter.doFilter(OncePerRequestFilter.java:110)
	at org.springframework.security.web.ObservationFilterChainDecorator$ObservationFilter.wrapFilter(ObservationFilterChainDecorator.java:240)
	at org.springframework.security.web.ObservationFilterChainDecorator$ObservationFilter.doFilter(ObservationFilterChainDecorator.java:227)
	at org.springframework.security.web.ObservationFilterChainDecorator$VirtualFilterChain.doFilter(ObservationFilterChainDecorator.java:137)
	at org.springframework.web.filter.CorsFilter.doFilterInternal(CorsFilter.java:91)
	at org.springframework.web.filter.OncePerRequestFilter.doFilter(OncePerRequestFilter.java:116)
	at org.springframework.security.web.ObservationFilterChainDecorator$ObservationFilter.wrapFilter(ObservationFilterChainDecorator.java:240)
	at org.springframework.security.web.ObservationFilterChainDecorator$ObservationFilter.doFilter(ObservationFilterChainDecorator.java:227)
	at org.springframework.security.web.ObservationFilterChainDecorator$VirtualFilterChain.doFilter(ObservationFilterChainDecorator.java:137)
	at org.springframework.security.web.header.HeaderWriterFilter.doHeadersAfter(HeaderWriterFilter.java:90)
	at org.springframework.security.web.header.HeaderWriterFilter.doFilterInternal(HeaderWriterFilter.java:75)
	at org.springframework.web.filter.OncePerRequestFilter.doFilter(OncePerRequestFilter.java:116)
	at org.springframework.security.web.ObservationFilterChainDecorator$ObservationFilter.wrapFilter(ObservationFilterChainDecorator.java:240)
	at org.springframework.security.web.ObservationFilterChainDecorator$ObservationFilter.doFilter(ObservationFilterChainDecorator.java:227)
	at org.springframework.security.web.ObservationFilterChainDecorator$VirtualFilterChain.doFilter(ObservationFilterChainDecorator.java:137)
	at org.springframework.security.web.context.SecurityContextHolderFilter.doFilter(SecurityContextHolderFilter.java:82)
	at org.springframework.security.web.context.SecurityContextHolderFilter.doFilter(SecurityContextHolderFilter.java:69)
	at org.springframework.security.web.ObservationFilterChainDecorator$ObservationFilter.wrapFilter(ObservationFilterChainDecorator.java:240)
	at org.springframework.security.web.ObservationFilterChainDecorator$ObservationFilter.doFilter(ObservationFilterChainDecorator.java:227)
	at org.springframework.security.web.ObservationFilterChainDecorator$VirtualFilterChain.doFilter(ObservationFilterChainDecorator.java:137)
	at org.springframework.security.web.context.request.async.WebAsyncManagerIntegrationFilter.doFilterInternal(WebAsyncManagerIntegrationFilter.java:62)
	at org.springframework.web.filter.OncePerRequestFilter.doFilter(OncePerRequestFilter.java:116)
	at org.springframework.security.web.ObservationFilterChainDecorator$ObservationFilter.wrapFilter(ObservationFilterChainDecorator.java:240)
	at org.springframework.security.web.ObservationFilterChainDecorator$ObservationFilter.doFilter(ObservationFilterChainDecorator.java:227)
	at org.springframework.security.web.ObservationFilterChainDecorator$VirtualFilterChain.doFilter(ObservationFilterChainDecorator.java:137)
	at org.springframework.security.web.session.DisableEncodeUrlFilter.doFilterInternal(DisableEncodeUrlFilter.java:42)
	at org.springframework.web.filter.OncePerRequestFilter.doFilter(OncePerRequestFilter.java:116)
	at org.springframework.security.web.ObservationFilterChainDecorator$ObservationFilter.wrapFilter(ObservationFilterChainDecorator.java:240)
	at org.springframework.security.web.ObservationFilterChainDecorator$AroundFilterObservation$SimpleAroundFilterObservation.lambda$wrap$0(ObservationFilterChainDecorator.java:323)
	at org.springframework.security.web.ObservationFilterChainDecorator$ObservationFilter.doFilter(ObservationFilterChainDecorator.java:224)
	at org.springframework.security.web.ObservationFilterChainDecorator$VirtualFilterChain.doFilter(ObservationFilterChainDecorator.java:137)
	at org.springframework.security.web.FilterChainProxy.doFilterInternal(FilterChainProxy.java:233)
	at org.springframework.security.web.FilterChainProxy.doFilter(FilterChainProxy.java:191)
	at org.springframework.web.filter.CompositeFilter$VirtualFilterChain.doFilter(CompositeFilter.java:113)
	at org.springframework.web.servlet.handler.HandlerMappingIntrospector.lambda$createCacheFilter$3(HandlerMappingIntrospector.java:195)
	at org.springframework.web.filter.CompositeFilter$VirtualFilterChain.doFilter(CompositeFilter.java:113)
	at org.springframework.web.filter.CompositeFilter.doFilter(CompositeFilter.java:74)
	at org.springframework.security.config.annotation.web.configuration.WebMvcSecurityConfiguration$CompositeFilterChainProxy.doFilter(WebMvcSecurityConfiguration.java:230)
	at org.springframework.web.filter.DelegatingFilterProxy.invokeDelegate(DelegatingFilterProxy.java:352)
	at org.springframework.web.filter.DelegatingFilterProxy.doFilter(DelegatingFilterProxy.java:268)
	at org.apache.catalina.core.ApplicationFilterChain.internalDoFilter(ApplicationFilterChain.java:175)
	at org.apache.catalina.core.ApplicationFilterChain.doFilter(ApplicationFilterChain.java:150)
	at org.springframework.web.filter.RequestContextFilter.doFilterInternal(RequestContextFilter.java:100)
	at org.springframework.web.filter.OncePerRequestFilter.doFilter(OncePerRequestFilter.java:116)
	at org.apache.catalina.core.ApplicationFilterChain.internalDoFilter(ApplicationFilterChain.java:175)
	at org.apache.catalina.core.ApplicationFilterChain.doFilter(ApplicationFilterChain.java:150)
	at org.springframework.web.filter.FormContentFilter.doFilterInternal(FormContentFilter.java:93)
	at org.springframework.web.filter.OncePerRequestFilter.doFilter(OncePerRequestFilter.java:116)
	at org.apache.catalina.core.ApplicationFilterChain.internalDoFilter(ApplicationFilterChain.java:175)
	at org.apache.catalina.core.ApplicationFilterChain.doFilter(ApplicationFilterChain.java:150)
	at org.springframework.web.filter.ServerHttpObservationFilter.doFilterInternal(ServerHttpObservationFilter.java:109)
	at org.springframework.web.filter.OncePerRequestFilter.doFilter(OncePerRequestFilter.java:116)
	at org.apache.catalina.core.ApplicationFilterChain.internalDoFilter(ApplicationFilterChain.java:175)
	at org.apache.catalina.core.ApplicationFilterChain.doFilter(ApplicationFilterChain.java:150)
	at org.springframework.web.filter.CharacterEncodingFilter.doFilterInternal(CharacterEncodingFilter.java:201)
	at org.springframework.web.filter.OncePerRequestFilter.doFilter(OncePerRequestFilter.java:116)
	at org.apache.catalina.core.ApplicationFilterChain.internalDoFilter(ApplicationFilterChain.java:175)
	at org.apache.catalina.core.ApplicationFilterChain.doFilter(ApplicationFilterChain.java:150)
	at org.apache.catalina.core.StandardWrapperValve.invoke(StandardWrapperValve.java:167)
	at org.apache.catalina.core.StandardContextValve.invoke(StandardContextValve.java:90)
	at org.apache.catalina.authenticator.AuthenticatorBase.invoke(AuthenticatorBase.java:482)
	at org.apache.catalina.core.StandardHostValve.invoke(StandardHostValve.java:115)
	at org.apache.catalina.valves.ErrorReportValve.invoke(ErrorReportValve.java:93)
	at org.apache.catalina.core.StandardEngineValve.invoke(StandardEngineValve.java:74)
	at org.apache.catalina.connector.CoyoteAdapter.service(CoyoteAdapter.java:344)
	at org.apache.coyote.http11.Http11Processor.service(Http11Processor.java:391)
	at org.apache.coyote.AbstractProcessorLight.process(AbstractProcessorLight.java:63)
	at org.apache.coyote.AbstractProtocol$ConnectionHandler.process(AbstractProtocol.java:896)
	at org.apache.tomcat.util.net.NioEndpoint$SocketProcessor.doRun(NioEndpoint.java:1736)
	at org.apache.tomcat.util.net.SocketProcessorBase.run(SocketProcessorBase.java:52)
	at org.apache.tomcat.util.threads.ThreadPoolExecutor.runWorker(ThreadPoolExecutor.java:1191)
	at org.apache.tomcat.util.threads.ThreadPoolExecutor$Worker.run(ThreadPoolExecutor.java:659)
	at org.apache.tomcat.util.threads.TaskThread$WrappingRunnable.run(TaskThread.java:63)
	at java.base/java.lang.Thread.run(Thread.java:842)
Caused by: org.springframework.expression.spel.SpelEvaluationException: EL1058E: A problem occurred when trying to resolve bean 'securityService':'Could not resolve bean reference against BeanFactory'
	at org.springframework.expression.spel.ast.BeanReference.getValueInternal(BeanReference.java:59)
	at org.springframework.expression.spel.ast.CompoundExpression.getValueRef(CompoundExpression.java:60)
	at org.springframework.expression.spel.ast.CompoundExpression.getValueInternal(CompoundExpression.java:96)
	at org.springframework.expression.spel.ast.SpelNodeImpl.getValue(SpelNodeImpl.java:222)
	at org.springframework.expression.spel.ast.OpOr.getBooleanValue(OpOr.java:56)
	at org.springframework.expression.spel.ast.OpOr.getValueInternal(OpOr.java:51)
	at org.springframework.expression.spel.ast.OpOr.getValueInternal(OpOr.java:37)
	at org.springframework.expression.spel.ast.SpelNodeImpl.getTypedValue(SpelNodeImpl.java:119)
	at org.springframework.expression.spel.standard.SpelExpression.getValue(SpelExpression.java:309)
	at org.springframework.security.access.expression.ExpressionUtils.evaluateAsBoolean(ExpressionUtils.java:30)
	... 154 common frames omitted
Caused by: org.springframework.expression.AccessException: Could not resolve bean reference against BeanFactory
	at org.springframework.context.expression.BeanFactoryResolver.resolve(BeanFactoryResolver.java:54)
	at org.springframework.expression.spel.ast.BeanReference.getValueInternal(BeanReference.java:55)
	... 163 common frames omitted
Caused by: org.springframework.beans.factory.NoSuchBeanDefinitionException: No bean named 'securityService' available
	at org.springframework.beans.factory.support.DefaultListableBeanFactory.getBeanDefinition(DefaultListableBeanFactory.java:895)
	at org.springframework.beans.factory.support.AbstractBeanFactory.getMergedLocalBeanDefinition(AbstractBeanFactory.java:1351)
	at org.springframework.beans.factory.support.AbstractBeanFactory.doGetBean(AbstractBeanFactory.java:300)
	at org.springframework.beans.factory.support.AbstractBeanFactory.getBean(AbstractBeanFactory.java:200)
	at org.springframework.context.support.AbstractApplicationContext.getBean(AbstractApplicationContext.java:1234)
	at org.springframework.context.expression.BeanFactoryResolver.resolve(BeanFactoryResolver.java:51)
	... 164 common frames omitted
2026-05-23 05:10:18.507 [http-nio-0.0.0.0-8080-exec-5] DEBUG o.s.o.j.s.OpenEntityManagerInViewInterceptor - Closing JPA EntityManager in OpenEntityManagerInViewInterceptor
2026-05-23 05:10:18.517 [http-nio-0.0.0.0-8080-exec-5] INFO  c.e.p.util.HttpLoggingInterceptor - REQUEST_END [f077dd63-e1b3-4a64-adcd-ed599436f26d] GET /api/v1/notifications/user/2 | Status: 500 | Duration: 159ms
2026-05-23 05:10:18.519 [http-nio-0.0.0.0-8080-exec-6] DEBUG o.s.security.web.FilterChainProxy - Securing GET /api/v1/notifications/user/2
2026-05-23 05:10:18.530 [http-nio-0.0.0.0-8080-exec-6] DEBUG c.e.p.util.SecurityLoggingAspect - AUTHORIZATION_GRANTED: User=ANONYMOUS, Method=extractUsername
2026-05-23 05:10:18.538 [http-nio-0.0.0.0-8080-exec-6] DEBUG o.s.o.j.SharedEntityManagerCreator$SharedEntityManagerInvocationHandler - Creating new EntityManager for shared EntityManager invocation
2026-05-23 05:10:18.550 [http-nio-0.0.0.0-8080-exec-6] DEBUG org.hibernate.SQL - 
    select
        u1_0.id,
        u1_0.address,
        u1_0.admin_notes,
        u1_0.avatar_url,
        u1_0.bio,
        u1_0.preferred_category,
        u1_0.created_at,
        u1_0.email,
        u1_0.google_id,
        u1_0.kyc_status,
        u1_0.password,
        u1_0.last_name,
        u1_0.first_name,
        u1_0.role,
        u1_0.status,
        u1_0.phone,
        u1_0.ville 
    from
        users u1_0 
    where
        u1_0.email=?
2026-05-23 05:10:18.560 [http-nio-0.0.0.0-8080-exec-6] DEBUG c.e.p.util.PerformanceLoggingAspect - QUERY_EXECUTED: $Proxy166.findByEmail | Duration: 24ms
2026-05-23 05:10:18.560 [http-nio-0.0.0.0-8080-exec-6] DEBUG c.e.p.util.SecurityLoggingAspect - AUTHORIZATION_GRANTED: User=ANONYMOUS, Method=loadUserByUsername
2026-05-23 05:10:18.570 [http-nio-0.0.0.0-8080-exec-6] DEBUG c.e.p.util.SecurityLoggingAspect - AUTHORIZATION_GRANTED: User=ANONYMOUS, Method=isTokenValid
2026-05-23 05:10:18.574 [http-nio-0.0.0.0-8080-exec-6] DEBUG o.s.security.web.FilterChainProxy - Secured GET /api/v1/notifications/user/2
2026-05-23 05:10:18.585 [http-nio-0.0.0.0-8080-exec-6] INFO  c.e.p.util.HttpLoggingInterceptor - REQUEST_START [f7473d7a-10b1-46cc-924d-437f36f195c5] GET /api/v1/notifications/user/2 | IP: 172.27.232.215 | User-Agent: Mozilla/5.0 (Linux; Android 13; Pixel 7) AppleWebKit/537.36 (KHTML, like Gecko) Chrome/148.0.0.0 Mobile Safari/537.36
2026-05-23 05:10:18.587 [http-nio-0.0.0.0-8080-exec-6] DEBUG o.s.o.j.s.OpenEntityManagerInViewInterceptor - Opening JPA EntityManager in OpenEntityManagerInViewInterceptor
2026-05-23 05:10:18.588 [http-nio-0.0.0.0-8080-exec-6] DEBUG o.s.s.a.m.AuthorizationManagerBeforeMethodInterceptor - Authorizing method invocation ReflectiveMethodInvocation: public org.springframework.http.ResponseEntity com.example.project.controller.NotificationController.getNotificationsByUser(java.lang.Long); target is of class [com.example.project.controller.NotificationController]
2026-05-23 05:10:18.590 [http-nio-0.0.0.0-8080-exec-6] ERROR c.e.p.e.GlobalExceptionHandler - UNEXPECTED_ERROR: Failed to evaluate expression 'hasRole('ADMIN') or @securityService.isCurrentUser(#utilisateurId)' | Stack Trace: 
java.lang.IllegalArgumentException: Failed to evaluate expression 'hasRole('ADMIN') or @securityService.isCurrentUser(#utilisateurId)'
	at org.springframework.security.access.expression.ExpressionUtils.evaluateAsBoolean(ExpressionUtils.java:33)
	at org.springframework.security.authorization.method.PreAuthorizeAuthorizationManager.check(PreAuthorizeAuthorizationManager.java:68)
	at org.springframework.security.authorization.method.PreAuthorizeAuthorizationManager.check(PreAuthorizeAuthorizationManager.java:40)
	at org.springframework.security.authorization.ObservationAuthorizationManager.check(ObservationAuthorizationManager.java:63)
	at org.springframework.security.config.annotation.method.configuration.DeferringObservationAuthorizationManager.check(DeferringObservationAuthorizationManager.java:47)
	at org.springframework.security.authorization.method.AuthorizationManagerBeforeMethodInterceptor.attemptAuthorization(AuthorizationManagerBeforeMethodInterceptor.java:251)
	at org.springframework.security.authorization.method.AuthorizationManagerBeforeMethodInterceptor.invoke(AuthorizationManagerBeforeMethodInterceptor.java:197)
	at org.springframework.aop.framework.ReflectiveMethodInvocation.proceed(ReflectiveMethodInvocation.java:184)
	at org.springframework.aop.framework.CglibAopProxy$CglibMethodInvocation.proceed(CglibAopProxy.java:768)
	at org.springframework.aop.interceptor.ExposeInvocationInterceptor.invoke(ExposeInvocationInterceptor.java:97)
	at org.springframework.aop.framework.ReflectiveMethodInvocation.proceed(ReflectiveMethodInvocation.java:184)
	at org.springframework.aop.framework.CglibAopProxy$CglibMethodInvocation.proceed(CglibAopProxy.java:768)
	at org.springframework.aop.framework.CglibAopProxy$DynamicAdvisedInterceptor.intercept(CglibAopProxy.java:720)
	at com.example.project.controller.NotificationController$$SpringCGLIB$$0.getNotificationsByUser(<generated>)
	at java.base/jdk.internal.reflect.NativeMethodAccessorImpl.invoke0(Native Method)
	at java.base/jdk.internal.reflect.NativeMethodAccessorImpl.invoke(NativeMethodAccessorImpl.java:77)
	at java.base/jdk.internal.reflect.DelegatingMethodAccessorImpl.invoke(DelegatingMethodAccessorImpl.java:43)
	at java.base/java.lang.reflect.Method.invoke(Method.java:568)
	at org.springframework.web.method.support.InvocableHandlerMethod.doInvoke(InvocableHandlerMethod.java:255)
	at org.springframework.web.method.support.InvocableHandlerMethod.invokeForRequest(InvocableHandlerMethod.java:188)
	at org.springframework.web.servlet.mvc.method.annotation.ServletInvocableHandlerMethod.invokeAndHandle(ServletInvocableHandlerMethod.java:118)
	at org.springframework.web.servlet.mvc.method.annotation.RequestMappingHandlerAdapter.invokeHandlerMethod(RequestMappingHandlerAdapter.java:926)
	at org.springframework.web.servlet.mvc.method.annotation.RequestMappingHandlerAdapter.handleInternal(RequestMappingHandlerAdapter.java:831)
	at org.springframework.web.servlet.mvc.method.AbstractHandlerMethodAdapter.handle(AbstractHandlerMethodAdapter.java:87)
	at org.springframework.web.servlet.DispatcherServlet.doDispatch(DispatcherServlet.java:1089)
	at org.springframework.web.servlet.DispatcherServlet.doService(DispatcherServlet.java:979)
	at org.springframework.web.servlet.FrameworkServlet.processRequest(FrameworkServlet.java:1014)
	at org.springframework.web.servlet.FrameworkServlet.doGet(FrameworkServlet.java:903)
	at jakarta.servlet.http.HttpServlet.service(HttpServlet.java:564)
	at org.springframework.web.servlet.FrameworkServlet.service(FrameworkServlet.java:885)
	at jakarta.servlet.http.HttpServlet.service(HttpServlet.java:658)
	at org.apache.catalina.core.ApplicationFilterChain.internalDoFilter(ApplicationFilterChain.java:206)
	at org.apache.catalina.core.ApplicationFilterChain.doFilter(ApplicationFilterChain.java:150)
	at org.apache.tomcat.websocket.server.WsFilter.doFilter(WsFilter.java:51)
	at org.apache.catalina.core.ApplicationFilterChain.internalDoFilter(ApplicationFilterChain.java:175)
	at org.apache.catalina.core.ApplicationFilterChain.doFilter(ApplicationFilterChain.java:150)
	at org.springframework.web.filter.OncePerRequestFilter.doFilter(OncePerRequestFilter.java:110)
	at org.apache.catalina.core.ApplicationFilterChain.internalDoFilter(ApplicationFilterChain.java:175)
	at org.apache.catalina.core.ApplicationFilterChain.doFilter(ApplicationFilterChain.java:150)
	at org.springframework.web.filter.CompositeFilter$VirtualFilterChain.doFilter(CompositeFilter.java:108)
	at org.springframework.security.web.FilterChainProxy.lambda$doFilterInternal$3(FilterChainProxy.java:231)
	at org.springframework.security.web.ObservationFilterChainDecorator$FilterObservation$SimpleFilterObservation.lambda$wrap$1(ObservationFilterChainDecorator.java:479)
	at org.springframework.security.web.ObservationFilterChainDecorator$AroundFilterObservation$SimpleAroundFilterObservation.lambda$wrap$1(ObservationFilterChainDecorator.java:340)
	at org.springframework.security.web.ObservationFilterChainDecorator.lambda$wrapSecured$0(ObservationFilterChainDecorator.java:82)
	at org.springframework.security.web.ObservationFilterChainDecorator$VirtualFilterChain.doFilter(ObservationFilterChainDecorator.java:128)
	at org.springframework.security.web.access.intercept.AuthorizationFilter.doFilter(AuthorizationFilter.java:100)
	at org.springframework.security.web.ObservationFilterChainDecorator$ObservationFilter.wrapFilter(ObservationFilterChainDecorator.java:240)
	at org.springframework.security.web.ObservationFilterChainDecorator$ObservationFilter.doFilter(ObservationFilterChainDecorator.java:227)
	at org.springframework.security.web.ObservationFilterChainDecorator$VirtualFilterChain.doFilter(ObservationFilterChainDecorator.java:137)
	at org.springframework.security.web.access.ExceptionTranslationFilter.doFilter(ExceptionTranslationFilter.java:126)
	at org.springframework.security.web.access.ExceptionTranslationFilter.doFilter(ExceptionTranslationFilter.java:120)
	at org.springframework.security.web.ObservationFilterChainDecorator$ObservationFilter.wrapFilter(ObservationFilterChainDecorator.java:240)
	at org.springframework.security.web.ObservationFilterChainDecorator$ObservationFilter.doFilter(ObservationFilterChainDecorator.java:227)
	at org.springframework.security.web.ObservationFilterChainDecorator$VirtualFilterChain.doFilter(ObservationFilterChainDecorator.java:137)
	at org.springframework.security.web.session.SessionManagementFilter.doFilter(SessionManagementFilter.java:131)
	at org.springframework.security.web.session.SessionManagementFilter.doFilter(SessionManagementFilter.java:85)
	at org.springframework.security.web.ObservationFilterChainDecorator$ObservationFilter.wrapFilter(ObservationFilterChainDecorator.java:240)
	at org.springframework.security.web.ObservationFilterChainDecorator$ObservationFilter.doFilter(ObservationFilterChainDecorator.java:227)
	at org.springframework.security.web.ObservationFilterChainDecorator$VirtualFilterChain.doFilter(ObservationFilterChainDecorator.java:137)
	at org.springframework.security.web.authentication.AnonymousAuthenticationFilter.doFilter(AnonymousAuthenticationFilter.java:100)
	at org.springframework.security.web.ObservationFilterChainDecorator$ObservationFilter.wrapFilter(ObservationFilterChainDecorator.java:240)
	at org.springframework.security.web.ObservationFilterChainDecorator$ObservationFilter.doFilter(ObservationFilterChainDecorator.java:227)
	at org.springframework.security.web.ObservationFilterChainDecorator$VirtualFilterChain.doFilter(ObservationFilterChainDecorator.java:137)
	at org.springframework.security.web.servletapi.SecurityContextHolderAwareRequestFilter.doFilter(SecurityContextHolderAwareRequestFilter.java:179)
	at org.springframework.security.web.ObservationFilterChainDecorator$ObservationFilter.wrapFilter(ObservationFilterChainDecorator.java:240)
	at org.springframework.security.web.ObservationFilterChainDecorator$ObservationFilter.doFilter(ObservationFilterChainDecorator.java:227)
	at org.springframework.security.web.ObservationFilterChainDecorator$VirtualFilterChain.doFilter(ObservationFilterChainDecorator.java:137)
	at org.springframework.security.web.savedrequest.RequestCacheAwareFilter.doFilter(RequestCacheAwareFilter.java:63)
	at org.springframework.security.web.ObservationFilterChainDecorator$ObservationFilter.wrapFilter(ObservationFilterChainDecorator.java:240)
	at org.springframework.security.web.ObservationFilterChainDecorator$ObservationFilter.doFilter(ObservationFilterChainDecorator.java:227)
	at org.springframework.security.web.ObservationFilterChainDecorator$VirtualFilterChain.doFilter(ObservationFilterChainDecorator.java:137)
	at com.example.project.security.JwtAuthFilter.doFilterInternal(JwtAuthFilter.java:63)
	at org.springframework.web.filter.OncePerRequestFilter.doFilter(OncePerRequestFilter.java:116)
	at org.springframework.security.web.ObservationFilterChainDecorator$ObservationFilter.wrapFilter(ObservationFilterChainDecorator.java:240)
	at org.springframework.security.web.ObservationFilterChainDecorator$ObservationFilter.doFilter(ObservationFilterChainDecorator.java:227)
	at org.springframework.security.web.ObservationFilterChainDecorator$VirtualFilterChain.doFilter(ObservationFilterChainDecorator.java:137)
	at org.springframework.security.web.authentication.logout.LogoutFilter.doFilter(LogoutFilter.java:107)
	at org.springframework.security.web.authentication.logout.LogoutFilter.doFilter(LogoutFilter.java:93)
	at org.springframework.security.web.ObservationFilterChainDecorator$ObservationFilter.wrapFilter(ObservationFilterChainDecorator.java:240)
	at org.springframework.security.web.ObservationFilterChainDecorator$ObservationFilter.doFilter(ObservationFilterChainDecorator.java:227)
	at org.springframework.security.web.ObservationFilterChainDecorator$VirtualFilterChain.doFilter(ObservationFilterChainDecorator.java:137)
	at org.springframework.web.filter.OncePerRequestFilter.doFilter(OncePerRequestFilter.java:110)
	at org.springframework.security.web.ObservationFilterChainDecorator$ObservationFilter.wrapFilter(ObservationFilterChainDecorator.java:240)
	at org.springframework.security.web.ObservationFilterChainDecorator$ObservationFilter.doFilter(ObservationFilterChainDecorator.java:227)
	at org.springframework.security.web.ObservationFilterChainDecorator$VirtualFilterChain.doFilter(ObservationFilterChainDecorator.java:137)
	at org.springframework.web.filter.CorsFilter.doFilterInternal(CorsFilter.java:91)
	at org.springframework.web.filter.OncePerRequestFilter.doFilter(OncePerRequestFilter.java:116)
	at org.springframework.security.web.ObservationFilterChainDecorator$ObservationFilter.wrapFilter(ObservationFilterChainDecorator.java:240)
	at org.springframework.security.web.ObservationFilterChainDecorator$ObservationFilter.doFilter(ObservationFilterChainDecorator.java:227)
	at org.springframework.security.web.ObservationFilterChainDecorator$VirtualFilterChain.doFilter(ObservationFilterChainDecorator.java:137)
	at org.springframework.security.web.header.HeaderWriterFilter.doHeadersAfter(HeaderWriterFilter.java:90)
	at org.springframework.security.web.header.HeaderWriterFilter.doFilterInternal(HeaderWriterFilter.java:75)
	at org.springframework.web.filter.OncePerRequestFilter.doFilter(OncePerRequestFilter.java:116)
	at org.springframework.security.web.ObservationFilterChainDecorator$ObservationFilter.wrapFilter(ObservationFilterChainDecorator.java:240)
	at org.springframework.security.web.ObservationFilterChainDecorator$ObservationFilter.doFilter(ObservationFilterChainDecorator.java:227)
	at org.springframework.security.web.ObservationFilterChainDecorator$VirtualFilterChain.doFilter(ObservationFilterChainDecorator.java:137)
	at org.springframework.security.web.context.SecurityContextHolderFilter.doFilter(SecurityContextHolderFilter.java:82)
	at org.springframework.security.web.context.SecurityContextHolderFilter.doFilter(SecurityContextHolderFilter.java:69)
	at org.springframework.security.web.ObservationFilterChainDecorator$ObservationFilter.wrapFilter(ObservationFilterChainDecorator.java:240)
	at org.springframework.security.web.ObservationFilterChainDecorator$ObservationFilter.doFilter(ObservationFilterChainDecorator.java:227)
	at org.springframework.security.web.ObservationFilterChainDecorator$VirtualFilterChain.doFilter(ObservationFilterChainDecorator.java:137)
	at org.springframework.security.web.context.request.async.WebAsyncManagerIntegrationFilter.doFilterInternal(WebAsyncManagerIntegrationFilter.java:62)
	at org.springframework.web.filter.OncePerRequestFilter.doFilter(OncePerRequestFilter.java:116)
	at org.springframework.security.web.ObservationFilterChainDecorator$ObservationFilter.wrapFilter(ObservationFilterChainDecorator.java:240)
	at org.springframework.security.web.ObservationFilterChainDecorator$ObservationFilter.doFilter(ObservationFilterChainDecorator.java:227)
	at org.springframework.security.web.ObservationFilterChainDecorator$VirtualFilterChain.doFilter(ObservationFilterChainDecorator.java:137)
	at org.springframework.security.web.session.DisableEncodeUrlFilter.doFilterInternal(DisableEncodeUrlFilter.java:42)
	at org.springframework.web.filter.OncePerRequestFilter.doFilter(OncePerRequestFilter.java:116)
	at org.springframework.security.web.ObservationFilterChainDecorator$ObservationFilter.wrapFilter(ObservationFilterChainDecorator.java:240)
	at org.springframework.security.web.ObservationFilterChainDecorator$AroundFilterObservation$SimpleAroundFilterObservation.lambda$wrap$0(ObservationFilterChainDecorator.java:323)
	at org.springframework.security.web.ObservationFilterChainDecorator$ObservationFilter.doFilter(ObservationFilterChainDecorator.java:224)
	at org.springframework.security.web.ObservationFilterChainDecorator$VirtualFilterChain.doFilter(ObservationFilterChainDecorator.java:137)
	at org.springframework.security.web.FilterChainProxy.doFilterInternal(FilterChainProxy.java:233)
	at org.springframework.security.web.FilterChainProxy.doFilter(FilterChainProxy.java:191)
	at org.springframework.web.filter.CompositeFilter$VirtualFilterChain.doFilter(CompositeFilter.java:113)
	at org.springframework.web.servlet.handler.HandlerMappingIntrospector.lambda$createCacheFilter$3(HandlerMappingIntrospector.java:195)
	at org.springframework.web.filter.CompositeFilter$VirtualFilterChain.doFilter(CompositeFilter.java:113)
	at org.springframework.web.filter.CompositeFilter.doFilter(CompositeFilter.java:74)
	at org.springframework.security.config.annotation.web.configuration.WebMvcSecurityConfiguration$CompositeFilterChainProxy.doFilter(WebMvcSecurityConfiguration.java:230)
	at org.springframework.web.filter.DelegatingFilterProxy.invokeDelegate(DelegatingFilterProxy.java:352)
	at org.springframework.web.filter.DelegatingFilterProxy.doFilter(DelegatingFilterProxy.java:268)
	at org.apache.catalina.core.ApplicationFilterChain.internalDoFilter(ApplicationFilterChain.java:175)
	at org.apache.catalina.core.ApplicationFilterChain.doFilter(ApplicationFilterChain.java:150)
	at org.springframework.web.filter.RequestContextFilter.doFilterInternal(RequestContextFilter.java:100)
	at org.springframework.web.filter.OncePerRequestFilter.doFilter(OncePerRequestFilter.java:116)
	at org.apache.catalina.core.ApplicationFilterChain.internalDoFilter(ApplicationFilterChain.java:175)
	at org.apache.catalina.core.ApplicationFilterChain.doFilter(ApplicationFilterChain.java:150)
	at org.springframework.web.filter.FormContentFilter.doFilterInternal(FormContentFilter.java:93)
	at org.springframework.web.filter.OncePerRequestFilter.doFilter(OncePerRequestFilter.java:116)
	at org.apache.catalina.core.ApplicationFilterChain.internalDoFilter(ApplicationFilterChain.java:175)
	at org.apache.catalina.core.ApplicationFilterChain.doFilter(ApplicationFilterChain.java:150)
	at org.springframework.web.filter.ServerHttpObservationFilter.doFilterInternal(ServerHttpObservationFilter.java:109)
	at org.springframework.web.filter.OncePerRequestFilter.doFilter(OncePerRequestFilter.java:116)
	at org.apache.catalina.core.ApplicationFilterChain.internalDoFilter(ApplicationFilterChain.java:175)
	at org.apache.catalina.core.ApplicationFilterChain.doFilter(ApplicationFilterChain.java:150)
	at org.springframework.web.filter.CharacterEncodingFilter.doFilterInternal(CharacterEncodingFilter.java:201)
	at org.springframework.web.filter.OncePerRequestFilter.doFilter(OncePerRequestFilter.java:116)
	at org.apache.catalina.core.ApplicationFilterChain.internalDoFilter(ApplicationFilterChain.java:175)
	at org.apache.catalina.core.ApplicationFilterChain.doFilter(ApplicationFilterChain.java:150)
	at org.apache.catalina.core.StandardWrapperValve.invoke(StandardWrapperValve.java:167)
	at org.apache.catalina.core.StandardContextValve.invoke(StandardContextValve.java:90)
	at org.apache.catalina.authenticator.AuthenticatorBase.invoke(AuthenticatorBase.java:482)
	at org.apache.catalina.core.StandardHostValve.invoke(StandardHostValve.java:115)
	at org.apache.catalina.valves.ErrorReportValve.invoke(ErrorReportValve.java:93)
	at org.apache.catalina.core.StandardEngineValve.invoke(StandardEngineValve.java:74)
	at org.apache.catalina.connector.CoyoteAdapter.service(CoyoteAdapter.java:344)
	at org.apache.coyote.http11.Http11Processor.service(Http11Processor.java:391)
	at org.apache.coyote.AbstractProcessorLight.process(AbstractProcessorLight.java:63)
	at org.apache.coyote.AbstractProtocol$ConnectionHandler.process(AbstractProtocol.java:896)
	at org.apache.tomcat.util.net.NioEndpoint$SocketProcessor.doRun(NioEndpoint.java:1736)
	at org.apache.tomcat.util.net.SocketProcessorBase.run(SocketProcessorBase.java:52)
	at org.apache.tomcat.util.threads.ThreadPoolExecutor.runWorker(ThreadPoolExecutor.java:1191)
	at org.apache.tomcat.util.threads.ThreadPoolExecutor$Worker.run(ThreadPoolExecutor.java:659)
	at org.apache.tomcat.util.threads.TaskThread$WrappingRunnable.run(TaskThread.java:63)
	at java.base/java.lang.Thread.run(Thread.java:842)
Caused by: org.springframework.expression.spel.SpelEvaluationException: EL1058E: A problem occurred when trying to resolve bean 'securityService':'Could not resolve bean reference against BeanFactory'
	at org.springframework.expression.spel.ast.BeanReference.getValueInternal(BeanReference.java:59)
	at org.springframework.expression.spel.ast.CompoundExpression.getValueRef(CompoundExpression.java:60)
	at org.springframework.expression.spel.ast.CompoundExpression.getValueInternal(CompoundExpression.java:96)
	at org.springframework.expression.spel.ast.SpelNodeImpl.getValue(SpelNodeImpl.java:222)
	at org.springframework.expression.spel.ast.OpOr.getBooleanValue(OpOr.java:56)
	at org.springframework.expression.spel.ast.OpOr.getValueInternal(OpOr.java:51)
	at org.springframework.expression.spel.ast.OpOr.getValueInternal(OpOr.java:37)
	at org.springframework.expression.spel.ast.SpelNodeImpl.getTypedValue(SpelNodeImpl.java:119)
	at org.springframework.expression.spel.standard.SpelExpression.getValue(SpelExpression.java:309)
	at org.springframework.security.access.expression.ExpressionUtils.evaluateAsBoolean(ExpressionUtils.java:30)
	... 154 common frames omitted
Caused by: org.springframework.expression.AccessException: Could not resolve bean reference against BeanFactory
	at org.springframework.context.expression.BeanFactoryResolver.resolve(BeanFactoryResolver.java:54)
	at org.springframework.expression.spel.ast.BeanReference.getValueInternal(BeanReference.java:55)
	... 163 common frames omitted
Caused by: org.springframework.beans.factory.NoSuchBeanDefinitionException: No bean named 'securityService' available
	at org.springframework.beans.factory.support.DefaultListableBeanFactory.getBeanDefinition(DefaultListableBeanFactory.java:895)
	at org.springframework.beans.factory.support.AbstractBeanFactory.getMergedLocalBeanDefinition(AbstractBeanFactory.java:1351)
	at org.springframework.beans.factory.support.AbstractBeanFactory.doGetBean(AbstractBeanFactory.java:300)
	at org.springframework.beans.factory.support.AbstractBeanFactory.getBean(AbstractBeanFactory.java:200)
	at org.springframework.context.support.AbstractApplicationContext.getBean(AbstractApplicationContext.java:1234)
	at org.springframework.context.expression.BeanFactoryResolver.resolve(BeanFactoryResolver.java:51)
	... 164 common frames omitted
2026-05-23 05:10:18.607 [http-nio-0.0.0.0-8080-exec-6] DEBUG o.s.o.j.s.OpenEntityManagerInViewInterceptor - Closing JPA EntityManager in OpenEntityManagerInViewInterceptor
2026-05-23 05:10:18.611 [http-nio-0.0.0.0-8080-exec-6] INFO  c.e.p.util.HttpLoggingInterceptor - REQUEST_END [f7473d7a-10b1-46cc-924d-437f36f195c5] GET /api/v1/notifications/user/2 | Status: 500 | Duration: 26ms
2026-05-23 05:10:19.453 [http-nio-0.0.0.0-8080-exec-7] DEBUG o.s.security.web.FilterChainProxy - Securing OPTIONS /api/v1/auth/me
2026-05-23 05:10:19.485 [http-nio-0.0.0.0-8080-exec-1] DEBUG o.s.security.web.FilterChainProxy - Securing GET /api/v1/notifications/user/2
2026-05-23 05:10:19.486 [http-nio-0.0.0.0-8080-exec-10] DEBUG o.s.security.web.FilterChainProxy - Securing OPTIONS /api/v1/auth/me
2026-05-23 05:10:19.500 [http-nio-0.0.0.0-8080-exec-9] DEBUG o.s.security.web.FilterChainProxy - Securing OPTIONS /api/v1/projets/porteur/2
2026-05-23 05:10:19.505 [http-nio-0.0.0.0-8080-exec-8] DEBUG o.s.security.web.FilterChainProxy - Securing OPTIONS /api/v1/projets/porteur/2
2026-05-23 05:10:19.520 [http-nio-0.0.0.0-8080-exec-1] DEBUG c.e.p.util.SecurityLoggingAspect - AUTHORIZATION_GRANTED: User=ANONYMOUS, Method=extractUsername
2026-05-23 05:10:19.541 [http-nio-0.0.0.0-8080-exec-1] DEBUG o.s.o.j.SharedEntityManagerCreator$SharedEntityManagerInvocationHandler - Creating new EntityManager for shared EntityManager invocation
2026-05-23 05:10:19.586 [http-nio-0.0.0.0-8080-exec-1] DEBUG org.hibernate.SQL - 
    select
        u1_0.id,
        u1_0.address,
        u1_0.admin_notes,
        u1_0.avatar_url,
        u1_0.bio,
        u1_0.preferred_category,
        u1_0.created_at,
        u1_0.email,
        u1_0.google_id,
        u1_0.kyc_status,
        u1_0.password,
        u1_0.last_name,
        u1_0.first_name,
        u1_0.role,
        u1_0.status,
        u1_0.phone,
        u1_0.ville 
    from
        users u1_0 
    where
        u1_0.email=?
2026-05-23 05:10:19.588 [http-nio-0.0.0.0-8080-exec-2] DEBUG o.s.security.web.FilterChainProxy - Securing GET /api/v1/projets/porteur/2
2026-05-23 05:10:19.589 [http-nio-0.0.0.0-8080-exec-10] DEBUG o.s.security.web.FilterChainProxy - Securing GET /api/v1/auth/me
2026-05-23 05:10:19.609 [http-nio-0.0.0.0-8080-exec-1] DEBUG c.e.p.util.PerformanceLoggingAspect - QUERY_EXECUTED: $Proxy166.findByEmail | Duration: 68ms
2026-05-23 05:10:19.618 [http-nio-0.0.0.0-8080-exec-10] DEBUG c.e.p.util.SecurityLoggingAspect - AUTHORIZATION_GRANTED: User=ANONYMOUS, Method=extractUsername
2026-05-23 05:10:19.622 [http-nio-0.0.0.0-8080-exec-1] DEBUG c.e.p.util.SecurityLoggingAspect - AUTHORIZATION_GRANTED: User=ANONYMOUS, Method=loadUserByUsername
2026-05-23 05:10:19.626 [http-nio-0.0.0.0-8080-exec-10] DEBUG o.s.o.j.SharedEntityManagerCreator$SharedEntityManagerInvocationHandler - Creating new EntityManager for shared EntityManager invocation
2026-05-23 05:10:19.618 [http-nio-0.0.0.0-8080-exec-2] DEBUG c.e.p.util.SecurityLoggingAspect - AUTHORIZATION_GRANTED: User=ANONYMOUS, Method=extractUsername
2026-05-23 05:10:19.635 [http-nio-0.0.0.0-8080-exec-2] DEBUG o.s.o.j.SharedEntityManagerCreator$SharedEntityManagerInvocationHandler - Creating new EntityManager for shared EntityManager invocation
2026-05-23 05:10:19.640 [http-nio-0.0.0.0-8080-exec-10] DEBUG org.hibernate.SQL - 
    select
        u1_0.id,
        u1_0.address,
        u1_0.admin_notes,
        u1_0.avatar_url,
        u1_0.bio,
        u1_0.preferred_category,
        u1_0.created_at,
        u1_0.email,
        u1_0.google_id,
        u1_0.kyc_status,
        u1_0.password,
        u1_0.last_name,
        u1_0.first_name,
        u1_0.role,
        u1_0.status,
        u1_0.phone,
        u1_0.ville 
    from
        users u1_0 
    where
        u1_0.email=?
2026-05-23 05:10:19.640 [http-nio-0.0.0.0-8080-exec-1] DEBUG c.e.p.util.SecurityLoggingAspect - AUTHORIZATION_GRANTED: User=ANONYMOUS, Method=isTokenValid
2026-05-23 05:10:19.654 [http-nio-0.0.0.0-8080-exec-2] DEBUG org.hibernate.SQL - 
    select
        u1_0.id,
        u1_0.address,
        u1_0.admin_notes,
        u1_0.avatar_url,
        u1_0.bio,
        u1_0.preferred_category,
        u1_0.created_at,
        u1_0.email,
        u1_0.google_id,
        u1_0.kyc_status,
        u1_0.password,
        u1_0.last_name,
        u1_0.first_name,
        u1_0.role,
        u1_0.status,
        u1_0.phone,
        u1_0.ville 
    from
        users u1_0 
    where
        u1_0.email=?
2026-05-23 05:10:19.659 [http-nio-0.0.0.0-8080-exec-10] DEBUG c.e.p.util.PerformanceLoggingAspect - QUERY_EXECUTED: $Proxy166.findByEmail | Duration: 33ms
2026-05-23 05:10:19.654 [http-nio-0.0.0.0-8080-exec-1] DEBUG o.s.security.web.FilterChainProxy - Secured GET /api/v1/notifications/user/2
2026-05-23 05:10:19.665 [http-nio-0.0.0.0-8080-exec-10] DEBUG c.e.p.util.SecurityLoggingAspect - AUTHORIZATION_GRANTED: User=ANONYMOUS, Method=loadUserByUsername
2026-05-23 05:10:19.668 [http-nio-0.0.0.0-8080-exec-1] INFO  c.e.p.util.HttpLoggingInterceptor - REQUEST_START [7356623e-8776-456c-ba2f-16b7eb89251d] GET /api/v1/notifications/user/2 | IP: 172.27.232.215 | User-Agent: Mozilla/5.0 (Linux; Android 13; Pixel 7) AppleWebKit/537.36 (KHTML, like Gecko) Chrome/148.0.0.0 Mobile Safari/537.36
2026-05-23 05:10:19.674 [http-nio-0.0.0.0-8080-exec-2] DEBUG c.e.p.util.PerformanceLoggingAspect - QUERY_EXECUTED: $Proxy166.findByEmail | Duration: 40ms
2026-05-23 05:10:19.674 [http-nio-0.0.0.0-8080-exec-1] DEBUG o.s.o.j.s.OpenEntityManagerInViewInterceptor - Opening JPA EntityManager in OpenEntityManagerInViewInterceptor
2026-05-23 05:10:19.675 [http-nio-0.0.0.0-8080-exec-10] DEBUG c.e.p.util.SecurityLoggingAspect - AUTHORIZATION_GRANTED: User=ANONYMOUS, Method=isTokenValid
2026-05-23 05:10:19.676 [http-nio-0.0.0.0-8080-exec-2] DEBUG c.e.p.util.SecurityLoggingAspect - AUTHORIZATION_GRANTED: User=ANONYMOUS, Method=loadUserByUsername
2026-05-23 05:10:19.678 [http-nio-0.0.0.0-8080-exec-1] DEBUG o.s.s.a.m.AuthorizationManagerBeforeMethodInterceptor - Authorizing method invocation ReflectiveMethodInvocation: public org.springframework.http.ResponseEntity com.example.project.controller.NotificationController.getNotificationsByUser(java.lang.Long); target is of class [com.example.project.controller.NotificationController]
2026-05-23 05:10:19.685 [http-nio-0.0.0.0-8080-exec-10] DEBUG o.s.security.web.FilterChainProxy - Secured GET /api/v1/auth/me
2026-05-23 05:10:19.691 [http-nio-0.0.0.0-8080-exec-2] DEBUG c.e.p.util.SecurityLoggingAspect - AUTHORIZATION_GRANTED: User=ANONYMOUS, Method=isTokenValid
2026-05-23 05:10:19.692 [http-nio-0.0.0.0-8080-exec-10] INFO  c.e.p.util.HttpLoggingInterceptor - REQUEST_START [51a80bbb-b16a-49a2-8c5d-96f6c36289da] GET /api/v1/auth/me | IP: 172.27.232.215 | User-Agent: Mozilla/5.0 (Linux; Android 13; Pixel 7) AppleWebKit/537.36 (KHTML, like Gecko) Chrome/148.0.0.0 Mobile Safari/537.36
2026-05-23 05:10:19.697 [http-nio-0.0.0.0-8080-exec-10] DEBUG o.s.o.j.s.OpenEntityManagerInViewInterceptor - Opening JPA EntityManager in OpenEntityManagerInViewInterceptor
2026-05-23 05:10:19.689 [http-nio-0.0.0.0-8080-exec-1] ERROR c.e.p.e.GlobalExceptionHandler - UNEXPECTED_ERROR: Failed to evaluate expression 'hasRole('ADMIN') or @securityService.isCurrentUser(#utilisateurId)' | Stack Trace: 
java.lang.IllegalArgumentException: Failed to evaluate expression 'hasRole('ADMIN') or @securityService.isCurrentUser(#utilisateurId)'
	at org.springframework.security.access.expression.ExpressionUtils.evaluateAsBoolean(ExpressionUtils.java:33)
	at org.springframework.security.authorization.method.PreAuthorizeAuthorizationManager.check(PreAuthorizeAuthorizationManager.java:68)
	at org.springframework.security.authorization.method.PreAuthorizeAuthorizationManager.check(PreAuthorizeAuthorizationManager.java:40)
	at org.springframework.security.authorization.ObservationAuthorizationManager.check(ObservationAuthorizationManager.java:63)
	at org.springframework.security.config.annotation.method.configuration.DeferringObservationAuthorizationManager.check(DeferringObservationAuthorizationManager.java:47)
	at org.springframework.security.authorization.method.AuthorizationManagerBeforeMethodInterceptor.attemptAuthorization(AuthorizationManagerBeforeMethodInterceptor.java:251)
	at org.springframework.security.authorization.method.AuthorizationManagerBeforeMethodInterceptor.invoke(AuthorizationManagerBeforeMethodInterceptor.java:197)
	at org.springframework.aop.framework.ReflectiveMethodInvocation.proceed(ReflectiveMethodInvocation.java:184)
	at org.springframework.aop.framework.CglibAopProxy$CglibMethodInvocation.proceed(CglibAopProxy.java:768)
	at org.springframework.aop.interceptor.ExposeInvocationInterceptor.invoke(ExposeInvocationInterceptor.java:97)
	at org.springframework.aop.framework.ReflectiveMethodInvocation.proceed(ReflectiveMethodInvocation.java:184)
	at org.springframework.aop.framework.CglibAopProxy$CglibMethodInvocation.proceed(CglibAopProxy.java:768)
	at org.springframework.aop.framework.CglibAopProxy$DynamicAdvisedInterceptor.intercept(CglibAopProxy.java:720)
	at com.example.project.controller.NotificationController$$SpringCGLIB$$0.getNotificationsByUser(<generated>)
	at java.base/jdk.internal.reflect.NativeMethodAccessorImpl.invoke0(Native Method)
	at java.base/jdk.internal.reflect.NativeMethodAccessorImpl.invoke(NativeMethodAccessorImpl.java:77)
	at java.base/jdk.internal.reflect.DelegatingMethodAccessorImpl.invoke(DelegatingMethodAccessorImpl.java:43)
	at java.base/java.lang.reflect.Method.invoke(Method.java:568)
	at org.springframework.web.method.support.InvocableHandlerMethod.doInvoke(InvocableHandlerMethod.java:255)
	at org.springframework.web.method.support.InvocableHandlerMethod.invokeForRequest(InvocableHandlerMethod.java:188)
	at org.springframework.web.servlet.mvc.method.annotation.ServletInvocableHandlerMethod.invokeAndHandle(ServletInvocableHandlerMethod.java:118)
	at org.springframework.web.servlet.mvc.method.annotation.RequestMappingHandlerAdapter.invokeHandlerMethod(RequestMappingHandlerAdapter.java:926)
	at org.springframework.web.servlet.mvc.method.annotation.RequestMappingHandlerAdapter.handleInternal(RequestMappingHandlerAdapter.java:831)
	at org.springframework.web.servlet.mvc.method.AbstractHandlerMethodAdapter.handle(AbstractHandlerMethodAdapter.java:87)
	at org.springframework.web.servlet.DispatcherServlet.doDispatch(DispatcherServlet.java:1089)
	at org.springframework.web.servlet.DispatcherServlet.doService(DispatcherServlet.java:979)
	at org.springframework.web.servlet.FrameworkServlet.processRequest(FrameworkServlet.java:1014)
	at org.springframework.web.servlet.FrameworkServlet.doGet(FrameworkServlet.java:903)
	at jakarta.servlet.http.HttpServlet.service(HttpServlet.java:564)
	at org.springframework.web.servlet.FrameworkServlet.service(FrameworkServlet.java:885)
	at jakarta.servlet.http.HttpServlet.service(HttpServlet.java:658)
	at org.apache.catalina.core.ApplicationFilterChain.internalDoFilter(ApplicationFilterChain.java:206)
	at org.apache.catalina.core.ApplicationFilterChain.doFilter(ApplicationFilterChain.java:150)
	at org.apache.tomcat.websocket.server.WsFilter.doFilter(WsFilter.java:51)
	at org.apache.catalina.core.ApplicationFilterChain.internalDoFilter(ApplicationFilterChain.java:175)
	at org.apache.catalina.core.ApplicationFilterChain.doFilter(ApplicationFilterChain.java:150)
	at org.springframework.web.filter.OncePerRequestFilter.doFilter(OncePerRequestFilter.java:110)
	at org.apache.catalina.core.ApplicationFilterChain.internalDoFilter(ApplicationFilterChain.java:175)
	at org.apache.catalina.core.ApplicationFilterChain.doFilter(ApplicationFilterChain.java:150)
	at org.springframework.web.filter.CompositeFilter$VirtualFilterChain.doFilter(CompositeFilter.java:108)
	at org.springframework.security.web.FilterChainProxy.lambda$doFilterInternal$3(FilterChainProxy.java:231)
	at org.springframework.security.web.ObservationFilterChainDecorator$FilterObservation$SimpleFilterObservation.lambda$wrap$1(ObservationFilterChainDecorator.java:479)
	at org.springframework.security.web.ObservationFilterChainDecorator$AroundFilterObservation$SimpleAroundFilterObservation.lambda$wrap$1(ObservationFilterChainDecorator.java:340)
	at org.springframework.security.web.ObservationFilterChainDecorator.lambda$wrapSecured$0(ObservationFilterChainDecorator.java:82)
	at org.springframework.security.web.ObservationFilterChainDecorator$VirtualFilterChain.doFilter(ObservationFilterChainDecorator.java:128)
	at org.springframework.security.web.access.intercept.AuthorizationFilter.doFilter(AuthorizationFilter.java:100)
	at org.springframework.security.web.ObservationFilterChainDecorator$ObservationFilter.wrapFilter(ObservationFilterChainDecorator.java:240)
	at org.springframework.security.web.ObservationFilterChainDecorator$ObservationFilter.doFilter(ObservationFilterChainDecorator.java:227)
	at org.springframework.security.web.ObservationFilterChainDecorator$VirtualFilterChain.doFilter(ObservationFilterChainDecorator.java:137)
	at org.springframework.security.web.access.ExceptionTranslationFilter.doFilter(ExceptionTranslationFilter.java:126)
	at org.springframework.security.web.access.ExceptionTranslationFilter.doFilter(ExceptionTranslationFilter.java:120)
	at org.springframework.security.web.ObservationFilterChainDecorator$ObservationFilter.wrapFilter(ObservationFilterChainDecorator.java:240)
	at org.springframework.security.web.ObservationFilterChainDecorator$ObservationFilter.doFilter(ObservationFilterChainDecorator.java:227)
	at org.springframework.security.web.ObservationFilterChainDecorator$VirtualFilterChain.doFilter(ObservationFilterChainDecorator.java:137)
	at org.springframework.security.web.session.SessionManagementFilter.doFilter(SessionManagementFilter.java:131)
	at org.springframework.security.web.session.SessionManagementFilter.doFilter(SessionManagementFilter.java:85)
	at org.springframework.security.web.ObservationFilterChainDecorator$ObservationFilter.wrapFilter(ObservationFilterChainDecorator.java:240)
	at org.springframework.security.web.ObservationFilterChainDecorator$ObservationFilter.doFilter(ObservationFilterChainDecorator.java:227)
	at org.springframework.security.web.ObservationFilterChainDecorator$VirtualFilterChain.doFilter(ObservationFilterChainDecorator.java:137)
	at org.springframework.security.web.authentication.AnonymousAuthenticationFilter.doFilter(AnonymousAuthenticationFilter.java:100)
	at org.springframework.security.web.ObservationFilterChainDecorator$ObservationFilter.wrapFilter(ObservationFilterChainDecorator.java:240)
	at org.springframework.security.web.ObservationFilterChainDecorator$ObservationFilter.doFilter(ObservationFilterChainDecorator.java:227)
	at org.springframework.security.web.ObservationFilterChainDecorator$VirtualFilterChain.doFilter(ObservationFilterChainDecorator.java:137)
	at org.springframework.security.web.servletapi.SecurityContextHolderAwareRequestFilter.doFilter(SecurityContextHolderAwareRequestFilter.java:179)
	at org.springframework.security.web.ObservationFilterChainDecorator$ObservationFilter.wrapFilter(ObservationFilterChainDecorator.java:240)
	at org.springframework.security.web.ObservationFilterChainDecorator$ObservationFilter.doFilter(ObservationFilterChainDecorator.java:227)
	at org.springframework.security.web.ObservationFilterChainDecorator$VirtualFilterChain.doFilter(ObservationFilterChainDecorator.java:137)
	at org.springframework.security.web.savedrequest.RequestCacheAwareFilter.doFilter(RequestCacheAwareFilter.java:63)
	at org.springframework.security.web.ObservationFilterChainDecorator$ObservationFilter.wrapFilter(ObservationFilterChainDecorator.java:240)
	at org.springframework.security.web.ObservationFilterChainDecorator$ObservationFilter.doFilter(ObservationFilterChainDecorator.java:227)
	at org.springframework.security.web.ObservationFilterChainDecorator$VirtualFilterChain.doFilter(ObservationFilterChainDecorator.java:137)
	at com.example.project.security.JwtAuthFilter.doFilterInternal(JwtAuthFilter.java:63)
	at org.springframework.web.filter.OncePerRequestFilter.doFilter(OncePerRequestFilter.java:116)
	at org.springframework.security.web.ObservationFilterChainDecorator$ObservationFilter.wrapFilter(ObservationFilterChainDecorator.java:240)
	at org.springframework.security.web.ObservationFilterChainDecorator$ObservationFilter.doFilter(ObservationFilterChainDecorator.java:227)
	at org.springframework.security.web.ObservationFilterChainDecorator$VirtualFilterChain.doFilter(ObservationFilterChainDecorator.java:137)
	at org.springframework.security.web.authentication.logout.LogoutFilter.doFilter(LogoutFilter.java:107)
	at org.springframework.security.web.authentication.logout.LogoutFilter.doFilter(LogoutFilter.java:93)
	at org.springframework.security.web.ObservationFilterChainDecorator$ObservationFilter.wrapFilter(ObservationFilterChainDecorator.java:240)
	at org.springframework.security.web.ObservationFilterChainDecorator$ObservationFilter.doFilter(ObservationFilterChainDecorator.java:227)
	at org.springframework.security.web.ObservationFilterChainDecorator$VirtualFilterChain.doFilter(ObservationFilterChainDecorator.java:137)
	at org.springframework.web.filter.OncePerRequestFilter.doFilter(OncePerRequestFilter.java:110)
	at org.springframework.security.web.ObservationFilterChainDecorator$ObservationFilter.wrapFilter(ObservationFilterChainDecorator.java:240)
	at org.springframework.security.web.ObservationFilterChainDecorator$ObservationFilter.doFilter(ObservationFilterChainDecorator.java:227)
	at org.springframework.security.web.ObservationFilterChainDecorator$VirtualFilterChain.doFilter(ObservationFilterChainDecorator.java:137)
	at org.springframework.web.filter.CorsFilter.doFilterInternal(CorsFilter.java:91)
	at org.springframework.web.filter.OncePerRequestFilter.doFilter(OncePerRequestFilter.java:116)
	at org.springframework.security.web.ObservationFilterChainDecorator$ObservationFilter.wrapFilter(ObservationFilterChainDecorator.java:240)
	at org.springframework.security.web.ObservationFilterChainDecorator$ObservationFilter.doFilter(ObservationFilterChainDecorator.java:227)
	at org.springframework.security.web.ObservationFilterChainDecorator$VirtualFilterChain.doFilter(ObservationFilterChainDecorator.java:137)
	at org.springframework.security.web.header.HeaderWriterFilter.doHeadersAfter(HeaderWriterFilter.java:90)
	at org.springframework.security.web.header.HeaderWriterFilter.doFilterInternal(HeaderWriterFilter.java:75)
	at org.springframework.web.filter.OncePerRequestFilter.doFilter(OncePerRequestFilter.java:116)
	at org.springframework.security.web.ObservationFilterChainDecorator$ObservationFilter.wrapFilter(ObservationFilterChainDecorator.java:240)
	at org.springframework.security.web.ObservationFilterChainDecorator$ObservationFilter.doFilter(ObservationFilterChainDecorator.java:227)
	at org.springframework.security.web.ObservationFilterChainDecorator$VirtualFilterChain.doFilter(ObservationFilterChainDecorator.java:137)
	at org.springframework.security.web.context.SecurityContextHolderFilter.doFilter(SecurityContextHolderFilter.java:82)
	at org.springframework.security.web.context.SecurityContextHolderFilter.doFilter(SecurityContextHolderFilter.java:69)
	at org.springframework.security.web.ObservationFilterChainDecorator$ObservationFilter.wrapFilter(ObservationFilterChainDecorator.java:240)
	at org.springframework.security.web.ObservationFilterChainDecorator$ObservationFilter.doFilter(ObservationFilterChainDecorator.java:227)
	at org.springframework.security.web.ObservationFilterChainDecorator$VirtualFilterChain.doFilter(ObservationFilterChainDecorator.java:137)
	at org.springframework.security.web.context.request.async.WebAsyncManagerIntegrationFilter.doFilterInternal(WebAsyncManagerIntegrationFilter.java:62)
	at org.springframework.web.filter.OncePerRequestFilter.doFilter(OncePerRequestFilter.java:116)
	at org.springframework.security.web.ObservationFilterChainDecorator$ObservationFilter.wrapFilter(ObservationFilterChainDecorator.java:240)
	at org.springframework.security.web.ObservationFilterChainDecorator$ObservationFilter.doFilter(ObservationFilterChainDecorator.java:227)
	at org.springframework.security.web.ObservationFilterChainDecorator$VirtualFilterChain.doFilter(ObservationFilterChainDecorator.java:137)
	at org.springframework.security.web.session.DisableEncodeUrlFilter.doFilterInternal(DisableEncodeUrlFilter.java:42)
	at org.springframework.web.filter.OncePerRequestFilter.doFilter(OncePerRequestFilter.java:116)
	at org.springframework.security.web.ObservationFilterChainDecorator$ObservationFilter.wrapFilter(ObservationFilterChainDecorator.java:240)
	at org.springframework.security.web.ObservationFilterChainDecorator$AroundFilterObservation$SimpleAroundFilterObservation.lambda$wrap$0(ObservationFilterChainDecorator.java:323)
	at org.springframework.security.web.ObservationFilterChainDecorator$ObservationFilter.doFilter(ObservationFilterChainDecorator.java:224)
	at org.springframework.security.web.ObservationFilterChainDecorator$VirtualFilterChain.doFilter(ObservationFilterChainDecorator.java:137)
	at org.springframework.security.web.FilterChainProxy.doFilterInternal(FilterChainProxy.java:233)
	at org.springframework.security.web.FilterChainProxy.doFilter(FilterChainProxy.java:191)
	at org.springframework.web.filter.CompositeFilter$VirtualFilterChain.doFilter(CompositeFilter.java:113)
	at org.springframework.web.servlet.handler.HandlerMappingIntrospector.lambda$createCacheFilter$3(HandlerMappingIntrospector.java:195)
	at org.springframework.web.filter.CompositeFilter$VirtualFilterChain.doFilter(CompositeFilter.java:113)
	at org.springframework.web.filter.CompositeFilter.doFilter(CompositeFilter.java:74)
	at org.springframework.security.config.annotation.web.configuration.WebMvcSecurityConfiguration$CompositeFilterChainProxy.doFilter(WebMvcSecurityConfiguration.java:230)
	at org.springframework.web.filter.DelegatingFilterProxy.invokeDelegate(DelegatingFilterProxy.java:352)
	at org.springframework.web.filter.DelegatingFilterProxy.doFilter(DelegatingFilterProxy.java:268)
	at org.apache.catalina.core.ApplicationFilterChain.internalDoFilter(ApplicationFilterChain.java:175)
	at org.apache.catalina.core.ApplicationFilterChain.doFilter(ApplicationFilterChain.java:150)
	at org.springframework.web.filter.RequestContextFilter.doFilterInternal(RequestContextFilter.java:100)
	at org.springframework.web.filter.OncePerRequestFilter.doFilter(OncePerRequestFilter.java:116)
	at org.apache.catalina.core.ApplicationFilterChain.internalDoFilter(ApplicationFilterChain.java:175)
	at org.apache.catalina.core.ApplicationFilterChain.doFilter(ApplicationFilterChain.java:150)
	at org.springframework.web.filter.FormContentFilter.doFilterInternal(FormContentFilter.java:93)
	at org.springframework.web.filter.OncePerRequestFilter.doFilter(OncePerRequestFilter.java:116)
	at org.apache.catalina.core.ApplicationFilterChain.internalDoFilter(ApplicationFilterChain.java:175)
	at org.apache.catalina.core.ApplicationFilterChain.doFilter(ApplicationFilterChain.java:150)
	at org.springframework.web.filter.ServerHttpObservationFilter.doFilterInternal(ServerHttpObservationFilter.java:109)
	at org.springframework.web.filter.OncePerRequestFilter.doFilter(OncePerRequestFilter.java:116)
	at org.apache.catalina.core.ApplicationFilterChain.internalDoFilter(ApplicationFilterChain.java:175)
	at org.apache.catalina.core.ApplicationFilterChain.doFilter(ApplicationFilterChain.java:150)
	at org.springframework.web.filter.CharacterEncodingFilter.doFilterInternal(CharacterEncodingFilter.java:201)
	at org.springframework.web.filter.OncePerRequestFilter.doFilter(OncePerRequestFilter.java:116)
	at org.apache.catalina.core.ApplicationFilterChain.internalDoFilter(ApplicationFilterChain.java:175)
	at org.apache.catalina.core.ApplicationFilterChain.doFilter(ApplicationFilterChain.java:150)
	at org.apache.catalina.core.StandardWrapperValve.invoke(StandardWrapperValve.java:167)
	at org.apache.catalina.core.StandardContextValve.invoke(StandardContextValve.java:90)
	at org.apache.catalina.authenticator.AuthenticatorBase.invoke(AuthenticatorBase.java:482)
	at org.apache.catalina.core.StandardHostValve.invoke(StandardHostValve.java:115)
	at org.apache.catalina.valves.ErrorReportValve.invoke(ErrorReportValve.java:93)
	at org.apache.catalina.core.StandardEngineValve.invoke(StandardEngineValve.java:74)
	at org.apache.catalina.connector.CoyoteAdapter.service(CoyoteAdapter.java:344)
	at org.apache.coyote.http11.Http11Processor.service(Http11Processor.java:391)
	at org.apache.coyote.AbstractProcessorLight.process(AbstractProcessorLight.java:63)
	at org.apache.coyote.AbstractProtocol$ConnectionHandler.process(AbstractProtocol.java:896)
	at org.apache.tomcat.util.net.NioEndpoint$SocketProcessor.doRun(NioEndpoint.java:1736)
	at org.apache.tomcat.util.net.SocketProcessorBase.run(SocketProcessorBase.java:52)
	at org.apache.tomcat.util.threads.ThreadPoolExecutor.runWorker(ThreadPoolExecutor.java:1191)
	at org.apache.tomcat.util.threads.ThreadPoolExecutor$Worker.run(ThreadPoolExecutor.java:659)
	at org.apache.tomcat.util.threads.TaskThread$WrappingRunnable.run(TaskThread.java:63)
	at java.base/java.lang.Thread.run(Thread.java:842)
Caused by: org.springframework.expression.spel.SpelEvaluationException: EL1058E: A problem occurred when trying to resolve bean 'securityService':'Could not resolve bean reference against BeanFactory'
	at org.springframework.expression.spel.ast.BeanReference.getValueInternal(BeanReference.java:59)
	at org.springframework.expression.spel.ast.CompoundExpression.getValueRef(CompoundExpression.java:60)
	at org.springframework.expression.spel.ast.CompoundExpression.getValueInternal(CompoundExpression.java:96)
	at org.springframework.expression.spel.ast.SpelNodeImpl.getValue(SpelNodeImpl.java:222)
	at org.springframework.expression.spel.ast.OpOr.getBooleanValue(OpOr.java:56)
	at org.springframework.expression.spel.ast.OpOr.getValueInternal(OpOr.java:51)
	at org.springframework.expression.spel.ast.OpOr.getValueInternal(OpOr.java:37)
	at org.springframework.expression.spel.ast.SpelNodeImpl.getTypedValue(SpelNodeImpl.java:119)
	at org.springframework.expression.spel.standard.SpelExpression.getValue(SpelExpression.java:309)
	at org.springframework.security.access.expression.ExpressionUtils.evaluateAsBoolean(ExpressionUtils.java:30)
	... 154 common frames omitted
Caused by: org.springframework.expression.AccessException: Could not resolve bean reference against BeanFactory
	at org.springframework.context.expression.BeanFactoryResolver.resolve(BeanFactoryResolver.java:54)
	at org.springframework.expression.spel.ast.BeanReference.getValueInternal(BeanReference.java:55)
	... 163 common frames omitted
Caused by: org.springframework.beans.factory.NoSuchBeanDefinitionException: No bean named 'securityService' available
	at org.springframework.beans.factory.support.DefaultListableBeanFactory.getBeanDefinition(DefaultListableBeanFactory.java:895)
	at org.springframework.beans.factory.support.AbstractBeanFactory.getMergedLocalBeanDefinition(AbstractBeanFactory.java:1351)
	at org.springframework.beans.factory.support.AbstractBeanFactory.doGetBean(AbstractBeanFactory.java:300)
	at org.springframework.beans.factory.support.AbstractBeanFactory.getBean(AbstractBeanFactory.java:200)
	at org.springframework.context.support.AbstractApplicationContext.getBean(AbstractApplicationContext.java:1234)
	at org.springframework.context.expression.BeanFactoryResolver.resolve(BeanFactoryResolver.java:51)
	... 164 common frames omitted
2026-05-23 05:10:19.700 [http-nio-0.0.0.0-8080-exec-2] DEBUG o.s.security.web.FilterChainProxy - Secured GET /api/v1/projets/porteur/2
2026-05-23 05:10:19.698 [http-nio-0.0.0.0-8080-exec-10] DEBUG c.e.p.util.PerformanceLoggingAspect - CONTROLLER_METHOD_START: AuthController.getCurrentUser
2026-05-23 05:10:19.714 [http-nio-0.0.0.0-8080-exec-10] INFO  c.e.p.controller.AuthController - GET_CURRENT_USER: Récupération de l'utilisateur conecté
2026-05-23 05:10:19.715 [http-nio-0.0.0.0-8080-exec-1] DEBUG o.s.o.j.s.OpenEntityManagerInViewInterceptor - Closing JPA EntityManager in OpenEntityManagerInViewInterceptor
2026-05-23 05:10:19.720 [http-nio-0.0.0.0-8080-exec-10] DEBUG c.e.p.util.PerformanceLoggingAspect - SERVICE_METHOD_START: AuthServiceImpl.getCurrentUser
2026-05-23 05:10:19.721 [http-nio-0.0.0.0-8080-exec-1] INFO  c.e.p.util.HttpLoggingInterceptor - REQUEST_END [7356623e-8776-456c-ba2f-16b7eb89251d] GET /api/v1/notifications/user/2 | Status: 500 | Duration: 53ms
2026-05-23 05:10:19.718 [http-nio-0.0.0.0-8080-exec-2] INFO  c.e.p.util.HttpLoggingInterceptor - REQUEST_START [0715551d-1c90-435c-b61a-6fbcea34db78] GET /api/v1/projets/porteur/2 | IP: 172.27.232.215 | User-Agent: Mozilla/5.0 (Linux; Android 13; Pixel 7) AppleWebKit/537.36 (KHTML, like Gecko) Chrome/148.0.0.0 Mobile Safari/537.36
2026-05-23 05:10:19.732 [http-nio-0.0.0.0-8080-exec-2] DEBUG o.s.o.j.s.OpenEntityManagerInViewInterceptor - Opening JPA EntityManager in OpenEntityManagerInViewInterceptor
2026-05-23 05:10:19.724 [http-nio-0.0.0.0-8080-exec-3] DEBUG o.s.security.web.FilterChainProxy - Securing GET /api/v1/notifications/user/2
2026-05-23 05:10:19.729 [http-nio-0.0.0.0-8080-exec-10] DEBUG org.hibernate.SQL - 
    select
        u1_0.id,
        u1_0.address,
        u1_0.admin_notes,
        u1_0.avatar_url,
        u1_0.bio,
        u1_0.preferred_category,
        u1_0.created_at,
        u1_0.email,
        u1_0.google_id,
        u1_0.kyc_status,
        u1_0.password,
        u1_0.last_name,
        u1_0.first_name,
        u1_0.role,
        u1_0.status,
        u1_0.phone,
        u1_0.ville 
    from
        users u1_0 
    where
        u1_0.email=?
2026-05-23 05:10:19.738 [http-nio-0.0.0.0-8080-exec-2] DEBUG c.e.p.util.PerformanceLoggingAspect - CONTROLLER_METHOD_START: ProjetController.getProjetsByPorteur
2026-05-23 05:10:19.739 [http-nio-0.0.0.0-8080-exec-2] DEBUG c.e.p.util.PerformanceLoggingAspect - SERVICE_METHOD_START: ProjetServiceImpl.getProjetsByPorteur
2026-05-23 05:10:19.738 [http-nio-0.0.0.0-8080-exec-3] DEBUG c.e.p.util.SecurityLoggingAspect - AUTHORIZATION_GRANTED: User=ANONYMOUS, Method=extractUsername
2026-05-23 05:10:19.741 [http-nio-0.0.0.0-8080-exec-10] DEBUG c.e.p.util.PerformanceLoggingAspect - QUERY_EXECUTED: $Proxy166.findByEmail | Duration: 19ms
2026-05-23 05:10:19.741 [http-nio-0.0.0.0-8080-exec-3] DEBUG o.s.o.j.SharedEntityManagerCreator$SharedEntityManagerInvocationHandler - Creating new EntityManager for shared EntityManager invocation
2026-05-23 05:10:19.742 [http-nio-0.0.0.0-8080-exec-10] DEBUG c.e.p.util.SecurityLoggingAspect - AUTHORIZATION_GRANTED: User=kamguemmckevin@gmail.com, Method=generateToken
2026-05-23 05:10:19.745 [http-nio-0.0.0.0-8080-exec-10] DEBUG c.e.p.util.PerformanceLoggingAspect - SERVICE_METHOD_END: AuthServiceImpl.getCurrentUser | Duration: 25ms
2026-05-23 05:10:19.747 [http-nio-0.0.0.0-8080-exec-3] DEBUG org.hibernate.SQL - 
    select
        u1_0.id,
        u1_0.address,
        u1_0.admin_notes,
        u1_0.avatar_url,
        u1_0.bio,
        u1_0.preferred_category,
        u1_0.created_at,
        u1_0.email,
        u1_0.google_id,
        u1_0.kyc_status,
        u1_0.password,
        u1_0.last_name,
        u1_0.first_name,
        u1_0.role,
        u1_0.status,
        u1_0.phone,
        u1_0.ville 
    from
        users u1_0 
    where
        u1_0.email=?
2026-05-23 05:10:19.748 [http-nio-0.0.0.0-8080-exec-10] DEBUG c.e.p.util.PerformanceLoggingAspect - CONTROLLER_METHOD_END: AuthController.getCurrentUser | Duration: 50ms
2026-05-23 05:10:19.755 [http-nio-0.0.0.0-8080-exec-10] DEBUG o.s.o.j.s.OpenEntityManagerInViewInterceptor - Closing JPA EntityManager in OpenEntityManagerInViewInterceptor
2026-05-23 05:10:19.759 [http-nio-0.0.0.0-8080-exec-4] DEBUG o.s.security.web.FilterChainProxy - Securing GET /api/v1/auth/me
2026-05-23 05:10:19.759 [http-nio-0.0.0.0-8080-exec-10] INFO  c.e.p.util.HttpLoggingInterceptor - REQUEST_END [51a80bbb-b16a-49a2-8c5d-96f6c36289da] GET /api/v1/auth/me | Status: 200 | Duration: 68ms
2026-05-23 05:10:19.765 [http-nio-0.0.0.0-8080-exec-4] DEBUG c.e.p.util.SecurityLoggingAspect - AUTHORIZATION_GRANTED: User=ANONYMOUS, Method=extractUsername
2026-05-23 05:10:19.767 [http-nio-0.0.0.0-8080-exec-4] DEBUG o.s.o.j.SharedEntityManagerCreator$SharedEntityManagerInvocationHandler - Creating new EntityManager for shared EntityManager invocation
2026-05-23 05:10:19.770 [http-nio-0.0.0.0-8080-exec-4] DEBUG org.hibernate.SQL - 
    select
        u1_0.id,
        u1_0.address,
        u1_0.admin_notes,
        u1_0.avatar_url,
        u1_0.bio,
        u1_0.preferred_category,
        u1_0.created_at,
        u1_0.email,
        u1_0.google_id,
        u1_0.kyc_status,
        u1_0.password,
        u1_0.last_name,
        u1_0.first_name,
        u1_0.role,
        u1_0.status,
        u1_0.phone,
        u1_0.ville 
    from
        users u1_0 
    where
        u1_0.email=?
2026-05-23 05:10:19.774 [http-nio-0.0.0.0-8080-exec-2] DEBUG o.s.orm.jpa.JpaTransactionManager - Found thread-bound EntityManager [SessionImpl(892860734<open>)] for JPA transaction
2026-05-23 05:10:19.774 [http-nio-0.0.0.0-8080-exec-4] DEBUG c.e.p.util.PerformanceLoggingAspect - QUERY_EXECUTED: $Proxy166.findByEmail | Duration: 8ms
2026-05-23 05:10:19.775 [http-nio-0.0.0.0-8080-exec-4] DEBUG c.e.p.util.SecurityLoggingAspect - AUTHORIZATION_GRANTED: User=ANONYMOUS, Method=loadUserByUsername
2026-05-23 05:10:19.776 [http-nio-0.0.0.0-8080-exec-2] DEBUG o.s.orm.jpa.JpaTransactionManager - Creating new transaction with name [org.springframework.data.jpa.repository.support.SimpleJpaRepository.findById]: PROPAGATION_REQUIRED,ISOLATION_DEFAULT,readOnly
2026-05-23 05:10:19.779 [http-nio-0.0.0.0-8080-exec-4] DEBUG c.e.p.util.SecurityLoggingAspect - AUTHORIZATION_GRANTED: User=ANONYMOUS, Method=isTokenValid
2026-05-23 05:10:19.781 [http-nio-0.0.0.0-8080-exec-4] DEBUG o.s.security.web.FilterChainProxy - Secured GET /api/v1/auth/me
2026-05-23 05:10:19.783 [http-nio-0.0.0.0-8080-exec-4] INFO  c.e.p.util.HttpLoggingInterceptor - REQUEST_START [fd195d73-003e-4b22-888f-0f9c2a0395b6] GET /api/v1/auth/me | IP: 172.27.232.215 | User-Agent: Mozilla/5.0 (Linux; Android 13; Pixel 7) AppleWebKit/537.36 (KHTML, like Gecko) Chrome/148.0.0.0 Mobile Safari/537.36
2026-05-23 05:10:19.783 [http-nio-0.0.0.0-8080-exec-4] DEBUG o.s.o.j.s.OpenEntityManagerInViewInterceptor - Opening JPA EntityManager in OpenEntityManagerInViewInterceptor
2026-05-23 05:10:19.784 [http-nio-0.0.0.0-8080-exec-4] DEBUG c.e.p.util.PerformanceLoggingAspect - CONTROLLER_METHOD_START: AuthController.getCurrentUser
2026-05-23 05:10:19.785 [http-nio-0.0.0.0-8080-exec-4] INFO  c.e.p.controller.AuthController - GET_CURRENT_USER: Récupération de l'utilisateur conecté
2026-05-23 05:10:19.786 [http-nio-0.0.0.0-8080-exec-4] DEBUG c.e.p.util.PerformanceLoggingAspect - SERVICE_METHOD_START: AuthServiceImpl.getCurrentUser
2026-05-23 05:10:19.788 [http-nio-0.0.0.0-8080-exec-4] DEBUG org.hibernate.SQL - 
    select
        u1_0.id,
        u1_0.address,
        u1_0.admin_notes,
        u1_0.avatar_url,
        u1_0.bio,
        u1_0.preferred_category,
        u1_0.created_at,
        u1_0.email,
        u1_0.google_id,
        u1_0.kyc_status,
        u1_0.password,
        u1_0.last_name,
        u1_0.first_name,
        u1_0.role,
        u1_0.status,
        u1_0.phone,
        u1_0.ville 
    from
        users u1_0 
    where
        u1_0.email=?
2026-05-23 05:10:19.789 [http-nio-0.0.0.0-8080-exec-2] DEBUG o.s.orm.jpa.JpaTransactionManager - Exposing JPA transaction as JDBC [org.springframework.orm.jpa.vendor.HibernateJpaDialect$HibernateConnectionHandle@c1b0d6]
2026-05-23 05:10:19.807 [http-nio-0.0.0.0-8080-exec-2] DEBUG org.hibernate.SQL - 
    select
        u1_0.id,
        u1_0.address,
        u1_0.admin_notes,
        u1_0.avatar_url,
        u1_0.bio,
        u1_0.preferred_category,
        u1_0.created_at,
        u1_0.email,
        u1_0.google_id,
        u1_0.kyc_status,
        u1_0.password,
        u1_0.last_name,
        u1_0.first_name,
        u1_0.role,
        u1_0.status,
        u1_0.phone,
        u1_0.ville 
    from
        users u1_0 
    where
        u1_0.id=?
2026-05-23 05:10:19.814 [http-nio-0.0.0.0-8080-exec-2] DEBUG o.s.orm.jpa.JpaTransactionManager - Initiating transaction commit
2026-05-23 05:10:19.816 [http-nio-0.0.0.0-8080-exec-2] DEBUG o.s.orm.jpa.JpaTransactionManager - Committing JPA transaction on EntityManager [SessionImpl(892860734<open>)]
2026-05-23 05:10:19.819 [http-nio-0.0.0.0-8080-exec-2] DEBUG o.s.orm.jpa.JpaTransactionManager - Not closing pre-bound JPA EntityManager after transaction
2026-05-23 05:10:19.819 [http-nio-0.0.0.0-8080-exec-2] DEBUG c.e.p.util.PerformanceLoggingAspect - QUERY_EXECUTED: $Proxy166.findById | Duration: 60ms
2026-05-23 05:10:19.819 [http-nio-0.0.0.0-8080-exec-2] DEBUG c.e.p.util.DatabaseLoggingAspect - QUERY_EXECUTED: Method=findById, Duration=60ms
2026-05-23 05:10:19.842 [http-nio-0.0.0.0-8080-exec-2] DEBUG org.hibernate.SQL - 
    select
        p1_0.id,
        p1_0.admin_notes,
        p1_0.all_or_nothing,
        p1_0.categorie,
        p1_0.created_at,
        p1_0.start_date,
        p1_0.end_date,
        p1_0.description,
        p1_0.cover_image,
        p1_0.localisation,
        p1_0.current_amount,
        p1_0.investors_count,
        p1_0.funding_goal,
        p1_0.equity_percentage,
        p1_0.owner_id,
        p1_0.status,
        p1_0.suspension_deadline,
        p1_0.interest_rate,
        p1_0.titre,
        p1_0.funding_type 
    from
        projects p1_0 
    where
        p1_0.owner_id=? 
    order by
        p1_0.id desc
2026-05-23 05:10:20.692 [http-nio-0.0.0.0-8080-exec-4] WARN  c.e.p.util.PerformanceLoggingAspect - SLOW_QUERY: $Proxy166.findByEmail took 906ms
2026-05-23 05:10:20.767 [http-nio-0.0.0.0-8080-exec-3] WARN  c.e.p.util.PerformanceLoggingAspect - SLOW_QUERY: $Proxy166.findByEmail took 1026ms
2026-05-23 05:10:20.786 [http-nio-0.0.0.0-8080-exec-3] DEBUG c.e.p.util.SecurityLoggingAspect - AUTHORIZATION_GRANTED: User=ANONYMOUS, Method=loadUserByUsername
2026-05-23 05:10:20.792 [http-nio-0.0.0.0-8080-exec-4] DEBUG c.e.p.util.SecurityLoggingAspect - AUTHORIZATION_GRANTED: User=kamguemmckevin@gmail.com, Method=generateToken
2026-05-23 05:10:20.803 [http-nio-0.0.0.0-8080-exec-4] WARN  c.e.p.util.PerformanceLoggingAspect - SLOW_SERVICE_METHOD: AuthServiceImpl.getCurrentUser took 1017ms (threshold: 500ms)
2026-05-23 05:10:20.798 [http-nio-0.0.0.0-8080-exec-5] INFO  o.a.tomcat.util.http.parser.Cookie - A cookie header was received [g_state={"i_l":0,"i_ll":1779509153357,"i_b":"ADR2H7h+ikJuUf3LyEgQJ5qKh2B6ZrkijwuZI7QCh6Q","i_e":{"enable_itp_optimization":0},"i_et":1779508918801}] that contained an invalid cookie. That cookie will be ignored.
 Note: further occurrences of this error will be logged at DEBUG level.
2026-05-23 05:10:20.815 [http-nio-0.0.0.0-8080-exec-4] DEBUG c.e.p.util.PerformanceLoggingAspect - CONTROLLER_METHOD_END: AuthController.getCurrentUser | Duration: 1031ms
2026-05-23 05:10:20.820 [http-nio-0.0.0.0-8080-exec-3] DEBUG c.e.p.util.SecurityLoggingAspect - AUTHORIZATION_GRANTED: User=ANONYMOUS, Method=isTokenValid
2026-05-23 05:10:20.825 [http-nio-0.0.0.0-8080-exec-3] DEBUG o.s.security.web.FilterChainProxy - Secured GET /api/v1/notifications/user/2
2026-05-23 05:10:20.841 [http-nio-0.0.0.0-8080-exec-4] DEBUG o.s.o.j.s.OpenEntityManagerInViewInterceptor - Closing JPA EntityManager in OpenEntityManagerInViewInterceptor
2026-05-23 05:10:20.850 [http-nio-0.0.0.0-8080-exec-3] INFO  c.e.p.util.HttpLoggingInterceptor - REQUEST_START [0182f23a-78e2-4c75-b8f0-0447c9d9ec76] GET /api/v1/notifications/user/2 | IP: 172.27.232.215 | User-Agent: Mozilla/5.0 (Linux; Android 13; Pixel 7) AppleWebKit/537.36 (KHTML, like Gecko) Chrome/148.0.0.0 Mobile Safari/537.36
2026-05-23 05:10:20.852 [http-nio-0.0.0.0-8080-exec-4] WARN  c.e.p.util.HttpLoggingInterceptor - SLOW_REQUEST [fd195d73-003e-4b22-888f-0f9c2a0395b6] GET /api/v1/auth/me | Status: 200 | Duration: 1069ms
2026-05-23 05:10:20.853 [http-nio-0.0.0.0-8080-exec-3] DEBUG o.s.o.j.s.OpenEntityManagerInViewInterceptor - Opening JPA EntityManager in OpenEntityManagerInViewInterceptor
2026-05-23 05:10:20.909 [http-nio-0.0.0.0-8080-exec-5] DEBUG o.s.security.web.FilterChainProxy - Securing GET /ws-notifications/info?t=1779509420685
2026-05-23 05:10:20.922 [http-nio-0.0.0.0-8080-exec-3] DEBUG o.s.s.a.m.AuthorizationManagerBeforeMethodInterceptor - Authorizing method invocation ReflectiveMethodInvocation: public org.springframework.http.ResponseEntity com.example.project.controller.NotificationController.getNotificationsByUser(java.lang.Long); target is of class [com.example.project.controller.NotificationController]
2026-05-23 05:10:20.934 [http-nio-0.0.0.0-8080-exec-5] DEBUG o.s.s.w.a.AnonymousAuthenticationFilter - Set SecurityContextHolder to anonymous SecurityContext
2026-05-23 05:10:20.968 [http-nio-0.0.0.0-8080-exec-5] DEBUG o.s.security.web.FilterChainProxy - Secured GET /ws-notifications/info?t=1779509420685
2026-05-23 05:10:20.938 [http-nio-0.0.0.0-8080-exec-3] ERROR c.e.p.e.GlobalExceptionHandler - UNEXPECTED_ERROR: Failed to evaluate expression 'hasRole('ADMIN') or @securityService.isCurrentUser(#utilisateurId)' | Stack Trace: 
java.lang.IllegalArgumentException: Failed to evaluate expression 'hasRole('ADMIN') or @securityService.isCurrentUser(#utilisateurId)'
	at org.springframework.security.access.expression.ExpressionUtils.evaluateAsBoolean(ExpressionUtils.java:33)
	at org.springframework.security.authorization.method.PreAuthorizeAuthorizationManager.check(PreAuthorizeAuthorizationManager.java:68)
	at org.springframework.security.authorization.method.PreAuthorizeAuthorizationManager.check(PreAuthorizeAuthorizationManager.java:40)
	at org.springframework.security.authorization.ObservationAuthorizationManager.check(ObservationAuthorizationManager.java:63)
	at org.springframework.security.config.annotation.method.configuration.DeferringObservationAuthorizationManager.check(DeferringObservationAuthorizationManager.java:47)
	at org.springframework.security.authorization.method.AuthorizationManagerBeforeMethodInterceptor.attemptAuthorization(AuthorizationManagerBeforeMethodInterceptor.java:251)
	at org.springframework.security.authorization.method.AuthorizationManagerBeforeMethodInterceptor.invoke(AuthorizationManagerBeforeMethodInterceptor.java:197)
	at org.springframework.aop.framework.ReflectiveMethodInvocation.proceed(ReflectiveMethodInvocation.java:184)
	at org.springframework.aop.framework.CglibAopProxy$CglibMethodInvocation.proceed(CglibAopProxy.java:768)
	at org.springframework.aop.interceptor.ExposeInvocationInterceptor.invoke(ExposeInvocationInterceptor.java:97)
	at org.springframework.aop.framework.ReflectiveMethodInvocation.proceed(ReflectiveMethodInvocation.java:184)
	at org.springframework.aop.framework.CglibAopProxy$CglibMethodInvocation.proceed(CglibAopProxy.java:768)
	at org.springframework.aop.framework.CglibAopProxy$DynamicAdvisedInterceptor.intercept(CglibAopProxy.java:720)
	at com.example.project.controller.NotificationController$$SpringCGLIB$$0.getNotificationsByUser(<generated>)
	at java.base/jdk.internal.reflect.NativeMethodAccessorImpl.invoke0(Native Method)
	at java.base/jdk.internal.reflect.NativeMethodAccessorImpl.invoke(NativeMethodAccessorImpl.java:77)
	at java.base/jdk.internal.reflect.DelegatingMethodAccessorImpl.invoke(DelegatingMethodAccessorImpl.java:43)
	at java.base/java.lang.reflect.Method.invoke(Method.java:568)
	at org.springframework.web.method.support.InvocableHandlerMethod.doInvoke(InvocableHandlerMethod.java:255)
	at org.springframework.web.method.support.InvocableHandlerMethod.invokeForRequest(InvocableHandlerMethod.java:188)
	at org.springframework.web.servlet.mvc.method.annotation.ServletInvocableHandlerMethod.invokeAndHandle(ServletInvocableHandlerMethod.java:118)
	at org.springframework.web.servlet.mvc.method.annotation.RequestMappingHandlerAdapter.invokeHandlerMethod(RequestMappingHandlerAdapter.java:926)
	at org.springframework.web.servlet.mvc.method.annotation.RequestMappingHandlerAdapter.handleInternal(RequestMappingHandlerAdapter.java:831)
	at org.springframework.web.servlet.mvc.method.AbstractHandlerMethodAdapter.handle(AbstractHandlerMethodAdapter.java:87)
	at org.springframework.web.servlet.DispatcherServlet.doDispatch(DispatcherServlet.java:1089)
	at org.springframework.web.servlet.DispatcherServlet.doService(DispatcherServlet.java:979)
	at org.springframework.web.servlet.FrameworkServlet.processRequest(FrameworkServlet.java:1014)
	at org.springframework.web.servlet.FrameworkServlet.doGet(FrameworkServlet.java:903)
	at jakarta.servlet.http.HttpServlet.service(HttpServlet.java:564)
	at org.springframework.web.servlet.FrameworkServlet.service(FrameworkServlet.java:885)
	at jakarta.servlet.http.HttpServlet.service(HttpServlet.java:658)
	at org.apache.catalina.core.ApplicationFilterChain.internalDoFilter(ApplicationFilterChain.java:206)
	at org.apache.catalina.core.ApplicationFilterChain.doFilter(ApplicationFilterChain.java:150)
	at org.apache.tomcat.websocket.server.WsFilter.doFilter(WsFilter.java:51)
	at org.apache.catalina.core.ApplicationFilterChain.internalDoFilter(ApplicationFilterChain.java:175)
	at org.apache.catalina.core.ApplicationFilterChain.doFilter(ApplicationFilterChain.java:150)
	at org.springframework.web.filter.OncePerRequestFilter.doFilter(OncePerRequestFilter.java:110)
	at org.apache.catalina.core.ApplicationFilterChain.internalDoFilter(ApplicationFilterChain.java:175)
	at org.apache.catalina.core.ApplicationFilterChain.doFilter(ApplicationFilterChain.java:150)
	at org.springframework.web.filter.CompositeFilter$VirtualFilterChain.doFilter(CompositeFilter.java:108)
	at org.springframework.security.web.FilterChainProxy.lambda$doFilterInternal$3(FilterChainProxy.java:231)
	at org.springframework.security.web.ObservationFilterChainDecorator$FilterObservation$SimpleFilterObservation.lambda$wrap$1(ObservationFilterChainDecorator.java:479)
	at org.springframework.security.web.ObservationFilterChainDecorator$AroundFilterObservation$SimpleAroundFilterObservation.lambda$wrap$1(ObservationFilterChainDecorator.java:340)
	at org.springframework.security.web.ObservationFilterChainDecorator.lambda$wrapSecured$0(ObservationFilterChainDecorator.java:82)
	at org.springframework.security.web.ObservationFilterChainDecorator$VirtualFilterChain.doFilter(ObservationFilterChainDecorator.java:128)
	at org.springframework.security.web.access.intercept.AuthorizationFilter.doFilter(AuthorizationFilter.java:100)
	at org.springframework.security.web.ObservationFilterChainDecorator$ObservationFilter.wrapFilter(ObservationFilterChainDecorator.java:240)
	at org.springframework.security.web.ObservationFilterChainDecorator$ObservationFilter.doFilter(ObservationFilterChainDecorator.java:227)
	at org.springframework.security.web.ObservationFilterChainDecorator$VirtualFilterChain.doFilter(ObservationFilterChainDecorator.java:137)
	at org.springframework.security.web.access.ExceptionTranslationFilter.doFilter(ExceptionTranslationFilter.java:126)
	at org.springframework.security.web.access.ExceptionTranslationFilter.doFilter(ExceptionTranslationFilter.java:120)
	at org.springframework.security.web.ObservationFilterChainDecorator$ObservationFilter.wrapFilter(ObservationFilterChainDecorator.java:240)
	at org.springframework.security.web.ObservationFilterChainDecorator$ObservationFilter.doFilter(ObservationFilterChainDecorator.java:227)
	at org.springframework.security.web.ObservationFilterChainDecorator$VirtualFilterChain.doFilter(ObservationFilterChainDecorator.java:137)
	at org.springframework.security.web.session.SessionManagementFilter.doFilter(SessionManagementFilter.java:131)
	at org.springframework.security.web.session.SessionManagementFilter.doFilter(SessionManagementFilter.java:85)
	at org.springframework.security.web.ObservationFilterChainDecorator$ObservationFilter.wrapFilter(ObservationFilterChainDecorator.java:240)
	at org.springframework.security.web.ObservationFilterChainDecorator$ObservationFilter.doFilter(ObservationFilterChainDecorator.java:227)
	at org.springframework.security.web.ObservationFilterChainDecorator$VirtualFilterChain.doFilter(ObservationFilterChainDecorator.java:137)
	at org.springframework.security.web.authentication.AnonymousAuthenticationFilter.doFilter(AnonymousAuthenticationFilter.java:100)
	at org.springframework.security.web.ObservationFilterChainDecorator$ObservationFilter.wrapFilter(ObservationFilterChainDecorator.java:240)
	at org.springframework.security.web.ObservationFilterChainDecorator$ObservationFilter.doFilter(ObservationFilterChainDecorator.java:227)
	at org.springframework.security.web.ObservationFilterChainDecorator$VirtualFilterChain.doFilter(ObservationFilterChainDecorator.java:137)
	at org.springframework.security.web.servletapi.SecurityContextHolderAwareRequestFilter.doFilter(SecurityContextHolderAwareRequestFilter.java:179)
	at org.springframework.security.web.ObservationFilterChainDecorator$ObservationFilter.wrapFilter(ObservationFilterChainDecorator.java:240)
	at org.springframework.security.web.ObservationFilterChainDecorator$ObservationFilter.doFilter(ObservationFilterChainDecorator.java:227)
	at org.springframework.security.web.ObservationFilterChainDecorator$VirtualFilterChain.doFilter(ObservationFilterChainDecorator.java:137)
	at org.springframework.security.web.savedrequest.RequestCacheAwareFilter.doFilter(RequestCacheAwareFilter.java:63)
	at org.springframework.security.web.ObservationFilterChainDecorator$ObservationFilter.wrapFilter(ObservationFilterChainDecorator.java:240)
	at org.springframework.security.web.ObservationFilterChainDecorator$ObservationFilter.doFilter(ObservationFilterChainDecorator.java:227)
	at org.springframework.security.web.ObservationFilterChainDecorator$VirtualFilterChain.doFilter(ObservationFilterChainDecorator.java:137)
	at com.example.project.security.JwtAuthFilter.doFilterInternal(JwtAuthFilter.java:63)
	at org.springframework.web.filter.OncePerRequestFilter.doFilter(OncePerRequestFilter.java:116)
	at org.springframework.security.web.ObservationFilterChainDecorator$ObservationFilter.wrapFilter(ObservationFilterChainDecorator.java:240)
	at org.springframework.security.web.ObservationFilterChainDecorator$ObservationFilter.doFilter(ObservationFilterChainDecorator.java:227)
	at org.springframework.security.web.ObservationFilterChainDecorator$VirtualFilterChain.doFilter(ObservationFilterChainDecorator.java:137)
	at org.springframework.security.web.authentication.logout.LogoutFilter.doFilter(LogoutFilter.java:107)
	at org.springframework.security.web.authentication.logout.LogoutFilter.doFilter(LogoutFilter.java:93)
	at org.springframework.security.web.ObservationFilterChainDecorator$ObservationFilter.wrapFilter(ObservationFilterChainDecorator.java:240)
	at org.springframework.security.web.ObservationFilterChainDecorator$ObservationFilter.doFilter(ObservationFilterChainDecorator.java:227)
	at org.springframework.security.web.ObservationFilterChainDecorator$VirtualFilterChain.doFilter(ObservationFilterChainDecorator.java:137)
	at org.springframework.web.filter.OncePerRequestFilter.doFilter(OncePerRequestFilter.java:110)
	at org.springframework.security.web.ObservationFilterChainDecorator$ObservationFilter.wrapFilter(ObservationFilterChainDecorator.java:240)
	at org.springframework.security.web.ObservationFilterChainDecorator$ObservationFilter.doFilter(ObservationFilterChainDecorator.java:227)
	at org.springframework.security.web.ObservationFilterChainDecorator$VirtualFilterChain.doFilter(ObservationFilterChainDecorator.java:137)
	at org.springframework.web.filter.CorsFilter.doFilterInternal(CorsFilter.java:91)
	at org.springframework.web.filter.OncePerRequestFilter.doFilter(OncePerRequestFilter.java:116)
	at org.springframework.security.web.ObservationFilterChainDecorator$ObservationFilter.wrapFilter(ObservationFilterChainDecorator.java:240)
	at org.springframework.security.web.ObservationFilterChainDecorator$ObservationFilter.doFilter(ObservationFilterChainDecorator.java:227)
	at org.springframework.security.web.ObservationFilterChainDecorator$VirtualFilterChain.doFilter(ObservationFilterChainDecorator.java:137)
	at org.springframework.security.web.header.HeaderWriterFilter.doHeadersAfter(HeaderWriterFilter.java:90)
	at org.springframework.security.web.header.HeaderWriterFilter.doFilterInternal(HeaderWriterFilter.java:75)
	at org.springframework.web.filter.OncePerRequestFilter.doFilter(OncePerRequestFilter.java:116)
	at org.springframework.security.web.ObservationFilterChainDecorator$ObservationFilter.wrapFilter(ObservationFilterChainDecorator.java:240)
	at org.springframework.security.web.ObservationFilterChainDecorator$ObservationFilter.doFilter(ObservationFilterChainDecorator.java:227)
	at org.springframework.security.web.ObservationFilterChainDecorator$VirtualFilterChain.doFilter(ObservationFilterChainDecorator.java:137)
	at org.springframework.security.web.context.SecurityContextHolderFilter.doFilter(SecurityContextHolderFilter.java:82)
	at org.springframework.security.web.context.SecurityContextHolderFilter.doFilter(SecurityContextHolderFilter.java:69)
	at org.springframework.security.web.ObservationFilterChainDecorator$ObservationFilter.wrapFilter(ObservationFilterChainDecorator.java:240)
	at org.springframework.security.web.ObservationFilterChainDecorator$ObservationFilter.doFilter(ObservationFilterChainDecorator.java:227)
	at org.springframework.security.web.ObservationFilterChainDecorator$VirtualFilterChain.doFilter(ObservationFilterChainDecorator.java:137)
	at org.springframework.security.web.context.request.async.WebAsyncManagerIntegrationFilter.doFilterInternal(WebAsyncManagerIntegrationFilter.java:62)
	at org.springframework.web.filter.OncePerRequestFilter.doFilter(OncePerRequestFilter.java:116)
	at org.springframework.security.web.ObservationFilterChainDecorator$ObservationFilter.wrapFilter(ObservationFilterChainDecorator.java:240)
	at org.springframework.security.web.ObservationFilterChainDecorator$ObservationFilter.doFilter(ObservationFilterChainDecorator.java:227)
	at org.springframework.security.web.ObservationFilterChainDecorator$VirtualFilterChain.doFilter(ObservationFilterChainDecorator.java:137)
	at org.springframework.security.web.session.DisableEncodeUrlFilter.doFilterInternal(DisableEncodeUrlFilter.java:42)
	at org.springframework.web.filter.OncePerRequestFilter.doFilter(OncePerRequestFilter.java:116)
	at org.springframework.security.web.ObservationFilterChainDecorator$ObservationFilter.wrapFilter(ObservationFilterChainDecorator.java:240)
	at org.springframework.security.web.ObservationFilterChainDecorator$AroundFilterObservation$SimpleAroundFilterObservation.lambda$wrap$0(ObservationFilterChainDecorator.java:323)
	at org.springframework.security.web.ObservationFilterChainDecorator$ObservationFilter.doFilter(ObservationFilterChainDecorator.java:224)
	at org.springframework.security.web.ObservationFilterChainDecorator$VirtualFilterChain.doFilter(ObservationFilterChainDecorator.java:137)
	at org.springframework.security.web.FilterChainProxy.doFilterInternal(FilterChainProxy.java:233)
	at org.springframework.security.web.FilterChainProxy.doFilter(FilterChainProxy.java:191)
	at org.springframework.web.filter.CompositeFilter$VirtualFilterChain.doFilter(CompositeFilter.java:113)
	at org.springframework.web.servlet.handler.HandlerMappingIntrospector.lambda$createCacheFilter$3(HandlerMappingIntrospector.java:195)
	at org.springframework.web.filter.CompositeFilter$VirtualFilterChain.doFilter(CompositeFilter.java:113)
	at org.springframework.web.filter.CompositeFilter.doFilter(CompositeFilter.java:74)
	at org.springframework.security.config.annotation.web.configuration.WebMvcSecurityConfiguration$CompositeFilterChainProxy.doFilter(WebMvcSecurityConfiguration.java:230)
	at org.springframework.web.filter.DelegatingFilterProxy.invokeDelegate(DelegatingFilterProxy.java:352)
	at org.springframework.web.filter.DelegatingFilterProxy.doFilter(DelegatingFilterProxy.java:268)
	at org.apache.catalina.core.ApplicationFilterChain.internalDoFilter(ApplicationFilterChain.java:175)
	at org.apache.catalina.core.ApplicationFilterChain.doFilter(ApplicationFilterChain.java:150)
	at org.springframework.web.filter.RequestContextFilter.doFilterInternal(RequestContextFilter.java:100)
	at org.springframework.web.filter.OncePerRequestFilter.doFilter(OncePerRequestFilter.java:116)
	at org.apache.catalina.core.ApplicationFilterChain.internalDoFilter(ApplicationFilterChain.java:175)
	at org.apache.catalina.core.ApplicationFilterChain.doFilter(ApplicationFilterChain.java:150)
	at org.springframework.web.filter.FormContentFilter.doFilterInternal(FormContentFilter.java:93)
	at org.springframework.web.filter.OncePerRequestFilter.doFilter(OncePerRequestFilter.java:116)
	at org.apache.catalina.core.ApplicationFilterChain.internalDoFilter(ApplicationFilterChain.java:175)
	at org.apache.catalina.core.ApplicationFilterChain.doFilter(ApplicationFilterChain.java:150)
	at org.springframework.web.filter.ServerHttpObservationFilter.doFilterInternal(ServerHttpObservationFilter.java:109)
	at org.springframework.web.filter.OncePerRequestFilter.doFilter(OncePerRequestFilter.java:116)
	at org.apache.catalina.core.ApplicationFilterChain.internalDoFilter(ApplicationFilterChain.java:175)
	at org.apache.catalina.core.ApplicationFilterChain.doFilter(ApplicationFilterChain.java:150)
	at org.springframework.web.filter.CharacterEncodingFilter.doFilterInternal(CharacterEncodingFilter.java:201)
	at org.springframework.web.filter.OncePerRequestFilter.doFilter(OncePerRequestFilter.java:116)
	at org.apache.catalina.core.ApplicationFilterChain.internalDoFilter(ApplicationFilterChain.java:175)
	at org.apache.catalina.core.ApplicationFilterChain.doFilter(ApplicationFilterChain.java:150)
	at org.apache.catalina.core.StandardWrapperValve.invoke(StandardWrapperValve.java:167)
	at org.apache.catalina.core.StandardContextValve.invoke(StandardContextValve.java:90)
	at org.apache.catalina.authenticator.AuthenticatorBase.invoke(AuthenticatorBase.java:482)
	at org.apache.catalina.core.StandardHostValve.invoke(StandardHostValve.java:115)
	at org.apache.catalina.valves.ErrorReportValve.invoke(ErrorReportValve.java:93)
	at org.apache.catalina.core.StandardEngineValve.invoke(StandardEngineValve.java:74)
	at org.apache.catalina.connector.CoyoteAdapter.service(CoyoteAdapter.java:344)
	at org.apache.coyote.http11.Http11Processor.service(Http11Processor.java:391)
	at org.apache.coyote.AbstractProcessorLight.process(AbstractProcessorLight.java:63)
	at org.apache.coyote.AbstractProtocol$ConnectionHandler.process(AbstractProtocol.java:896)
	at org.apache.tomcat.util.net.NioEndpoint$SocketProcessor.doRun(NioEndpoint.java:1736)
	at org.apache.tomcat.util.net.SocketProcessorBase.run(SocketProcessorBase.java:52)
	at org.apache.tomcat.util.threads.ThreadPoolExecutor.runWorker(ThreadPoolExecutor.java:1191)
	at org.apache.tomcat.util.threads.ThreadPoolExecutor$Worker.run(ThreadPoolExecutor.java:659)
	at org.apache.tomcat.util.threads.TaskThread$WrappingRunnable.run(TaskThread.java:63)
	at java.base/java.lang.Thread.run(Thread.java:842)
Caused by: org.springframework.expression.spel.SpelEvaluationException: EL1058E: A problem occurred when trying to resolve bean 'securityService':'Could not resolve bean reference against BeanFactory'
	at org.springframework.expression.spel.ast.BeanReference.getValueInternal(BeanReference.java:59)
	at org.springframework.expression.spel.ast.CompoundExpression.getValueRef(CompoundExpression.java:60)
	at org.springframework.expression.spel.ast.CompoundExpression.getValueInternal(CompoundExpression.java:96)
	at org.springframework.expression.spel.ast.SpelNodeImpl.getValue(SpelNodeImpl.java:222)
	at org.springframework.expression.spel.ast.OpOr.getBooleanValue(OpOr.java:56)
	at org.springframework.expression.spel.ast.OpOr.getValueInternal(OpOr.java:51)
	at org.springframework.expression.spel.ast.OpOr.getValueInternal(OpOr.java:37)
	at org.springframework.expression.spel.ast.SpelNodeImpl.getTypedValue(SpelNodeImpl.java:119)
	at org.springframework.expression.spel.standard.SpelExpression.getValue(SpelExpression.java:309)
	at org.springframework.security.access.expression.ExpressionUtils.evaluateAsBoolean(ExpressionUtils.java:30)
	... 154 common frames omitted
Caused by: org.springframework.expression.AccessException: Could not resolve bean reference against BeanFactory
	at org.springframework.context.expression.BeanFactoryResolver.resolve(BeanFactoryResolver.java:54)
	at org.springframework.expression.spel.ast.BeanReference.getValueInternal(BeanReference.java:55)
	... 163 common frames omitted
Caused by: org.springframework.beans.factory.NoSuchBeanDefinitionException: No bean named 'securityService' available
	at org.springframework.beans.factory.support.DefaultListableBeanFactory.getBeanDefinition(DefaultListableBeanFactory.java:895)
	at org.springframework.beans.factory.support.AbstractBeanFactory.getMergedLocalBeanDefinition(AbstractBeanFactory.java:1351)
	at org.springframework.beans.factory.support.AbstractBeanFactory.doGetBean(AbstractBeanFactory.java:300)
	at org.springframework.beans.factory.support.AbstractBeanFactory.getBean(AbstractBeanFactory.java:200)
	at org.springframework.context.support.AbstractApplicationContext.getBean(AbstractApplicationContext.java:1234)
	at org.springframework.context.expression.BeanFactoryResolver.resolve(BeanFactoryResolver.java:51)
	... 164 common frames omitted
2026-05-23 05:10:20.970 [http-nio-0.0.0.0-8080-exec-2] WARN  c.e.p.util.PerformanceLoggingAspect - SLOW_QUERY: $Proxy173.findProjectsByOwner took 1150ms
2026-05-23 05:10:20.987 [http-nio-0.0.0.0-8080-exec-2] WARN  c.e.p.util.PerformanceLoggingAspect - SLOW_SERVICE_METHOD: ProjetServiceImpl.getProjetsByPorteur took 1248ms (threshold: 500ms)
2026-05-23 05:10:20.989 [http-nio-0.0.0.0-8080-exec-2] DEBUG c.e.p.util.PerformanceLoggingAspect - CONTROLLER_METHOD_END: ProjetController.getProjetsByPorteur | Duration: 1251ms
2026-05-23 05:10:20.988 [http-nio-0.0.0.0-8080-exec-3] DEBUG o.s.o.j.s.OpenEntityManagerInViewInterceptor - Closing JPA EntityManager in OpenEntityManagerInViewInterceptor
2026-05-23 05:10:20.995 [http-nio-0.0.0.0-8080-exec-3] INFO  c.e.p.util.HttpLoggingInterceptor - REQUEST_END [0182f23a-78e2-4c75-b8f0-0447c9d9ec76] GET /api/v1/notifications/user/2 | Status: 500 | Duration: 145ms
2026-05-23 05:10:21.059 [http-nio-0.0.0.0-8080-exec-6] DEBUG o.s.security.web.FilterChainProxy - Securing GET /ws-notifications/739/a2nx1j3f/websocket
2026-05-23 05:10:21.068 [http-nio-0.0.0.0-8080-exec-6] DEBUG o.s.s.w.a.AnonymousAuthenticationFilter - Set SecurityContextHolder to anonymous SecurityContext
2026-05-23 05:10:21.072 [http-nio-0.0.0.0-8080-exec-6] DEBUG o.s.security.web.FilterChainProxy - Secured GET /ws-notifications/739/a2nx1j3f/websocket
2026-05-23 05:10:21.121 [http-nio-0.0.0.0-8080-exec-2] DEBUG o.s.o.j.s.OpenEntityManagerInViewInterceptor - Closing JPA EntityManager in OpenEntityManagerInViewInterceptor
2026-05-23 05:10:21.125 [http-nio-0.0.0.0-8080-exec-7] DEBUG o.s.security.web.FilterChainProxy - Securing GET /api/v1/projets/porteur/2
2026-05-23 05:10:21.125 [http-nio-0.0.0.0-8080-exec-2] WARN  c.e.p.util.HttpLoggingInterceptor - SLOW_REQUEST [0715551d-1c90-435c-b61a-6fbcea34db78] GET /api/v1/projets/porteur/2 | Status: 200 | Duration: 1407ms
2026-05-23 05:10:21.156 [http-nio-0.0.0.0-8080-exec-7] DEBUG c.e.p.util.SecurityLoggingAspect - AUTHORIZATION_GRANTED: User=ANONYMOUS, Method=extractUsername
2026-05-23 05:10:21.169 [http-nio-0.0.0.0-8080-exec-7] DEBUG o.s.o.j.SharedEntityManagerCreator$SharedEntityManagerInvocationHandler - Creating new EntityManager for shared EntityManager invocation
2026-05-23 05:10:21.207 [http-nio-0.0.0.0-8080-exec-7] DEBUG org.hibernate.SQL - 
    select
        u1_0.id,
        u1_0.address,
        u1_0.admin_notes,
        u1_0.avatar_url,
        u1_0.bio,
        u1_0.preferred_category,
        u1_0.created_at,
        u1_0.email,
        u1_0.google_id,
        u1_0.kyc_status,
        u1_0.password,
        u1_0.last_name,
        u1_0.first_name,
        u1_0.role,
        u1_0.status,
        u1_0.phone,
        u1_0.ville 
    from
        users u1_0 
    where
        u1_0.email=?
2026-05-23 05:10:21.237 [http-nio-0.0.0.0-8080-exec-7] DEBUG c.e.p.util.PerformanceLoggingAspect - QUERY_EXECUTED: $Proxy166.findByEmail | Duration: 68ms
2026-05-23 05:10:21.238 [http-nio-0.0.0.0-8080-exec-7] DEBUG c.e.p.util.SecurityLoggingAspect - AUTHORIZATION_GRANTED: User=ANONYMOUS, Method=loadUserByUsername
2026-05-23 05:10:21.296 [http-nio-0.0.0.0-8080-exec-7] DEBUG c.e.p.util.SecurityLoggingAspect - AUTHORIZATION_GRANTED: User=ANONYMOUS, Method=isTokenValid
2026-05-23 05:10:21.300 [http-nio-0.0.0.0-8080-exec-7] DEBUG o.s.security.web.FilterChainProxy - Secured GET /api/v1/projets/porteur/2
2026-05-23 05:10:21.301 [http-nio-0.0.0.0-8080-exec-7] INFO  c.e.p.util.HttpLoggingInterceptor - REQUEST_START [2071e8ac-01d8-405c-932b-ed0853984d36] GET /api/v1/projets/porteur/2 | IP: 172.27.232.215 | User-Agent: Mozilla/5.0 (Linux; Android 13; Pixel 7) AppleWebKit/537.36 (KHTML, like Gecko) Chrome/148.0.0.0 Mobile Safari/537.36
2026-05-23 05:10:21.302 [http-nio-0.0.0.0-8080-exec-7] DEBUG o.s.o.j.s.OpenEntityManagerInViewInterceptor - Opening JPA EntityManager in OpenEntityManagerInViewInterceptor
2026-05-23 05:10:21.306 [http-nio-0.0.0.0-8080-exec-7] DEBUG c.e.p.util.PerformanceLoggingAspect - CONTROLLER_METHOD_START: ProjetController.getProjetsByPorteur
2026-05-23 05:10:21.318 [http-nio-0.0.0.0-8080-exec-7] DEBUG c.e.p.util.PerformanceLoggingAspect - SERVICE_METHOD_START: ProjetServiceImpl.getProjetsByPorteur
2026-05-23 05:10:21.339 [http-nio-0.0.0.0-8080-exec-7] DEBUG o.s.orm.jpa.JpaTransactionManager - Found thread-bound EntityManager [SessionImpl(1165710118<open>)] for JPA transaction
2026-05-23 05:10:21.348 [http-nio-0.0.0.0-8080-exec-7] DEBUG o.s.orm.jpa.JpaTransactionManager - Creating new transaction with name [org.springframework.data.jpa.repository.support.SimpleJpaRepository.findById]: PROPAGATION_REQUIRED,ISOLATION_DEFAULT,readOnly
2026-05-23 05:10:21.356 [http-nio-0.0.0.0-8080-exec-7] DEBUG o.s.orm.jpa.JpaTransactionManager - Exposing JPA transaction as JDBC [org.springframework.orm.jpa.vendor.HibernateJpaDialect$HibernateConnectionHandle@10bf32d6]
2026-05-23 05:10:21.369 [http-nio-0.0.0.0-8080-exec-7] DEBUG org.hibernate.SQL - 
    select
        u1_0.id,
        u1_0.address,
        u1_0.admin_notes,
        u1_0.avatar_url,
        u1_0.bio,
        u1_0.preferred_category,
        u1_0.created_at,
        u1_0.email,
        u1_0.google_id,
        u1_0.kyc_status,
        u1_0.password,
        u1_0.last_name,
        u1_0.first_name,
        u1_0.role,
        u1_0.status,
        u1_0.phone,
        u1_0.ville 
    from
        users u1_0 
    where
        u1_0.id=?
2026-05-23 05:10:21.389 [http-nio-0.0.0.0-8080-exec-7] DEBUG o.s.orm.jpa.JpaTransactionManager - Initiating transaction commit
2026-05-23 05:10:21.390 [http-nio-0.0.0.0-8080-exec-7] DEBUG o.s.orm.jpa.JpaTransactionManager - Committing JPA transaction on EntityManager [SessionImpl(1165710118<open>)]
2026-05-23 05:10:21.398 [http-nio-0.0.0.0-8080-exec-7] DEBUG o.s.orm.jpa.JpaTransactionManager - Not closing pre-bound JPA EntityManager after transaction
2026-05-23 05:10:21.402 [http-nio-0.0.0.0-8080-exec-7] DEBUG c.e.p.util.PerformanceLoggingAspect - QUERY_EXECUTED: $Proxy166.findById | Duration: 63ms
2026-05-23 05:10:21.404 [http-nio-0.0.0.0-8080-exec-7] DEBUG c.e.p.util.DatabaseLoggingAspect - QUERY_EXECUTED: Method=findById, Duration=69ms
2026-05-23 05:10:21.409 [http-nio-0.0.0.0-8080-exec-7] DEBUG org.hibernate.SQL - 
    select
        p1_0.id,
        p1_0.admin_notes,
        p1_0.all_or_nothing,
        p1_0.categorie,
        p1_0.created_at,
        p1_0.start_date,
        p1_0.end_date,
        p1_0.description,
        p1_0.cover_image,
        p1_0.localisation,
        p1_0.current_amount,
        p1_0.investors_count,
        p1_0.funding_goal,
        p1_0.equity_percentage,
        p1_0.owner_id,
        p1_0.status,
        p1_0.suspension_deadline,
        p1_0.interest_rate,
        p1_0.titre,
        p1_0.funding_type 
    from
        projects p1_0 
    where
        p1_0.owner_id=? 
    order by
        p1_0.id desc
2026-05-23 05:10:21.424 [http-nio-0.0.0.0-8080-exec-7] DEBUG c.e.p.util.PerformanceLoggingAspect - QUERY_EXECUTED: $Proxy173.findProjectsByOwner | Duration: 19ms
2026-05-23 05:10:21.424 [http-nio-0.0.0.0-8080-exec-7] DEBUG c.e.p.util.PerformanceLoggingAspect - SERVICE_METHOD_END: ProjetServiceImpl.getProjetsByPorteur | Duration: 106ms
2026-05-23 05:10:21.424 [http-nio-0.0.0.0-8080-exec-7] DEBUG c.e.p.util.PerformanceLoggingAspect - CONTROLLER_METHOD_END: ProjetController.getProjetsByPorteur | Duration: 118ms
2026-05-23 05:10:21.441 [http-nio-0.0.0.0-8080-exec-7] DEBUG o.s.o.j.s.OpenEntityManagerInViewInterceptor - Closing JPA EntityManager in OpenEntityManagerInViewInterceptor
2026-05-23 05:10:21.443 [http-nio-0.0.0.0-8080-exec-7] INFO  c.e.p.util.HttpLoggingInterceptor - REQUEST_END [2071e8ac-01d8-405c-932b-ed0853984d36] GET /api/v1/projets/porteur/2 | Status: 200 | Duration: 142ms
2026-05-23 05:10:52.051 [http-nio-0.0.0.0-8080-exec-8] DEBUG o.s.security.web.FilterChainProxy - Securing OPTIONS /api/v1/auth/login
2026-05-23 05:10:52.069 [http-nio-0.0.0.0-8080-exec-1] DEBUG o.s.security.web.FilterChainProxy - Securing POST /api/v1/auth/login
2026-05-23 05:10:52.075 [http-nio-0.0.0.0-8080-exec-1] DEBUG o.s.s.w.a.AnonymousAuthenticationFilter - Set SecurityContextHolder to anonymous SecurityContext
2026-05-23 05:10:52.076 [http-nio-0.0.0.0-8080-exec-1] DEBUG o.s.security.web.FilterChainProxy - Secured POST /api/v1/auth/login
2026-05-23 05:10:52.077 [http-nio-0.0.0.0-8080-exec-1] INFO  c.e.p.util.HttpLoggingInterceptor - REQUEST_START [cf1da591-24c6-4377-afb6-4cc27a2f965a] POST /api/v1/auth/login | IP: 172.27.232.164 | User-Agent: Mozilla/5.0 (iPhone; CPU iPhone OS 16_7_14 like Mac OS X) AppleWebKit/605.1.15 (KHTML, like Gecko) Version/16.6.1 Mobile/15E148 Safari/604.1
2026-05-23 05:10:52.078 [http-nio-0.0.0.0-8080-exec-1] DEBUG o.s.o.j.s.OpenEntityManagerInViewInterceptor - Opening JPA EntityManager in OpenEntityManagerInViewInterceptor
2026-05-23 05:10:52.082 [http-nio-0.0.0.0-8080-exec-1] DEBUG c.e.p.util.PerformanceLoggingAspect - CONTROLLER_METHOD_START: AuthController.login
2026-05-23 05:10:52.082 [http-nio-0.0.0.0-8080-exec-1] INFO  c.e.p.controller.AuthController - USER_LOGIN: Tentative de connexion pour l'email: kamguemmckevin@gmail.com
2026-05-23 05:10:52.083 [http-nio-0.0.0.0-8080-exec-1] DEBUG c.e.p.util.PerformanceLoggingAspect - SERVICE_METHOD_START: AuthServiceImpl.login
2026-05-23 05:10:52.086 [http-nio-0.0.0.0-8080-exec-1] DEBUG org.hibernate.SQL - 
    select
        u1_0.id,
        u1_0.address,
        u1_0.admin_notes,
        u1_0.avatar_url,
        u1_0.bio,
        u1_0.preferred_category,
        u1_0.created_at,
        u1_0.email,
        u1_0.google_id,
        u1_0.kyc_status,
        u1_0.password,
        u1_0.last_name,
        u1_0.first_name,
        u1_0.role,
        u1_0.status,
        u1_0.phone,
        u1_0.ville 
    from
        users u1_0 
    where
        u1_0.email=?
2026-05-23 05:10:52.098 [http-nio-0.0.0.0-8080-exec-1] DEBUG c.e.p.util.PerformanceLoggingAspect - QUERY_EXECUTED: $Proxy166.findByEmail | Duration: 15ms
2026-05-23 05:10:52.098 [http-nio-0.0.0.0-8080-exec-1] DEBUG c.e.p.util.SecurityLoggingAspect - AUTHORIZATION_GRANTED: User=anonymousUser, Method=loadUserByUsername
2026-05-23 05:10:52.242 [http-nio-0.0.0.0-8080-exec-1] DEBUG o.s.s.a.d.DaoAuthenticationProvider - Authenticated user
2026-05-23 05:10:52.245 [http-nio-0.0.0.0-8080-exec-1] DEBUG org.hibernate.SQL - 
    select
        u1_0.id,
        u1_0.address,
        u1_0.admin_notes,
        u1_0.avatar_url,
        u1_0.bio,
        u1_0.preferred_category,
        u1_0.created_at,
        u1_0.email,
        u1_0.google_id,
        u1_0.kyc_status,
        u1_0.password,
        u1_0.last_name,
        u1_0.first_name,
        u1_0.role,
        u1_0.status,
        u1_0.phone,
        u1_0.ville 
    from
        users u1_0 
    where
        u1_0.email=?
2026-05-23 05:10:52.248 [http-nio-0.0.0.0-8080-exec-1] DEBUG c.e.p.util.PerformanceLoggingAspect - QUERY_EXECUTED: $Proxy166.findByEmail | Duration: 5ms
2026-05-23 05:10:52.250 [http-nio-0.0.0.0-8080-exec-1] DEBUG c.e.p.util.SecurityLoggingAspect - AUTHORIZATION_GRANTED: User=anonymousUser, Method=generateToken
2026-05-23 05:10:52.250 [http-nio-0.0.0.0-8080-exec-1] DEBUG c.e.p.util.PerformanceLoggingAspect - SERVICE_METHOD_END: AuthServiceImpl.login | Duration: 167ms
2026-05-23 05:10:52.251 [http-nio-0.0.0.0-8080-exec-1] DEBUG c.e.p.util.PerformanceLoggingAspect - CONTROLLER_METHOD_END: AuthController.login | Duration: 169ms
2026-05-23 05:10:52.253 [http-nio-0.0.0.0-8080-exec-1] DEBUG o.s.o.j.s.OpenEntityManagerInViewInterceptor - Closing JPA EntityManager in OpenEntityManagerInViewInterceptor
2026-05-23 05:10:52.255 [http-nio-0.0.0.0-8080-exec-1] INFO  c.e.p.util.HttpLoggingInterceptor - REQUEST_END [cf1da591-24c6-4377-afb6-4cc27a2f965a] POST /api/v1/auth/login | Status: 200 | Duration: 178ms
2026-05-23 05:10:52.298 [http-nio-0.0.0.0-8080-exec-10] DEBUG o.s.security.web.FilterChainProxy - Securing OPTIONS /api/v1/notifications/user/2
2026-05-23 05:10:52.323 [http-nio-0.0.0.0-8080-exec-4] DEBUG o.s.security.web.FilterChainProxy - Securing GET /api/v1/notifications/user/2
2026-05-23 05:10:52.334 [http-nio-0.0.0.0-8080-exec-4] DEBUG c.e.p.util.SecurityLoggingAspect - AUTHORIZATION_GRANTED: User=ANONYMOUS, Method=extractUsername
2026-05-23 05:10:52.337 [http-nio-0.0.0.0-8080-exec-4] DEBUG o.s.o.j.SharedEntityManagerCreator$SharedEntityManagerInvocationHandler - Creating new EntityManager for shared EntityManager invocation
2026-05-23 05:10:52.338 [http-nio-0.0.0.0-8080-exec-3] DEBUG o.s.security.web.FilterChainProxy - Securing GET /ws-notifications/info?t=1779509462180
2026-05-23 05:10:52.341 [http-nio-0.0.0.0-8080-exec-3] DEBUG o.s.s.w.a.AnonymousAuthenticationFilter - Set SecurityContextHolder to anonymous SecurityContext
2026-05-23 05:10:52.342 [http-nio-0.0.0.0-8080-exec-4] DEBUG org.hibernate.SQL - 
    select
        u1_0.id,
        u1_0.address,
        u1_0.admin_notes,
        u1_0.avatar_url,
        u1_0.bio,
        u1_0.preferred_category,
        u1_0.created_at,
        u1_0.email,
        u1_0.google_id,
        u1_0.kyc_status,
        u1_0.password,
        u1_0.last_name,
        u1_0.first_name,
        u1_0.role,
        u1_0.status,
        u1_0.phone,
        u1_0.ville 
    from
        users u1_0 
    where
        u1_0.email=?
2026-05-23 05:10:52.344 [http-nio-0.0.0.0-8080-exec-3] DEBUG o.s.security.web.FilterChainProxy - Secured GET /ws-notifications/info?t=1779509462180
2026-05-23 05:10:52.346 [http-nio-0.0.0.0-8080-exec-4] DEBUG c.e.p.util.PerformanceLoggingAspect - QUERY_EXECUTED: $Proxy166.findByEmail | Duration: 11ms
2026-05-23 05:10:52.348 [http-nio-0.0.0.0-8080-exec-4] DEBUG c.e.p.util.SecurityLoggingAspect - AUTHORIZATION_GRANTED: User=ANONYMOUS, Method=loadUserByUsername
2026-05-23 05:10:52.352 [http-nio-0.0.0.0-8080-exec-4] DEBUG c.e.p.util.SecurityLoggingAspect - AUTHORIZATION_GRANTED: User=ANONYMOUS, Method=isTokenValid
2026-05-23 05:10:52.353 [http-nio-0.0.0.0-8080-exec-4] DEBUG o.s.security.web.FilterChainProxy - Secured GET /api/v1/notifications/user/2
2026-05-23 05:10:52.355 [http-nio-0.0.0.0-8080-exec-4] INFO  c.e.p.util.HttpLoggingInterceptor - REQUEST_START [263e7c43-8ff1-40f5-9741-9fed2f2b772f] GET /api/v1/notifications/user/2 | IP: 172.27.232.164 | User-Agent: Mozilla/5.0 (iPhone; CPU iPhone OS 16_7_14 like Mac OS X) AppleWebKit/605.1.15 (KHTML, like Gecko) Version/16.6.1 Mobile/15E148 Safari/604.1
2026-05-23 05:10:52.358 [http-nio-0.0.0.0-8080-exec-4] DEBUG o.s.o.j.s.OpenEntityManagerInViewInterceptor - Opening JPA EntityManager in OpenEntityManagerInViewInterceptor
2026-05-23 05:10:52.361 [http-nio-0.0.0.0-8080-exec-4] DEBUG o.s.s.a.m.AuthorizationManagerBeforeMethodInterceptor - Authorizing method invocation ReflectiveMethodInvocation: public org.springframework.http.ResponseEntity com.example.project.controller.NotificationController.getNotificationsByUser(java.lang.Long); target is of class [com.example.project.controller.NotificationController]
2026-05-23 05:10:52.363 [http-nio-0.0.0.0-8080-exec-4] ERROR c.e.p.e.GlobalExceptionHandler - UNEXPECTED_ERROR: Failed to evaluate expression 'hasRole('ADMIN') or @securityService.isCurrentUser(#utilisateurId)' | Stack Trace: 
java.lang.IllegalArgumentException: Failed to evaluate expression 'hasRole('ADMIN') or @securityService.isCurrentUser(#utilisateurId)'
	at org.springframework.security.access.expression.ExpressionUtils.evaluateAsBoolean(ExpressionUtils.java:33)
	at org.springframework.security.authorization.method.PreAuthorizeAuthorizationManager.check(PreAuthorizeAuthorizationManager.java:68)
	at org.springframework.security.authorization.method.PreAuthorizeAuthorizationManager.check(PreAuthorizeAuthorizationManager.java:40)
	at org.springframework.security.authorization.ObservationAuthorizationManager.check(ObservationAuthorizationManager.java:63)
	at org.springframework.security.config.annotation.method.configuration.DeferringObservationAuthorizationManager.check(DeferringObservationAuthorizationManager.java:47)
	at org.springframework.security.authorization.method.AuthorizationManagerBeforeMethodInterceptor.attemptAuthorization(AuthorizationManagerBeforeMethodInterceptor.java:251)
	at org.springframework.security.authorization.method.AuthorizationManagerBeforeMethodInterceptor.invoke(AuthorizationManagerBeforeMethodInterceptor.java:197)
	at org.springframework.aop.framework.ReflectiveMethodInvocation.proceed(ReflectiveMethodInvocation.java:184)
	at org.springframework.aop.framework.CglibAopProxy$CglibMethodInvocation.proceed(CglibAopProxy.java:768)
	at org.springframework.aop.interceptor.ExposeInvocationInterceptor.invoke(ExposeInvocationInterceptor.java:97)
	at org.springframework.aop.framework.ReflectiveMethodInvocation.proceed(ReflectiveMethodInvocation.java:184)
	at org.springframework.aop.framework.CglibAopProxy$CglibMethodInvocation.proceed(CglibAopProxy.java:768)
	at org.springframework.aop.framework.CglibAopProxy$DynamicAdvisedInterceptor.intercept(CglibAopProxy.java:720)
	at com.example.project.controller.NotificationController$$SpringCGLIB$$0.getNotificationsByUser(<generated>)
	at java.base/jdk.internal.reflect.NativeMethodAccessorImpl.invoke0(Native Method)
	at java.base/jdk.internal.reflect.NativeMethodAccessorImpl.invoke(NativeMethodAccessorImpl.java:77)
	at java.base/jdk.internal.reflect.DelegatingMethodAccessorImpl.invoke(DelegatingMethodAccessorImpl.java:43)
	at java.base/java.lang.reflect.Method.invoke(Method.java:568)
	at org.springframework.web.method.support.InvocableHandlerMethod.doInvoke(InvocableHandlerMethod.java:255)
	at org.springframework.web.method.support.InvocableHandlerMethod.invokeForRequest(InvocableHandlerMethod.java:188)
	at org.springframework.web.servlet.mvc.method.annotation.ServletInvocableHandlerMethod.invokeAndHandle(ServletInvocableHandlerMethod.java:118)
	at org.springframework.web.servlet.mvc.method.annotation.RequestMappingHandlerAdapter.invokeHandlerMethod(RequestMappingHandlerAdapter.java:926)
	at org.springframework.web.servlet.mvc.method.annotation.RequestMappingHandlerAdapter.handleInternal(RequestMappingHandlerAdapter.java:831)
	at org.springframework.web.servlet.mvc.method.AbstractHandlerMethodAdapter.handle(AbstractHandlerMethodAdapter.java:87)
	at org.springframework.web.servlet.DispatcherServlet.doDispatch(DispatcherServlet.java:1089)
	at org.springframework.web.servlet.DispatcherServlet.doService(DispatcherServlet.java:979)
	at org.springframework.web.servlet.FrameworkServlet.processRequest(FrameworkServlet.java:1014)
	at org.springframework.web.servlet.FrameworkServlet.doGet(FrameworkServlet.java:903)
	at jakarta.servlet.http.HttpServlet.service(HttpServlet.java:564)
	at org.springframework.web.servlet.FrameworkServlet.service(FrameworkServlet.java:885)
	at jakarta.servlet.http.HttpServlet.service(HttpServlet.java:658)
	at org.apache.catalina.core.ApplicationFilterChain.internalDoFilter(ApplicationFilterChain.java:206)
	at org.apache.catalina.core.ApplicationFilterChain.doFilter(ApplicationFilterChain.java:150)
	at org.apache.tomcat.websocket.server.WsFilter.doFilter(WsFilter.java:51)
	at org.apache.catalina.core.ApplicationFilterChain.internalDoFilter(ApplicationFilterChain.java:175)
	at org.apache.catalina.core.ApplicationFilterChain.doFilter(ApplicationFilterChain.java:150)
	at org.springframework.web.filter.OncePerRequestFilter.doFilter(OncePerRequestFilter.java:110)
	at org.apache.catalina.core.ApplicationFilterChain.internalDoFilter(ApplicationFilterChain.java:175)
	at org.apache.catalina.core.ApplicationFilterChain.doFilter(ApplicationFilterChain.java:150)
	at org.springframework.web.filter.CompositeFilter$VirtualFilterChain.doFilter(CompositeFilter.java:108)
	at org.springframework.security.web.FilterChainProxy.lambda$doFilterInternal$3(FilterChainProxy.java:231)
	at org.springframework.security.web.ObservationFilterChainDecorator$FilterObservation$SimpleFilterObservation.lambda$wrap$1(ObservationFilterChainDecorator.java:479)
	at org.springframework.security.web.ObservationFilterChainDecorator$AroundFilterObservation$SimpleAroundFilterObservation.lambda$wrap$1(ObservationFilterChainDecorator.java:340)
	at org.springframework.security.web.ObservationFilterChainDecorator.lambda$wrapSecured$0(ObservationFilterChainDecorator.java:82)
	at org.springframework.security.web.ObservationFilterChainDecorator$VirtualFilterChain.doFilter(ObservationFilterChainDecorator.java:128)
	at org.springframework.security.web.access.intercept.AuthorizationFilter.doFilter(AuthorizationFilter.java:100)
	at org.springframework.security.web.ObservationFilterChainDecorator$ObservationFilter.wrapFilter(ObservationFilterChainDecorator.java:240)
	at org.springframework.security.web.ObservationFilterChainDecorator$ObservationFilter.doFilter(ObservationFilterChainDecorator.java:227)
	at org.springframework.security.web.ObservationFilterChainDecorator$VirtualFilterChain.doFilter(ObservationFilterChainDecorator.java:137)
	at org.springframework.security.web.access.ExceptionTranslationFilter.doFilter(ExceptionTranslationFilter.java:126)
	at org.springframework.security.web.access.ExceptionTranslationFilter.doFilter(ExceptionTranslationFilter.java:120)
	at org.springframework.security.web.ObservationFilterChainDecorator$ObservationFilter.wrapFilter(ObservationFilterChainDecorator.java:240)
	at org.springframework.security.web.ObservationFilterChainDecorator$ObservationFilter.doFilter(ObservationFilterChainDecorator.java:227)
	at org.springframework.security.web.ObservationFilterChainDecorator$VirtualFilterChain.doFilter(ObservationFilterChainDecorator.java:137)
	at org.springframework.security.web.session.SessionManagementFilter.doFilter(SessionManagementFilter.java:131)
	at org.springframework.security.web.session.SessionManagementFilter.doFilter(SessionManagementFilter.java:85)
	at org.springframework.security.web.ObservationFilterChainDecorator$ObservationFilter.wrapFilter(ObservationFilterChainDecorator.java:240)
	at org.springframework.security.web.ObservationFilterChainDecorator$ObservationFilter.doFilter(ObservationFilterChainDecorator.java:227)
	at org.springframework.security.web.ObservationFilterChainDecorator$VirtualFilterChain.doFilter(ObservationFilterChainDecorator.java:137)
	at org.springframework.security.web.authentication.AnonymousAuthenticationFilter.doFilter(AnonymousAuthenticationFilter.java:100)
	at org.springframework.security.web.ObservationFilterChainDecorator$ObservationFilter.wrapFilter(ObservationFilterChainDecorator.java:240)
	at org.springframework.security.web.ObservationFilterChainDecorator$ObservationFilter.doFilter(ObservationFilterChainDecorator.java:227)
	at org.springframework.security.web.ObservationFilterChainDecorator$VirtualFilterChain.doFilter(ObservationFilterChainDecorator.java:137)
	at org.springframework.security.web.servletapi.SecurityContextHolderAwareRequestFilter.doFilter(SecurityContextHolderAwareRequestFilter.java:179)
	at org.springframework.security.web.ObservationFilterChainDecorator$ObservationFilter.wrapFilter(ObservationFilterChainDecorator.java:240)
	at org.springframework.security.web.ObservationFilterChainDecorator$ObservationFilter.doFilter(ObservationFilterChainDecorator.java:227)
	at org.springframework.security.web.ObservationFilterChainDecorator$VirtualFilterChain.doFilter(ObservationFilterChainDecorator.java:137)
	at org.springframework.security.web.savedrequest.RequestCacheAwareFilter.doFilter(RequestCacheAwareFilter.java:63)
	at org.springframework.security.web.ObservationFilterChainDecorator$ObservationFilter.wrapFilter(ObservationFilterChainDecorator.java:240)
	at org.springframework.security.web.ObservationFilterChainDecorator$ObservationFilter.doFilter(ObservationFilterChainDecorator.java:227)
	at org.springframework.security.web.ObservationFilterChainDecorator$VirtualFilterChain.doFilter(ObservationFilterChainDecorator.java:137)
	at com.example.project.security.JwtAuthFilter.doFilterInternal(JwtAuthFilter.java:63)
	at org.springframework.web.filter.OncePerRequestFilter.doFilter(OncePerRequestFilter.java:116)
	at org.springframework.security.web.ObservationFilterChainDecorator$ObservationFilter.wrapFilter(ObservationFilterChainDecorator.java:240)
	at org.springframework.security.web.ObservationFilterChainDecorator$ObservationFilter.doFilter(ObservationFilterChainDecorator.java:227)
	at org.springframework.security.web.ObservationFilterChainDecorator$VirtualFilterChain.doFilter(ObservationFilterChainDecorator.java:137)
	at org.springframework.security.web.authentication.logout.LogoutFilter.doFilter(LogoutFilter.java:107)
	at org.springframework.security.web.authentication.logout.LogoutFilter.doFilter(LogoutFilter.java:93)
	at org.springframework.security.web.ObservationFilterChainDecorator$ObservationFilter.wrapFilter(ObservationFilterChainDecorator.java:240)
	at org.springframework.security.web.ObservationFilterChainDecorator$ObservationFilter.doFilter(ObservationFilterChainDecorator.java:227)
	at org.springframework.security.web.ObservationFilterChainDecorator$VirtualFilterChain.doFilter(ObservationFilterChainDecorator.java:137)
	at org.springframework.web.filter.OncePerRequestFilter.doFilter(OncePerRequestFilter.java:110)
	at org.springframework.security.web.ObservationFilterChainDecorator$ObservationFilter.wrapFilter(ObservationFilterChainDecorator.java:240)
	at org.springframework.security.web.ObservationFilterChainDecorator$ObservationFilter.doFilter(ObservationFilterChainDecorator.java:227)
	at org.springframework.security.web.ObservationFilterChainDecorator$VirtualFilterChain.doFilter(ObservationFilterChainDecorator.java:137)
	at org.springframework.web.filter.CorsFilter.doFilterInternal(CorsFilter.java:91)
	at org.springframework.web.filter.OncePerRequestFilter.doFilter(OncePerRequestFilter.java:116)
	at org.springframework.security.web.ObservationFilterChainDecorator$ObservationFilter.wrapFilter(ObservationFilterChainDecorator.java:240)
	at org.springframework.security.web.ObservationFilterChainDecorator$ObservationFilter.doFilter(ObservationFilterChainDecorator.java:227)
	at org.springframework.security.web.ObservationFilterChainDecorator$VirtualFilterChain.doFilter(ObservationFilterChainDecorator.java:137)
	at org.springframework.security.web.header.HeaderWriterFilter.doHeadersAfter(HeaderWriterFilter.java:90)
	at org.springframework.security.web.header.HeaderWriterFilter.doFilterInternal(HeaderWriterFilter.java:75)
	at org.springframework.web.filter.OncePerRequestFilter.doFilter(OncePerRequestFilter.java:116)
	at org.springframework.security.web.ObservationFilterChainDecorator$ObservationFilter.wrapFilter(ObservationFilterChainDecorator.java:240)
	at org.springframework.security.web.ObservationFilterChainDecorator$ObservationFilter.doFilter(ObservationFilterChainDecorator.java:227)
	at org.springframework.security.web.ObservationFilterChainDecorator$VirtualFilterChain.doFilter(ObservationFilterChainDecorator.java:137)
	at org.springframework.security.web.context.SecurityContextHolderFilter.doFilter(SecurityContextHolderFilter.java:82)
	at org.springframework.security.web.context.SecurityContextHolderFilter.doFilter(SecurityContextHolderFilter.java:69)
	at org.springframework.security.web.ObservationFilterChainDecorator$ObservationFilter.wrapFilter(ObservationFilterChainDecorator.java:240)
	at org.springframework.security.web.ObservationFilterChainDecorator$ObservationFilter.doFilter(ObservationFilterChainDecorator.java:227)
	at org.springframework.security.web.ObservationFilterChainDecorator$VirtualFilterChain.doFilter(ObservationFilterChainDecorator.java:137)
	at org.springframework.security.web.context.request.async.WebAsyncManagerIntegrationFilter.doFilterInternal(WebAsyncManagerIntegrationFilter.java:62)
	at org.springframework.web.filter.OncePerRequestFilter.doFilter(OncePerRequestFilter.java:116)
	at org.springframework.security.web.ObservationFilterChainDecorator$ObservationFilter.wrapFilter(ObservationFilterChainDecorator.java:240)
	at org.springframework.security.web.ObservationFilterChainDecorator$ObservationFilter.doFilter(ObservationFilterChainDecorator.java:227)
	at org.springframework.security.web.ObservationFilterChainDecorator$VirtualFilterChain.doFilter(ObservationFilterChainDecorator.java:137)
	at org.springframework.security.web.session.DisableEncodeUrlFilter.doFilterInternal(DisableEncodeUrlFilter.java:42)
	at org.springframework.web.filter.OncePerRequestFilter.doFilter(OncePerRequestFilter.java:116)
	at org.springframework.security.web.ObservationFilterChainDecorator$ObservationFilter.wrapFilter(ObservationFilterChainDecorator.java:240)
	at org.springframework.security.web.ObservationFilterChainDecorator$AroundFilterObservation$SimpleAroundFilterObservation.lambda$wrap$0(ObservationFilterChainDecorator.java:323)
	at org.springframework.security.web.ObservationFilterChainDecorator$ObservationFilter.doFilter(ObservationFilterChainDecorator.java:224)
	at org.springframework.security.web.ObservationFilterChainDecorator$VirtualFilterChain.doFilter(ObservationFilterChainDecorator.java:137)
	at org.springframework.security.web.FilterChainProxy.doFilterInternal(FilterChainProxy.java:233)
	at org.springframework.security.web.FilterChainProxy.doFilter(FilterChainProxy.java:191)
	at org.springframework.web.filter.CompositeFilter$VirtualFilterChain.doFilter(CompositeFilter.java:113)
	at org.springframework.web.servlet.handler.HandlerMappingIntrospector.lambda$createCacheFilter$3(HandlerMappingIntrospector.java:195)
	at org.springframework.web.filter.CompositeFilter$VirtualFilterChain.doFilter(CompositeFilter.java:113)
	at org.springframework.web.filter.CompositeFilter.doFilter(CompositeFilter.java:74)
	at org.springframework.security.config.annotation.web.configuration.WebMvcSecurityConfiguration$CompositeFilterChainProxy.doFilter(WebMvcSecurityConfiguration.java:230)
	at org.springframework.web.filter.DelegatingFilterProxy.invokeDelegate(DelegatingFilterProxy.java:352)
	at org.springframework.web.filter.DelegatingFilterProxy.doFilter(DelegatingFilterProxy.java:268)
	at org.apache.catalina.core.ApplicationFilterChain.internalDoFilter(ApplicationFilterChain.java:175)
	at org.apache.catalina.core.ApplicationFilterChain.doFilter(ApplicationFilterChain.java:150)
	at org.springframework.web.filter.RequestContextFilter.doFilterInternal(RequestContextFilter.java:100)
	at org.springframework.web.filter.OncePerRequestFilter.doFilter(OncePerRequestFilter.java:116)
	at org.apache.catalina.core.ApplicationFilterChain.internalDoFilter(ApplicationFilterChain.java:175)
	at org.apache.catalina.core.ApplicationFilterChain.doFilter(ApplicationFilterChain.java:150)
	at org.springframework.web.filter.FormContentFilter.doFilterInternal(FormContentFilter.java:93)
	at org.springframework.web.filter.OncePerRequestFilter.doFilter(OncePerRequestFilter.java:116)
	at org.apache.catalina.core.ApplicationFilterChain.internalDoFilter(ApplicationFilterChain.java:175)
	at org.apache.catalina.core.ApplicationFilterChain.doFilter(ApplicationFilterChain.java:150)
	at org.springframework.web.filter.ServerHttpObservationFilter.doFilterInternal(ServerHttpObservationFilter.java:109)
	at org.springframework.web.filter.OncePerRequestFilter.doFilter(OncePerRequestFilter.java:116)
	at org.apache.catalina.core.ApplicationFilterChain.internalDoFilter(ApplicationFilterChain.java:175)
	at org.apache.catalina.core.ApplicationFilterChain.doFilter(ApplicationFilterChain.java:150)
	at org.springframework.web.filter.CharacterEncodingFilter.doFilterInternal(CharacterEncodingFilter.java:201)
	at org.springframework.web.filter.OncePerRequestFilter.doFilter(OncePerRequestFilter.java:116)
	at org.apache.catalina.core.ApplicationFilterChain.internalDoFilter(ApplicationFilterChain.java:175)
	at org.apache.catalina.core.ApplicationFilterChain.doFilter(ApplicationFilterChain.java:150)
	at org.apache.catalina.core.StandardWrapperValve.invoke(StandardWrapperValve.java:167)
	at org.apache.catalina.core.StandardContextValve.invoke(StandardContextValve.java:90)
	at org.apache.catalina.authenticator.AuthenticatorBase.invoke(AuthenticatorBase.java:482)
	at org.apache.catalina.core.StandardHostValve.invoke(StandardHostValve.java:115)
	at org.apache.catalina.valves.ErrorReportValve.invoke(ErrorReportValve.java:93)
	at org.apache.catalina.core.StandardEngineValve.invoke(StandardEngineValve.java:74)
	at org.apache.catalina.connector.CoyoteAdapter.service(CoyoteAdapter.java:344)
	at org.apache.coyote.http11.Http11Processor.service(Http11Processor.java:391)
	at org.apache.coyote.AbstractProcessorLight.process(AbstractProcessorLight.java:63)
	at org.apache.coyote.AbstractProtocol$ConnectionHandler.process(AbstractProtocol.java:896)
	at org.apache.tomcat.util.net.NioEndpoint$SocketProcessor.doRun(NioEndpoint.java:1736)
	at org.apache.tomcat.util.net.SocketProcessorBase.run(SocketProcessorBase.java:52)
	at org.apache.tomcat.util.threads.ThreadPoolExecutor.runWorker(ThreadPoolExecutor.java:1191)
	at org.apache.tomcat.util.threads.ThreadPoolExecutor$Worker.run(ThreadPoolExecutor.java:659)
	at org.apache.tomcat.util.threads.TaskThread$WrappingRunnable.run(TaskThread.java:63)
	at java.base/java.lang.Thread.run(Thread.java:842)
Caused by: org.springframework.expression.spel.SpelEvaluationException: EL1058E: A problem occurred when trying to resolve bean 'securityService':'Could not resolve bean reference against BeanFactory'
	at org.springframework.expression.spel.ast.BeanReference.getValueInternal(BeanReference.java:59)
	at org.springframework.expression.spel.ast.CompoundExpression.getValueRef(CompoundExpression.java:60)
	at org.springframework.expression.spel.ast.CompoundExpression.getValueInternal(CompoundExpression.java:96)
	at org.springframework.expression.spel.ast.SpelNodeImpl.getValue(SpelNodeImpl.java:222)
	at org.springframework.expression.spel.ast.OpOr.getBooleanValue(OpOr.java:56)
	at org.springframework.expression.spel.ast.OpOr.getValueInternal(OpOr.java:51)
	at org.springframework.expression.spel.ast.OpOr.getValueInternal(OpOr.java:37)
	at org.springframework.expression.spel.ast.SpelNodeImpl.getTypedValue(SpelNodeImpl.java:119)
	at org.springframework.expression.spel.standard.SpelExpression.getValue(SpelExpression.java:309)
	at org.springframework.security.access.expression.ExpressionUtils.evaluateAsBoolean(ExpressionUtils.java:30)
	... 154 common frames omitted
Caused by: org.springframework.expression.AccessException: Could not resolve bean reference against BeanFactory
	at org.springframework.context.expression.BeanFactoryResolver.resolve(BeanFactoryResolver.java:54)
	at org.springframework.expression.spel.ast.BeanReference.getValueInternal(BeanReference.java:55)
	... 163 common frames omitted
Caused by: org.springframework.beans.factory.NoSuchBeanDefinitionException: No bean named 'securityService' available
	at org.springframework.beans.factory.support.DefaultListableBeanFactory.getBeanDefinition(DefaultListableBeanFactory.java:895)
	at org.springframework.beans.factory.support.AbstractBeanFactory.getMergedLocalBeanDefinition(AbstractBeanFactory.java:1351)
	at org.springframework.beans.factory.support.AbstractBeanFactory.doGetBean(AbstractBeanFactory.java:300)
	at org.springframework.beans.factory.support.AbstractBeanFactory.getBean(AbstractBeanFactory.java:200)
	at org.springframework.context.support.AbstractApplicationContext.getBean(AbstractApplicationContext.java:1234)
	at org.springframework.context.expression.BeanFactoryResolver.resolve(BeanFactoryResolver.java:51)
	... 164 common frames omitted
2026-05-23 05:10:52.374 [http-nio-0.0.0.0-8080-exec-4] DEBUG o.s.o.j.s.OpenEntityManagerInViewInterceptor - Closing JPA EntityManager in OpenEntityManagerInViewInterceptor
2026-05-23 05:10:52.374 [http-nio-0.0.0.0-8080-exec-4] INFO  c.e.p.util.HttpLoggingInterceptor - REQUEST_END [263e7c43-8ff1-40f5-9741-9fed2f2b772f] GET /api/v1/notifications/user/2 | Status: 500 | Duration: 20ms
2026-05-23 05:10:52.690 [http-nio-0.0.0.0-8080-exec-5] DEBUG o.s.security.web.FilterChainProxy - Securing GET /ws-notifications/info?t=1779509462552
2026-05-23 05:10:52.691 [http-nio-0.0.0.0-8080-exec-2] DEBUG o.s.security.web.FilterChainProxy - Securing GET /api/v1/notifications/user/2
2026-05-23 05:10:52.691 [http-nio-0.0.0.0-8080-exec-7] DEBUG o.s.security.web.FilterChainProxy - Securing OPTIONS /api/v1/auth/me
2026-05-23 05:10:52.698 [http-nio-0.0.0.0-8080-exec-5] DEBUG o.s.s.w.a.AnonymousAuthenticationFilter - Set SecurityContextHolder to anonymous SecurityContext
2026-05-23 05:10:52.693 [http-nio-0.0.0.0-8080-exec-6] DEBUG o.s.security.web.FilterChainProxy - Securing OPTIONS /api/v1/projets/porteur/2
2026-05-23 05:10:52.704 [http-nio-0.0.0.0-8080-exec-5] DEBUG o.s.security.web.FilterChainProxy - Secured GET /ws-notifications/info?t=1779509462552
2026-05-23 05:10:52.698 [http-nio-0.0.0.0-8080-exec-2] DEBUG c.e.p.util.SecurityLoggingAspect - AUTHORIZATION_GRANTED: User=ANONYMOUS, Method=extractUsername
2026-05-23 05:10:52.711 [http-nio-0.0.0.0-8080-exec-9] DEBUG o.s.security.web.FilterChainProxy - Securing GET /api/v1/auth/me
2026-05-23 05:10:52.711 [http-nio-0.0.0.0-8080-exec-2] DEBUG o.s.o.j.SharedEntityManagerCreator$SharedEntityManagerInvocationHandler - Creating new EntityManager for shared EntityManager invocation
2026-05-23 05:10:52.714 [http-nio-0.0.0.0-8080-exec-9] DEBUG c.e.p.util.SecurityLoggingAspect - AUTHORIZATION_GRANTED: User=ANONYMOUS, Method=extractUsername
2026-05-23 05:10:52.714 [http-nio-0.0.0.0-8080-exec-9] DEBUG o.s.o.j.SharedEntityManagerCreator$SharedEntityManagerInvocationHandler - Creating new EntityManager for shared EntityManager invocation
2026-05-23 05:10:52.714 [http-nio-0.0.0.0-8080-exec-2] DEBUG org.hibernate.SQL - 
    select
        u1_0.id,
        u1_0.address,
        u1_0.admin_notes,
        u1_0.avatar_url,
        u1_0.bio,
        u1_0.preferred_category,
        u1_0.created_at,
        u1_0.email,
        u1_0.google_id,
        u1_0.kyc_status,
        u1_0.password,
        u1_0.last_name,
        u1_0.first_name,
        u1_0.role,
        u1_0.status,
        u1_0.phone,
        u1_0.ville 
    from
        users u1_0 
    where
        u1_0.email=?
2026-05-23 05:10:52.720 [http-nio-0.0.0.0-8080-exec-8] DEBUG o.s.security.web.FilterChainProxy - Securing GET /api/v1/projets/porteur/2
2026-05-23 05:10:52.725 [http-nio-0.0.0.0-8080-exec-2] DEBUG c.e.p.util.PerformanceLoggingAspect - QUERY_EXECUTED: $Proxy166.findByEmail | Duration: 14ms
2026-05-23 05:10:52.727 [http-nio-0.0.0.0-8080-exec-2] DEBUG c.e.p.util.SecurityLoggingAspect - AUTHORIZATION_GRANTED: User=ANONYMOUS, Method=loadUserByUsername
2026-05-23 05:10:52.726 [http-nio-0.0.0.0-8080-exec-9] DEBUG org.hibernate.SQL - 
    select
        u1_0.id,
        u1_0.address,
        u1_0.admin_notes,
        u1_0.avatar_url,
        u1_0.bio,
        u1_0.preferred_category,
        u1_0.created_at,
        u1_0.email,
        u1_0.google_id,
        u1_0.kyc_status,
        u1_0.password,
        u1_0.last_name,
        u1_0.first_name,
        u1_0.role,
        u1_0.status,
        u1_0.phone,
        u1_0.ville 
    from
        users u1_0 
    where
        u1_0.email=?
2026-05-23 05:10:52.729 [http-nio-0.0.0.0-8080-exec-8] DEBUG c.e.p.util.SecurityLoggingAspect - AUTHORIZATION_GRANTED: User=ANONYMOUS, Method=extractUsername
2026-05-23 05:10:52.730 [http-nio-0.0.0.0-8080-exec-2] DEBUG c.e.p.util.SecurityLoggingAspect - AUTHORIZATION_GRANTED: User=ANONYMOUS, Method=isTokenValid
2026-05-23 05:10:52.735 [http-nio-0.0.0.0-8080-exec-2] DEBUG o.s.security.web.FilterChainProxy - Secured GET /api/v1/notifications/user/2
2026-05-23 05:10:52.733 [http-nio-0.0.0.0-8080-exec-9] DEBUG c.e.p.util.PerformanceLoggingAspect - QUERY_EXECUTED: $Proxy166.findByEmail | Duration: 19ms
2026-05-23 05:10:52.734 [http-nio-0.0.0.0-8080-exec-8] DEBUG o.s.o.j.SharedEntityManagerCreator$SharedEntityManagerInvocationHandler - Creating new EntityManager for shared EntityManager invocation
2026-05-23 05:10:52.735 [http-nio-0.0.0.0-8080-exec-1] DEBUG o.s.security.web.FilterChainProxy - Securing GET /ws-notifications/441/4roegipj/websocket
2026-05-23 05:10:52.744 [http-nio-0.0.0.0-8080-exec-9] DEBUG c.e.p.util.SecurityLoggingAspect - AUTHORIZATION_GRANTED: User=ANONYMOUS, Method=loadUserByUsername
2026-05-23 05:10:52.744 [http-nio-0.0.0.0-8080-exec-2] INFO  c.e.p.util.HttpLoggingInterceptor - REQUEST_START [2bea5a85-47e9-4b9f-9cf4-e3d8634f2e00] GET /api/v1/notifications/user/2 | IP: 172.27.232.164 | User-Agent: Mozilla/5.0 (iPhone; CPU iPhone OS 16_7_14 like Mac OS X) AppleWebKit/605.1.15 (KHTML, like Gecko) Version/16.6.1 Mobile/15E148 Safari/604.1
2026-05-23 05:10:52.746 [http-nio-0.0.0.0-8080-exec-2] DEBUG o.s.o.j.s.OpenEntityManagerInViewInterceptor - Opening JPA EntityManager in OpenEntityManagerInViewInterceptor
2026-05-23 05:10:52.747 [http-nio-0.0.0.0-8080-exec-8] DEBUG org.hibernate.SQL - 
    select
        u1_0.id,
        u1_0.address,
        u1_0.admin_notes,
        u1_0.avatar_url,
        u1_0.bio,
        u1_0.preferred_category,
        u1_0.created_at,
        u1_0.email,
        u1_0.google_id,
        u1_0.kyc_status,
        u1_0.password,
        u1_0.last_name,
        u1_0.first_name,
        u1_0.role,
        u1_0.status,
        u1_0.phone,
        u1_0.ville 
    from
        users u1_0 
    where
        u1_0.email=?
2026-05-23 05:10:52.748 [http-nio-0.0.0.0-8080-exec-1] DEBUG o.s.s.w.a.AnonymousAuthenticationFilter - Set SecurityContextHolder to anonymous SecurityContext
2026-05-23 05:10:52.748 [http-nio-0.0.0.0-8080-exec-9] DEBUG c.e.p.util.SecurityLoggingAspect - AUTHORIZATION_GRANTED: User=ANONYMOUS, Method=isTokenValid
2026-05-23 05:10:52.748 [http-nio-0.0.0.0-8080-exec-2] DEBUG o.s.s.a.m.AuthorizationManagerBeforeMethodInterceptor - Authorizing method invocation ReflectiveMethodInvocation: public org.springframework.http.ResponseEntity com.example.project.controller.NotificationController.getNotificationsByUser(java.lang.Long); target is of class [com.example.project.controller.NotificationController]
2026-05-23 05:10:52.749 [http-nio-0.0.0.0-8080-exec-1] DEBUG o.s.security.web.FilterChainProxy - Secured GET /ws-notifications/441/4roegipj/websocket
2026-05-23 05:10:52.750 [http-nio-0.0.0.0-8080-exec-9] DEBUG o.s.security.web.FilterChainProxy - Secured GET /api/v1/auth/me
2026-05-23 05:10:52.751 [http-nio-0.0.0.0-8080-exec-9] INFO  c.e.p.util.HttpLoggingInterceptor - REQUEST_START [db48cb46-6725-44bf-8559-3acc9c0211c8] GET /api/v1/auth/me | IP: 172.27.232.164 | User-Agent: Mozilla/5.0 (iPhone; CPU iPhone OS 16_7_14 like Mac OS X) AppleWebKit/605.1.15 (KHTML, like Gecko) Version/16.6.1 Mobile/15E148 Safari/604.1
2026-05-23 05:10:52.752 [http-nio-0.0.0.0-8080-exec-8] DEBUG c.e.p.util.PerformanceLoggingAspect - QUERY_EXECUTED: $Proxy166.findByEmail | Duration: 19ms
2026-05-23 05:10:52.753 [http-nio-0.0.0.0-8080-exec-9] DEBUG o.s.o.j.s.OpenEntityManagerInViewInterceptor - Opening JPA EntityManager in OpenEntityManagerInViewInterceptor
2026-05-23 05:10:52.751 [http-nio-0.0.0.0-8080-exec-2] ERROR c.e.p.e.GlobalExceptionHandler - UNEXPECTED_ERROR: Failed to evaluate expression 'hasRole('ADMIN') or @securityService.isCurrentUser(#utilisateurId)' | Stack Trace: 
java.lang.IllegalArgumentException: Failed to evaluate expression 'hasRole('ADMIN') or @securityService.isCurrentUser(#utilisateurId)'
	at org.springframework.security.access.expression.ExpressionUtils.evaluateAsBoolean(ExpressionUtils.java:33)
	at org.springframework.security.authorization.method.PreAuthorizeAuthorizationManager.check(PreAuthorizeAuthorizationManager.java:68)
	at org.springframework.security.authorization.method.PreAuthorizeAuthorizationManager.check(PreAuthorizeAuthorizationManager.java:40)
	at org.springframework.security.authorization.ObservationAuthorizationManager.check(ObservationAuthorizationManager.java:63)
	at org.springframework.security.config.annotation.method.configuration.DeferringObservationAuthorizationManager.check(DeferringObservationAuthorizationManager.java:47)
	at org.springframework.security.authorization.method.AuthorizationManagerBeforeMethodInterceptor.attemptAuthorization(AuthorizationManagerBeforeMethodInterceptor.java:251)
	at org.springframework.security.authorization.method.AuthorizationManagerBeforeMethodInterceptor.invoke(AuthorizationManagerBeforeMethodInterceptor.java:197)
	at org.springframework.aop.framework.ReflectiveMethodInvocation.proceed(ReflectiveMethodInvocation.java:184)
	at org.springframework.aop.framework.CglibAopProxy$CglibMethodInvocation.proceed(CglibAopProxy.java:768)
	at org.springframework.aop.interceptor.ExposeInvocationInterceptor.invoke(ExposeInvocationInterceptor.java:97)
	at org.springframework.aop.framework.ReflectiveMethodInvocation.proceed(ReflectiveMethodInvocation.java:184)
	at org.springframework.aop.framework.CglibAopProxy$CglibMethodInvocation.proceed(CglibAopProxy.java:768)
	at org.springframework.aop.framework.CglibAopProxy$DynamicAdvisedInterceptor.intercept(CglibAopProxy.java:720)
	at com.example.project.controller.NotificationController$$SpringCGLIB$$0.getNotificationsByUser(<generated>)
	at java.base/jdk.internal.reflect.NativeMethodAccessorImpl.invoke0(Native Method)
	at java.base/jdk.internal.reflect.NativeMethodAccessorImpl.invoke(NativeMethodAccessorImpl.java:77)
	at java.base/jdk.internal.reflect.DelegatingMethodAccessorImpl.invoke(DelegatingMethodAccessorImpl.java:43)
	at java.base/java.lang.reflect.Method.invoke(Method.java:568)
	at org.springframework.web.method.support.InvocableHandlerMethod.doInvoke(InvocableHandlerMethod.java:255)
	at org.springframework.web.method.support.InvocableHandlerMethod.invokeForRequest(InvocableHandlerMethod.java:188)
	at org.springframework.web.servlet.mvc.method.annotation.ServletInvocableHandlerMethod.invokeAndHandle(ServletInvocableHandlerMethod.java:118)
	at org.springframework.web.servlet.mvc.method.annotation.RequestMappingHandlerAdapter.invokeHandlerMethod(RequestMappingHandlerAdapter.java:926)
	at org.springframework.web.servlet.mvc.method.annotation.RequestMappingHandlerAdapter.handleInternal(RequestMappingHandlerAdapter.java:831)
	at org.springframework.web.servlet.mvc.method.AbstractHandlerMethodAdapter.handle(AbstractHandlerMethodAdapter.java:87)
	at org.springframework.web.servlet.DispatcherServlet.doDispatch(DispatcherServlet.java:1089)
	at org.springframework.web.servlet.DispatcherServlet.doService(DispatcherServlet.java:979)
	at org.springframework.web.servlet.FrameworkServlet.processRequest(FrameworkServlet.java:1014)
	at org.springframework.web.servlet.FrameworkServlet.doGet(FrameworkServlet.java:903)
	at jakarta.servlet.http.HttpServlet.service(HttpServlet.java:564)
	at org.springframework.web.servlet.FrameworkServlet.service(FrameworkServlet.java:885)
	at jakarta.servlet.http.HttpServlet.service(HttpServlet.java:658)
	at org.apache.catalina.core.ApplicationFilterChain.internalDoFilter(ApplicationFilterChain.java:206)
	at org.apache.catalina.core.ApplicationFilterChain.doFilter(ApplicationFilterChain.java:150)
	at org.apache.tomcat.websocket.server.WsFilter.doFilter(WsFilter.java:51)
	at org.apache.catalina.core.ApplicationFilterChain.internalDoFilter(ApplicationFilterChain.java:175)
	at org.apache.catalina.core.ApplicationFilterChain.doFilter(ApplicationFilterChain.java:150)
	at org.springframework.web.filter.OncePerRequestFilter.doFilter(OncePerRequestFilter.java:110)
	at org.apache.catalina.core.ApplicationFilterChain.internalDoFilter(ApplicationFilterChain.java:175)
	at org.apache.catalina.core.ApplicationFilterChain.doFilter(ApplicationFilterChain.java:150)
	at org.springframework.web.filter.CompositeFilter$VirtualFilterChain.doFilter(CompositeFilter.java:108)
	at org.springframework.security.web.FilterChainProxy.lambda$doFilterInternal$3(FilterChainProxy.java:231)
	at org.springframework.security.web.ObservationFilterChainDecorator$FilterObservation$SimpleFilterObservation.lambda$wrap$1(ObservationFilterChainDecorator.java:479)
	at org.springframework.security.web.ObservationFilterChainDecorator$AroundFilterObservation$SimpleAroundFilterObservation.lambda$wrap$1(ObservationFilterChainDecorator.java:340)
	at org.springframework.security.web.ObservationFilterChainDecorator.lambda$wrapSecured$0(ObservationFilterChainDecorator.java:82)
	at org.springframework.security.web.ObservationFilterChainDecorator$VirtualFilterChain.doFilter(ObservationFilterChainDecorator.java:128)
	at org.springframework.security.web.access.intercept.AuthorizationFilter.doFilter(AuthorizationFilter.java:100)
	at org.springframework.security.web.ObservationFilterChainDecorator$ObservationFilter.wrapFilter(ObservationFilterChainDecorator.java:240)
	at org.springframework.security.web.ObservationFilterChainDecorator$ObservationFilter.doFilter(ObservationFilterChainDecorator.java:227)
	at org.springframework.security.web.ObservationFilterChainDecorator$VirtualFilterChain.doFilter(ObservationFilterChainDecorator.java:137)
	at org.springframework.security.web.access.ExceptionTranslationFilter.doFilter(ExceptionTranslationFilter.java:126)
	at org.springframework.security.web.access.ExceptionTranslationFilter.doFilter(ExceptionTranslationFilter.java:120)
	at org.springframework.security.web.ObservationFilterChainDecorator$ObservationFilter.wrapFilter(ObservationFilterChainDecorator.java:240)
	at org.springframework.security.web.ObservationFilterChainDecorator$ObservationFilter.doFilter(ObservationFilterChainDecorator.java:227)
	at org.springframework.security.web.ObservationFilterChainDecorator$VirtualFilterChain.doFilter(ObservationFilterChainDecorator.java:137)
	at org.springframework.security.web.session.SessionManagementFilter.doFilter(SessionManagementFilter.java:131)
	at org.springframework.security.web.session.SessionManagementFilter.doFilter(SessionManagementFilter.java:85)
	at org.springframework.security.web.ObservationFilterChainDecorator$ObservationFilter.wrapFilter(ObservationFilterChainDecorator.java:240)
	at org.springframework.security.web.ObservationFilterChainDecorator$ObservationFilter.doFilter(ObservationFilterChainDecorator.java:227)
	at org.springframework.security.web.ObservationFilterChainDecorator$VirtualFilterChain.doFilter(ObservationFilterChainDecorator.java:137)
	at org.springframework.security.web.authentication.AnonymousAuthenticationFilter.doFilter(AnonymousAuthenticationFilter.java:100)
	at org.springframework.security.web.ObservationFilterChainDecorator$ObservationFilter.wrapFilter(ObservationFilterChainDecorator.java:240)
	at org.springframework.security.web.ObservationFilterChainDecorator$ObservationFilter.doFilter(ObservationFilterChainDecorator.java:227)
	at org.springframework.security.web.ObservationFilterChainDecorator$VirtualFilterChain.doFilter(ObservationFilterChainDecorator.java:137)
	at org.springframework.security.web.servletapi.SecurityContextHolderAwareRequestFilter.doFilter(SecurityContextHolderAwareRequestFilter.java:179)
	at org.springframework.security.web.ObservationFilterChainDecorator$ObservationFilter.wrapFilter(ObservationFilterChainDecorator.java:240)
	at org.springframework.security.web.ObservationFilterChainDecorator$ObservationFilter.doFilter(ObservationFilterChainDecorator.java:227)
	at org.springframework.security.web.ObservationFilterChainDecorator$VirtualFilterChain.doFilter(ObservationFilterChainDecorator.java:137)
	at org.springframework.security.web.savedrequest.RequestCacheAwareFilter.doFilter(RequestCacheAwareFilter.java:63)
	at org.springframework.security.web.ObservationFilterChainDecorator$ObservationFilter.wrapFilter(ObservationFilterChainDecorator.java:240)
	at org.springframework.security.web.ObservationFilterChainDecorator$ObservationFilter.doFilter(ObservationFilterChainDecorator.java:227)
	at org.springframework.security.web.ObservationFilterChainDecorator$VirtualFilterChain.doFilter(ObservationFilterChainDecorator.java:137)
	at com.example.project.security.JwtAuthFilter.doFilterInternal(JwtAuthFilter.java:63)
	at org.springframework.web.filter.OncePerRequestFilter.doFilter(OncePerRequestFilter.java:116)
	at org.springframework.security.web.ObservationFilterChainDecorator$ObservationFilter.wrapFilter(ObservationFilterChainDecorator.java:240)
	at org.springframework.security.web.ObservationFilterChainDecorator$ObservationFilter.doFilter(ObservationFilterChainDecorator.java:227)
	at org.springframework.security.web.ObservationFilterChainDecorator$VirtualFilterChain.doFilter(ObservationFilterChainDecorator.java:137)
	at org.springframework.security.web.authentication.logout.LogoutFilter.doFilter(LogoutFilter.java:107)
	at org.springframework.security.web.authentication.logout.LogoutFilter.doFilter(LogoutFilter.java:93)
	at org.springframework.security.web.ObservationFilterChainDecorator$ObservationFilter.wrapFilter(ObservationFilterChainDecorator.java:240)
	at org.springframework.security.web.ObservationFilterChainDecorator$ObservationFilter.doFilter(ObservationFilterChainDecorator.java:227)
	at org.springframework.security.web.ObservationFilterChainDecorator$VirtualFilterChain.doFilter(ObservationFilterChainDecorator.java:137)
	at org.springframework.web.filter.OncePerRequestFilter.doFilter(OncePerRequestFilter.java:110)
	at org.springframework.security.web.ObservationFilterChainDecorator$ObservationFilter.wrapFilter(ObservationFilterChainDecorator.java:240)
	at org.springframework.security.web.ObservationFilterChainDecorator$ObservationFilter.doFilter(ObservationFilterChainDecorator.java:227)
	at org.springframework.security.web.ObservationFilterChainDecorator$VirtualFilterChain.doFilter(ObservationFilterChainDecorator.java:137)
	at org.springframework.web.filter.CorsFilter.doFilterInternal(CorsFilter.java:91)
	at org.springframework.web.filter.OncePerRequestFilter.doFilter(OncePerRequestFilter.java:116)
	at org.springframework.security.web.ObservationFilterChainDecorator$ObservationFilter.wrapFilter(ObservationFilterChainDecorator.java:240)
	at org.springframework.security.web.ObservationFilterChainDecorator$ObservationFilter.doFilter(ObservationFilterChainDecorator.java:227)
	at org.springframework.security.web.ObservationFilterChainDecorator$VirtualFilterChain.doFilter(ObservationFilterChainDecorator.java:137)
	at org.springframework.security.web.header.HeaderWriterFilter.doHeadersAfter(HeaderWriterFilter.java:90)
	at org.springframework.security.web.header.HeaderWriterFilter.doFilterInternal(HeaderWriterFilter.java:75)
	at org.springframework.web.filter.OncePerRequestFilter.doFilter(OncePerRequestFilter.java:116)
	at org.springframework.security.web.ObservationFilterChainDecorator$ObservationFilter.wrapFilter(ObservationFilterChainDecorator.java:240)
	at org.springframework.security.web.ObservationFilterChainDecorator$ObservationFilter.doFilter(ObservationFilterChainDecorator.java:227)
	at org.springframework.security.web.ObservationFilterChainDecorator$VirtualFilterChain.doFilter(ObservationFilterChainDecorator.java:137)
	at org.springframework.security.web.context.SecurityContextHolderFilter.doFilter(SecurityContextHolderFilter.java:82)
	at org.springframework.security.web.context.SecurityContextHolderFilter.doFilter(SecurityContextHolderFilter.java:69)
	at org.springframework.security.web.ObservationFilterChainDecorator$ObservationFilter.wrapFilter(ObservationFilterChainDecorator.java:240)
	at org.springframework.security.web.ObservationFilterChainDecorator$ObservationFilter.doFilter(ObservationFilterChainDecorator.java:227)
	at org.springframework.security.web.ObservationFilterChainDecorator$VirtualFilterChain.doFilter(ObservationFilterChainDecorator.java:137)
	at org.springframework.security.web.context.request.async.WebAsyncManagerIntegrationFilter.doFilterInternal(WebAsyncManagerIntegrationFilter.java:62)
	at org.springframework.web.filter.OncePerRequestFilter.doFilter(OncePerRequestFilter.java:116)
	at org.springframework.security.web.ObservationFilterChainDecorator$ObservationFilter.wrapFilter(ObservationFilterChainDecorator.java:240)
	at org.springframework.security.web.ObservationFilterChainDecorator$ObservationFilter.doFilter(ObservationFilterChainDecorator.java:227)
	at org.springframework.security.web.ObservationFilterChainDecorator$VirtualFilterChain.doFilter(ObservationFilterChainDecorator.java:137)
	at org.springframework.security.web.session.DisableEncodeUrlFilter.doFilterInternal(DisableEncodeUrlFilter.java:42)
	at org.springframework.web.filter.OncePerRequestFilter.doFilter(OncePerRequestFilter.java:116)
	at org.springframework.security.web.ObservationFilterChainDecorator$ObservationFilter.wrapFilter(ObservationFilterChainDecorator.java:240)
	at org.springframework.security.web.ObservationFilterChainDecorator$AroundFilterObservation$SimpleAroundFilterObservation.lambda$wrap$0(ObservationFilterChainDecorator.java:323)
	at org.springframework.security.web.ObservationFilterChainDecorator$ObservationFilter.doFilter(ObservationFilterChainDecorator.java:224)
	at org.springframework.security.web.ObservationFilterChainDecorator$VirtualFilterChain.doFilter(ObservationFilterChainDecorator.java:137)
	at org.springframework.security.web.FilterChainProxy.doFilterInternal(FilterChainProxy.java:233)
	at org.springframework.security.web.FilterChainProxy.doFilter(FilterChainProxy.java:191)
	at org.springframework.web.filter.CompositeFilter$VirtualFilterChain.doFilter(CompositeFilter.java:113)
	at org.springframework.web.servlet.handler.HandlerMappingIntrospector.lambda$createCacheFilter$3(HandlerMappingIntrospector.java:195)
	at org.springframework.web.filter.CompositeFilter$VirtualFilterChain.doFilter(CompositeFilter.java:113)
	at org.springframework.web.filter.CompositeFilter.doFilter(CompositeFilter.java:74)
	at org.springframework.security.config.annotation.web.configuration.WebMvcSecurityConfiguration$CompositeFilterChainProxy.doFilter(WebMvcSecurityConfiguration.java:230)
	at org.springframework.web.filter.DelegatingFilterProxy.invokeDelegate(DelegatingFilterProxy.java:352)
	at org.springframework.web.filter.DelegatingFilterProxy.doFilter(DelegatingFilterProxy.java:268)
	at org.apache.catalina.core.ApplicationFilterChain.internalDoFilter(ApplicationFilterChain.java:175)
	at org.apache.catalina.core.ApplicationFilterChain.doFilter(ApplicationFilterChain.java:150)
	at org.springframework.web.filter.RequestContextFilter.doFilterInternal(RequestContextFilter.java:100)
	at org.springframework.web.filter.OncePerRequestFilter.doFilter(OncePerRequestFilter.java:116)
	at org.apache.catalina.core.ApplicationFilterChain.internalDoFilter(ApplicationFilterChain.java:175)
	at org.apache.catalina.core.ApplicationFilterChain.doFilter(ApplicationFilterChain.java:150)
	at org.springframework.web.filter.FormContentFilter.doFilterInternal(FormContentFilter.java:93)
	at org.springframework.web.filter.OncePerRequestFilter.doFilter(OncePerRequestFilter.java:116)
	at org.apache.catalina.core.ApplicationFilterChain.internalDoFilter(ApplicationFilterChain.java:175)
	at org.apache.catalina.core.ApplicationFilterChain.doFilter(ApplicationFilterChain.java:150)
	at org.springframework.web.filter.ServerHttpObservationFilter.doFilterInternal(ServerHttpObservationFilter.java:109)
	at org.springframework.web.filter.OncePerRequestFilter.doFilter(OncePerRequestFilter.java:116)
	at org.apache.catalina.core.ApplicationFilterChain.internalDoFilter(ApplicationFilterChain.java:175)
	at org.apache.catalina.core.ApplicationFilterChain.doFilter(ApplicationFilterChain.java:150)
	at org.springframework.web.filter.CharacterEncodingFilter.doFilterInternal(CharacterEncodingFilter.java:201)
	at org.springframework.web.filter.OncePerRequestFilter.doFilter(OncePerRequestFilter.java:116)
	at org.apache.catalina.core.ApplicationFilterChain.internalDoFilter(ApplicationFilterChain.java:175)
	at org.apache.catalina.core.ApplicationFilterChain.doFilter(ApplicationFilterChain.java:150)
	at org.apache.catalina.core.StandardWrapperValve.invoke(StandardWrapperValve.java:167)
	at org.apache.catalina.core.StandardContextValve.invoke(StandardContextValve.java:90)
	at org.apache.catalina.authenticator.AuthenticatorBase.invoke(AuthenticatorBase.java:482)
	at org.apache.catalina.core.StandardHostValve.invoke(StandardHostValve.java:115)
	at org.apache.catalina.valves.ErrorReportValve.invoke(ErrorReportValve.java:93)
	at org.apache.catalina.core.StandardEngineValve.invoke(StandardEngineValve.java:74)
	at org.apache.catalina.connector.CoyoteAdapter.service(CoyoteAdapter.java:344)
	at org.apache.coyote.http11.Http11Processor.service(Http11Processor.java:391)
	at org.apache.coyote.AbstractProcessorLight.process(AbstractProcessorLight.java:63)
	at org.apache.coyote.AbstractProtocol$ConnectionHandler.process(AbstractProtocol.java:896)
	at org.apache.tomcat.util.net.NioEndpoint$SocketProcessor.doRun(NioEndpoint.java:1736)
	at org.apache.tomcat.util.net.SocketProcessorBase.run(SocketProcessorBase.java:52)
	at org.apache.tomcat.util.threads.ThreadPoolExecutor.runWorker(ThreadPoolExecutor.java:1191)
	at org.apache.tomcat.util.threads.ThreadPoolExecutor$Worker.run(ThreadPoolExecutor.java:659)
	at org.apache.tomcat.util.threads.TaskThread$WrappingRunnable.run(TaskThread.java:63)
	at java.base/java.lang.Thread.run(Thread.java:842)
Caused by: org.springframework.expression.spel.SpelEvaluationException: EL1058E: A problem occurred when trying to resolve bean 'securityService':'Could not resolve bean reference against BeanFactory'
	at org.springframework.expression.spel.ast.BeanReference.getValueInternal(BeanReference.java:59)
	at org.springframework.expression.spel.ast.CompoundExpression.getValueRef(CompoundExpression.java:60)
	at org.springframework.expression.spel.ast.CompoundExpression.getValueInternal(CompoundExpression.java:96)
	at org.springframework.expression.spel.ast.SpelNodeImpl.getValue(SpelNodeImpl.java:222)
	at org.springframework.expression.spel.ast.OpOr.getBooleanValue(OpOr.java:56)
	at org.springframework.expression.spel.ast.OpOr.getValueInternal(OpOr.java:51)
	at org.springframework.expression.spel.ast.OpOr.getValueInternal(OpOr.java:37)
	at org.springframework.expression.spel.ast.SpelNodeImpl.getTypedValue(SpelNodeImpl.java:119)
	at org.springframework.expression.spel.standard.SpelExpression.getValue(SpelExpression.java:309)
	at org.springframework.security.access.expression.ExpressionUtils.evaluateAsBoolean(ExpressionUtils.java:30)
	... 154 common frames omitted
Caused by: org.springframework.expression.AccessException: Could not resolve bean reference against BeanFactory
	at org.springframework.context.expression.BeanFactoryResolver.resolve(BeanFactoryResolver.java:54)
	at org.springframework.expression.spel.ast.BeanReference.getValueInternal(BeanReference.java:55)
	... 163 common frames omitted
Caused by: org.springframework.beans.factory.NoSuchBeanDefinitionException: No bean named 'securityService' available
	at org.springframework.beans.factory.support.DefaultListableBeanFactory.getBeanDefinition(DefaultListableBeanFactory.java:895)
	at org.springframework.beans.factory.support.AbstractBeanFactory.getMergedLocalBeanDefinition(AbstractBeanFactory.java:1351)
	at org.springframework.beans.factory.support.AbstractBeanFactory.doGetBean(AbstractBeanFactory.java:300)
	at org.springframework.beans.factory.support.AbstractBeanFactory.getBean(AbstractBeanFactory.java:200)
	at org.springframework.context.support.AbstractApplicationContext.getBean(AbstractApplicationContext.java:1234)
	at org.springframework.context.expression.BeanFactoryResolver.resolve(BeanFactoryResolver.java:51)
	... 164 common frames omitted
2026-05-23 05:10:52.754 [http-nio-0.0.0.0-8080-exec-8] DEBUG c.e.p.util.SecurityLoggingAspect - AUTHORIZATION_GRANTED: User=ANONYMOUS, Method=loadUserByUsername
2026-05-23 05:10:52.766 [http-nio-0.0.0.0-8080-exec-9] DEBUG c.e.p.util.PerformanceLoggingAspect - CONTROLLER_METHOD_START: AuthController.getCurrentUser
2026-05-23 05:10:52.767 [http-nio-0.0.0.0-8080-exec-9] INFO  c.e.p.controller.AuthController - GET_CURRENT_USER: Récupération de l'utilisateur conecté
2026-05-23 05:10:52.767 [http-nio-0.0.0.0-8080-exec-9] DEBUG c.e.p.util.PerformanceLoggingAspect - SERVICE_METHOD_START: AuthServiceImpl.getCurrentUser
2026-05-23 05:10:52.767 [http-nio-0.0.0.0-8080-exec-8] DEBUG c.e.p.util.SecurityLoggingAspect - AUTHORIZATION_GRANTED: User=ANONYMOUS, Method=isTokenValid
2026-05-23 05:10:52.767 [http-nio-0.0.0.0-8080-exec-2] DEBUG o.s.o.j.s.OpenEntityManagerInViewInterceptor - Closing JPA EntityManager in OpenEntityManagerInViewInterceptor
2026-05-23 05:10:52.772 [http-nio-0.0.0.0-8080-exec-2] INFO  c.e.p.util.HttpLoggingInterceptor - REQUEST_END [2bea5a85-47e9-4b9f-9cf4-e3d8634f2e00] GET /api/v1/notifications/user/2 | Status: 500 | Duration: 28ms
2026-05-23 05:10:52.773 [http-nio-0.0.0.0-8080-exec-8] DEBUG o.s.security.web.FilterChainProxy - Secured GET /api/v1/projets/porteur/2
2026-05-23 05:10:52.773 [http-nio-0.0.0.0-8080-exec-9] DEBUG org.hibernate.SQL - 
    select
        u1_0.id,
        u1_0.address,
        u1_0.admin_notes,
        u1_0.avatar_url,
        u1_0.bio,
        u1_0.preferred_category,
        u1_0.created_at,
        u1_0.email,
        u1_0.google_id,
        u1_0.kyc_status,
        u1_0.password,
        u1_0.last_name,
        u1_0.first_name,
        u1_0.role,
        u1_0.status,
        u1_0.phone,
        u1_0.ville 
    from
        users u1_0 
    where
        u1_0.email=?
2026-05-23 05:10:52.776 [http-nio-0.0.0.0-8080-exec-8] INFO  c.e.p.util.HttpLoggingInterceptor - REQUEST_START [319aca94-4fc8-4e9b-8cdd-cf9e217b33e4] GET /api/v1/projets/porteur/2 | IP: 172.27.232.164 | User-Agent: Mozilla/5.0 (iPhone; CPU iPhone OS 16_7_14 like Mac OS X) AppleWebKit/605.1.15 (KHTML, like Gecko) Version/16.6.1 Mobile/15E148 Safari/604.1
2026-05-23 05:10:52.778 [http-nio-0.0.0.0-8080-exec-8] DEBUG o.s.o.j.s.OpenEntityManagerInViewInterceptor - Opening JPA EntityManager in OpenEntityManagerInViewInterceptor
2026-05-23 05:10:52.780 [http-nio-0.0.0.0-8080-exec-8] DEBUG c.e.p.util.PerformanceLoggingAspect - CONTROLLER_METHOD_START: ProjetController.getProjetsByPorteur
2026-05-23 05:10:52.780 [http-nio-0.0.0.0-8080-exec-8] DEBUG c.e.p.util.PerformanceLoggingAspect - SERVICE_METHOD_START: ProjetServiceImpl.getProjetsByPorteur
2026-05-23 05:10:52.780 [http-nio-0.0.0.0-8080-exec-8] DEBUG o.s.orm.jpa.JpaTransactionManager - Found thread-bound EntityManager [SessionImpl(1623602085<open>)] for JPA transaction
2026-05-23 05:10:52.781 [http-nio-0.0.0.0-8080-exec-8] DEBUG o.s.orm.jpa.JpaTransactionManager - Creating new transaction with name [org.springframework.data.jpa.repository.support.SimpleJpaRepository.findById]: PROPAGATION_REQUIRED,ISOLATION_DEFAULT,readOnly
2026-05-23 05:10:52.781 [http-nio-0.0.0.0-8080-exec-9] DEBUG c.e.p.util.PerformanceLoggingAspect - QUERY_EXECUTED: $Proxy166.findByEmail | Duration: 13ms
2026-05-23 05:10:52.783 [http-nio-0.0.0.0-8080-exec-9] DEBUG c.e.p.util.SecurityLoggingAspect - AUTHORIZATION_GRANTED: User=kamguemmckevin@gmail.com, Method=generateToken
2026-05-23 05:10:52.783 [http-nio-0.0.0.0-8080-exec-9] DEBUG c.e.p.util.PerformanceLoggingAspect - SERVICE_METHOD_END: AuthServiceImpl.getCurrentUser | Duration: 16ms
2026-05-23 05:10:52.783 [http-nio-0.0.0.0-8080-exec-9] DEBUG c.e.p.util.PerformanceLoggingAspect - CONTROLLER_METHOD_END: AuthController.getCurrentUser | Duration: 17ms
2026-05-23 05:10:52.783 [http-nio-0.0.0.0-8080-exec-8] DEBUG o.s.orm.jpa.JpaTransactionManager - Exposing JPA transaction as JDBC [org.springframework.orm.jpa.vendor.HibernateJpaDialect$HibernateConnectionHandle@1470753b]
2026-05-23 05:10:52.784 [http-nio-0.0.0.0-8080-exec-8] DEBUG org.hibernate.SQL - 
    select
        u1_0.id,
        u1_0.address,
        u1_0.admin_notes,
        u1_0.avatar_url,
        u1_0.bio,
        u1_0.preferred_category,
        u1_0.created_at,
        u1_0.email,
        u1_0.google_id,
        u1_0.kyc_status,
        u1_0.password,
        u1_0.last_name,
        u1_0.first_name,
        u1_0.role,
        u1_0.status,
        u1_0.phone,
        u1_0.ville 
    from
        users u1_0 
    where
        u1_0.id=?
2026-05-23 05:10:52.784 [http-nio-0.0.0.0-8080-exec-9] DEBUG o.s.o.j.s.OpenEntityManagerInViewInterceptor - Closing JPA EntityManager in OpenEntityManagerInViewInterceptor
2026-05-23 05:10:52.786 [http-nio-0.0.0.0-8080-exec-9] INFO  c.e.p.util.HttpLoggingInterceptor - REQUEST_END [db48cb46-6725-44bf-8559-3acc9c0211c8] GET /api/v1/auth/me | Status: 200 | Duration: 35ms
2026-05-23 05:10:52.790 [http-nio-0.0.0.0-8080-exec-8] DEBUG o.s.orm.jpa.JpaTransactionManager - Initiating transaction commit
2026-05-23 05:10:52.790 [http-nio-0.0.0.0-8080-exec-8] DEBUG o.s.orm.jpa.JpaTransactionManager - Committing JPA transaction on EntityManager [SessionImpl(1623602085<open>)]
2026-05-23 05:10:52.793 [http-nio-0.0.0.0-8080-exec-8] DEBUG o.s.orm.jpa.JpaTransactionManager - Not closing pre-bound JPA EntityManager after transaction
2026-05-23 05:10:52.793 [http-nio-0.0.0.0-8080-exec-8] DEBUG c.e.p.util.PerformanceLoggingAspect - QUERY_EXECUTED: $Proxy166.findById | Duration: 13ms
2026-05-23 05:10:52.794 [http-nio-0.0.0.0-8080-exec-8] DEBUG c.e.p.util.DatabaseLoggingAspect - QUERY_EXECUTED: Method=findById, Duration=14ms
2026-05-23 05:10:52.795 [http-nio-0.0.0.0-8080-exec-8] DEBUG org.hibernate.SQL - 
    select
        p1_0.id,
        p1_0.admin_notes,
        p1_0.all_or_nothing,
        p1_0.categorie,
        p1_0.created_at,
        p1_0.start_date,
        p1_0.end_date,
        p1_0.description,
        p1_0.cover_image,
        p1_0.localisation,
        p1_0.current_amount,
        p1_0.investors_count,
        p1_0.funding_goal,
        p1_0.equity_percentage,
        p1_0.owner_id,
        p1_0.status,
        p1_0.suspension_deadline,
        p1_0.interest_rate,
        p1_0.titre,
        p1_0.funding_type 
    from
        projects p1_0 
    where
        p1_0.owner_id=? 
    order by
        p1_0.id desc
2026-05-23 05:10:52.964 [http-nio-0.0.0.0-8080-exec-8] WARN  c.e.p.util.PerformanceLoggingAspect - SLOW_QUERY: $Proxy173.findProjectsByOwner took 170ms
2026-05-23 05:10:52.964 [http-nio-0.0.0.0-8080-exec-8] DEBUG c.e.p.util.PerformanceLoggingAspect - SERVICE_METHOD_END: ProjetServiceImpl.getProjetsByPorteur | Duration: 184ms
2026-05-23 05:10:52.964 [http-nio-0.0.0.0-8080-exec-8] DEBUG c.e.p.util.PerformanceLoggingAspect - CONTROLLER_METHOD_END: ProjetController.getProjetsByPorteur | Duration: 184ms
2026-05-23 05:10:52.967 [http-nio-0.0.0.0-8080-exec-8] DEBUG o.s.o.j.s.OpenEntityManagerInViewInterceptor - Closing JPA EntityManager in OpenEntityManagerInViewInterceptor
2026-05-23 05:10:52.968 [http-nio-0.0.0.0-8080-exec-8] INFO  c.e.p.util.HttpLoggingInterceptor - REQUEST_END [319aca94-4fc8-4e9b-8cdd-cf9e217b33e4] GET /api/v1/projets/porteur/2 | Status: 200 | Duration: 192ms
2026-05-23 05:11:08.072 [http-nio-0.0.0.0-8080-exec-4] DEBUG o.s.security.web.FilterChainProxy - Securing OPTIONS /api/v1/projets/porteur/2
2026-05-23 05:11:08.087 [http-nio-0.0.0.0-8080-exec-7] DEBUG o.s.security.web.FilterChainProxy - Securing GET /api/v1/projets/porteur/2
2026-05-23 05:11:08.090 [http-nio-0.0.0.0-8080-exec-7] DEBUG c.e.p.util.SecurityLoggingAspect - AUTHORIZATION_GRANTED: User=ANONYMOUS, Method=extractUsername
2026-05-23 05:11:08.091 [http-nio-0.0.0.0-8080-exec-7] DEBUG o.s.o.j.SharedEntityManagerCreator$SharedEntityManagerInvocationHandler - Creating new EntityManager for shared EntityManager invocation
2026-05-23 05:11:08.094 [http-nio-0.0.0.0-8080-exec-7] DEBUG org.hibernate.SQL - 
    select
        u1_0.id,
        u1_0.address,
        u1_0.admin_notes,
        u1_0.avatar_url,
        u1_0.bio,
        u1_0.preferred_category,
        u1_0.created_at,
        u1_0.email,
        u1_0.google_id,
        u1_0.kyc_status,
        u1_0.password,
        u1_0.last_name,
        u1_0.first_name,
        u1_0.role,
        u1_0.status,
        u1_0.phone,
        u1_0.ville 
    from
        users u1_0 
    where
        u1_0.email=?
2026-05-23 05:11:08.099 [http-nio-0.0.0.0-8080-exec-7] DEBUG c.e.p.util.PerformanceLoggingAspect - QUERY_EXECUTED: $Proxy166.findByEmail | Duration: 8ms
2026-05-23 05:11:08.099 [http-nio-0.0.0.0-8080-exec-7] DEBUG c.e.p.util.SecurityLoggingAspect - AUTHORIZATION_GRANTED: User=ANONYMOUS, Method=loadUserByUsername
2026-05-23 05:11:08.105 [http-nio-0.0.0.0-8080-exec-7] DEBUG c.e.p.util.SecurityLoggingAspect - AUTHORIZATION_GRANTED: User=ANONYMOUS, Method=isTokenValid
2026-05-23 05:11:08.108 [http-nio-0.0.0.0-8080-exec-7] DEBUG o.s.security.web.FilterChainProxy - Secured GET /api/v1/projets/porteur/2
2026-05-23 05:11:08.110 [http-nio-0.0.0.0-8080-exec-7] INFO  c.e.p.util.HttpLoggingInterceptor - REQUEST_START [d5f9a39a-8325-4a6b-8f7e-2b0dd2b885d4] GET /api/v1/projets/porteur/2 | IP: 172.27.232.164 | User-Agent: Mozilla/5.0 (iPhone; CPU iPhone OS 16_7_14 like Mac OS X) AppleWebKit/605.1.15 (KHTML, like Gecko) Version/16.6.1 Mobile/15E148 Safari/604.1
2026-05-23 05:11:08.110 [http-nio-0.0.0.0-8080-exec-7] DEBUG o.s.o.j.s.OpenEntityManagerInViewInterceptor - Opening JPA EntityManager in OpenEntityManagerInViewInterceptor
2026-05-23 05:11:08.111 [http-nio-0.0.0.0-8080-exec-7] DEBUG c.e.p.util.PerformanceLoggingAspect - CONTROLLER_METHOD_START: ProjetController.getProjetsByPorteur
2026-05-23 05:11:08.112 [http-nio-0.0.0.0-8080-exec-7] DEBUG c.e.p.util.PerformanceLoggingAspect - SERVICE_METHOD_START: ProjetServiceImpl.getProjetsByPorteur
2026-05-23 05:11:08.112 [http-nio-0.0.0.0-8080-exec-7] DEBUG o.s.orm.jpa.JpaTransactionManager - Found thread-bound EntityManager [SessionImpl(1049603839<open>)] for JPA transaction
2026-05-23 05:11:08.113 [http-nio-0.0.0.0-8080-exec-7] DEBUG o.s.orm.jpa.JpaTransactionManager - Creating new transaction with name [org.springframework.data.jpa.repository.support.SimpleJpaRepository.findById]: PROPAGATION_REQUIRED,ISOLATION_DEFAULT,readOnly
2026-05-23 05:11:08.114 [http-nio-0.0.0.0-8080-exec-7] DEBUG o.s.orm.jpa.JpaTransactionManager - Exposing JPA transaction as JDBC [org.springframework.orm.jpa.vendor.HibernateJpaDialect$HibernateConnectionHandle@2a588b6]
2026-05-23 05:11:08.116 [http-nio-0.0.0.0-8080-exec-7] DEBUG org.hibernate.SQL - 
    select
        u1_0.id,
        u1_0.address,
        u1_0.admin_notes,
        u1_0.avatar_url,
        u1_0.bio,
        u1_0.preferred_category,
        u1_0.created_at,
        u1_0.email,
        u1_0.google_id,
        u1_0.kyc_status,
        u1_0.password,
        u1_0.last_name,
        u1_0.first_name,
        u1_0.role,
        u1_0.status,
        u1_0.phone,
        u1_0.ville 
    from
        users u1_0 
    where
        u1_0.id=?
2026-05-23 05:11:08.121 [http-nio-0.0.0.0-8080-exec-7] DEBUG o.s.orm.jpa.JpaTransactionManager - Initiating transaction commit
2026-05-23 05:11:08.121 [http-nio-0.0.0.0-8080-exec-7] DEBUG o.s.orm.jpa.JpaTransactionManager - Committing JPA transaction on EntityManager [SessionImpl(1049603839<open>)]
2026-05-23 05:11:08.124 [http-nio-0.0.0.0-8080-exec-7] DEBUG o.s.orm.jpa.JpaTransactionManager - Not closing pre-bound JPA EntityManager after transaction
2026-05-23 05:11:08.125 [http-nio-0.0.0.0-8080-exec-7] DEBUG c.e.p.util.PerformanceLoggingAspect - QUERY_EXECUTED: $Proxy166.findById | Duration: 13ms
2026-05-23 05:11:08.125 [http-nio-0.0.0.0-8080-exec-7] DEBUG c.e.p.util.DatabaseLoggingAspect - QUERY_EXECUTED: Method=findById, Duration=13ms
2026-05-23 05:11:08.126 [http-nio-0.0.0.0-8080-exec-7] DEBUG org.hibernate.SQL - 
    select
        p1_0.id,
        p1_0.admin_notes,
        p1_0.all_or_nothing,
        p1_0.categorie,
        p1_0.created_at,
        p1_0.start_date,
        p1_0.end_date,
        p1_0.description,
        p1_0.cover_image,
        p1_0.localisation,
        p1_0.current_amount,
        p1_0.investors_count,
        p1_0.funding_goal,
        p1_0.equity_percentage,
        p1_0.owner_id,
        p1_0.status,
        p1_0.suspension_deadline,
        p1_0.interest_rate,
        p1_0.titre,
        p1_0.funding_type 
    from
        projects p1_0 
    where
        p1_0.owner_id=? 
    order by
        p1_0.id desc
2026-05-23 05:11:08.131 [http-nio-0.0.0.0-8080-exec-7] DEBUG c.e.p.util.PerformanceLoggingAspect - QUERY_EXECUTED: $Proxy173.findProjectsByOwner | Duration: 5ms
2026-05-23 05:11:08.132 [http-nio-0.0.0.0-8080-exec-7] DEBUG c.e.p.util.PerformanceLoggingAspect - SERVICE_METHOD_END: ProjetServiceImpl.getProjetsByPorteur | Duration: 20ms
2026-05-23 05:11:08.132 [http-nio-0.0.0.0-8080-exec-7] DEBUG c.e.p.util.PerformanceLoggingAspect - CONTROLLER_METHOD_END: ProjetController.getProjetsByPorteur | Duration: 21ms
2026-05-23 05:11:08.133 [http-nio-0.0.0.0-8080-exec-7] DEBUG o.s.o.j.s.OpenEntityManagerInViewInterceptor - Closing JPA EntityManager in OpenEntityManagerInViewInterceptor
2026-05-23 05:11:08.137 [http-nio-0.0.0.0-8080-exec-7] INFO  c.e.p.util.HttpLoggingInterceptor - REQUEST_END [d5f9a39a-8325-4a6b-8f7e-2b0dd2b885d4] GET /api/v1/projets/porteur/2 | Status: 200 | Duration: 27ms
2026-05-23 05:11:19.361 [http-nio-0.0.0.0-8080-exec-6] DEBUG o.s.security.web.FilterChainProxy - Securing OPTIONS /api/v1/notifications/user/2
2026-05-23 05:11:19.377 [http-nio-0.0.0.0-8080-exec-5] DEBUG o.s.security.web.FilterChainProxy - Securing GET /api/v1/notifications/user/2
2026-05-23 05:11:19.383 [http-nio-0.0.0.0-8080-exec-5] DEBUG c.e.p.util.SecurityLoggingAspect - AUTHORIZATION_GRANTED: User=ANONYMOUS, Method=extractUsername
2026-05-23 05:11:19.386 [http-nio-0.0.0.0-8080-exec-5] DEBUG o.s.o.j.SharedEntityManagerCreator$SharedEntityManagerInvocationHandler - Creating new EntityManager for shared EntityManager invocation
2026-05-23 05:11:19.389 [http-nio-0.0.0.0-8080-exec-5] DEBUG org.hibernate.SQL - 
    select
        u1_0.id,
        u1_0.address,
        u1_0.admin_notes,
        u1_0.avatar_url,
        u1_0.bio,
        u1_0.preferred_category,
        u1_0.created_at,
        u1_0.email,
        u1_0.google_id,
        u1_0.kyc_status,
        u1_0.password,
        u1_0.last_name,
        u1_0.first_name,
        u1_0.role,
        u1_0.status,
        u1_0.phone,
        u1_0.ville 
    from
        users u1_0 
    where
        u1_0.email=?
2026-05-23 05:11:19.392 [http-nio-0.0.0.0-8080-exec-5] DEBUG c.e.p.util.PerformanceLoggingAspect - QUERY_EXECUTED: $Proxy166.findByEmail | Duration: 6ms
2026-05-23 05:11:19.394 [http-nio-0.0.0.0-8080-exec-5] DEBUG c.e.p.util.SecurityLoggingAspect - AUTHORIZATION_GRANTED: User=ANONYMOUS, Method=loadUserByUsername
2026-05-23 05:11:19.395 [http-nio-0.0.0.0-8080-exec-5] DEBUG c.e.p.util.SecurityLoggingAspect - AUTHORIZATION_GRANTED: User=ANONYMOUS, Method=isTokenValid
2026-05-23 05:11:19.397 [http-nio-0.0.0.0-8080-exec-5] DEBUG o.s.security.web.FilterChainProxy - Secured GET /api/v1/notifications/user/2
2026-05-23 05:11:19.398 [http-nio-0.0.0.0-8080-exec-5] INFO  c.e.p.util.HttpLoggingInterceptor - REQUEST_START [265a23d0-b5e5-4bf0-bb7c-872f97ca9177] GET /api/v1/notifications/user/2 | IP: 172.27.232.215 | User-Agent: Mozilla/5.0 (Linux; Android 13; Pixel 7) AppleWebKit/537.36 (KHTML, like Gecko) Chrome/148.0.0.0 Mobile Safari/537.36
2026-05-23 05:11:19.400 [http-nio-0.0.0.0-8080-exec-5] DEBUG o.s.o.j.s.OpenEntityManagerInViewInterceptor - Opening JPA EntityManager in OpenEntityManagerInViewInterceptor
2026-05-23 05:11:19.402 [http-nio-0.0.0.0-8080-exec-5] DEBUG o.s.s.a.m.AuthorizationManagerBeforeMethodInterceptor - Authorizing method invocation ReflectiveMethodInvocation: public org.springframework.http.ResponseEntity com.example.project.controller.NotificationController.getNotificationsByUser(java.lang.Long); target is of class [com.example.project.controller.NotificationController]
2026-05-23 05:11:19.403 [http-nio-0.0.0.0-8080-exec-5] ERROR c.e.p.e.GlobalExceptionHandler - UNEXPECTED_ERROR: Failed to evaluate expression 'hasRole('ADMIN') or @securityService.isCurrentUser(#utilisateurId)' | Stack Trace: 
java.lang.IllegalArgumentException: Failed to evaluate expression 'hasRole('ADMIN') or @securityService.isCurrentUser(#utilisateurId)'
	at org.springframework.security.access.expression.ExpressionUtils.evaluateAsBoolean(ExpressionUtils.java:33)
	at org.springframework.security.authorization.method.PreAuthorizeAuthorizationManager.check(PreAuthorizeAuthorizationManager.java:68)
	at org.springframework.security.authorization.method.PreAuthorizeAuthorizationManager.check(PreAuthorizeAuthorizationManager.java:40)
	at org.springframework.security.authorization.ObservationAuthorizationManager.check(ObservationAuthorizationManager.java:63)
	at org.springframework.security.config.annotation.method.configuration.DeferringObservationAuthorizationManager.check(DeferringObservationAuthorizationManager.java:47)
	at org.springframework.security.authorization.method.AuthorizationManagerBeforeMethodInterceptor.attemptAuthorization(AuthorizationManagerBeforeMethodInterceptor.java:251)
	at org.springframework.security.authorization.method.AuthorizationManagerBeforeMethodInterceptor.invoke(AuthorizationManagerBeforeMethodInterceptor.java:197)
	at org.springframework.aop.framework.ReflectiveMethodInvocation.proceed(ReflectiveMethodInvocation.java:184)
	at org.springframework.aop.framework.CglibAopProxy$CglibMethodInvocation.proceed(CglibAopProxy.java:768)
	at org.springframework.aop.interceptor.ExposeInvocationInterceptor.invoke(ExposeInvocationInterceptor.java:97)
	at org.springframework.aop.framework.ReflectiveMethodInvocation.proceed(ReflectiveMethodInvocation.java:184)
	at org.springframework.aop.framework.CglibAopProxy$CglibMethodInvocation.proceed(CglibAopProxy.java:768)
	at org.springframework.aop.framework.CglibAopProxy$DynamicAdvisedInterceptor.intercept(CglibAopProxy.java:720)
	at com.example.project.controller.NotificationController$$SpringCGLIB$$0.getNotificationsByUser(<generated>)
	at java.base/jdk.internal.reflect.NativeMethodAccessorImpl.invoke0(Native Method)
	at java.base/jdk.internal.reflect.NativeMethodAccessorImpl.invoke(NativeMethodAccessorImpl.java:77)
	at java.base/jdk.internal.reflect.DelegatingMethodAccessorImpl.invoke(DelegatingMethodAccessorImpl.java:43)
	at java.base/java.lang.reflect.Method.invoke(Method.java:568)
	at org.springframework.web.method.support.InvocableHandlerMethod.doInvoke(InvocableHandlerMethod.java:255)
	at org.springframework.web.method.support.InvocableHandlerMethod.invokeForRequest(InvocableHandlerMethod.java:188)
	at org.springframework.web.servlet.mvc.method.annotation.ServletInvocableHandlerMethod.invokeAndHandle(ServletInvocableHandlerMethod.java:118)
	at org.springframework.web.servlet.mvc.method.annotation.RequestMappingHandlerAdapter.invokeHandlerMethod(RequestMappingHandlerAdapter.java:926)
	at org.springframework.web.servlet.mvc.method.annotation.RequestMappingHandlerAdapter.handleInternal(RequestMappingHandlerAdapter.java:831)
	at org.springframework.web.servlet.mvc.method.AbstractHandlerMethodAdapter.handle(AbstractHandlerMethodAdapter.java:87)
	at org.springframework.web.servlet.DispatcherServlet.doDispatch(DispatcherServlet.java:1089)
	at org.springframework.web.servlet.DispatcherServlet.doService(DispatcherServlet.java:979)
	at org.springframework.web.servlet.FrameworkServlet.processRequest(FrameworkServlet.java:1014)
	at org.springframework.web.servlet.FrameworkServlet.doGet(FrameworkServlet.java:903)
	at jakarta.servlet.http.HttpServlet.service(HttpServlet.java:564)
	at org.springframework.web.servlet.FrameworkServlet.service(FrameworkServlet.java:885)
	at jakarta.servlet.http.HttpServlet.service(HttpServlet.java:658)
	at org.apache.catalina.core.ApplicationFilterChain.internalDoFilter(ApplicationFilterChain.java:206)
	at org.apache.catalina.core.ApplicationFilterChain.doFilter(ApplicationFilterChain.java:150)
	at org.apache.tomcat.websocket.server.WsFilter.doFilter(WsFilter.java:51)
	at org.apache.catalina.core.ApplicationFilterChain.internalDoFilter(ApplicationFilterChain.java:175)
	at org.apache.catalina.core.ApplicationFilterChain.doFilter(ApplicationFilterChain.java:150)
	at org.springframework.web.filter.OncePerRequestFilter.doFilter(OncePerRequestFilter.java:110)
	at org.apache.catalina.core.ApplicationFilterChain.internalDoFilter(ApplicationFilterChain.java:175)
	at org.apache.catalina.core.ApplicationFilterChain.doFilter(ApplicationFilterChain.java:150)
	at org.springframework.web.filter.CompositeFilter$VirtualFilterChain.doFilter(CompositeFilter.java:108)
	at org.springframework.security.web.FilterChainProxy.lambda$doFilterInternal$3(FilterChainProxy.java:231)
	at org.springframework.security.web.ObservationFilterChainDecorator$FilterObservation$SimpleFilterObservation.lambda$wrap$1(ObservationFilterChainDecorator.java:479)
	at org.springframework.security.web.ObservationFilterChainDecorator$AroundFilterObservation$SimpleAroundFilterObservation.lambda$wrap$1(ObservationFilterChainDecorator.java:340)
	at org.springframework.security.web.ObservationFilterChainDecorator.lambda$wrapSecured$0(ObservationFilterChainDecorator.java:82)
	at org.springframework.security.web.ObservationFilterChainDecorator$VirtualFilterChain.doFilter(ObservationFilterChainDecorator.java:128)
	at org.springframework.security.web.access.intercept.AuthorizationFilter.doFilter(AuthorizationFilter.java:100)
	at org.springframework.security.web.ObservationFilterChainDecorator$ObservationFilter.wrapFilter(ObservationFilterChainDecorator.java:240)
	at org.springframework.security.web.ObservationFilterChainDecorator$ObservationFilter.doFilter(ObservationFilterChainDecorator.java:227)
	at org.springframework.security.web.ObservationFilterChainDecorator$VirtualFilterChain.doFilter(ObservationFilterChainDecorator.java:137)
	at org.springframework.security.web.access.ExceptionTranslationFilter.doFilter(ExceptionTranslationFilter.java:126)
	at org.springframework.security.web.access.ExceptionTranslationFilter.doFilter(ExceptionTranslationFilter.java:120)
	at org.springframework.security.web.ObservationFilterChainDecorator$ObservationFilter.wrapFilter(ObservationFilterChainDecorator.java:240)
	at org.springframework.security.web.ObservationFilterChainDecorator$ObservationFilter.doFilter(ObservationFilterChainDecorator.java:227)
	at org.springframework.security.web.ObservationFilterChainDecorator$VirtualFilterChain.doFilter(ObservationFilterChainDecorator.java:137)
	at org.springframework.security.web.session.SessionManagementFilter.doFilter(SessionManagementFilter.java:131)
	at org.springframework.security.web.session.SessionManagementFilter.doFilter(SessionManagementFilter.java:85)
	at org.springframework.security.web.ObservationFilterChainDecorator$ObservationFilter.wrapFilter(ObservationFilterChainDecorator.java:240)
	at org.springframework.security.web.ObservationFilterChainDecorator$ObservationFilter.doFilter(ObservationFilterChainDecorator.java:227)
	at org.springframework.security.web.ObservationFilterChainDecorator$VirtualFilterChain.doFilter(ObservationFilterChainDecorator.java:137)
	at org.springframework.security.web.authentication.AnonymousAuthenticationFilter.doFilter(AnonymousAuthenticationFilter.java:100)
	at org.springframework.security.web.ObservationFilterChainDecorator$ObservationFilter.wrapFilter(ObservationFilterChainDecorator.java:240)
	at org.springframework.security.web.ObservationFilterChainDecorator$ObservationFilter.doFilter(ObservationFilterChainDecorator.java:227)
	at org.springframework.security.web.ObservationFilterChainDecorator$VirtualFilterChain.doFilter(ObservationFilterChainDecorator.java:137)
	at org.springframework.security.web.servletapi.SecurityContextHolderAwareRequestFilter.doFilter(SecurityContextHolderAwareRequestFilter.java:179)
	at org.springframework.security.web.ObservationFilterChainDecorator$ObservationFilter.wrapFilter(ObservationFilterChainDecorator.java:240)
	at org.springframework.security.web.ObservationFilterChainDecorator$ObservationFilter.doFilter(ObservationFilterChainDecorator.java:227)
	at org.springframework.security.web.ObservationFilterChainDecorator$VirtualFilterChain.doFilter(ObservationFilterChainDecorator.java:137)
	at org.springframework.security.web.savedrequest.RequestCacheAwareFilter.doFilter(RequestCacheAwareFilter.java:63)
	at org.springframework.security.web.ObservationFilterChainDecorator$ObservationFilter.wrapFilter(ObservationFilterChainDecorator.java:240)
	at org.springframework.security.web.ObservationFilterChainDecorator$ObservationFilter.doFilter(ObservationFilterChainDecorator.java:227)
	at org.springframework.security.web.ObservationFilterChainDecorator$VirtualFilterChain.doFilter(ObservationFilterChainDecorator.java:137)
	at com.example.project.security.JwtAuthFilter.doFilterInternal(JwtAuthFilter.java:63)
	at org.springframework.web.filter.OncePerRequestFilter.doFilter(OncePerRequestFilter.java:116)
	at org.springframework.security.web.ObservationFilterChainDecorator$ObservationFilter.wrapFilter(ObservationFilterChainDecorator.java:240)
	at org.springframework.security.web.ObservationFilterChainDecorator$ObservationFilter.doFilter(ObservationFilterChainDecorator.java:227)
	at org.springframework.security.web.ObservationFilterChainDecorator$VirtualFilterChain.doFilter(ObservationFilterChainDecorator.java:137)
	at org.springframework.security.web.authentication.logout.LogoutFilter.doFilter(LogoutFilter.java:107)
	at org.springframework.security.web.authentication.logout.LogoutFilter.doFilter(LogoutFilter.java:93)
	at org.springframework.security.web.ObservationFilterChainDecorator$ObservationFilter.wrapFilter(ObservationFilterChainDecorator.java:240)
	at org.springframework.security.web.ObservationFilterChainDecorator$ObservationFilter.doFilter(ObservationFilterChainDecorator.java:227)
	at org.springframework.security.web.ObservationFilterChainDecorator$VirtualFilterChain.doFilter(ObservationFilterChainDecorator.java:137)
	at org.springframework.web.filter.OncePerRequestFilter.doFilter(OncePerRequestFilter.java:110)
	at org.springframework.security.web.ObservationFilterChainDecorator$ObservationFilter.wrapFilter(ObservationFilterChainDecorator.java:240)
	at org.springframework.security.web.ObservationFilterChainDecorator$ObservationFilter.doFilter(ObservationFilterChainDecorator.java:227)
	at org.springframework.security.web.ObservationFilterChainDecorator$VirtualFilterChain.doFilter(ObservationFilterChainDecorator.java:137)
	at org.springframework.web.filter.CorsFilter.doFilterInternal(CorsFilter.java:91)
	at org.springframework.web.filter.OncePerRequestFilter.doFilter(OncePerRequestFilter.java:116)
	at org.springframework.security.web.ObservationFilterChainDecorator$ObservationFilter.wrapFilter(ObservationFilterChainDecorator.java:240)
	at org.springframework.security.web.ObservationFilterChainDecorator$ObservationFilter.doFilter(ObservationFilterChainDecorator.java:227)
	at org.springframework.security.web.ObservationFilterChainDecorator$VirtualFilterChain.doFilter(ObservationFilterChainDecorator.java:137)
	at org.springframework.security.web.header.HeaderWriterFilter.doHeadersAfter(HeaderWriterFilter.java:90)
	at org.springframework.security.web.header.HeaderWriterFilter.doFilterInternal(HeaderWriterFilter.java:75)
	at org.springframework.web.filter.OncePerRequestFilter.doFilter(OncePerRequestFilter.java:116)
	at org.springframework.security.web.ObservationFilterChainDecorator$ObservationFilter.wrapFilter(ObservationFilterChainDecorator.java:240)
	at org.springframework.security.web.ObservationFilterChainDecorator$ObservationFilter.doFilter(ObservationFilterChainDecorator.java:227)
	at org.springframework.security.web.ObservationFilterChainDecorator$VirtualFilterChain.doFilter(ObservationFilterChainDecorator.java:137)
	at org.springframework.security.web.context.SecurityContextHolderFilter.doFilter(SecurityContextHolderFilter.java:82)
	at org.springframework.security.web.context.SecurityContextHolderFilter.doFilter(SecurityContextHolderFilter.java:69)
	at org.springframework.security.web.ObservationFilterChainDecorator$ObservationFilter.wrapFilter(ObservationFilterChainDecorator.java:240)
	at org.springframework.security.web.ObservationFilterChainDecorator$ObservationFilter.doFilter(ObservationFilterChainDecorator.java:227)
	at org.springframework.security.web.ObservationFilterChainDecorator$VirtualFilterChain.doFilter(ObservationFilterChainDecorator.java:137)
	at org.springframework.security.web.context.request.async.WebAsyncManagerIntegrationFilter.doFilterInternal(WebAsyncManagerIntegrationFilter.java:62)
	at org.springframework.web.filter.OncePerRequestFilter.doFilter(OncePerRequestFilter.java:116)
	at org.springframework.security.web.ObservationFilterChainDecorator$ObservationFilter.wrapFilter(ObservationFilterChainDecorator.java:240)
	at org.springframework.security.web.ObservationFilterChainDecorator$ObservationFilter.doFilter(ObservationFilterChainDecorator.java:227)
	at org.springframework.security.web.ObservationFilterChainDecorator$VirtualFilterChain.doFilter(ObservationFilterChainDecorator.java:137)
	at org.springframework.security.web.session.DisableEncodeUrlFilter.doFilterInternal(DisableEncodeUrlFilter.java:42)
	at org.springframework.web.filter.OncePerRequestFilter.doFilter(OncePerRequestFilter.java:116)
	at org.springframework.security.web.ObservationFilterChainDecorator$ObservationFilter.wrapFilter(ObservationFilterChainDecorator.java:240)
	at org.springframework.security.web.ObservationFilterChainDecorator$AroundFilterObservation$SimpleAroundFilterObservation.lambda$wrap$0(ObservationFilterChainDecorator.java:323)
	at org.springframework.security.web.ObservationFilterChainDecorator$ObservationFilter.doFilter(ObservationFilterChainDecorator.java:224)
	at org.springframework.security.web.ObservationFilterChainDecorator$VirtualFilterChain.doFilter(ObservationFilterChainDecorator.java:137)
	at org.springframework.security.web.FilterChainProxy.doFilterInternal(FilterChainProxy.java:233)
	at org.springframework.security.web.FilterChainProxy.doFilter(FilterChainProxy.java:191)
	at org.springframework.web.filter.CompositeFilter$VirtualFilterChain.doFilter(CompositeFilter.java:113)
	at org.springframework.web.servlet.handler.HandlerMappingIntrospector.lambda$createCacheFilter$3(HandlerMappingIntrospector.java:195)
	at org.springframework.web.filter.CompositeFilter$VirtualFilterChain.doFilter(CompositeFilter.java:113)
	at org.springframework.web.filter.CompositeFilter.doFilter(CompositeFilter.java:74)
	at org.springframework.security.config.annotation.web.configuration.WebMvcSecurityConfiguration$CompositeFilterChainProxy.doFilter(WebMvcSecurityConfiguration.java:230)
	at org.springframework.web.filter.DelegatingFilterProxy.invokeDelegate(DelegatingFilterProxy.java:352)
	at org.springframework.web.filter.DelegatingFilterProxy.doFilter(DelegatingFilterProxy.java:268)
	at org.apache.catalina.core.ApplicationFilterChain.internalDoFilter(ApplicationFilterChain.java:175)
	at org.apache.catalina.core.ApplicationFilterChain.doFilter(ApplicationFilterChain.java:150)
	at org.springframework.web.filter.RequestContextFilter.doFilterInternal(RequestContextFilter.java:100)
	at org.springframework.web.filter.OncePerRequestFilter.doFilter(OncePerRequestFilter.java:116)
	at org.apache.catalina.core.ApplicationFilterChain.internalDoFilter(ApplicationFilterChain.java:175)
	at org.apache.catalina.core.ApplicationFilterChain.doFilter(ApplicationFilterChain.java:150)
	at org.springframework.web.filter.FormContentFilter.doFilterInternal(FormContentFilter.java:93)
	at org.springframework.web.filter.OncePerRequestFilter.doFilter(OncePerRequestFilter.java:116)
	at org.apache.catalina.core.ApplicationFilterChain.internalDoFilter(ApplicationFilterChain.java:175)
	at org.apache.catalina.core.ApplicationFilterChain.doFilter(ApplicationFilterChain.java:150)
	at org.springframework.web.filter.ServerHttpObservationFilter.doFilterInternal(ServerHttpObservationFilter.java:109)
	at org.springframework.web.filter.OncePerRequestFilter.doFilter(OncePerRequestFilter.java:116)
	at org.apache.catalina.core.ApplicationFilterChain.internalDoFilter(ApplicationFilterChain.java:175)
	at org.apache.catalina.core.ApplicationFilterChain.doFilter(ApplicationFilterChain.java:150)
	at org.springframework.web.filter.CharacterEncodingFilter.doFilterInternal(CharacterEncodingFilter.java:201)
	at org.springframework.web.filter.OncePerRequestFilter.doFilter(OncePerRequestFilter.java:116)
	at org.apache.catalina.core.ApplicationFilterChain.internalDoFilter(ApplicationFilterChain.java:175)
	at org.apache.catalina.core.ApplicationFilterChain.doFilter(ApplicationFilterChain.java:150)
	at org.apache.catalina.core.StandardWrapperValve.invoke(StandardWrapperValve.java:167)
	at org.apache.catalina.core.StandardContextValve.invoke(StandardContextValve.java:90)
	at org.apache.catalina.authenticator.AuthenticatorBase.invoke(AuthenticatorBase.java:482)
	at org.apache.catalina.core.StandardHostValve.invoke(StandardHostValve.java:115)
	at org.apache.catalina.valves.ErrorReportValve.invoke(ErrorReportValve.java:93)
	at org.apache.catalina.core.StandardEngineValve.invoke(StandardEngineValve.java:74)
	at org.apache.catalina.connector.CoyoteAdapter.service(CoyoteAdapter.java:344)
	at org.apache.coyote.http11.Http11Processor.service(Http11Processor.java:391)
	at org.apache.coyote.AbstractProcessorLight.process(AbstractProcessorLight.java:63)
	at org.apache.coyote.AbstractProtocol$ConnectionHandler.process(AbstractProtocol.java:896)
	at org.apache.tomcat.util.net.NioEndpoint$SocketProcessor.doRun(NioEndpoint.java:1736)
	at org.apache.tomcat.util.net.SocketProcessorBase.run(SocketProcessorBase.java:52)
	at org.apache.tomcat.util.threads.ThreadPoolExecutor.runWorker(ThreadPoolExecutor.java:1191)
	at org.apache.tomcat.util.threads.ThreadPoolExecutor$Worker.run(ThreadPoolExecutor.java:659)
	at org.apache.tomcat.util.threads.TaskThread$WrappingRunnable.run(TaskThread.java:63)
	at java.base/java.lang.Thread.run(Thread.java:842)
Caused by: org.springframework.expression.spel.SpelEvaluationException: EL1058E: A problem occurred when trying to resolve bean 'securityService':'Could not resolve bean reference against BeanFactory'
	at org.springframework.expression.spel.ast.BeanReference.getValueInternal(BeanReference.java:59)
	at org.springframework.expression.spel.ast.CompoundExpression.getValueRef(CompoundExpression.java:60)
	at org.springframework.expression.spel.ast.CompoundExpression.getValueInternal(CompoundExpression.java:96)
	at org.springframework.expression.spel.ast.SpelNodeImpl.getValue(SpelNodeImpl.java:222)
	at org.springframework.expression.spel.ast.OpOr.getBooleanValue(OpOr.java:56)
	at org.springframework.expression.spel.ast.OpOr.getValueInternal(OpOr.java:51)
	at org.springframework.expression.spel.ast.OpOr.getValueInternal(OpOr.java:37)
	at org.springframework.expression.spel.ast.SpelNodeImpl.getTypedValue(SpelNodeImpl.java:119)
	at org.springframework.expression.spel.standard.SpelExpression.getValue(SpelExpression.java:309)
	at org.springframework.security.access.expression.ExpressionUtils.evaluateAsBoolean(ExpressionUtils.java:30)
	... 154 common frames omitted
Caused by: org.springframework.expression.AccessException: Could not resolve bean reference against BeanFactory
	at org.springframework.context.expression.BeanFactoryResolver.resolve(BeanFactoryResolver.java:54)
	at org.springframework.expression.spel.ast.BeanReference.getValueInternal(BeanReference.java:55)
	... 163 common frames omitted
Caused by: org.springframework.beans.factory.NoSuchBeanDefinitionException: No bean named 'securityService' available
	at org.springframework.beans.factory.support.DefaultListableBeanFactory.getBeanDefinition(DefaultListableBeanFactory.java:895)
	at org.springframework.beans.factory.support.AbstractBeanFactory.getMergedLocalBeanDefinition(AbstractBeanFactory.java:1351)
	at org.springframework.beans.factory.support.AbstractBeanFactory.doGetBean(AbstractBeanFactory.java:300)
	at org.springframework.beans.factory.support.AbstractBeanFactory.getBean(AbstractBeanFactory.java:200)
	at org.springframework.context.support.AbstractApplicationContext.getBean(AbstractApplicationContext.java:1234)
	at org.springframework.context.expression.BeanFactoryResolver.resolve(BeanFactoryResolver.java:51)
	... 164 common frames omitted
2026-05-23 05:11:19.410 [http-nio-0.0.0.0-8080-exec-5] DEBUG o.s.o.j.s.OpenEntityManagerInViewInterceptor - Closing JPA EntityManager in OpenEntityManagerInViewInterceptor
2026-05-23 05:11:19.418 [http-nio-0.0.0.0-8080-exec-5] INFO  c.e.p.util.HttpLoggingInterceptor - REQUEST_END [265a23d0-b5e5-4bf0-bb7c-872f97ca9177] GET /api/v1/notifications/user/2 | Status: 500 | Duration: 20ms
2026-05-23 05:11:52.710 [http-nio-0.0.0.0-8080-exec-3] DEBUG o.s.security.web.FilterChainProxy - Securing OPTIONS /api/v1/notifications/user/2
2026-05-23 05:11:53.285 [http-nio-0.0.0.0-8080-exec-8] DEBUG o.s.security.web.FilterChainProxy - Securing GET /api/v1/notifications/user/2
2026-05-23 05:11:53.287 [http-nio-0.0.0.0-8080-exec-8] DEBUG c.e.p.util.SecurityLoggingAspect - AUTHORIZATION_GRANTED: User=ANONYMOUS, Method=extractUsername
2026-05-23 05:11:53.290 [http-nio-0.0.0.0-8080-exec-8] DEBUG o.s.o.j.SharedEntityManagerCreator$SharedEntityManagerInvocationHandler - Creating new EntityManager for shared EntityManager invocation
2026-05-23 05:11:53.308 [http-nio-0.0.0.0-8080-exec-8] DEBUG org.hibernate.SQL - 
    select
        u1_0.id,
        u1_0.address,
        u1_0.admin_notes,
        u1_0.avatar_url,
        u1_0.bio,
        u1_0.preferred_category,
        u1_0.created_at,
        u1_0.email,
        u1_0.google_id,
        u1_0.kyc_status,
        u1_0.password,
        u1_0.last_name,
        u1_0.first_name,
        u1_0.role,
        u1_0.status,
        u1_0.phone,
        u1_0.ville 
    from
        users u1_0 
    where
        u1_0.email=?
2026-05-23 05:11:53.322 [http-nio-0.0.0.0-8080-exec-8] DEBUG c.e.p.util.PerformanceLoggingAspect - QUERY_EXECUTED: $Proxy166.findByEmail | Duration: 33ms
2026-05-23 05:11:53.323 [http-nio-0.0.0.0-8080-exec-8] DEBUG c.e.p.util.SecurityLoggingAspect - AUTHORIZATION_GRANTED: User=ANONYMOUS, Method=loadUserByUsername
2026-05-23 05:11:53.324 [http-nio-0.0.0.0-8080-exec-8] DEBUG c.e.p.util.SecurityLoggingAspect - AUTHORIZATION_GRANTED: User=ANONYMOUS, Method=isTokenValid
2026-05-23 05:11:53.326 [http-nio-0.0.0.0-8080-exec-8] DEBUG o.s.security.web.FilterChainProxy - Secured GET /api/v1/notifications/user/2
2026-05-23 05:11:53.329 [http-nio-0.0.0.0-8080-exec-8] INFO  c.e.p.util.HttpLoggingInterceptor - REQUEST_START [c351dbc8-7237-4b8b-8301-cfcc22e5e08b] GET /api/v1/notifications/user/2 | IP: 172.27.232.164 | User-Agent: Mozilla/5.0 (iPhone; CPU iPhone OS 16_7_14 like Mac OS X) AppleWebKit/605.1.15 (KHTML, like Gecko) Version/16.6.1 Mobile/15E148 Safari/604.1
2026-05-23 05:11:53.330 [http-nio-0.0.0.0-8080-exec-8] DEBUG o.s.o.j.s.OpenEntityManagerInViewInterceptor - Opening JPA EntityManager in OpenEntityManagerInViewInterceptor
2026-05-23 05:11:53.331 [http-nio-0.0.0.0-8080-exec-8] DEBUG o.s.s.a.m.AuthorizationManagerBeforeMethodInterceptor - Authorizing method invocation ReflectiveMethodInvocation: public org.springframework.http.ResponseEntity com.example.project.controller.NotificationController.getNotificationsByUser(java.lang.Long); target is of class [com.example.project.controller.NotificationController]
2026-05-23 05:11:53.332 [http-nio-0.0.0.0-8080-exec-8] ERROR c.e.p.e.GlobalExceptionHandler - UNEXPECTED_ERROR: Failed to evaluate expression 'hasRole('ADMIN') or @securityService.isCurrentUser(#utilisateurId)' | Stack Trace: 
java.lang.IllegalArgumentException: Failed to evaluate expression 'hasRole('ADMIN') or @securityService.isCurrentUser(#utilisateurId)'
	at org.springframework.security.access.expression.ExpressionUtils.evaluateAsBoolean(ExpressionUtils.java:33)
	at org.springframework.security.authorization.method.PreAuthorizeAuthorizationManager.check(PreAuthorizeAuthorizationManager.java:68)
	at org.springframework.security.authorization.method.PreAuthorizeAuthorizationManager.check(PreAuthorizeAuthorizationManager.java:40)
	at org.springframework.security.authorization.ObservationAuthorizationManager.check(ObservationAuthorizationManager.java:63)
	at org.springframework.security.config.annotation.method.configuration.DeferringObservationAuthorizationManager.check(DeferringObservationAuthorizationManager.java:47)
	at org.springframework.security.authorization.method.AuthorizationManagerBeforeMethodInterceptor.attemptAuthorization(AuthorizationManagerBeforeMethodInterceptor.java:251)
	at org.springframework.security.authorization.method.AuthorizationManagerBeforeMethodInterceptor.invoke(AuthorizationManagerBeforeMethodInterceptor.java:197)
	at org.springframework.aop.framework.ReflectiveMethodInvocation.proceed(ReflectiveMethodInvocation.java:184)
	at org.springframework.aop.framework.CglibAopProxy$CglibMethodInvocation.proceed(CglibAopProxy.java:768)
	at org.springframework.aop.interceptor.ExposeInvocationInterceptor.invoke(ExposeInvocationInterceptor.java:97)
	at org.springframework.aop.framework.ReflectiveMethodInvocation.proceed(ReflectiveMethodInvocation.java:184)
	at org.springframework.aop.framework.CglibAopProxy$CglibMethodInvocation.proceed(CglibAopProxy.java:768)
	at org.springframework.aop.framework.CglibAopProxy$DynamicAdvisedInterceptor.intercept(CglibAopProxy.java:720)
	at com.example.project.controller.NotificationController$$SpringCGLIB$$0.getNotificationsByUser(<generated>)
	at java.base/jdk.internal.reflect.NativeMethodAccessorImpl.invoke0(Native Method)
	at java.base/jdk.internal.reflect.NativeMethodAccessorImpl.invoke(NativeMethodAccessorImpl.java:77)
	at java.base/jdk.internal.reflect.DelegatingMethodAccessorImpl.invoke(DelegatingMethodAccessorImpl.java:43)
	at java.base/java.lang.reflect.Method.invoke(Method.java:568)
	at org.springframework.web.method.support.InvocableHandlerMethod.doInvoke(InvocableHandlerMethod.java:255)
	at org.springframework.web.method.support.InvocableHandlerMethod.invokeForRequest(InvocableHandlerMethod.java:188)
	at org.springframework.web.servlet.mvc.method.annotation.ServletInvocableHandlerMethod.invokeAndHandle(ServletInvocableHandlerMethod.java:118)
	at org.springframework.web.servlet.mvc.method.annotation.RequestMappingHandlerAdapter.invokeHandlerMethod(RequestMappingHandlerAdapter.java:926)
	at org.springframework.web.servlet.mvc.method.annotation.RequestMappingHandlerAdapter.handleInternal(RequestMappingHandlerAdapter.java:831)
	at org.springframework.web.servlet.mvc.method.AbstractHandlerMethodAdapter.handle(AbstractHandlerMethodAdapter.java:87)
	at org.springframework.web.servlet.DispatcherServlet.doDispatch(DispatcherServlet.java:1089)
	at org.springframework.web.servlet.DispatcherServlet.doService(DispatcherServlet.java:979)
	at org.springframework.web.servlet.FrameworkServlet.processRequest(FrameworkServlet.java:1014)
	at org.springframework.web.servlet.FrameworkServlet.doGet(FrameworkServlet.java:903)
	at jakarta.servlet.http.HttpServlet.service(HttpServlet.java:564)
	at org.springframework.web.servlet.FrameworkServlet.service(FrameworkServlet.java:885)
	at jakarta.servlet.http.HttpServlet.service(HttpServlet.java:658)
	at org.apache.catalina.core.ApplicationFilterChain.internalDoFilter(ApplicationFilterChain.java:206)
	at org.apache.catalina.core.ApplicationFilterChain.doFilter(ApplicationFilterChain.java:150)
	at org.apache.tomcat.websocket.server.WsFilter.doFilter(WsFilter.java:51)
	at org.apache.catalina.core.ApplicationFilterChain.internalDoFilter(ApplicationFilterChain.java:175)
	at org.apache.catalina.core.ApplicationFilterChain.doFilter(ApplicationFilterChain.java:150)
	at org.springframework.web.filter.OncePerRequestFilter.doFilter(OncePerRequestFilter.java:110)
	at org.apache.catalina.core.ApplicationFilterChain.internalDoFilter(ApplicationFilterChain.java:175)
	at org.apache.catalina.core.ApplicationFilterChain.doFilter(ApplicationFilterChain.java:150)
	at org.springframework.web.filter.CompositeFilter$VirtualFilterChain.doFilter(CompositeFilter.java:108)
	at org.springframework.security.web.FilterChainProxy.lambda$doFilterInternal$3(FilterChainProxy.java:231)
	at org.springframework.security.web.ObservationFilterChainDecorator$FilterObservation$SimpleFilterObservation.lambda$wrap$1(ObservationFilterChainDecorator.java:479)
	at org.springframework.security.web.ObservationFilterChainDecorator$AroundFilterObservation$SimpleAroundFilterObservation.lambda$wrap$1(ObservationFilterChainDecorator.java:340)
	at org.springframework.security.web.ObservationFilterChainDecorator.lambda$wrapSecured$0(ObservationFilterChainDecorator.java:82)
	at org.springframework.security.web.ObservationFilterChainDecorator$VirtualFilterChain.doFilter(ObservationFilterChainDecorator.java:128)
	at org.springframework.security.web.access.intercept.AuthorizationFilter.doFilter(AuthorizationFilter.java:100)
	at org.springframework.security.web.ObservationFilterChainDecorator$ObservationFilter.wrapFilter(ObservationFilterChainDecorator.java:240)
	at org.springframework.security.web.ObservationFilterChainDecorator$ObservationFilter.doFilter(ObservationFilterChainDecorator.java:227)
	at org.springframework.security.web.ObservationFilterChainDecorator$VirtualFilterChain.doFilter(ObservationFilterChainDecorator.java:137)
	at org.springframework.security.web.access.ExceptionTranslationFilter.doFilter(ExceptionTranslationFilter.java:126)
	at org.springframework.security.web.access.ExceptionTranslationFilter.doFilter(ExceptionTranslationFilter.java:120)
	at org.springframework.security.web.ObservationFilterChainDecorator$ObservationFilter.wrapFilter(ObservationFilterChainDecorator.java:240)
	at org.springframework.security.web.ObservationFilterChainDecorator$ObservationFilter.doFilter(ObservationFilterChainDecorator.java:227)
	at org.springframework.security.web.ObservationFilterChainDecorator$VirtualFilterChain.doFilter(ObservationFilterChainDecorator.java:137)
	at org.springframework.security.web.session.SessionManagementFilter.doFilter(SessionManagementFilter.java:131)
	at org.springframework.security.web.session.SessionManagementFilter.doFilter(SessionManagementFilter.java:85)
	at org.springframework.security.web.ObservationFilterChainDecorator$ObservationFilter.wrapFilter(ObservationFilterChainDecorator.java:240)
	at org.springframework.security.web.ObservationFilterChainDecorator$ObservationFilter.doFilter(ObservationFilterChainDecorator.java:227)
	at org.springframework.security.web.ObservationFilterChainDecorator$VirtualFilterChain.doFilter(ObservationFilterChainDecorator.java:137)
	at org.springframework.security.web.authentication.AnonymousAuthenticationFilter.doFilter(AnonymousAuthenticationFilter.java:100)
	at org.springframework.security.web.ObservationFilterChainDecorator$ObservationFilter.wrapFilter(ObservationFilterChainDecorator.java:240)
	at org.springframework.security.web.ObservationFilterChainDecorator$ObservationFilter.doFilter(ObservationFilterChainDecorator.java:227)
	at org.springframework.security.web.ObservationFilterChainDecorator$VirtualFilterChain.doFilter(ObservationFilterChainDecorator.java:137)
	at org.springframework.security.web.servletapi.SecurityContextHolderAwareRequestFilter.doFilter(SecurityContextHolderAwareRequestFilter.java:179)
	at org.springframework.security.web.ObservationFilterChainDecorator$ObservationFilter.wrapFilter(ObservationFilterChainDecorator.java:240)
	at org.springframework.security.web.ObservationFilterChainDecorator$ObservationFilter.doFilter(ObservationFilterChainDecorator.java:227)
	at org.springframework.security.web.ObservationFilterChainDecorator$VirtualFilterChain.doFilter(ObservationFilterChainDecorator.java:137)
	at org.springframework.security.web.savedrequest.RequestCacheAwareFilter.doFilter(RequestCacheAwareFilter.java:63)
	at org.springframework.security.web.ObservationFilterChainDecorator$ObservationFilter.wrapFilter(ObservationFilterChainDecorator.java:240)
	at org.springframework.security.web.ObservationFilterChainDecorator$ObservationFilter.doFilter(ObservationFilterChainDecorator.java:227)
	at org.springframework.security.web.ObservationFilterChainDecorator$VirtualFilterChain.doFilter(ObservationFilterChainDecorator.java:137)
	at com.example.project.security.JwtAuthFilter.doFilterInternal(JwtAuthFilter.java:63)
	at org.springframework.web.filter.OncePerRequestFilter.doFilter(OncePerRequestFilter.java:116)
	at org.springframework.security.web.ObservationFilterChainDecorator$ObservationFilter.wrapFilter(ObservationFilterChainDecorator.java:240)
	at org.springframework.security.web.ObservationFilterChainDecorator$ObservationFilter.doFilter(ObservationFilterChainDecorator.java:227)
	at org.springframework.security.web.ObservationFilterChainDecorator$VirtualFilterChain.doFilter(ObservationFilterChainDecorator.java:137)
	at org.springframework.security.web.authentication.logout.LogoutFilter.doFilter(LogoutFilter.java:107)
	at org.springframework.security.web.authentication.logout.LogoutFilter.doFilter(LogoutFilter.java:93)
	at org.springframework.security.web.ObservationFilterChainDecorator$ObservationFilter.wrapFilter(ObservationFilterChainDecorator.java:240)
	at org.springframework.security.web.ObservationFilterChainDecorator$ObservationFilter.doFilter(ObservationFilterChainDecorator.java:227)
	at org.springframework.security.web.ObservationFilterChainDecorator$VirtualFilterChain.doFilter(ObservationFilterChainDecorator.java:137)
	at org.springframework.web.filter.OncePerRequestFilter.doFilter(OncePerRequestFilter.java:110)
	at org.springframework.security.web.ObservationFilterChainDecorator$ObservationFilter.wrapFilter(ObservationFilterChainDecorator.java:240)
	at org.springframework.security.web.ObservationFilterChainDecorator$ObservationFilter.doFilter(ObservationFilterChainDecorator.java:227)
	at org.springframework.security.web.ObservationFilterChainDecorator$VirtualFilterChain.doFilter(ObservationFilterChainDecorator.java:137)
	at org.springframework.web.filter.CorsFilter.doFilterInternal(CorsFilter.java:91)
	at org.springframework.web.filter.OncePerRequestFilter.doFilter(OncePerRequestFilter.java:116)
	at org.springframework.security.web.ObservationFilterChainDecorator$ObservationFilter.wrapFilter(ObservationFilterChainDecorator.java:240)
	at org.springframework.security.web.ObservationFilterChainDecorator$ObservationFilter.doFilter(ObservationFilterChainDecorator.java:227)
	at org.springframework.security.web.ObservationFilterChainDecorator$VirtualFilterChain.doFilter(ObservationFilterChainDecorator.java:137)
	at org.springframework.security.web.header.HeaderWriterFilter.doHeadersAfter(HeaderWriterFilter.java:90)
	at org.springframework.security.web.header.HeaderWriterFilter.doFilterInternal(HeaderWriterFilter.java:75)
	at org.springframework.web.filter.OncePerRequestFilter.doFilter(OncePerRequestFilter.java:116)
	at org.springframework.security.web.ObservationFilterChainDecorator$ObservationFilter.wrapFilter(ObservationFilterChainDecorator.java:240)
	at org.springframework.security.web.ObservationFilterChainDecorator$ObservationFilter.doFilter(ObservationFilterChainDecorator.java:227)
	at org.springframework.security.web.ObservationFilterChainDecorator$VirtualFilterChain.doFilter(ObservationFilterChainDecorator.java:137)
	at org.springframework.security.web.context.SecurityContextHolderFilter.doFilter(SecurityContextHolderFilter.java:82)
	at org.springframework.security.web.context.SecurityContextHolderFilter.doFilter(SecurityContextHolderFilter.java:69)
	at org.springframework.security.web.ObservationFilterChainDecorator$ObservationFilter.wrapFilter(ObservationFilterChainDecorator.java:240)
	at org.springframework.security.web.ObservationFilterChainDecorator$ObservationFilter.doFilter(ObservationFilterChainDecorator.java:227)
	at org.springframework.security.web.ObservationFilterChainDecorator$VirtualFilterChain.doFilter(ObservationFilterChainDecorator.java:137)
	at org.springframework.security.web.context.request.async.WebAsyncManagerIntegrationFilter.doFilterInternal(WebAsyncManagerIntegrationFilter.java:62)
	at org.springframework.web.filter.OncePerRequestFilter.doFilter(OncePerRequestFilter.java:116)
	at org.springframework.security.web.ObservationFilterChainDecorator$ObservationFilter.wrapFilter(ObservationFilterChainDecorator.java:240)
	at org.springframework.security.web.ObservationFilterChainDecorator$ObservationFilter.doFilter(ObservationFilterChainDecorator.java:227)
	at org.springframework.security.web.ObservationFilterChainDecorator$VirtualFilterChain.doFilter(ObservationFilterChainDecorator.java:137)
	at org.springframework.security.web.session.DisableEncodeUrlFilter.doFilterInternal(DisableEncodeUrlFilter.java:42)
	at org.springframework.web.filter.OncePerRequestFilter.doFilter(OncePerRequestFilter.java:116)
	at org.springframework.security.web.ObservationFilterChainDecorator$ObservationFilter.wrapFilter(ObservationFilterChainDecorator.java:240)
	at org.springframework.security.web.ObservationFilterChainDecorator$AroundFilterObservation$SimpleAroundFilterObservation.lambda$wrap$0(ObservationFilterChainDecorator.java:323)
	at org.springframework.security.web.ObservationFilterChainDecorator$ObservationFilter.doFilter(ObservationFilterChainDecorator.java:224)
	at org.springframework.security.web.ObservationFilterChainDecorator$VirtualFilterChain.doFilter(ObservationFilterChainDecorator.java:137)
	at org.springframework.security.web.FilterChainProxy.doFilterInternal(FilterChainProxy.java:233)
	at org.springframework.security.web.FilterChainProxy.doFilter(FilterChainProxy.java:191)
	at org.springframework.web.filter.CompositeFilter$VirtualFilterChain.doFilter(CompositeFilter.java:113)
	at org.springframework.web.servlet.handler.HandlerMappingIntrospector.lambda$createCacheFilter$3(HandlerMappingIntrospector.java:195)
	at org.springframework.web.filter.CompositeFilter$VirtualFilterChain.doFilter(CompositeFilter.java:113)
	at org.springframework.web.filter.CompositeFilter.doFilter(CompositeFilter.java:74)
	at org.springframework.security.config.annotation.web.configuration.WebMvcSecurityConfiguration$CompositeFilterChainProxy.doFilter(WebMvcSecurityConfiguration.java:230)
	at org.springframework.web.filter.DelegatingFilterProxy.invokeDelegate(DelegatingFilterProxy.java:352)
	at org.springframework.web.filter.DelegatingFilterProxy.doFilter(DelegatingFilterProxy.java:268)
	at org.apache.catalina.core.ApplicationFilterChain.internalDoFilter(ApplicationFilterChain.java:175)
	at org.apache.catalina.core.ApplicationFilterChain.doFilter(ApplicationFilterChain.java:150)
	at org.springframework.web.filter.RequestContextFilter.doFilterInternal(RequestContextFilter.java:100)
	at org.springframework.web.filter.OncePerRequestFilter.doFilter(OncePerRequestFilter.java:116)
	at org.apache.catalina.core.ApplicationFilterChain.internalDoFilter(ApplicationFilterChain.java:175)
	at org.apache.catalina.core.ApplicationFilterChain.doFilter(ApplicationFilterChain.java:150)
	at org.springframework.web.filter.FormContentFilter.doFilterInternal(FormContentFilter.java:93)
	at org.springframework.web.filter.OncePerRequestFilter.doFilter(OncePerRequestFilter.java:116)
	at org.apache.catalina.core.ApplicationFilterChain.internalDoFilter(ApplicationFilterChain.java:175)
	at org.apache.catalina.core.ApplicationFilterChain.doFilter(ApplicationFilterChain.java:150)
	at org.springframework.web.filter.ServerHttpObservationFilter.doFilterInternal(ServerHttpObservationFilter.java:109)
	at org.springframework.web.filter.OncePerRequestFilter.doFilter(OncePerRequestFilter.java:116)
	at org.apache.catalina.core.ApplicationFilterChain.internalDoFilter(ApplicationFilterChain.java:175)
	at org.apache.catalina.core.ApplicationFilterChain.doFilter(ApplicationFilterChain.java:150)
	at org.springframework.web.filter.CharacterEncodingFilter.doFilterInternal(CharacterEncodingFilter.java:201)
	at org.springframework.web.filter.OncePerRequestFilter.doFilter(OncePerRequestFilter.java:116)
	at org.apache.catalina.core.ApplicationFilterChain.internalDoFilter(ApplicationFilterChain.java:175)
	at org.apache.catalina.core.ApplicationFilterChain.doFilter(ApplicationFilterChain.java:150)
	at org.apache.catalina.core.StandardWrapperValve.invoke(StandardWrapperValve.java:167)
	at org.apache.catalina.core.StandardContextValve.invoke(StandardContextValve.java:90)
	at org.apache.catalina.authenticator.AuthenticatorBase.invoke(AuthenticatorBase.java:482)
	at org.apache.catalina.core.StandardHostValve.invoke(StandardHostValve.java:115)
	at org.apache.catalina.valves.ErrorReportValve.invoke(ErrorReportValve.java:93)
	at org.apache.catalina.core.StandardEngineValve.invoke(StandardEngineValve.java:74)
	at org.apache.catalina.connector.CoyoteAdapter.service(CoyoteAdapter.java:344)
	at org.apache.coyote.http11.Http11Processor.service(Http11Processor.java:391)
	at org.apache.coyote.AbstractProcessorLight.process(AbstractProcessorLight.java:63)
	at org.apache.coyote.AbstractProtocol$ConnectionHandler.process(AbstractProtocol.java:896)
	at org.apache.tomcat.util.net.NioEndpoint$SocketProcessor.doRun(NioEndpoint.java:1736)
	at org.apache.tomcat.util.net.SocketProcessorBase.run(SocketProcessorBase.java:52)
	at org.apache.tomcat.util.threads.ThreadPoolExecutor.runWorker(ThreadPoolExecutor.java:1191)
	at org.apache.tomcat.util.threads.ThreadPoolExecutor$Worker.run(ThreadPoolExecutor.java:659)
	at org.apache.tomcat.util.threads.TaskThread$WrappingRunnable.run(TaskThread.java:63)
	at java.base/java.lang.Thread.run(Thread.java:842)
Caused by: org.springframework.expression.spel.SpelEvaluationException: EL1058E: A problem occurred when trying to resolve bean 'securityService':'Could not resolve bean reference against BeanFactory'
	at org.springframework.expression.spel.ast.BeanReference.getValueInternal(BeanReference.java:59)
	at org.springframework.expression.spel.ast.CompoundExpression.getValueRef(CompoundExpression.java:60)
	at org.springframework.expression.spel.ast.CompoundExpression.getValueInternal(CompoundExpression.java:96)
	at org.springframework.expression.spel.ast.SpelNodeImpl.getValue(SpelNodeImpl.java:222)
	at org.springframework.expression.spel.ast.OpOr.getBooleanValue(OpOr.java:56)
	at org.springframework.expression.spel.ast.OpOr.getValueInternal(OpOr.java:51)
	at org.springframework.expression.spel.ast.OpOr.getValueInternal(OpOr.java:37)
	at org.springframework.expression.spel.ast.SpelNodeImpl.getTypedValue(SpelNodeImpl.java:119)
	at org.springframework.expression.spel.standard.SpelExpression.getValue(SpelExpression.java:309)
	at org.springframework.security.access.expression.ExpressionUtils.evaluateAsBoolean(ExpressionUtils.java:30)
	... 154 common frames omitted
Caused by: org.springframework.expression.AccessException: Could not resolve bean reference against BeanFactory
	at org.springframework.context.expression.BeanFactoryResolver.resolve(BeanFactoryResolver.java:54)
	at org.springframework.expression.spel.ast.BeanReference.getValueInternal(BeanReference.java:55)
	... 163 common frames omitted
Caused by: org.springframework.beans.factory.NoSuchBeanDefinitionException: No bean named 'securityService' available
	at org.springframework.beans.factory.support.DefaultListableBeanFactory.getBeanDefinition(DefaultListableBeanFactory.java:895)
	at org.springframework.beans.factory.support.AbstractBeanFactory.getMergedLocalBeanDefinition(AbstractBeanFactory.java:1351)
	at org.springframework.beans.factory.support.AbstractBeanFactory.doGetBean(AbstractBeanFactory.java:300)
	at org.springframework.beans.factory.support.AbstractBeanFactory.getBean(AbstractBeanFactory.java:200)
	at org.springframework.context.support.AbstractApplicationContext.getBean(AbstractApplicationContext.java:1234)
	at org.springframework.context.expression.BeanFactoryResolver.resolve(BeanFactoryResolver.java:51)
	... 164 common frames omitted
2026-05-23 05:11:53.338 [http-nio-0.0.0.0-8080-exec-8] DEBUG o.s.o.j.s.OpenEntityManagerInViewInterceptor - Closing JPA EntityManager in OpenEntityManagerInViewInterceptor
2026-05-23 05:11:53.338 [http-nio-0.0.0.0-8080-exec-8] INFO  c.e.p.util.HttpLoggingInterceptor - REQUEST_END [c351dbc8-7237-4b8b-8301-cfcc22e5e08b] GET /api/v1/notifications/user/2 | Status: 500 | Duration: 9ms
2026-05-23 05:12:05.154 [http-nio-0.0.0.0-8080-exec-4] DEBUG o.s.security.web.FilterChainProxy - Securing OPTIONS /api/v1/projets/porteur/2
2026-05-23 05:12:05.167 [http-nio-0.0.0.0-8080-exec-7] DEBUG o.s.security.web.FilterChainProxy - Securing OPTIONS /api/v1/projets/porteur/2
2026-05-23 05:12:05.193 [http-nio-0.0.0.0-8080-exec-6] DEBUG o.s.security.web.FilterChainProxy - Securing GET /api/v1/projets/porteur/2
2026-05-23 05:12:05.214 [http-nio-0.0.0.0-8080-exec-6] DEBUG c.e.p.util.SecurityLoggingAspect - AUTHORIZATION_GRANTED: User=ANONYMOUS, Method=extractUsername
2026-05-23 05:12:05.216 [http-nio-0.0.0.0-8080-exec-6] DEBUG o.s.o.j.SharedEntityManagerCreator$SharedEntityManagerInvocationHandler - Creating new EntityManager for shared EntityManager invocation
2026-05-23 05:12:05.218 [http-nio-0.0.0.0-8080-exec-6] DEBUG org.hibernate.SQL - 
    select
        u1_0.id,
        u1_0.address,
        u1_0.admin_notes,
        u1_0.avatar_url,
        u1_0.bio,
        u1_0.preferred_category,
        u1_0.created_at,
        u1_0.email,
        u1_0.google_id,
        u1_0.kyc_status,
        u1_0.password,
        u1_0.last_name,
        u1_0.first_name,
        u1_0.role,
        u1_0.status,
        u1_0.phone,
        u1_0.ville 
    from
        users u1_0 
    where
        u1_0.email=?
2026-05-23 05:12:05.231 [http-nio-0.0.0.0-8080-exec-6] DEBUG c.e.p.util.PerformanceLoggingAspect - QUERY_EXECUTED: $Proxy166.findByEmail | Duration: 15ms
2026-05-23 05:12:05.232 [http-nio-0.0.0.0-8080-exec-6] DEBUG c.e.p.util.SecurityLoggingAspect - AUTHORIZATION_GRANTED: User=ANONYMOUS, Method=loadUserByUsername
2026-05-23 05:12:05.234 [http-nio-0.0.0.0-8080-exec-6] DEBUG c.e.p.util.SecurityLoggingAspect - AUTHORIZATION_GRANTED: User=ANONYMOUS, Method=isTokenValid
2026-05-23 05:12:05.236 [http-nio-0.0.0.0-8080-exec-6] DEBUG o.s.security.web.FilterChainProxy - Secured GET /api/v1/projets/porteur/2
2026-05-23 05:12:05.237 [http-nio-0.0.0.0-8080-exec-6] INFO  c.e.p.util.HttpLoggingInterceptor - REQUEST_START [93b4a2cf-4d54-4ea1-b9a1-152ea7aa0be8] GET /api/v1/projets/porteur/2 | IP: 172.27.232.215 | User-Agent: Mozilla/5.0 (Windows NT 10.0; Win64; x64) AppleWebKit/537.36 (KHTML, like Gecko) Chrome/148.0.0.0 Safari/537.36
2026-05-23 05:12:05.238 [http-nio-0.0.0.0-8080-exec-6] DEBUG o.s.o.j.s.OpenEntityManagerInViewInterceptor - Opening JPA EntityManager in OpenEntityManagerInViewInterceptor
2026-05-23 05:12:05.239 [http-nio-0.0.0.0-8080-exec-6] DEBUG c.e.p.util.PerformanceLoggingAspect - CONTROLLER_METHOD_START: ProjetController.getProjetsByPorteur
2026-05-23 05:12:05.239 [http-nio-0.0.0.0-8080-exec-6] DEBUG c.e.p.util.PerformanceLoggingAspect - SERVICE_METHOD_START: ProjetServiceImpl.getProjetsByPorteur
2026-05-23 05:12:05.239 [http-nio-0.0.0.0-8080-exec-6] DEBUG o.s.orm.jpa.JpaTransactionManager - Found thread-bound EntityManager [SessionImpl(173737698<open>)] for JPA transaction
2026-05-23 05:12:05.247 [http-nio-0.0.0.0-8080-exec-6] DEBUG o.s.orm.jpa.JpaTransactionManager - Creating new transaction with name [org.springframework.data.jpa.repository.support.SimpleJpaRepository.findById]: PROPAGATION_REQUIRED,ISOLATION_DEFAULT,readOnly
2026-05-23 05:12:05.248 [http-nio-0.0.0.0-8080-exec-6] DEBUG o.s.orm.jpa.JpaTransactionManager - Exposing JPA transaction as JDBC [org.springframework.orm.jpa.vendor.HibernateJpaDialect$HibernateConnectionHandle@5ff2228a]
2026-05-23 05:12:05.249 [http-nio-0.0.0.0-8080-exec-6] DEBUG org.hibernate.SQL - 
    select
        u1_0.id,
        u1_0.address,
        u1_0.admin_notes,
        u1_0.avatar_url,
        u1_0.bio,
        u1_0.preferred_category,
        u1_0.created_at,
        u1_0.email,
        u1_0.google_id,
        u1_0.kyc_status,
        u1_0.password,
        u1_0.last_name,
        u1_0.first_name,
        u1_0.role,
        u1_0.status,
        u1_0.phone,
        u1_0.ville 
    from
        users u1_0 
    where
        u1_0.id=?
2026-05-23 05:12:05.251 [http-nio-0.0.0.0-8080-exec-6] DEBUG o.s.orm.jpa.JpaTransactionManager - Initiating transaction commit
2026-05-23 05:12:05.252 [http-nio-0.0.0.0-8080-exec-6] DEBUG o.s.orm.jpa.JpaTransactionManager - Committing JPA transaction on EntityManager [SessionImpl(173737698<open>)]
2026-05-23 05:12:05.254 [http-nio-0.0.0.0-8080-exec-6] DEBUG o.s.orm.jpa.JpaTransactionManager - Not closing pre-bound JPA EntityManager after transaction
2026-05-23 05:12:05.254 [http-nio-0.0.0.0-8080-exec-6] DEBUG c.e.p.util.PerformanceLoggingAspect - QUERY_EXECUTED: $Proxy166.findById | Duration: 15ms
2026-05-23 05:12:05.254 [http-nio-0.0.0.0-8080-exec-6] DEBUG c.e.p.util.DatabaseLoggingAspect - QUERY_EXECUTED: Method=findById, Duration=15ms
2026-05-23 05:12:05.255 [http-nio-0.0.0.0-8080-exec-6] DEBUG org.hibernate.SQL - 
    select
        p1_0.id,
        p1_0.admin_notes,
        p1_0.all_or_nothing,
        p1_0.categorie,
        p1_0.created_at,
        p1_0.start_date,
        p1_0.end_date,
        p1_0.description,
        p1_0.cover_image,
        p1_0.localisation,
        p1_0.current_amount,
        p1_0.investors_count,
        p1_0.funding_goal,
        p1_0.equity_percentage,
        p1_0.owner_id,
        p1_0.status,
        p1_0.suspension_deadline,
        p1_0.interest_rate,
        p1_0.titre,
        p1_0.funding_type 
    from
        projects p1_0 
    where
        p1_0.owner_id=? 
    order by
        p1_0.id desc
2026-05-23 05:12:05.263 [http-nio-0.0.0.0-8080-exec-6] DEBUG c.e.p.util.PerformanceLoggingAspect - QUERY_EXECUTED: $Proxy173.findProjectsByOwner | Duration: 9ms
2026-05-23 05:12:05.264 [http-nio-0.0.0.0-8080-exec-6] DEBUG c.e.p.util.PerformanceLoggingAspect - SERVICE_METHOD_END: ProjetServiceImpl.getProjetsByPorteur | Duration: 25ms
2026-05-23 05:12:05.264 [http-nio-0.0.0.0-8080-exec-6] DEBUG c.e.p.util.PerformanceLoggingAspect - CONTROLLER_METHOD_END: ProjetController.getProjetsByPorteur | Duration: 25ms
2026-05-23 05:12:05.266 [http-nio-0.0.0.0-8080-exec-6] DEBUG o.s.o.j.s.OpenEntityManagerInViewInterceptor - Closing JPA EntityManager in OpenEntityManagerInViewInterceptor
2026-05-23 05:12:05.269 [http-nio-0.0.0.0-8080-exec-5] DEBUG o.s.security.web.FilterChainProxy - Securing GET /api/v1/projets/porteur/2
2026-05-23 05:12:05.270 [http-nio-0.0.0.0-8080-exec-6] INFO  c.e.p.util.HttpLoggingInterceptor - REQUEST_END [93b4a2cf-4d54-4ea1-b9a1-152ea7aa0be8] GET /api/v1/projets/porteur/2 | Status: 200 | Duration: 33ms
2026-05-23 05:12:05.282 [http-nio-0.0.0.0-8080-exec-5] DEBUG c.e.p.util.SecurityLoggingAspect - AUTHORIZATION_GRANTED: User=ANONYMOUS, Method=extractUsername
2026-05-23 05:12:05.283 [http-nio-0.0.0.0-8080-exec-5] DEBUG o.s.o.j.SharedEntityManagerCreator$SharedEntityManagerInvocationHandler - Creating new EntityManager for shared EntityManager invocation
2026-05-23 05:12:05.284 [http-nio-0.0.0.0-8080-exec-5] DEBUG org.hibernate.SQL - 
    select
        u1_0.id,
        u1_0.address,
        u1_0.admin_notes,
        u1_0.avatar_url,
        u1_0.bio,
        u1_0.preferred_category,
        u1_0.created_at,
        u1_0.email,
        u1_0.google_id,
        u1_0.kyc_status,
        u1_0.password,
        u1_0.last_name,
        u1_0.first_name,
        u1_0.role,
        u1_0.status,
        u1_0.phone,
        u1_0.ville 
    from
        users u1_0 
    where
        u1_0.email=?
2026-05-23 05:12:05.288 [http-nio-0.0.0.0-8080-exec-5] DEBUG c.e.p.util.PerformanceLoggingAspect - QUERY_EXECUTED: $Proxy166.findByEmail | Duration: 5ms
2026-05-23 05:12:05.288 [http-nio-0.0.0.0-8080-exec-5] DEBUG c.e.p.util.SecurityLoggingAspect - AUTHORIZATION_GRANTED: User=ANONYMOUS, Method=loadUserByUsername
2026-05-23 05:12:05.295 [http-nio-0.0.0.0-8080-exec-5] DEBUG c.e.p.util.SecurityLoggingAspect - AUTHORIZATION_GRANTED: User=ANONYMOUS, Method=isTokenValid
2026-05-23 05:12:05.296 [http-nio-0.0.0.0-8080-exec-5] DEBUG o.s.security.web.FilterChainProxy - Secured GET /api/v1/projets/porteur/2
2026-05-23 05:12:05.298 [http-nio-0.0.0.0-8080-exec-5] INFO  c.e.p.util.HttpLoggingInterceptor - REQUEST_START [021df517-7daf-4557-82cf-3300d1830317] GET /api/v1/projets/porteur/2 | IP: 172.27.232.215 | User-Agent: Mozilla/5.0 (Windows NT 10.0; Win64; x64) AppleWebKit/537.36 (KHTML, like Gecko) Chrome/148.0.0.0 Safari/537.36
2026-05-23 05:12:05.299 [http-nio-0.0.0.0-8080-exec-5] DEBUG o.s.o.j.s.OpenEntityManagerInViewInterceptor - Opening JPA EntityManager in OpenEntityManagerInViewInterceptor
2026-05-23 05:12:05.299 [http-nio-0.0.0.0-8080-exec-5] DEBUG c.e.p.util.PerformanceLoggingAspect - CONTROLLER_METHOD_START: ProjetController.getProjetsByPorteur
2026-05-23 05:12:05.299 [http-nio-0.0.0.0-8080-exec-5] DEBUG c.e.p.util.PerformanceLoggingAspect - SERVICE_METHOD_START: ProjetServiceImpl.getProjetsByPorteur
2026-05-23 05:12:05.301 [http-nio-0.0.0.0-8080-exec-5] DEBUG o.s.orm.jpa.JpaTransactionManager - Found thread-bound EntityManager [SessionImpl(100658623<open>)] for JPA transaction
2026-05-23 05:12:05.301 [http-nio-0.0.0.0-8080-exec-5] DEBUG o.s.orm.jpa.JpaTransactionManager - Creating new transaction with name [org.springframework.data.jpa.repository.support.SimpleJpaRepository.findById]: PROPAGATION_REQUIRED,ISOLATION_DEFAULT,readOnly
2026-05-23 05:12:05.309 [http-nio-0.0.0.0-8080-exec-5] DEBUG o.s.orm.jpa.JpaTransactionManager - Exposing JPA transaction as JDBC [org.springframework.orm.jpa.vendor.HibernateJpaDialect$HibernateConnectionHandle@4aaacaa3]
2026-05-23 05:12:05.315 [http-nio-0.0.0.0-8080-exec-5] DEBUG org.hibernate.SQL - 
    select
        u1_0.id,
        u1_0.address,
        u1_0.admin_notes,
        u1_0.avatar_url,
        u1_0.bio,
        u1_0.preferred_category,
        u1_0.created_at,
        u1_0.email,
        u1_0.google_id,
        u1_0.kyc_status,
        u1_0.password,
        u1_0.last_name,
        u1_0.first_name,
        u1_0.role,
        u1_0.status,
        u1_0.phone,
        u1_0.ville 
    from
        users u1_0 
    where
        u1_0.id=?
2026-05-23 05:12:05.323 [http-nio-0.0.0.0-8080-exec-5] DEBUG o.s.orm.jpa.JpaTransactionManager - Initiating transaction commit
2026-05-23 05:12:05.324 [http-nio-0.0.0.0-8080-exec-5] DEBUG o.s.orm.jpa.JpaTransactionManager - Committing JPA transaction on EntityManager [SessionImpl(100658623<open>)]
2026-05-23 05:12:05.328 [http-nio-0.0.0.0-8080-exec-5] DEBUG o.s.orm.jpa.JpaTransactionManager - Not closing pre-bound JPA EntityManager after transaction
2026-05-23 05:12:05.329 [http-nio-0.0.0.0-8080-exec-5] DEBUG c.e.p.util.PerformanceLoggingAspect - QUERY_EXECUTED: $Proxy166.findById | Duration: 28ms
2026-05-23 05:12:05.329 [http-nio-0.0.0.0-8080-exec-5] DEBUG c.e.p.util.DatabaseLoggingAspect - QUERY_EXECUTED: Method=findById, Duration=28ms
2026-05-23 05:12:05.330 [http-nio-0.0.0.0-8080-exec-5] DEBUG org.hibernate.SQL - 
    select
        p1_0.id,
        p1_0.admin_notes,
        p1_0.all_or_nothing,
        p1_0.categorie,
        p1_0.created_at,
        p1_0.start_date,
        p1_0.end_date,
        p1_0.description,
        p1_0.cover_image,
        p1_0.localisation,
        p1_0.current_amount,
        p1_0.investors_count,
        p1_0.funding_goal,
        p1_0.equity_percentage,
        p1_0.owner_id,
        p1_0.status,
        p1_0.suspension_deadline,
        p1_0.interest_rate,
        p1_0.titre,
        p1_0.funding_type 
    from
        projects p1_0 
    where
        p1_0.owner_id=? 
    order by
        p1_0.id desc
2026-05-23 05:12:05.333 [http-nio-0.0.0.0-8080-exec-5] DEBUG c.e.p.util.PerformanceLoggingAspect - QUERY_EXECUTED: $Proxy173.findProjectsByOwner | Duration: 4ms
2026-05-23 05:12:05.334 [http-nio-0.0.0.0-8080-exec-5] DEBUG c.e.p.util.PerformanceLoggingAspect - SERVICE_METHOD_END: ProjetServiceImpl.getProjetsByPorteur | Duration: 35ms
2026-05-23 05:12:05.334 [http-nio-0.0.0.0-8080-exec-5] DEBUG c.e.p.util.PerformanceLoggingAspect - CONTROLLER_METHOD_END: ProjetController.getProjetsByPorteur | Duration: 35ms
2026-05-23 05:12:05.338 [http-nio-0.0.0.0-8080-exec-5] DEBUG o.s.o.j.s.OpenEntityManagerInViewInterceptor - Closing JPA EntityManager in OpenEntityManagerInViewInterceptor
2026-05-23 05:12:05.338 [http-nio-0.0.0.0-8080-exec-5] INFO  c.e.p.util.HttpLoggingInterceptor - REQUEST_END [021df517-7daf-4557-82cf-3300d1830317] GET /api/v1/projets/porteur/2 | Status: 200 | Duration: 40ms
2026-05-23 05:12:05.394 [http-nio-0.0.0.0-8080-exec-10] DEBUG o.s.security.web.FilterChainProxy - Securing GET /files/images/a6f0d333-2900-4795-8248-49b647f66474.jpg
2026-05-23 05:12:05.396 [http-nio-0.0.0.0-8080-exec-1] DEBUG o.s.security.web.FilterChainProxy - Securing GET /files/images/ea33902d-0267-44e1-ab52-e55484ff0585.jpg
2026-05-23 05:12:05.400 [http-nio-0.0.0.0-8080-exec-10] DEBUG o.s.s.w.a.AnonymousAuthenticationFilter - Set SecurityContextHolder to anonymous SecurityContext
2026-05-23 05:12:05.403 [http-nio-0.0.0.0-8080-exec-1] DEBUG o.s.s.w.a.AnonymousAuthenticationFilter - Set SecurityContextHolder to anonymous SecurityContext
2026-05-23 05:12:05.405 [http-nio-0.0.0.0-8080-exec-10] DEBUG o.s.security.web.FilterChainProxy - Secured GET /files/images/a6f0d333-2900-4795-8248-49b647f66474.jpg
2026-05-23 05:12:05.406 [http-nio-0.0.0.0-8080-exec-1] DEBUG o.s.security.web.FilterChainProxy - Secured GET /files/images/ea33902d-0267-44e1-ab52-e55484ff0585.jpg
2026-05-23 05:12:05.416 [http-nio-0.0.0.0-8080-exec-1] INFO  c.e.p.util.HttpLoggingInterceptor - REQUEST_START [f948cd2b-b64e-4b2d-9889-9b3449aa1687] GET /files/images/ea33902d-0267-44e1-ab52-e55484ff0585.jpg | IP: 0:0:0:0:0:0:0:1 | User-Agent: Mozilla/5.0 (Windows NT 10.0; Win64; x64) AppleWebKit/537.36 (KHTML, like Gecko) Chrome/148.0.0.0 Safari/537.36
2026-05-23 05:12:05.417 [http-nio-0.0.0.0-8080-exec-10] INFO  c.e.p.util.HttpLoggingInterceptor - REQUEST_START [fa97f677-e384-442c-8208-be787ecab840] GET /files/images/a6f0d333-2900-4795-8248-49b647f66474.jpg | IP: 0:0:0:0:0:0:0:1 | User-Agent: Mozilla/5.0 (Windows NT 10.0; Win64; x64) AppleWebKit/537.36 (KHTML, like Gecko) Chrome/148.0.0.0 Safari/537.36
2026-05-23 05:12:05.420 [http-nio-0.0.0.0-8080-exec-10] DEBUG o.s.o.j.s.OpenEntityManagerInViewInterceptor - Opening JPA EntityManager in OpenEntityManagerInViewInterceptor
2026-05-23 05:12:05.420 [http-nio-0.0.0.0-8080-exec-1] DEBUG o.s.o.j.s.OpenEntityManagerInViewInterceptor - Opening JPA EntityManager in OpenEntityManagerInViewInterceptor
2026-05-23 05:12:05.580 [http-nio-0.0.0.0-8080-exec-1] DEBUG o.s.o.j.s.OpenEntityManagerInViewInterceptor - Closing JPA EntityManager in OpenEntityManagerInViewInterceptor
2026-05-23 05:12:05.583 [http-nio-0.0.0.0-8080-exec-10] DEBUG o.s.o.j.s.OpenEntityManagerInViewInterceptor - Closing JPA EntityManager in OpenEntityManagerInViewInterceptor
2026-05-23 05:12:05.584 [http-nio-0.0.0.0-8080-exec-1] INFO  c.e.p.util.HttpLoggingInterceptor - REQUEST_END [f948cd2b-b64e-4b2d-9889-9b3449aa1687] GET /files/images/ea33902d-0267-44e1-ab52-e55484ff0585.jpg | Status: 200 | Duration: 168ms
2026-05-23 05:12:05.584 [http-nio-0.0.0.0-8080-exec-10] INFO  c.e.p.util.HttpLoggingInterceptor - REQUEST_END [fa97f677-e384-442c-8208-be787ecab840] GET /files/images/a6f0d333-2900-4795-8248-49b647f66474.jpg | Status: 200 | Duration: 167ms
2026-05-23 05:12:19.379 [http-nio-0.0.0.0-8080-exec-2] DEBUG o.s.security.web.FilterChainProxy - Securing OPTIONS /api/v1/notifications/user/2
2026-05-23 05:12:19.394 [http-nio-0.0.0.0-8080-exec-9] DEBUG o.s.security.web.FilterChainProxy - Securing GET /api/v1/notifications/user/2
2026-05-23 05:12:19.398 [http-nio-0.0.0.0-8080-exec-9] DEBUG c.e.p.util.SecurityLoggingAspect - AUTHORIZATION_GRANTED: User=ANONYMOUS, Method=extractUsername
2026-05-23 05:12:19.399 [http-nio-0.0.0.0-8080-exec-9] DEBUG o.s.o.j.SharedEntityManagerCreator$SharedEntityManagerInvocationHandler - Creating new EntityManager for shared EntityManager invocation
2026-05-23 05:12:19.403 [http-nio-0.0.0.0-8080-exec-9] DEBUG org.hibernate.SQL - 
    select
        u1_0.id,
        u1_0.address,
        u1_0.admin_notes,
        u1_0.avatar_url,
        u1_0.bio,
        u1_0.preferred_category,
        u1_0.created_at,
        u1_0.email,
        u1_0.google_id,
        u1_0.kyc_status,
        u1_0.password,
        u1_0.last_name,
        u1_0.first_name,
        u1_0.role,
        u1_0.status,
        u1_0.phone,
        u1_0.ville 
    from
        users u1_0 
    where
        u1_0.email=?
2026-05-23 05:12:19.408 [http-nio-0.0.0.0-8080-exec-9] DEBUG c.e.p.util.PerformanceLoggingAspect - QUERY_EXECUTED: $Proxy166.findByEmail | Duration: 9ms
2026-05-23 05:12:19.409 [http-nio-0.0.0.0-8080-exec-9] DEBUG c.e.p.util.SecurityLoggingAspect - AUTHORIZATION_GRANTED: User=ANONYMOUS, Method=loadUserByUsername
2026-05-23 05:12:19.412 [http-nio-0.0.0.0-8080-exec-9] DEBUG c.e.p.util.SecurityLoggingAspect - AUTHORIZATION_GRANTED: User=ANONYMOUS, Method=isTokenValid
2026-05-23 05:12:19.413 [http-nio-0.0.0.0-8080-exec-9] DEBUG o.s.security.web.FilterChainProxy - Secured GET /api/v1/notifications/user/2
2026-05-23 05:12:19.414 [http-nio-0.0.0.0-8080-exec-9] INFO  c.e.p.util.HttpLoggingInterceptor - REQUEST_START [3e217213-368a-40f3-900d-078b491e7ebc] GET /api/v1/notifications/user/2 | IP: 172.27.232.215 | User-Agent: Mozilla/5.0 (Windows NT 10.0; Win64; x64) AppleWebKit/537.36 (KHTML, like Gecko) Chrome/148.0.0.0 Safari/537.36
2026-05-23 05:12:19.415 [http-nio-0.0.0.0-8080-exec-9] DEBUG o.s.o.j.s.OpenEntityManagerInViewInterceptor - Opening JPA EntityManager in OpenEntityManagerInViewInterceptor
2026-05-23 05:12:19.415 [http-nio-0.0.0.0-8080-exec-9] DEBUG o.s.s.a.m.AuthorizationManagerBeforeMethodInterceptor - Authorizing method invocation ReflectiveMethodInvocation: public org.springframework.http.ResponseEntity com.example.project.controller.NotificationController.getNotificationsByUser(java.lang.Long); target is of class [com.example.project.controller.NotificationController]
2026-05-23 05:12:19.418 [http-nio-0.0.0.0-8080-exec-9] ERROR c.e.p.e.GlobalExceptionHandler - UNEXPECTED_ERROR: Failed to evaluate expression 'hasRole('ADMIN') or @securityService.isCurrentUser(#utilisateurId)' | Stack Trace: 
java.lang.IllegalArgumentException: Failed to evaluate expression 'hasRole('ADMIN') or @securityService.isCurrentUser(#utilisateurId)'
	at org.springframework.security.access.expression.ExpressionUtils.evaluateAsBoolean(ExpressionUtils.java:33)
	at org.springframework.security.authorization.method.PreAuthorizeAuthorizationManager.check(PreAuthorizeAuthorizationManager.java:68)
	at org.springframework.security.authorization.method.PreAuthorizeAuthorizationManager.check(PreAuthorizeAuthorizationManager.java:40)
	at org.springframework.security.authorization.ObservationAuthorizationManager.check(ObservationAuthorizationManager.java:63)
	at org.springframework.security.config.annotation.method.configuration.DeferringObservationAuthorizationManager.check(DeferringObservationAuthorizationManager.java:47)
	at org.springframework.security.authorization.method.AuthorizationManagerBeforeMethodInterceptor.attemptAuthorization(AuthorizationManagerBeforeMethodInterceptor.java:251)
	at org.springframework.security.authorization.method.AuthorizationManagerBeforeMethodInterceptor.invoke(AuthorizationManagerBeforeMethodInterceptor.java:197)
	at org.springframework.aop.framework.ReflectiveMethodInvocation.proceed(ReflectiveMethodInvocation.java:184)
	at org.springframework.aop.framework.CglibAopProxy$CglibMethodInvocation.proceed(CglibAopProxy.java:768)
	at org.springframework.aop.interceptor.ExposeInvocationInterceptor.invoke(ExposeInvocationInterceptor.java:97)
	at org.springframework.aop.framework.ReflectiveMethodInvocation.proceed(ReflectiveMethodInvocation.java:184)
	at org.springframework.aop.framework.CglibAopProxy$CglibMethodInvocation.proceed(CglibAopProxy.java:768)
	at org.springframework.aop.framework.CglibAopProxy$DynamicAdvisedInterceptor.intercept(CglibAopProxy.java:720)
	at com.example.project.controller.NotificationController$$SpringCGLIB$$0.getNotificationsByUser(<generated>)
	at java.base/jdk.internal.reflect.NativeMethodAccessorImpl.invoke0(Native Method)
	at java.base/jdk.internal.reflect.NativeMethodAccessorImpl.invoke(NativeMethodAccessorImpl.java:77)
	at java.base/jdk.internal.reflect.DelegatingMethodAccessorImpl.invoke(DelegatingMethodAccessorImpl.java:43)
	at java.base/java.lang.reflect.Method.invoke(Method.java:568)
	at org.springframework.web.method.support.InvocableHandlerMethod.doInvoke(InvocableHandlerMethod.java:255)
	at org.springframework.web.method.support.InvocableHandlerMethod.invokeForRequest(InvocableHandlerMethod.java:188)
	at org.springframework.web.servlet.mvc.method.annotation.ServletInvocableHandlerMethod.invokeAndHandle(ServletInvocableHandlerMethod.java:118)
	at org.springframework.web.servlet.mvc.method.annotation.RequestMappingHandlerAdapter.invokeHandlerMethod(RequestMappingHandlerAdapter.java:926)
	at org.springframework.web.servlet.mvc.method.annotation.RequestMappingHandlerAdapter.handleInternal(RequestMappingHandlerAdapter.java:831)
	at org.springframework.web.servlet.mvc.method.AbstractHandlerMethodAdapter.handle(AbstractHandlerMethodAdapter.java:87)
	at org.springframework.web.servlet.DispatcherServlet.doDispatch(DispatcherServlet.java:1089)
	at org.springframework.web.servlet.DispatcherServlet.doService(DispatcherServlet.java:979)
	at org.springframework.web.servlet.FrameworkServlet.processRequest(FrameworkServlet.java:1014)
	at org.springframework.web.servlet.FrameworkServlet.doGet(FrameworkServlet.java:903)
	at jakarta.servlet.http.HttpServlet.service(HttpServlet.java:564)
	at org.springframework.web.servlet.FrameworkServlet.service(FrameworkServlet.java:885)
	at jakarta.servlet.http.HttpServlet.service(HttpServlet.java:658)
	at org.apache.catalina.core.ApplicationFilterChain.internalDoFilter(ApplicationFilterChain.java:206)
	at org.apache.catalina.core.ApplicationFilterChain.doFilter(ApplicationFilterChain.java:150)
	at org.apache.tomcat.websocket.server.WsFilter.doFilter(WsFilter.java:51)
	at org.apache.catalina.core.ApplicationFilterChain.internalDoFilter(ApplicationFilterChain.java:175)
	at org.apache.catalina.core.ApplicationFilterChain.doFilter(ApplicationFilterChain.java:150)
	at org.springframework.web.filter.OncePerRequestFilter.doFilter(OncePerRequestFilter.java:110)
	at org.apache.catalina.core.ApplicationFilterChain.internalDoFilter(ApplicationFilterChain.java:175)
	at org.apache.catalina.core.ApplicationFilterChain.doFilter(ApplicationFilterChain.java:150)
	at org.springframework.web.filter.CompositeFilter$VirtualFilterChain.doFilter(CompositeFilter.java:108)
	at org.springframework.security.web.FilterChainProxy.lambda$doFilterInternal$3(FilterChainProxy.java:231)
	at org.springframework.security.web.ObservationFilterChainDecorator$FilterObservation$SimpleFilterObservation.lambda$wrap$1(ObservationFilterChainDecorator.java:479)
	at org.springframework.security.web.ObservationFilterChainDecorator$AroundFilterObservation$SimpleAroundFilterObservation.lambda$wrap$1(ObservationFilterChainDecorator.java:340)
	at org.springframework.security.web.ObservationFilterChainDecorator.lambda$wrapSecured$0(ObservationFilterChainDecorator.java:82)
	at org.springframework.security.web.ObservationFilterChainDecorator$VirtualFilterChain.doFilter(ObservationFilterChainDecorator.java:128)
	at org.springframework.security.web.access.intercept.AuthorizationFilter.doFilter(AuthorizationFilter.java:100)
	at org.springframework.security.web.ObservationFilterChainDecorator$ObservationFilter.wrapFilter(ObservationFilterChainDecorator.java:240)
	at org.springframework.security.web.ObservationFilterChainDecorator$ObservationFilter.doFilter(ObservationFilterChainDecorator.java:227)
	at org.springframework.security.web.ObservationFilterChainDecorator$VirtualFilterChain.doFilter(ObservationFilterChainDecorator.java:137)
	at org.springframework.security.web.access.ExceptionTranslationFilter.doFilter(ExceptionTranslationFilter.java:126)
	at org.springframework.security.web.access.ExceptionTranslationFilter.doFilter(ExceptionTranslationFilter.java:120)
	at org.springframework.security.web.ObservationFilterChainDecorator$ObservationFilter.wrapFilter(ObservationFilterChainDecorator.java:240)
	at org.springframework.security.web.ObservationFilterChainDecorator$ObservationFilter.doFilter(ObservationFilterChainDecorator.java:227)
	at org.springframework.security.web.ObservationFilterChainDecorator$VirtualFilterChain.doFilter(ObservationFilterChainDecorator.java:137)
	at org.springframework.security.web.session.SessionManagementFilter.doFilter(SessionManagementFilter.java:131)
	at org.springframework.security.web.session.SessionManagementFilter.doFilter(SessionManagementFilter.java:85)
	at org.springframework.security.web.ObservationFilterChainDecorator$ObservationFilter.wrapFilter(ObservationFilterChainDecorator.java:240)
	at org.springframework.security.web.ObservationFilterChainDecorator$ObservationFilter.doFilter(ObservationFilterChainDecorator.java:227)
	at org.springframework.security.web.ObservationFilterChainDecorator$VirtualFilterChain.doFilter(ObservationFilterChainDecorator.java:137)
	at org.springframework.security.web.authentication.AnonymousAuthenticationFilter.doFilter(AnonymousAuthenticationFilter.java:100)
	at org.springframework.security.web.ObservationFilterChainDecorator$ObservationFilter.wrapFilter(ObservationFilterChainDecorator.java:240)
	at org.springframework.security.web.ObservationFilterChainDecorator$ObservationFilter.doFilter(ObservationFilterChainDecorator.java:227)
	at org.springframework.security.web.ObservationFilterChainDecorator$VirtualFilterChain.doFilter(ObservationFilterChainDecorator.java:137)
	at org.springframework.security.web.servletapi.SecurityContextHolderAwareRequestFilter.doFilter(SecurityContextHolderAwareRequestFilter.java:179)
	at org.springframework.security.web.ObservationFilterChainDecorator$ObservationFilter.wrapFilter(ObservationFilterChainDecorator.java:240)
	at org.springframework.security.web.ObservationFilterChainDecorator$ObservationFilter.doFilter(ObservationFilterChainDecorator.java:227)
	at org.springframework.security.web.ObservationFilterChainDecorator$VirtualFilterChain.doFilter(ObservationFilterChainDecorator.java:137)
	at org.springframework.security.web.savedrequest.RequestCacheAwareFilter.doFilter(RequestCacheAwareFilter.java:63)
	at org.springframework.security.web.ObservationFilterChainDecorator$ObservationFilter.wrapFilter(ObservationFilterChainDecorator.java:240)
	at org.springframework.security.web.ObservationFilterChainDecorator$ObservationFilter.doFilter(ObservationFilterChainDecorator.java:227)
	at org.springframework.security.web.ObservationFilterChainDecorator$VirtualFilterChain.doFilter(ObservationFilterChainDecorator.java:137)
	at com.example.project.security.JwtAuthFilter.doFilterInternal(JwtAuthFilter.java:63)
	at org.springframework.web.filter.OncePerRequestFilter.doFilter(OncePerRequestFilter.java:116)
	at org.springframework.security.web.ObservationFilterChainDecorator$ObservationFilter.wrapFilter(ObservationFilterChainDecorator.java:240)
	at org.springframework.security.web.ObservationFilterChainDecorator$ObservationFilter.doFilter(ObservationFilterChainDecorator.java:227)
	at org.springframework.security.web.ObservationFilterChainDecorator$VirtualFilterChain.doFilter(ObservationFilterChainDecorator.java:137)
	at org.springframework.security.web.authentication.logout.LogoutFilter.doFilter(LogoutFilter.java:107)
	at org.springframework.security.web.authentication.logout.LogoutFilter.doFilter(LogoutFilter.java:93)
	at org.springframework.security.web.ObservationFilterChainDecorator$ObservationFilter.wrapFilter(ObservationFilterChainDecorator.java:240)
	at org.springframework.security.web.ObservationFilterChainDecorator$ObservationFilter.doFilter(ObservationFilterChainDecorator.java:227)
	at org.springframework.security.web.ObservationFilterChainDecorator$VirtualFilterChain.doFilter(ObservationFilterChainDecorator.java:137)
	at org.springframework.web.filter.OncePerRequestFilter.doFilter(OncePerRequestFilter.java:110)
	at org.springframework.security.web.ObservationFilterChainDecorator$ObservationFilter.wrapFilter(ObservationFilterChainDecorator.java:240)
	at org.springframework.security.web.ObservationFilterChainDecorator$ObservationFilter.doFilter(ObservationFilterChainDecorator.java:227)
	at org.springframework.security.web.ObservationFilterChainDecorator$VirtualFilterChain.doFilter(ObservationFilterChainDecorator.java:137)
	at org.springframework.web.filter.CorsFilter.doFilterInternal(CorsFilter.java:91)
	at org.springframework.web.filter.OncePerRequestFilter.doFilter(OncePerRequestFilter.java:116)
	at org.springframework.security.web.ObservationFilterChainDecorator$ObservationFilter.wrapFilter(ObservationFilterChainDecorator.java:240)
	at org.springframework.security.web.ObservationFilterChainDecorator$ObservationFilter.doFilter(ObservationFilterChainDecorator.java:227)
	at org.springframework.security.web.ObservationFilterChainDecorator$VirtualFilterChain.doFilter(ObservationFilterChainDecorator.java:137)
	at org.springframework.security.web.header.HeaderWriterFilter.doHeadersAfter(HeaderWriterFilter.java:90)
	at org.springframework.security.web.header.HeaderWriterFilter.doFilterInternal(HeaderWriterFilter.java:75)
	at org.springframework.web.filter.OncePerRequestFilter.doFilter(OncePerRequestFilter.java:116)
	at org.springframework.security.web.ObservationFilterChainDecorator$ObservationFilter.wrapFilter(ObservationFilterChainDecorator.java:240)
	at org.springframework.security.web.ObservationFilterChainDecorator$ObservationFilter.doFilter(ObservationFilterChainDecorator.java:227)
	at org.springframework.security.web.ObservationFilterChainDecorator$VirtualFilterChain.doFilter(ObservationFilterChainDecorator.java:137)
	at org.springframework.security.web.context.SecurityContextHolderFilter.doFilter(SecurityContextHolderFilter.java:82)
	at org.springframework.security.web.context.SecurityContextHolderFilter.doFilter(SecurityContextHolderFilter.java:69)
	at org.springframework.security.web.ObservationFilterChainDecorator$ObservationFilter.wrapFilter(ObservationFilterChainDecorator.java:240)
	at org.springframework.security.web.ObservationFilterChainDecorator$ObservationFilter.doFilter(ObservationFilterChainDecorator.java:227)
	at org.springframework.security.web.ObservationFilterChainDecorator$VirtualFilterChain.doFilter(ObservationFilterChainDecorator.java:137)
	at org.springframework.security.web.context.request.async.WebAsyncManagerIntegrationFilter.doFilterInternal(WebAsyncManagerIntegrationFilter.java:62)
	at org.springframework.web.filter.OncePerRequestFilter.doFilter(OncePerRequestFilter.java:116)
	at org.springframework.security.web.ObservationFilterChainDecorator$ObservationFilter.wrapFilter(ObservationFilterChainDecorator.java:240)
	at org.springframework.security.web.ObservationFilterChainDecorator$ObservationFilter.doFilter(ObservationFilterChainDecorator.java:227)
	at org.springframework.security.web.ObservationFilterChainDecorator$VirtualFilterChain.doFilter(ObservationFilterChainDecorator.java:137)
	at org.springframework.security.web.session.DisableEncodeUrlFilter.doFilterInternal(DisableEncodeUrlFilter.java:42)
	at org.springframework.web.filter.OncePerRequestFilter.doFilter(OncePerRequestFilter.java:116)
	at org.springframework.security.web.ObservationFilterChainDecorator$ObservationFilter.wrapFilter(ObservationFilterChainDecorator.java:240)
	at org.springframework.security.web.ObservationFilterChainDecorator$AroundFilterObservation$SimpleAroundFilterObservation.lambda$wrap$0(ObservationFilterChainDecorator.java:323)
	at org.springframework.security.web.ObservationFilterChainDecorator$ObservationFilter.doFilter(ObservationFilterChainDecorator.java:224)
	at org.springframework.security.web.ObservationFilterChainDecorator$VirtualFilterChain.doFilter(ObservationFilterChainDecorator.java:137)
	at org.springframework.security.web.FilterChainProxy.doFilterInternal(FilterChainProxy.java:233)
	at org.springframework.security.web.FilterChainProxy.doFilter(FilterChainProxy.java:191)
	at org.springframework.web.filter.CompositeFilter$VirtualFilterChain.doFilter(CompositeFilter.java:113)
	at org.springframework.web.servlet.handler.HandlerMappingIntrospector.lambda$createCacheFilter$3(HandlerMappingIntrospector.java:195)
	at org.springframework.web.filter.CompositeFilter$VirtualFilterChain.doFilter(CompositeFilter.java:113)
	at org.springframework.web.filter.CompositeFilter.doFilter(CompositeFilter.java:74)
	at org.springframework.security.config.annotation.web.configuration.WebMvcSecurityConfiguration$CompositeFilterChainProxy.doFilter(WebMvcSecurityConfiguration.java:230)
	at org.springframework.web.filter.DelegatingFilterProxy.invokeDelegate(DelegatingFilterProxy.java:352)
	at org.springframework.web.filter.DelegatingFilterProxy.doFilter(DelegatingFilterProxy.java:268)
	at org.apache.catalina.core.ApplicationFilterChain.internalDoFilter(ApplicationFilterChain.java:175)
	at org.apache.catalina.core.ApplicationFilterChain.doFilter(ApplicationFilterChain.java:150)
	at org.springframework.web.filter.RequestContextFilter.doFilterInternal(RequestContextFilter.java:100)
	at org.springframework.web.filter.OncePerRequestFilter.doFilter(OncePerRequestFilter.java:116)
	at org.apache.catalina.core.ApplicationFilterChain.internalDoFilter(ApplicationFilterChain.java:175)
	at org.apache.catalina.core.ApplicationFilterChain.doFilter(ApplicationFilterChain.java:150)
	at org.springframework.web.filter.FormContentFilter.doFilterInternal(FormContentFilter.java:93)
	at org.springframework.web.filter.OncePerRequestFilter.doFilter(OncePerRequestFilter.java:116)
	at org.apache.catalina.core.ApplicationFilterChain.internalDoFilter(ApplicationFilterChain.java:175)
	at org.apache.catalina.core.ApplicationFilterChain.doFilter(ApplicationFilterChain.java:150)
	at org.springframework.web.filter.ServerHttpObservationFilter.doFilterInternal(ServerHttpObservationFilter.java:109)
	at org.springframework.web.filter.OncePerRequestFilter.doFilter(OncePerRequestFilter.java:116)
	at org.apache.catalina.core.ApplicationFilterChain.internalDoFilter(ApplicationFilterChain.java:175)
	at org.apache.catalina.core.ApplicationFilterChain.doFilter(ApplicationFilterChain.java:150)
	at org.springframework.web.filter.CharacterEncodingFilter.doFilterInternal(CharacterEncodingFilter.java:201)
	at org.springframework.web.filter.OncePerRequestFilter.doFilter(OncePerRequestFilter.java:116)
	at org.apache.catalina.core.ApplicationFilterChain.internalDoFilter(ApplicationFilterChain.java:175)
	at org.apache.catalina.core.ApplicationFilterChain.doFilter(ApplicationFilterChain.java:150)
	at org.apache.catalina.core.StandardWrapperValve.invoke(StandardWrapperValve.java:167)
	at org.apache.catalina.core.StandardContextValve.invoke(StandardContextValve.java:90)
	at org.apache.catalina.authenticator.AuthenticatorBase.invoke(AuthenticatorBase.java:482)
	at org.apache.catalina.core.StandardHostValve.invoke(StandardHostValve.java:115)
	at org.apache.catalina.valves.ErrorReportValve.invoke(ErrorReportValve.java:93)
	at org.apache.catalina.core.StandardEngineValve.invoke(StandardEngineValve.java:74)
	at org.apache.catalina.connector.CoyoteAdapter.service(CoyoteAdapter.java:344)
	at org.apache.coyote.http11.Http11Processor.service(Http11Processor.java:391)
	at org.apache.coyote.AbstractProcessorLight.process(AbstractProcessorLight.java:63)
	at org.apache.coyote.AbstractProtocol$ConnectionHandler.process(AbstractProtocol.java:896)
	at org.apache.tomcat.util.net.NioEndpoint$SocketProcessor.doRun(NioEndpoint.java:1736)
	at org.apache.tomcat.util.net.SocketProcessorBase.run(SocketProcessorBase.java:52)
	at org.apache.tomcat.util.threads.ThreadPoolExecutor.runWorker(ThreadPoolExecutor.java:1191)
	at org.apache.tomcat.util.threads.ThreadPoolExecutor$Worker.run(ThreadPoolExecutor.java:659)
	at org.apache.tomcat.util.threads.TaskThread$WrappingRunnable.run(TaskThread.java:63)
	at java.base/java.lang.Thread.run(Thread.java:842)
Caused by: org.springframework.expression.spel.SpelEvaluationException: EL1058E: A problem occurred when trying to resolve bean 'securityService':'Could not resolve bean reference against BeanFactory'
	at org.springframework.expression.spel.ast.BeanReference.getValueInternal(BeanReference.java:59)
	at org.springframework.expression.spel.ast.CompoundExpression.getValueRef(CompoundExpression.java:60)
	at org.springframework.expression.spel.ast.CompoundExpression.getValueInternal(CompoundExpression.java:96)
	at org.springframework.expression.spel.ast.SpelNodeImpl.getValue(SpelNodeImpl.java:222)
	at org.springframework.expression.spel.ast.OpOr.getBooleanValue(OpOr.java:56)
	at org.springframework.expression.spel.ast.OpOr.getValueInternal(OpOr.java:51)
	at org.springframework.expression.spel.ast.OpOr.getValueInternal(OpOr.java:37)
	at org.springframework.expression.spel.ast.SpelNodeImpl.getTypedValue(SpelNodeImpl.java:119)
	at org.springframework.expression.spel.standard.SpelExpression.getValue(SpelExpression.java:309)
	at org.springframework.security.access.expression.ExpressionUtils.evaluateAsBoolean(ExpressionUtils.java:30)
	... 154 common frames omitted
Caused by: org.springframework.expression.AccessException: Could not resolve bean reference against BeanFactory
	at org.springframework.context.expression.BeanFactoryResolver.resolve(BeanFactoryResolver.java:54)
	at org.springframework.expression.spel.ast.BeanReference.getValueInternal(BeanReference.java:55)
	... 163 common frames omitted
Caused by: org.springframework.beans.factory.NoSuchBeanDefinitionException: No bean named 'securityService' available
	at org.springframework.beans.factory.support.DefaultListableBeanFactory.getBeanDefinition(DefaultListableBeanFactory.java:895)
	at org.springframework.beans.factory.support.AbstractBeanFactory.getMergedLocalBeanDefinition(AbstractBeanFactory.java:1351)
	at org.springframework.beans.factory.support.AbstractBeanFactory.doGetBean(AbstractBeanFactory.java:300)
	at org.springframework.beans.factory.support.AbstractBeanFactory.getBean(AbstractBeanFactory.java:200)
	at org.springframework.context.support.AbstractApplicationContext.getBean(AbstractApplicationContext.java:1234)
	at org.springframework.context.expression.BeanFactoryResolver.resolve(BeanFactoryResolver.java:51)
	... 164 common frames omitted
2026-05-23 05:12:19.425 [http-nio-0.0.0.0-8080-exec-9] DEBUG o.s.o.j.s.OpenEntityManagerInViewInterceptor - Closing JPA EntityManager in OpenEntityManagerInViewInterceptor
2026-05-23 05:12:19.429 [http-nio-0.0.0.0-8080-exec-9] INFO  c.e.p.util.HttpLoggingInterceptor - REQUEST_END [3e217213-368a-40f3-900d-078b491e7ebc] GET /api/v1/notifications/user/2 | Status: 500 | Duration: 15ms
2026-05-23 05:12:33.600 [http-nio-0.0.0.0-8080-exec-8] DEBUG o.s.security.web.FilterChainProxy - Securing OPTIONS /api/v1/notifications/user/2
2026-05-23 05:12:33.616 [http-nio-0.0.0.0-8080-exec-7] DEBUG o.s.security.web.FilterChainProxy - Securing GET /ws-notifications/info?t=1779509563458
2026-05-23 05:12:33.619 [http-nio-0.0.0.0-8080-exec-4] DEBUG o.s.security.web.FilterChainProxy - Securing GET /api/v1/notifications/user/2
2026-05-23 05:12:33.617 [http-nio-0.0.0.0-8080-exec-7] DEBUG o.s.s.w.a.AnonymousAuthenticationFilter - Set SecurityContextHolder to anonymous SecurityContext
2026-05-23 05:12:33.626 [http-nio-0.0.0.0-8080-exec-4] DEBUG c.e.p.util.SecurityLoggingAspect - AUTHORIZATION_GRANTED: User=ANONYMOUS, Method=extractUsername
2026-05-23 05:12:33.627 [http-nio-0.0.0.0-8080-exec-7] DEBUG o.s.security.web.FilterChainProxy - Secured GET /ws-notifications/info?t=1779509563458
2026-05-23 05:12:33.630 [http-nio-0.0.0.0-8080-exec-4] DEBUG o.s.o.j.SharedEntityManagerCreator$SharedEntityManagerInvocationHandler - Creating new EntityManager for shared EntityManager invocation
2026-05-23 05:12:33.634 [http-nio-0.0.0.0-8080-exec-4] DEBUG org.hibernate.SQL - 
    select
        u1_0.id,
        u1_0.address,
        u1_0.admin_notes,
        u1_0.avatar_url,
        u1_0.bio,
        u1_0.preferred_category,
        u1_0.created_at,
        u1_0.email,
        u1_0.google_id,
        u1_0.kyc_status,
        u1_0.password,
        u1_0.last_name,
        u1_0.first_name,
        u1_0.role,
        u1_0.status,
        u1_0.phone,
        u1_0.ville 
    from
        users u1_0 
    where
        u1_0.email=?
2026-05-23 05:12:33.639 [http-nio-0.0.0.0-8080-exec-4] DEBUG c.e.p.util.PerformanceLoggingAspect - QUERY_EXECUTED: $Proxy166.findByEmail | Duration: 9ms
2026-05-23 05:12:33.642 [http-nio-0.0.0.0-8080-exec-4] DEBUG c.e.p.util.SecurityLoggingAspect - AUTHORIZATION_GRANTED: User=ANONYMOUS, Method=loadUserByUsername
2026-05-23 05:12:33.643 [http-nio-0.0.0.0-8080-exec-4] DEBUG c.e.p.util.SecurityLoggingAspect - AUTHORIZATION_GRANTED: User=ANONYMOUS, Method=isTokenValid
2026-05-23 05:12:33.644 [http-nio-0.0.0.0-8080-exec-4] DEBUG o.s.security.web.FilterChainProxy - Secured GET /api/v1/notifications/user/2
2026-05-23 05:12:33.646 [http-nio-0.0.0.0-8080-exec-4] INFO  c.e.p.util.HttpLoggingInterceptor - REQUEST_START [8766a11f-ac79-495c-ae1c-4e20dcbb5b73] GET /api/v1/notifications/user/2 | IP: 172.27.232.164 | User-Agent: Mozilla/5.0 (iPhone; CPU iPhone OS 16_7_14 like Mac OS X) AppleWebKit/605.1.15 (KHTML, like Gecko) Version/16.6.1 Mobile/15E148 Safari/604.1
2026-05-23 05:12:33.646 [http-nio-0.0.0.0-8080-exec-4] DEBUG o.s.o.j.s.OpenEntityManagerInViewInterceptor - Opening JPA EntityManager in OpenEntityManagerInViewInterceptor
2026-05-23 05:12:33.647 [http-nio-0.0.0.0-8080-exec-4] DEBUG o.s.s.a.m.AuthorizationManagerBeforeMethodInterceptor - Authorizing method invocation ReflectiveMethodInvocation: public org.springframework.http.ResponseEntity com.example.project.controller.NotificationController.getNotificationsByUser(java.lang.Long); target is of class [com.example.project.controller.NotificationController]
2026-05-23 05:12:33.648 [http-nio-0.0.0.0-8080-exec-4] ERROR c.e.p.e.GlobalExceptionHandler - UNEXPECTED_ERROR: Failed to evaluate expression 'hasRole('ADMIN') or @securityService.isCurrentUser(#utilisateurId)' | Stack Trace: 
java.lang.IllegalArgumentException: Failed to evaluate expression 'hasRole('ADMIN') or @securityService.isCurrentUser(#utilisateurId)'
	at org.springframework.security.access.expression.ExpressionUtils.evaluateAsBoolean(ExpressionUtils.java:33)
	at org.springframework.security.authorization.method.PreAuthorizeAuthorizationManager.check(PreAuthorizeAuthorizationManager.java:68)
	at org.springframework.security.authorization.method.PreAuthorizeAuthorizationManager.check(PreAuthorizeAuthorizationManager.java:40)
	at org.springframework.security.authorization.ObservationAuthorizationManager.check(ObservationAuthorizationManager.java:63)
	at org.springframework.security.config.annotation.method.configuration.DeferringObservationAuthorizationManager.check(DeferringObservationAuthorizationManager.java:47)
	at org.springframework.security.authorization.method.AuthorizationManagerBeforeMethodInterceptor.attemptAuthorization(AuthorizationManagerBeforeMethodInterceptor.java:251)
	at org.springframework.security.authorization.method.AuthorizationManagerBeforeMethodInterceptor.invoke(AuthorizationManagerBeforeMethodInterceptor.java:197)
	at org.springframework.aop.framework.ReflectiveMethodInvocation.proceed(ReflectiveMethodInvocation.java:184)
	at org.springframework.aop.framework.CglibAopProxy$CglibMethodInvocation.proceed(CglibAopProxy.java:768)
	at org.springframework.aop.interceptor.ExposeInvocationInterceptor.invoke(ExposeInvocationInterceptor.java:97)
	at org.springframework.aop.framework.ReflectiveMethodInvocation.proceed(ReflectiveMethodInvocation.java:184)
	at org.springframework.aop.framework.CglibAopProxy$CglibMethodInvocation.proceed(CglibAopProxy.java:768)
	at org.springframework.aop.framework.CglibAopProxy$DynamicAdvisedInterceptor.intercept(CglibAopProxy.java:720)
	at com.example.project.controller.NotificationController$$SpringCGLIB$$0.getNotificationsByUser(<generated>)
	at java.base/jdk.internal.reflect.NativeMethodAccessorImpl.invoke0(Native Method)
	at java.base/jdk.internal.reflect.NativeMethodAccessorImpl.invoke(NativeMethodAccessorImpl.java:77)
	at java.base/jdk.internal.reflect.DelegatingMethodAccessorImpl.invoke(DelegatingMethodAccessorImpl.java:43)
	at java.base/java.lang.reflect.Method.invoke(Method.java:568)
	at org.springframework.web.method.support.InvocableHandlerMethod.doInvoke(InvocableHandlerMethod.java:255)
	at org.springframework.web.method.support.InvocableHandlerMethod.invokeForRequest(InvocableHandlerMethod.java:188)
	at org.springframework.web.servlet.mvc.method.annotation.ServletInvocableHandlerMethod.invokeAndHandle(ServletInvocableHandlerMethod.java:118)
	at org.springframework.web.servlet.mvc.method.annotation.RequestMappingHandlerAdapter.invokeHandlerMethod(RequestMappingHandlerAdapter.java:926)
	at org.springframework.web.servlet.mvc.method.annotation.RequestMappingHandlerAdapter.handleInternal(RequestMappingHandlerAdapter.java:831)
	at org.springframework.web.servlet.mvc.method.AbstractHandlerMethodAdapter.handle(AbstractHandlerMethodAdapter.java:87)
	at org.springframework.web.servlet.DispatcherServlet.doDispatch(DispatcherServlet.java:1089)
	at org.springframework.web.servlet.DispatcherServlet.doService(DispatcherServlet.java:979)
	at org.springframework.web.servlet.FrameworkServlet.processRequest(FrameworkServlet.java:1014)
	at org.springframework.web.servlet.FrameworkServlet.doGet(FrameworkServlet.java:903)
	at jakarta.servlet.http.HttpServlet.service(HttpServlet.java:564)
	at org.springframework.web.servlet.FrameworkServlet.service(FrameworkServlet.java:885)
	at jakarta.servlet.http.HttpServlet.service(HttpServlet.java:658)
	at org.apache.catalina.core.ApplicationFilterChain.internalDoFilter(ApplicationFilterChain.java:206)
	at org.apache.catalina.core.ApplicationFilterChain.doFilter(ApplicationFilterChain.java:150)
	at org.apache.tomcat.websocket.server.WsFilter.doFilter(WsFilter.java:51)
	at org.apache.catalina.core.ApplicationFilterChain.internalDoFilter(ApplicationFilterChain.java:175)
	at org.apache.catalina.core.ApplicationFilterChain.doFilter(ApplicationFilterChain.java:150)
	at org.springframework.web.filter.OncePerRequestFilter.doFilter(OncePerRequestFilter.java:110)
	at org.apache.catalina.core.ApplicationFilterChain.internalDoFilter(ApplicationFilterChain.java:175)
	at org.apache.catalina.core.ApplicationFilterChain.doFilter(ApplicationFilterChain.java:150)
	at org.springframework.web.filter.CompositeFilter$VirtualFilterChain.doFilter(CompositeFilter.java:108)
	at org.springframework.security.web.FilterChainProxy.lambda$doFilterInternal$3(FilterChainProxy.java:231)
	at org.springframework.security.web.ObservationFilterChainDecorator$FilterObservation$SimpleFilterObservation.lambda$wrap$1(ObservationFilterChainDecorator.java:479)
	at org.springframework.security.web.ObservationFilterChainDecorator$AroundFilterObservation$SimpleAroundFilterObservation.lambda$wrap$1(ObservationFilterChainDecorator.java:340)
	at org.springframework.security.web.ObservationFilterChainDecorator.lambda$wrapSecured$0(ObservationFilterChainDecorator.java:82)
	at org.springframework.security.web.ObservationFilterChainDecorator$VirtualFilterChain.doFilter(ObservationFilterChainDecorator.java:128)
	at org.springframework.security.web.access.intercept.AuthorizationFilter.doFilter(AuthorizationFilter.java:100)
	at org.springframework.security.web.ObservationFilterChainDecorator$ObservationFilter.wrapFilter(ObservationFilterChainDecorator.java:240)
	at org.springframework.security.web.ObservationFilterChainDecorator$ObservationFilter.doFilter(ObservationFilterChainDecorator.java:227)
	at org.springframework.security.web.ObservationFilterChainDecorator$VirtualFilterChain.doFilter(ObservationFilterChainDecorator.java:137)
	at org.springframework.security.web.access.ExceptionTranslationFilter.doFilter(ExceptionTranslationFilter.java:126)
	at org.springframework.security.web.access.ExceptionTranslationFilter.doFilter(ExceptionTranslationFilter.java:120)
	at org.springframework.security.web.ObservationFilterChainDecorator$ObservationFilter.wrapFilter(ObservationFilterChainDecorator.java:240)
	at org.springframework.security.web.ObservationFilterChainDecorator$ObservationFilter.doFilter(ObservationFilterChainDecorator.java:227)
	at org.springframework.security.web.ObservationFilterChainDecorator$VirtualFilterChain.doFilter(ObservationFilterChainDecorator.java:137)
	at org.springframework.security.web.session.SessionManagementFilter.doFilter(SessionManagementFilter.java:131)
	at org.springframework.security.web.session.SessionManagementFilter.doFilter(SessionManagementFilter.java:85)
	at org.springframework.security.web.ObservationFilterChainDecorator$ObservationFilter.wrapFilter(ObservationFilterChainDecorator.java:240)
	at org.springframework.security.web.ObservationFilterChainDecorator$ObservationFilter.doFilter(ObservationFilterChainDecorator.java:227)
	at org.springframework.security.web.ObservationFilterChainDecorator$VirtualFilterChain.doFilter(ObservationFilterChainDecorator.java:137)
	at org.springframework.security.web.authentication.AnonymousAuthenticationFilter.doFilter(AnonymousAuthenticationFilter.java:100)
	at org.springframework.security.web.ObservationFilterChainDecorator$ObservationFilter.wrapFilter(ObservationFilterChainDecorator.java:240)
	at org.springframework.security.web.ObservationFilterChainDecorator$ObservationFilter.doFilter(ObservationFilterChainDecorator.java:227)
	at org.springframework.security.web.ObservationFilterChainDecorator$VirtualFilterChain.doFilter(ObservationFilterChainDecorator.java:137)
	at org.springframework.security.web.servletapi.SecurityContextHolderAwareRequestFilter.doFilter(SecurityContextHolderAwareRequestFilter.java:179)
	at org.springframework.security.web.ObservationFilterChainDecorator$ObservationFilter.wrapFilter(ObservationFilterChainDecorator.java:240)
	at org.springframework.security.web.ObservationFilterChainDecorator$ObservationFilter.doFilter(ObservationFilterChainDecorator.java:227)
	at org.springframework.security.web.ObservationFilterChainDecorator$VirtualFilterChain.doFilter(ObservationFilterChainDecorator.java:137)
	at org.springframework.security.web.savedrequest.RequestCacheAwareFilter.doFilter(RequestCacheAwareFilter.java:63)
	at org.springframework.security.web.ObservationFilterChainDecorator$ObservationFilter.wrapFilter(ObservationFilterChainDecorator.java:240)
	at org.springframework.security.web.ObservationFilterChainDecorator$ObservationFilter.doFilter(ObservationFilterChainDecorator.java:227)
	at org.springframework.security.web.ObservationFilterChainDecorator$VirtualFilterChain.doFilter(ObservationFilterChainDecorator.java:137)
	at com.example.project.security.JwtAuthFilter.doFilterInternal(JwtAuthFilter.java:63)
	at org.springframework.web.filter.OncePerRequestFilter.doFilter(OncePerRequestFilter.java:116)
	at org.springframework.security.web.ObservationFilterChainDecorator$ObservationFilter.wrapFilter(ObservationFilterChainDecorator.java:240)
	at org.springframework.security.web.ObservationFilterChainDecorator$ObservationFilter.doFilter(ObservationFilterChainDecorator.java:227)
	at org.springframework.security.web.ObservationFilterChainDecorator$VirtualFilterChain.doFilter(ObservationFilterChainDecorator.java:137)
	at org.springframework.security.web.authentication.logout.LogoutFilter.doFilter(LogoutFilter.java:107)
	at org.springframework.security.web.authentication.logout.LogoutFilter.doFilter(LogoutFilter.java:93)
	at org.springframework.security.web.ObservationFilterChainDecorator$ObservationFilter.wrapFilter(ObservationFilterChainDecorator.java:240)
	at org.springframework.security.web.ObservationFilterChainDecorator$ObservationFilter.doFilter(ObservationFilterChainDecorator.java:227)
	at org.springframework.security.web.ObservationFilterChainDecorator$VirtualFilterChain.doFilter(ObservationFilterChainDecorator.java:137)
	at org.springframework.web.filter.OncePerRequestFilter.doFilter(OncePerRequestFilter.java:110)
	at org.springframework.security.web.ObservationFilterChainDecorator$ObservationFilter.wrapFilter(ObservationFilterChainDecorator.java:240)
	at org.springframework.security.web.ObservationFilterChainDecorator$ObservationFilter.doFilter(ObservationFilterChainDecorator.java:227)
	at org.springframework.security.web.ObservationFilterChainDecorator$VirtualFilterChain.doFilter(ObservationFilterChainDecorator.java:137)
	at org.springframework.web.filter.CorsFilter.doFilterInternal(CorsFilter.java:91)
	at org.springframework.web.filter.OncePerRequestFilter.doFilter(OncePerRequestFilter.java:116)
	at org.springframework.security.web.ObservationFilterChainDecorator$ObservationFilter.wrapFilter(ObservationFilterChainDecorator.java:240)
	at org.springframework.security.web.ObservationFilterChainDecorator$ObservationFilter.doFilter(ObservationFilterChainDecorator.java:227)
	at org.springframework.security.web.ObservationFilterChainDecorator$VirtualFilterChain.doFilter(ObservationFilterChainDecorator.java:137)
	at org.springframework.security.web.header.HeaderWriterFilter.doHeadersAfter(HeaderWriterFilter.java:90)
	at org.springframework.security.web.header.HeaderWriterFilter.doFilterInternal(HeaderWriterFilter.java:75)
	at org.springframework.web.filter.OncePerRequestFilter.doFilter(OncePerRequestFilter.java:116)
	at org.springframework.security.web.ObservationFilterChainDecorator$ObservationFilter.wrapFilter(ObservationFilterChainDecorator.java:240)
	at org.springframework.security.web.ObservationFilterChainDecorator$ObservationFilter.doFilter(ObservationFilterChainDecorator.java:227)
	at org.springframework.security.web.ObservationFilterChainDecorator$VirtualFilterChain.doFilter(ObservationFilterChainDecorator.java:137)
	at org.springframework.security.web.context.SecurityContextHolderFilter.doFilter(SecurityContextHolderFilter.java:82)
	at org.springframework.security.web.context.SecurityContextHolderFilter.doFilter(SecurityContextHolderFilter.java:69)
	at org.springframework.security.web.ObservationFilterChainDecorator$ObservationFilter.wrapFilter(ObservationFilterChainDecorator.java:240)
	at org.springframework.security.web.ObservationFilterChainDecorator$ObservationFilter.doFilter(ObservationFilterChainDecorator.java:227)
	at org.springframework.security.web.ObservationFilterChainDecorator$VirtualFilterChain.doFilter(ObservationFilterChainDecorator.java:137)
	at org.springframework.security.web.context.request.async.WebAsyncManagerIntegrationFilter.doFilterInternal(WebAsyncManagerIntegrationFilter.java:62)
	at org.springframework.web.filter.OncePerRequestFilter.doFilter(OncePerRequestFilter.java:116)
	at org.springframework.security.web.ObservationFilterChainDecorator$ObservationFilter.wrapFilter(ObservationFilterChainDecorator.java:240)
	at org.springframework.security.web.ObservationFilterChainDecorator$ObservationFilter.doFilter(ObservationFilterChainDecorator.java:227)
	at org.springframework.security.web.ObservationFilterChainDecorator$VirtualFilterChain.doFilter(ObservationFilterChainDecorator.java:137)
	at org.springframework.security.web.session.DisableEncodeUrlFilter.doFilterInternal(DisableEncodeUrlFilter.java:42)
	at org.springframework.web.filter.OncePerRequestFilter.doFilter(OncePerRequestFilter.java:116)
	at org.springframework.security.web.ObservationFilterChainDecorator$ObservationFilter.wrapFilter(ObservationFilterChainDecorator.java:240)
	at org.springframework.security.web.ObservationFilterChainDecorator$AroundFilterObservation$SimpleAroundFilterObservation.lambda$wrap$0(ObservationFilterChainDecorator.java:323)
	at org.springframework.security.web.ObservationFilterChainDecorator$ObservationFilter.doFilter(ObservationFilterChainDecorator.java:224)
	at org.springframework.security.web.ObservationFilterChainDecorator$VirtualFilterChain.doFilter(ObservationFilterChainDecorator.java:137)
	at org.springframework.security.web.FilterChainProxy.doFilterInternal(FilterChainProxy.java:233)
	at org.springframework.security.web.FilterChainProxy.doFilter(FilterChainProxy.java:191)
	at org.springframework.web.filter.CompositeFilter$VirtualFilterChain.doFilter(CompositeFilter.java:113)
	at org.springframework.web.servlet.handler.HandlerMappingIntrospector.lambda$createCacheFilter$3(HandlerMappingIntrospector.java:195)
	at org.springframework.web.filter.CompositeFilter$VirtualFilterChain.doFilter(CompositeFilter.java:113)
	at org.springframework.web.filter.CompositeFilter.doFilter(CompositeFilter.java:74)
	at org.springframework.security.config.annotation.web.configuration.WebMvcSecurityConfiguration$CompositeFilterChainProxy.doFilter(WebMvcSecurityConfiguration.java:230)
	at org.springframework.web.filter.DelegatingFilterProxy.invokeDelegate(DelegatingFilterProxy.java:352)
	at org.springframework.web.filter.DelegatingFilterProxy.doFilter(DelegatingFilterProxy.java:268)
	at org.apache.catalina.core.ApplicationFilterChain.internalDoFilter(ApplicationFilterChain.java:175)
	at org.apache.catalina.core.ApplicationFilterChain.doFilter(ApplicationFilterChain.java:150)
	at org.springframework.web.filter.RequestContextFilter.doFilterInternal(RequestContextFilter.java:100)
	at org.springframework.web.filter.OncePerRequestFilter.doFilter(OncePerRequestFilter.java:116)
	at org.apache.catalina.core.ApplicationFilterChain.internalDoFilter(ApplicationFilterChain.java:175)
	at org.apache.catalina.core.ApplicationFilterChain.doFilter(ApplicationFilterChain.java:150)
	at org.springframework.web.filter.FormContentFilter.doFilterInternal(FormContentFilter.java:93)
	at org.springframework.web.filter.OncePerRequestFilter.doFilter(OncePerRequestFilter.java:116)
	at org.apache.catalina.core.ApplicationFilterChain.internalDoFilter(ApplicationFilterChain.java:175)
	at org.apache.catalina.core.ApplicationFilterChain.doFilter(ApplicationFilterChain.java:150)
	at org.springframework.web.filter.ServerHttpObservationFilter.doFilterInternal(ServerHttpObservationFilter.java:109)
	at org.springframework.web.filter.OncePerRequestFilter.doFilter(OncePerRequestFilter.java:116)
	at org.apache.catalina.core.ApplicationFilterChain.internalDoFilter(ApplicationFilterChain.java:175)
	at org.apache.catalina.core.ApplicationFilterChain.doFilter(ApplicationFilterChain.java:150)
	at org.springframework.web.filter.CharacterEncodingFilter.doFilterInternal(CharacterEncodingFilter.java:201)
	at org.springframework.web.filter.OncePerRequestFilter.doFilter(OncePerRequestFilter.java:116)
	at org.apache.catalina.core.ApplicationFilterChain.internalDoFilter(ApplicationFilterChain.java:175)
	at org.apache.catalina.core.ApplicationFilterChain.doFilter(ApplicationFilterChain.java:150)
	at org.apache.catalina.core.StandardWrapperValve.invoke(StandardWrapperValve.java:167)
	at org.apache.catalina.core.StandardContextValve.invoke(StandardContextValve.java:90)
	at org.apache.catalina.authenticator.AuthenticatorBase.invoke(AuthenticatorBase.java:482)
	at org.apache.catalina.core.StandardHostValve.invoke(StandardHostValve.java:115)
	at org.apache.catalina.valves.ErrorReportValve.invoke(ErrorReportValve.java:93)
	at org.apache.catalina.core.StandardEngineValve.invoke(StandardEngineValve.java:74)
	at org.apache.catalina.connector.CoyoteAdapter.service(CoyoteAdapter.java:344)
	at org.apache.coyote.http11.Http11Processor.service(Http11Processor.java:391)
	at org.apache.coyote.AbstractProcessorLight.process(AbstractProcessorLight.java:63)
	at org.apache.coyote.AbstractProtocol$ConnectionHandler.process(AbstractProtocol.java:896)
	at org.apache.tomcat.util.net.NioEndpoint$SocketProcessor.doRun(NioEndpoint.java:1736)
	at org.apache.tomcat.util.net.SocketProcessorBase.run(SocketProcessorBase.java:52)
	at org.apache.tomcat.util.threads.ThreadPoolExecutor.runWorker(ThreadPoolExecutor.java:1191)
	at org.apache.tomcat.util.threads.ThreadPoolExecutor$Worker.run(ThreadPoolExecutor.java:659)
	at org.apache.tomcat.util.threads.TaskThread$WrappingRunnable.run(TaskThread.java:63)
	at java.base/java.lang.Thread.run(Thread.java:842)
Caused by: org.springframework.expression.spel.SpelEvaluationException: EL1058E: A problem occurred when trying to resolve bean 'securityService':'Could not resolve bean reference against BeanFactory'
	at org.springframework.expression.spel.ast.BeanReference.getValueInternal(BeanReference.java:59)
	at org.springframework.expression.spel.ast.CompoundExpression.getValueRef(CompoundExpression.java:60)
	at org.springframework.expression.spel.ast.CompoundExpression.getValueInternal(CompoundExpression.java:96)
	at org.springframework.expression.spel.ast.SpelNodeImpl.getValue(SpelNodeImpl.java:222)
	at org.springframework.expression.spel.ast.OpOr.getBooleanValue(OpOr.java:56)
	at org.springframework.expression.spel.ast.OpOr.getValueInternal(OpOr.java:51)
	at org.springframework.expression.spel.ast.OpOr.getValueInternal(OpOr.java:37)
	at org.springframework.expression.spel.ast.SpelNodeImpl.getTypedValue(SpelNodeImpl.java:119)
	at org.springframework.expression.spel.standard.SpelExpression.getValue(SpelExpression.java:309)
	at org.springframework.security.access.expression.ExpressionUtils.evaluateAsBoolean(ExpressionUtils.java:30)
	... 154 common frames omitted
Caused by: org.springframework.expression.AccessException: Could not resolve bean reference against BeanFactory
	at org.springframework.context.expression.BeanFactoryResolver.resolve(BeanFactoryResolver.java:54)
	at org.springframework.expression.spel.ast.BeanReference.getValueInternal(BeanReference.java:55)
	... 163 common frames omitted
Caused by: org.springframework.beans.factory.NoSuchBeanDefinitionException: No bean named 'securityService' available
	at org.springframework.beans.factory.support.DefaultListableBeanFactory.getBeanDefinition(DefaultListableBeanFactory.java:895)
	at org.springframework.beans.factory.support.AbstractBeanFactory.getMergedLocalBeanDefinition(AbstractBeanFactory.java:1351)
	at org.springframework.beans.factory.support.AbstractBeanFactory.doGetBean(AbstractBeanFactory.java:300)
	at org.springframework.beans.factory.support.AbstractBeanFactory.getBean(AbstractBeanFactory.java:200)
	at org.springframework.context.support.AbstractApplicationContext.getBean(AbstractApplicationContext.java:1234)
	at org.springframework.context.expression.BeanFactoryResolver.resolve(BeanFactoryResolver.java:51)
	... 164 common frames omitted
2026-05-23 05:12:33.662 [http-nio-0.0.0.0-8080-exec-4] DEBUG o.s.o.j.s.OpenEntityManagerInViewInterceptor - Closing JPA EntityManager in OpenEntityManagerInViewInterceptor
2026-05-23 05:12:33.662 [http-nio-0.0.0.0-8080-exec-4] INFO  c.e.p.util.HttpLoggingInterceptor - REQUEST_END [8766a11f-ac79-495c-ae1c-4e20dcbb5b73] GET /api/v1/notifications/user/2 | Status: 500 | Duration: 16ms
2026-05-23 05:12:33.674 [http-nio-0.0.0.0-8080-exec-5] DEBUG o.s.security.web.FilterChainProxy - Securing GET /ws-notifications/636/m5s4cikj/websocket
2026-05-23 05:12:33.676 [http-nio-0.0.0.0-8080-exec-5] DEBUG o.s.s.w.a.AnonymousAuthenticationFilter - Set SecurityContextHolder to anonymous SecurityContext
2026-05-23 05:12:33.677 [http-nio-0.0.0.0-8080-exec-5] DEBUG o.s.security.web.FilterChainProxy - Secured GET /ws-notifications/636/m5s4cikj/websocket
2026-05-23 05:12:33.892 [http-nio-0.0.0.0-8080-exec-2] DEBUG o.s.security.web.FilterChainProxy - Securing OPTIONS /api/v1/projets/1
2026-05-23 05:12:33.904 [http-nio-0.0.0.0-8080-exec-9] DEBUG o.s.security.web.FilterChainProxy - Securing GET /api/v1/projets/1
2026-05-23 05:12:33.911 [http-nio-0.0.0.0-8080-exec-9] DEBUG c.e.p.util.SecurityLoggingAspect - AUTHORIZATION_GRANTED: User=ANONYMOUS, Method=extractUsername
2026-05-23 05:12:33.913 [http-nio-0.0.0.0-8080-exec-9] DEBUG o.s.o.j.SharedEntityManagerCreator$SharedEntityManagerInvocationHandler - Creating new EntityManager for shared EntityManager invocation
2026-05-23 05:12:33.917 [http-nio-0.0.0.0-8080-exec-9] DEBUG org.hibernate.SQL - 
    select
        u1_0.id,
        u1_0.address,
        u1_0.admin_notes,
        u1_0.avatar_url,
        u1_0.bio,
        u1_0.preferred_category,
        u1_0.created_at,
        u1_0.email,
        u1_0.google_id,
        u1_0.kyc_status,
        u1_0.password,
        u1_0.last_name,
        u1_0.first_name,
        u1_0.role,
        u1_0.status,
        u1_0.phone,
        u1_0.ville 
    from
        users u1_0 
    where
        u1_0.email=?
2026-05-23 05:12:33.926 [http-nio-0.0.0.0-8080-exec-9] DEBUG c.e.p.util.PerformanceLoggingAspect - QUERY_EXECUTED: $Proxy166.findByEmail | Duration: 14ms
2026-05-23 05:12:33.926 [http-nio-0.0.0.0-8080-exec-9] DEBUG c.e.p.util.SecurityLoggingAspect - AUTHORIZATION_GRANTED: User=ANONYMOUS, Method=loadUserByUsername
2026-05-23 05:12:33.928 [http-nio-0.0.0.0-8080-exec-9] DEBUG c.e.p.util.SecurityLoggingAspect - AUTHORIZATION_GRANTED: User=ANONYMOUS, Method=isTokenValid
2026-05-23 05:12:33.930 [http-nio-0.0.0.0-8080-exec-9] DEBUG o.s.security.web.FilterChainProxy - Secured GET /api/v1/projets/1
2026-05-23 05:12:33.930 [http-nio-0.0.0.0-8080-exec-9] INFO  c.e.p.util.HttpLoggingInterceptor - REQUEST_START [58eca4bd-deed-4b2c-a278-a3ce433ee404] GET /api/v1/projets/1 | IP: 172.27.232.164 | User-Agent: Mozilla/5.0 (iPhone; CPU iPhone OS 16_7_14 like Mac OS X) AppleWebKit/605.1.15 (KHTML, like Gecko) Version/16.6.1 Mobile/15E148 Safari/604.1
2026-05-23 05:12:33.931 [http-nio-0.0.0.0-8080-exec-9] DEBUG o.s.o.j.s.OpenEntityManagerInViewInterceptor - Opening JPA EntityManager in OpenEntityManagerInViewInterceptor
2026-05-23 05:12:33.932 [http-nio-0.0.0.0-8080-exec-9] DEBUG c.e.p.util.PerformanceLoggingAspect - CONTROLLER_METHOD_START: ProjetController.getProjet
2026-05-23 05:12:33.932 [http-nio-0.0.0.0-8080-exec-9] DEBUG c.e.p.util.PerformanceLoggingAspect - SERVICE_METHOD_START: ProjetServiceImpl.getProjet
2026-05-23 05:12:33.935 [http-nio-0.0.0.0-8080-exec-9] DEBUG o.s.orm.jpa.JpaTransactionManager - Found thread-bound EntityManager [SessionImpl(2018769546<open>)] for JPA transaction
2026-05-23 05:12:33.935 [http-nio-0.0.0.0-8080-exec-9] DEBUG o.s.orm.jpa.JpaTransactionManager - Creating new transaction with name [org.springframework.data.jpa.repository.support.SimpleJpaRepository.findById]: PROPAGATION_REQUIRED,ISOLATION_DEFAULT,readOnly
2026-05-23 05:12:33.938 [http-nio-0.0.0.0-8080-exec-9] DEBUG o.s.orm.jpa.JpaTransactionManager - Exposing JPA transaction as JDBC [org.springframework.orm.jpa.vendor.HibernateJpaDialect$HibernateConnectionHandle@169f8f17]
2026-05-23 05:12:33.941 [http-nio-0.0.0.0-8080-exec-9] DEBUG org.hibernate.SQL - 
    select
        p1_0.id,
        p1_0.admin_notes,
        p1_0.all_or_nothing,
        p1_0.categorie,
        p1_0.created_at,
        p1_0.start_date,
        p1_0.end_date,
        p1_0.description,
        p1_0.cover_image,
        p1_0.localisation,
        p1_0.current_amount,
        p1_0.investors_count,
        p1_0.funding_goal,
        p1_0.equity_percentage,
        p1_0.owner_id,
        p2_0.id,
        p2_0.address,
        p2_0.admin_notes,
        p2_0.avatar_url,
        p2_0.bio,
        p2_0.preferred_category,
        p2_0.created_at,
        p2_0.email,
        p2_0.google_id,
        p2_0.kyc_status,
        p2_0.password,
        p2_0.last_name,
        p2_0.first_name,
        p2_0.role,
        p2_0.status,
        p2_0.phone,
        p2_0.ville,
        p1_0.status,
        p1_0.suspension_deadline,
        p1_0.interest_rate,
        p1_0.titre,
        p1_0.funding_type 
    from
        projects p1_0 
    join
        users p2_0 
            on p2_0.id=p1_0.owner_id 
    where
        p1_0.id=?
2026-05-23 05:12:33.975 [http-nio-0.0.0.0-8080-exec-9] DEBUG o.s.orm.jpa.JpaTransactionManager - Initiating transaction commit
2026-05-23 05:12:33.976 [http-nio-0.0.0.0-8080-exec-9] DEBUG o.s.orm.jpa.JpaTransactionManager - Committing JPA transaction on EntityManager [SessionImpl(2018769546<open>)]
2026-05-23 05:12:33.978 [http-nio-0.0.0.0-8080-exec-9] DEBUG o.s.orm.jpa.JpaTransactionManager - Not closing pre-bound JPA EntityManager after transaction
2026-05-23 05:12:33.979 [http-nio-0.0.0.0-8080-exec-9] DEBUG c.e.p.util.PerformanceLoggingAspect - QUERY_EXECUTED: $Proxy173.findById | Duration: 46ms
2026-05-23 05:12:33.979 [http-nio-0.0.0.0-8080-exec-9] DEBUG c.e.p.util.DatabaseLoggingAspect - QUERY_EXECUTED: Method=findById, Duration=46ms
2026-05-23 05:12:33.979 [http-nio-0.0.0.0-8080-exec-9] DEBUG c.e.p.util.PerformanceLoggingAspect - SERVICE_METHOD_END: ProjetServiceImpl.getProjet | Duration: 47ms
2026-05-23 05:12:33.980 [http-nio-0.0.0.0-8080-exec-9] DEBUG c.e.p.util.PerformanceLoggingAspect - CONTROLLER_METHOD_END: ProjetController.getProjet | Duration: 48ms
2026-05-23 05:12:33.987 [http-nio-0.0.0.0-8080-exec-9] DEBUG o.s.o.j.s.OpenEntityManagerInViewInterceptor - Closing JPA EntityManager in OpenEntityManagerInViewInterceptor
2026-05-23 05:12:33.988 [http-nio-0.0.0.0-8080-exec-9] INFO  c.e.p.util.HttpLoggingInterceptor - REQUEST_END [58eca4bd-deed-4b2c-a278-a3ce433ee404] GET /api/v1/projets/1 | Status: 200 | Duration: 58ms
2026-05-23 05:12:45.269 [http-nio-0.0.0.0-8080-exec-3] DEBUG o.s.security.web.FilterChainProxy - Securing OPTIONS /api/v1/notifications/user/2
2026-05-23 05:12:45.276 [http-nio-0.0.0.0-8080-exec-6] DEBUG o.s.security.web.FilterChainProxy - Securing OPTIONS /api/v1/projets/porteur/2
2026-05-23 05:12:45.286 [http-nio-0.0.0.0-8080-exec-7] DEBUG o.s.security.web.FilterChainProxy - Securing GET /api/v1/notifications/user/2
2026-05-23 05:12:45.304 [http-nio-0.0.0.0-8080-exec-5] DEBUG o.s.security.web.FilterChainProxy - Securing GET /api/v1/projets/porteur/2
2026-05-23 05:12:45.312 [http-nio-0.0.0.0-8080-exec-7] DEBUG c.e.p.util.SecurityLoggingAspect - AUTHORIZATION_GRANTED: User=ANONYMOUS, Method=extractUsername
2026-05-23 05:12:45.324 [http-nio-0.0.0.0-8080-exec-1] DEBUG o.s.security.web.FilterChainProxy - Securing GET /ws-notifications/info?t=1779509575149
2026-05-23 05:12:45.328 [http-nio-0.0.0.0-8080-exec-7] DEBUG o.s.o.j.SharedEntityManagerCreator$SharedEntityManagerInvocationHandler - Creating new EntityManager for shared EntityManager invocation
2026-05-23 05:12:45.334 [http-nio-0.0.0.0-8080-exec-1] DEBUG o.s.s.w.a.AnonymousAuthenticationFilter - Set SecurityContextHolder to anonymous SecurityContext
2026-05-23 05:12:45.328 [http-nio-0.0.0.0-8080-exec-5] DEBUG c.e.p.util.SecurityLoggingAspect - AUTHORIZATION_GRANTED: User=ANONYMOUS, Method=extractUsername
2026-05-23 05:12:45.339 [http-nio-0.0.0.0-8080-exec-7] DEBUG org.hibernate.SQL - 
    select
        u1_0.id,
        u1_0.address,
        u1_0.admin_notes,
        u1_0.avatar_url,
        u1_0.bio,
        u1_0.preferred_category,
        u1_0.created_at,
        u1_0.email,
        u1_0.google_id,
        u1_0.kyc_status,
        u1_0.password,
        u1_0.last_name,
        u1_0.first_name,
        u1_0.role,
        u1_0.status,
        u1_0.phone,
        u1_0.ville 
    from
        users u1_0 
    where
        u1_0.email=?
2026-05-23 05:12:45.340 [http-nio-0.0.0.0-8080-exec-5] DEBUG o.s.o.j.SharedEntityManagerCreator$SharedEntityManagerInvocationHandler - Creating new EntityManager for shared EntityManager invocation
2026-05-23 05:12:45.341 [http-nio-0.0.0.0-8080-exec-1] DEBUG o.s.security.web.FilterChainProxy - Secured GET /ws-notifications/info?t=1779509575149
2026-05-23 05:12:45.343 [http-nio-0.0.0.0-8080-exec-5] DEBUG org.hibernate.SQL - 
    select
        u1_0.id,
        u1_0.address,
        u1_0.admin_notes,
        u1_0.avatar_url,
        u1_0.bio,
        u1_0.preferred_category,
        u1_0.created_at,
        u1_0.email,
        u1_0.google_id,
        u1_0.kyc_status,
        u1_0.password,
        u1_0.last_name,
        u1_0.first_name,
        u1_0.role,
        u1_0.status,
        u1_0.phone,
        u1_0.ville 
    from
        users u1_0 
    where
        u1_0.email=?
2026-05-23 05:12:45.344 [http-nio-0.0.0.0-8080-exec-7] DEBUG c.e.p.util.PerformanceLoggingAspect - QUERY_EXECUTED: $Proxy166.findByEmail | Duration: 16ms
2026-05-23 05:12:45.346 [http-nio-0.0.0.0-8080-exec-7] DEBUG c.e.p.util.SecurityLoggingAspect - AUTHORIZATION_GRANTED: User=ANONYMOUS, Method=loadUserByUsername
2026-05-23 05:12:45.351 [http-nio-0.0.0.0-8080-exec-5] DEBUG c.e.p.util.PerformanceLoggingAspect - QUERY_EXECUTED: $Proxy166.findByEmail | Duration: 11ms
2026-05-23 05:12:45.354 [http-nio-0.0.0.0-8080-exec-5] DEBUG c.e.p.util.SecurityLoggingAspect - AUTHORIZATION_GRANTED: User=ANONYMOUS, Method=loadUserByUsername
2026-05-23 05:12:45.355 [http-nio-0.0.0.0-8080-exec-7] DEBUG c.e.p.util.SecurityLoggingAspect - AUTHORIZATION_GRANTED: User=ANONYMOUS, Method=isTokenValid
2026-05-23 05:12:45.357 [http-nio-0.0.0.0-8080-exec-7] DEBUG o.s.security.web.FilterChainProxy - Secured GET /api/v1/notifications/user/2
2026-05-23 05:12:45.357 [http-nio-0.0.0.0-8080-exec-5] DEBUG c.e.p.util.SecurityLoggingAspect - AUTHORIZATION_GRANTED: User=ANONYMOUS, Method=isTokenValid
2026-05-23 05:12:45.358 [http-nio-0.0.0.0-8080-exec-7] INFO  c.e.p.util.HttpLoggingInterceptor - REQUEST_START [232abca5-bdad-445f-b51e-1d460ae2fefc] GET /api/v1/notifications/user/2 | IP: 172.27.232.164 | User-Agent: Mozilla/5.0 (iPhone; CPU iPhone OS 16_7_14 like Mac OS X) AppleWebKit/605.1.15 (KHTML, like Gecko) Version/16.6.1 Mobile/15E148 Safari/604.1
2026-05-23 05:12:45.360 [http-nio-0.0.0.0-8080-exec-7] DEBUG o.s.o.j.s.OpenEntityManagerInViewInterceptor - Opening JPA EntityManager in OpenEntityManagerInViewInterceptor
2026-05-23 05:12:45.360 [http-nio-0.0.0.0-8080-exec-5] DEBUG o.s.security.web.FilterChainProxy - Secured GET /api/v1/projets/porteur/2
2026-05-23 05:12:45.360 [http-nio-0.0.0.0-8080-exec-7] DEBUG o.s.s.a.m.AuthorizationManagerBeforeMethodInterceptor - Authorizing method invocation ReflectiveMethodInvocation: public org.springframework.http.ResponseEntity com.example.project.controller.NotificationController.getNotificationsByUser(java.lang.Long); target is of class [com.example.project.controller.NotificationController]
2026-05-23 05:12:45.361 [http-nio-0.0.0.0-8080-exec-5] INFO  c.e.p.util.HttpLoggingInterceptor - REQUEST_START [ea2b130b-c8c6-45dd-a55d-f87d12451967] GET /api/v1/projets/porteur/2 | IP: 172.27.232.164 | User-Agent: Mozilla/5.0 (iPhone; CPU iPhone OS 16_7_14 like Mac OS X) AppleWebKit/605.1.15 (KHTML, like Gecko) Version/16.6.1 Mobile/15E148 Safari/604.1
2026-05-23 05:12:45.362 [http-nio-0.0.0.0-8080-exec-5] DEBUG o.s.o.j.s.OpenEntityManagerInViewInterceptor - Opening JPA EntityManager in OpenEntityManagerInViewInterceptor
2026-05-23 05:12:45.362 [http-nio-0.0.0.0-8080-exec-7] ERROR c.e.p.e.GlobalExceptionHandler - UNEXPECTED_ERROR: Failed to evaluate expression 'hasRole('ADMIN') or @securityService.isCurrentUser(#utilisateurId)' | Stack Trace: 
java.lang.IllegalArgumentException: Failed to evaluate expression 'hasRole('ADMIN') or @securityService.isCurrentUser(#utilisateurId)'
	at org.springframework.security.access.expression.ExpressionUtils.evaluateAsBoolean(ExpressionUtils.java:33)
	at org.springframework.security.authorization.method.PreAuthorizeAuthorizationManager.check(PreAuthorizeAuthorizationManager.java:68)
	at org.springframework.security.authorization.method.PreAuthorizeAuthorizationManager.check(PreAuthorizeAuthorizationManager.java:40)
	at org.springframework.security.authorization.ObservationAuthorizationManager.check(ObservationAuthorizationManager.java:63)
	at org.springframework.security.config.annotation.method.configuration.DeferringObservationAuthorizationManager.check(DeferringObservationAuthorizationManager.java:47)
	at org.springframework.security.authorization.method.AuthorizationManagerBeforeMethodInterceptor.attemptAuthorization(AuthorizationManagerBeforeMethodInterceptor.java:251)
	at org.springframework.security.authorization.method.AuthorizationManagerBeforeMethodInterceptor.invoke(AuthorizationManagerBeforeMethodInterceptor.java:197)
	at org.springframework.aop.framework.ReflectiveMethodInvocation.proceed(ReflectiveMethodInvocation.java:184)
	at org.springframework.aop.framework.CglibAopProxy$CglibMethodInvocation.proceed(CglibAopProxy.java:768)
	at org.springframework.aop.interceptor.ExposeInvocationInterceptor.invoke(ExposeInvocationInterceptor.java:97)
	at org.springframework.aop.framework.ReflectiveMethodInvocation.proceed(ReflectiveMethodInvocation.java:184)
	at org.springframework.aop.framework.CglibAopProxy$CglibMethodInvocation.proceed(CglibAopProxy.java:768)
	at org.springframework.aop.framework.CglibAopProxy$DynamicAdvisedInterceptor.intercept(CglibAopProxy.java:720)
	at com.example.project.controller.NotificationController$$SpringCGLIB$$0.getNotificationsByUser(<generated>)
	at java.base/jdk.internal.reflect.NativeMethodAccessorImpl.invoke0(Native Method)
	at java.base/jdk.internal.reflect.NativeMethodAccessorImpl.invoke(NativeMethodAccessorImpl.java:77)
	at java.base/jdk.internal.reflect.DelegatingMethodAccessorImpl.invoke(DelegatingMethodAccessorImpl.java:43)
	at java.base/java.lang.reflect.Method.invoke(Method.java:568)
	at org.springframework.web.method.support.InvocableHandlerMethod.doInvoke(InvocableHandlerMethod.java:255)
	at org.springframework.web.method.support.InvocableHandlerMethod.invokeForRequest(InvocableHandlerMethod.java:188)
	at org.springframework.web.servlet.mvc.method.annotation.ServletInvocableHandlerMethod.invokeAndHandle(ServletInvocableHandlerMethod.java:118)
	at org.springframework.web.servlet.mvc.method.annotation.RequestMappingHandlerAdapter.invokeHandlerMethod(RequestMappingHandlerAdapter.java:926)
	at org.springframework.web.servlet.mvc.method.annotation.RequestMappingHandlerAdapter.handleInternal(RequestMappingHandlerAdapter.java:831)
	at org.springframework.web.servlet.mvc.method.AbstractHandlerMethodAdapter.handle(AbstractHandlerMethodAdapter.java:87)
	at org.springframework.web.servlet.DispatcherServlet.doDispatch(DispatcherServlet.java:1089)
	at org.springframework.web.servlet.DispatcherServlet.doService(DispatcherServlet.java:979)
	at org.springframework.web.servlet.FrameworkServlet.processRequest(FrameworkServlet.java:1014)
	at org.springframework.web.servlet.FrameworkServlet.doGet(FrameworkServlet.java:903)
	at jakarta.servlet.http.HttpServlet.service(HttpServlet.java:564)
	at org.springframework.web.servlet.FrameworkServlet.service(FrameworkServlet.java:885)
	at jakarta.servlet.http.HttpServlet.service(HttpServlet.java:658)
	at org.apache.catalina.core.ApplicationFilterChain.internalDoFilter(ApplicationFilterChain.java:206)
	at org.apache.catalina.core.ApplicationFilterChain.doFilter(ApplicationFilterChain.java:150)
	at org.apache.tomcat.websocket.server.WsFilter.doFilter(WsFilter.java:51)
	at org.apache.catalina.core.ApplicationFilterChain.internalDoFilter(ApplicationFilterChain.java:175)
	at org.apache.catalina.core.ApplicationFilterChain.doFilter(ApplicationFilterChain.java:150)
	at org.springframework.web.filter.OncePerRequestFilter.doFilter(OncePerRequestFilter.java:110)
	at org.apache.catalina.core.ApplicationFilterChain.internalDoFilter(ApplicationFilterChain.java:175)
	at org.apache.catalina.core.ApplicationFilterChain.doFilter(ApplicationFilterChain.java:150)
	at org.springframework.web.filter.CompositeFilter$VirtualFilterChain.doFilter(CompositeFilter.java:108)
	at org.springframework.security.web.FilterChainProxy.lambda$doFilterInternal$3(FilterChainProxy.java:231)
	at org.springframework.security.web.ObservationFilterChainDecorator$FilterObservation$SimpleFilterObservation.lambda$wrap$1(ObservationFilterChainDecorator.java:479)
	at org.springframework.security.web.ObservationFilterChainDecorator$AroundFilterObservation$SimpleAroundFilterObservation.lambda$wrap$1(ObservationFilterChainDecorator.java:340)
	at org.springframework.security.web.ObservationFilterChainDecorator.lambda$wrapSecured$0(ObservationFilterChainDecorator.java:82)
	at org.springframework.security.web.ObservationFilterChainDecorator$VirtualFilterChain.doFilter(ObservationFilterChainDecorator.java:128)
	at org.springframework.security.web.access.intercept.AuthorizationFilter.doFilter(AuthorizationFilter.java:100)
	at org.springframework.security.web.ObservationFilterChainDecorator$ObservationFilter.wrapFilter(ObservationFilterChainDecorator.java:240)
	at org.springframework.security.web.ObservationFilterChainDecorator$ObservationFilter.doFilter(ObservationFilterChainDecorator.java:227)
	at org.springframework.security.web.ObservationFilterChainDecorator$VirtualFilterChain.doFilter(ObservationFilterChainDecorator.java:137)
	at org.springframework.security.web.access.ExceptionTranslationFilter.doFilter(ExceptionTranslationFilter.java:126)
	at org.springframework.security.web.access.ExceptionTranslationFilter.doFilter(ExceptionTranslationFilter.java:120)
	at org.springframework.security.web.ObservationFilterChainDecorator$ObservationFilter.wrapFilter(ObservationFilterChainDecorator.java:240)
	at org.springframework.security.web.ObservationFilterChainDecorator$ObservationFilter.doFilter(ObservationFilterChainDecorator.java:227)
	at org.springframework.security.web.ObservationFilterChainDecorator$VirtualFilterChain.doFilter(ObservationFilterChainDecorator.java:137)
	at org.springframework.security.web.session.SessionManagementFilter.doFilter(SessionManagementFilter.java:131)
	at org.springframework.security.web.session.SessionManagementFilter.doFilter(SessionManagementFilter.java:85)
	at org.springframework.security.web.ObservationFilterChainDecorator$ObservationFilter.wrapFilter(ObservationFilterChainDecorator.java:240)
	at org.springframework.security.web.ObservationFilterChainDecorator$ObservationFilter.doFilter(ObservationFilterChainDecorator.java:227)
	at org.springframework.security.web.ObservationFilterChainDecorator$VirtualFilterChain.doFilter(ObservationFilterChainDecorator.java:137)
	at org.springframework.security.web.authentication.AnonymousAuthenticationFilter.doFilter(AnonymousAuthenticationFilter.java:100)
	at org.springframework.security.web.ObservationFilterChainDecorator$ObservationFilter.wrapFilter(ObservationFilterChainDecorator.java:240)
	at org.springframework.security.web.ObservationFilterChainDecorator$ObservationFilter.doFilter(ObservationFilterChainDecorator.java:227)
	at org.springframework.security.web.ObservationFilterChainDecorator$VirtualFilterChain.doFilter(ObservationFilterChainDecorator.java:137)
	at org.springframework.security.web.servletapi.SecurityContextHolderAwareRequestFilter.doFilter(SecurityContextHolderAwareRequestFilter.java:179)
	at org.springframework.security.web.ObservationFilterChainDecorator$ObservationFilter.wrapFilter(ObservationFilterChainDecorator.java:240)
	at org.springframework.security.web.ObservationFilterChainDecorator$ObservationFilter.doFilter(ObservationFilterChainDecorator.java:227)
	at org.springframework.security.web.ObservationFilterChainDecorator$VirtualFilterChain.doFilter(ObservationFilterChainDecorator.java:137)
	at org.springframework.security.web.savedrequest.RequestCacheAwareFilter.doFilter(RequestCacheAwareFilter.java:63)
	at org.springframework.security.web.ObservationFilterChainDecorator$ObservationFilter.wrapFilter(ObservationFilterChainDecorator.java:240)
	at org.springframework.security.web.ObservationFilterChainDecorator$ObservationFilter.doFilter(ObservationFilterChainDecorator.java:227)
	at org.springframework.security.web.ObservationFilterChainDecorator$VirtualFilterChain.doFilter(ObservationFilterChainDecorator.java:137)
	at com.example.project.security.JwtAuthFilter.doFilterInternal(JwtAuthFilter.java:63)
	at org.springframework.web.filter.OncePerRequestFilter.doFilter(OncePerRequestFilter.java:116)
	at org.springframework.security.web.ObservationFilterChainDecorator$ObservationFilter.wrapFilter(ObservationFilterChainDecorator.java:240)
	at org.springframework.security.web.ObservationFilterChainDecorator$ObservationFilter.doFilter(ObservationFilterChainDecorator.java:227)
	at org.springframework.security.web.ObservationFilterChainDecorator$VirtualFilterChain.doFilter(ObservationFilterChainDecorator.java:137)
	at org.springframework.security.web.authentication.logout.LogoutFilter.doFilter(LogoutFilter.java:107)
	at org.springframework.security.web.authentication.logout.LogoutFilter.doFilter(LogoutFilter.java:93)
	at org.springframework.security.web.ObservationFilterChainDecorator$ObservationFilter.wrapFilter(ObservationFilterChainDecorator.java:240)
	at org.springframework.security.web.ObservationFilterChainDecorator$ObservationFilter.doFilter(ObservationFilterChainDecorator.java:227)
	at org.springframework.security.web.ObservationFilterChainDecorator$VirtualFilterChain.doFilter(ObservationFilterChainDecorator.java:137)
	at org.springframework.web.filter.OncePerRequestFilter.doFilter(OncePerRequestFilter.java:110)
	at org.springframework.security.web.ObservationFilterChainDecorator$ObservationFilter.wrapFilter(ObservationFilterChainDecorator.java:240)
	at org.springframework.security.web.ObservationFilterChainDecorator$ObservationFilter.doFilter(ObservationFilterChainDecorator.java:227)
	at org.springframework.security.web.ObservationFilterChainDecorator$VirtualFilterChain.doFilter(ObservationFilterChainDecorator.java:137)
	at org.springframework.web.filter.CorsFilter.doFilterInternal(CorsFilter.java:91)
	at org.springframework.web.filter.OncePerRequestFilter.doFilter(OncePerRequestFilter.java:116)
	at org.springframework.security.web.ObservationFilterChainDecorator$ObservationFilter.wrapFilter(ObservationFilterChainDecorator.java:240)
	at org.springframework.security.web.ObservationFilterChainDecorator$ObservationFilter.doFilter(ObservationFilterChainDecorator.java:227)
	at org.springframework.security.web.ObservationFilterChainDecorator$VirtualFilterChain.doFilter(ObservationFilterChainDecorator.java:137)
	at org.springframework.security.web.header.HeaderWriterFilter.doHeadersAfter(HeaderWriterFilter.java:90)
	at org.springframework.security.web.header.HeaderWriterFilter.doFilterInternal(HeaderWriterFilter.java:75)
	at org.springframework.web.filter.OncePerRequestFilter.doFilter(OncePerRequestFilter.java:116)
	at org.springframework.security.web.ObservationFilterChainDecorator$ObservationFilter.wrapFilter(ObservationFilterChainDecorator.java:240)
	at org.springframework.security.web.ObservationFilterChainDecorator$ObservationFilter.doFilter(ObservationFilterChainDecorator.java:227)
	at org.springframework.security.web.ObservationFilterChainDecorator$VirtualFilterChain.doFilter(ObservationFilterChainDecorator.java:137)
	at org.springframework.security.web.context.SecurityContextHolderFilter.doFilter(SecurityContextHolderFilter.java:82)
	at org.springframework.security.web.context.SecurityContextHolderFilter.doFilter(SecurityContextHolderFilter.java:69)
	at org.springframework.security.web.ObservationFilterChainDecorator$ObservationFilter.wrapFilter(ObservationFilterChainDecorator.java:240)
	at org.springframework.security.web.ObservationFilterChainDecorator$ObservationFilter.doFilter(ObservationFilterChainDecorator.java:227)
	at org.springframework.security.web.ObservationFilterChainDecorator$VirtualFilterChain.doFilter(ObservationFilterChainDecorator.java:137)
	at org.springframework.security.web.context.request.async.WebAsyncManagerIntegrationFilter.doFilterInternal(WebAsyncManagerIntegrationFilter.java:62)
	at org.springframework.web.filter.OncePerRequestFilter.doFilter(OncePerRequestFilter.java:116)
	at org.springframework.security.web.ObservationFilterChainDecorator$ObservationFilter.wrapFilter(ObservationFilterChainDecorator.java:240)
	at org.springframework.security.web.ObservationFilterChainDecorator$ObservationFilter.doFilter(ObservationFilterChainDecorator.java:227)
	at org.springframework.security.web.ObservationFilterChainDecorator$VirtualFilterChain.doFilter(ObservationFilterChainDecorator.java:137)
	at org.springframework.security.web.session.DisableEncodeUrlFilter.doFilterInternal(DisableEncodeUrlFilter.java:42)
	at org.springframework.web.filter.OncePerRequestFilter.doFilter(OncePerRequestFilter.java:116)
	at org.springframework.security.web.ObservationFilterChainDecorator$ObservationFilter.wrapFilter(ObservationFilterChainDecorator.java:240)
	at org.springframework.security.web.ObservationFilterChainDecorator$AroundFilterObservation$SimpleAroundFilterObservation.lambda$wrap$0(ObservationFilterChainDecorator.java:323)
	at org.springframework.security.web.ObservationFilterChainDecorator$ObservationFilter.doFilter(ObservationFilterChainDecorator.java:224)
	at org.springframework.security.web.ObservationFilterChainDecorator$VirtualFilterChain.doFilter(ObservationFilterChainDecorator.java:137)
	at org.springframework.security.web.FilterChainProxy.doFilterInternal(FilterChainProxy.java:233)
	at org.springframework.security.web.FilterChainProxy.doFilter(FilterChainProxy.java:191)
	at org.springframework.web.filter.CompositeFilter$VirtualFilterChain.doFilter(CompositeFilter.java:113)
	at org.springframework.web.servlet.handler.HandlerMappingIntrospector.lambda$createCacheFilter$3(HandlerMappingIntrospector.java:195)
	at org.springframework.web.filter.CompositeFilter$VirtualFilterChain.doFilter(CompositeFilter.java:113)
	at org.springframework.web.filter.CompositeFilter.doFilter(CompositeFilter.java:74)
	at org.springframework.security.config.annotation.web.configuration.WebMvcSecurityConfiguration$CompositeFilterChainProxy.doFilter(WebMvcSecurityConfiguration.java:230)
	at org.springframework.web.filter.DelegatingFilterProxy.invokeDelegate(DelegatingFilterProxy.java:352)
	at org.springframework.web.filter.DelegatingFilterProxy.doFilter(DelegatingFilterProxy.java:268)
	at org.apache.catalina.core.ApplicationFilterChain.internalDoFilter(ApplicationFilterChain.java:175)
	at org.apache.catalina.core.ApplicationFilterChain.doFilter(ApplicationFilterChain.java:150)
	at org.springframework.web.filter.RequestContextFilter.doFilterInternal(RequestContextFilter.java:100)
	at org.springframework.web.filter.OncePerRequestFilter.doFilter(OncePerRequestFilter.java:116)
	at org.apache.catalina.core.ApplicationFilterChain.internalDoFilter(ApplicationFilterChain.java:175)
	at org.apache.catalina.core.ApplicationFilterChain.doFilter(ApplicationFilterChain.java:150)
	at org.springframework.web.filter.FormContentFilter.doFilterInternal(FormContentFilter.java:93)
	at org.springframework.web.filter.OncePerRequestFilter.doFilter(OncePerRequestFilter.java:116)
	at org.apache.catalina.core.ApplicationFilterChain.internalDoFilter(ApplicationFilterChain.java:175)
	at org.apache.catalina.core.ApplicationFilterChain.doFilter(ApplicationFilterChain.java:150)
	at org.springframework.web.filter.ServerHttpObservationFilter.doFilterInternal(ServerHttpObservationFilter.java:109)
	at org.springframework.web.filter.OncePerRequestFilter.doFilter(OncePerRequestFilter.java:116)
	at org.apache.catalina.core.ApplicationFilterChain.internalDoFilter(ApplicationFilterChain.java:175)
	at org.apache.catalina.core.ApplicationFilterChain.doFilter(ApplicationFilterChain.java:150)
	at org.springframework.web.filter.CharacterEncodingFilter.doFilterInternal(CharacterEncodingFilter.java:201)
	at org.springframework.web.filter.OncePerRequestFilter.doFilter(OncePerRequestFilter.java:116)
	at org.apache.catalina.core.ApplicationFilterChain.internalDoFilter(ApplicationFilterChain.java:175)
	at org.apache.catalina.core.ApplicationFilterChain.doFilter(ApplicationFilterChain.java:150)
	at org.apache.catalina.core.StandardWrapperValve.invoke(StandardWrapperValve.java:167)
	at org.apache.catalina.core.StandardContextValve.invoke(StandardContextValve.java:90)
	at org.apache.catalina.authenticator.AuthenticatorBase.invoke(AuthenticatorBase.java:482)
	at org.apache.catalina.core.StandardHostValve.invoke(StandardHostValve.java:115)
	at org.apache.catalina.valves.ErrorReportValve.invoke(ErrorReportValve.java:93)
	at org.apache.catalina.core.StandardEngineValve.invoke(StandardEngineValve.java:74)
	at org.apache.catalina.connector.CoyoteAdapter.service(CoyoteAdapter.java:344)
	at org.apache.coyote.http11.Http11Processor.service(Http11Processor.java:391)
	at org.apache.coyote.AbstractProcessorLight.process(AbstractProcessorLight.java:63)
	at org.apache.coyote.AbstractProtocol$ConnectionHandler.process(AbstractProtocol.java:896)
	at org.apache.tomcat.util.net.NioEndpoint$SocketProcessor.doRun(NioEndpoint.java:1736)
	at org.apache.tomcat.util.net.SocketProcessorBase.run(SocketProcessorBase.java:52)
	at org.apache.tomcat.util.threads.ThreadPoolExecutor.runWorker(ThreadPoolExecutor.java:1191)
	at org.apache.tomcat.util.threads.ThreadPoolExecutor$Worker.run(ThreadPoolExecutor.java:659)
	at org.apache.tomcat.util.threads.TaskThread$WrappingRunnable.run(TaskThread.java:63)
	at java.base/java.lang.Thread.run(Thread.java:842)
Caused by: org.springframework.expression.spel.SpelEvaluationException: EL1058E: A problem occurred when trying to resolve bean 'securityService':'Could not resolve bean reference against BeanFactory'
	at org.springframework.expression.spel.ast.BeanReference.getValueInternal(BeanReference.java:59)
	at org.springframework.expression.spel.ast.CompoundExpression.getValueRef(CompoundExpression.java:60)
	at org.springframework.expression.spel.ast.CompoundExpression.getValueInternal(CompoundExpression.java:96)
	at org.springframework.expression.spel.ast.SpelNodeImpl.getValue(SpelNodeImpl.java:222)
	at org.springframework.expression.spel.ast.OpOr.getBooleanValue(OpOr.java:56)
	at org.springframework.expression.spel.ast.OpOr.getValueInternal(OpOr.java:51)
	at org.springframework.expression.spel.ast.OpOr.getValueInternal(OpOr.java:37)
	at org.springframework.expression.spel.ast.SpelNodeImpl.getTypedValue(SpelNodeImpl.java:119)
	at org.springframework.expression.spel.standard.SpelExpression.getValue(SpelExpression.java:309)
	at org.springframework.security.access.expression.ExpressionUtils.evaluateAsBoolean(ExpressionUtils.java:30)
	... 154 common frames omitted
Caused by: org.springframework.expression.AccessException: Could not resolve bean reference against BeanFactory
	at org.springframework.context.expression.BeanFactoryResolver.resolve(BeanFactoryResolver.java:54)
	at org.springframework.expression.spel.ast.BeanReference.getValueInternal(BeanReference.java:55)
	... 163 common frames omitted
Caused by: org.springframework.beans.factory.NoSuchBeanDefinitionException: No bean named 'securityService' available
	at org.springframework.beans.factory.support.DefaultListableBeanFactory.getBeanDefinition(DefaultListableBeanFactory.java:895)
	at org.springframework.beans.factory.support.AbstractBeanFactory.getMergedLocalBeanDefinition(AbstractBeanFactory.java:1351)
	at org.springframework.beans.factory.support.AbstractBeanFactory.doGetBean(AbstractBeanFactory.java:300)
	at org.springframework.beans.factory.support.AbstractBeanFactory.getBean(AbstractBeanFactory.java:200)
	at org.springframework.context.support.AbstractApplicationContext.getBean(AbstractApplicationContext.java:1234)
	at org.springframework.context.expression.BeanFactoryResolver.resolve(BeanFactoryResolver.java:51)
	... 164 common frames omitted
2026-05-23 05:12:45.364 [http-nio-0.0.0.0-8080-exec-5] DEBUG c.e.p.util.PerformanceLoggingAspect - CONTROLLER_METHOD_START: ProjetController.getProjetsByPorteur
2026-05-23 05:12:45.369 [http-nio-0.0.0.0-8080-exec-10] DEBUG o.s.security.web.FilterChainProxy - Securing GET /ws-notifications/792/tnc2bj5v/websocket
2026-05-23 05:12:45.373 [http-nio-0.0.0.0-8080-exec-5] DEBUG c.e.p.util.PerformanceLoggingAspect - SERVICE_METHOD_START: ProjetServiceImpl.getProjetsByPorteur
2026-05-23 05:12:45.373 [http-nio-0.0.0.0-8080-exec-5] DEBUG o.s.orm.jpa.JpaTransactionManager - Found thread-bound EntityManager [SessionImpl(647661900<open>)] for JPA transaction
2026-05-23 05:12:45.374 [http-nio-0.0.0.0-8080-exec-5] DEBUG o.s.orm.jpa.JpaTransactionManager - Creating new transaction with name [org.springframework.data.jpa.repository.support.SimpleJpaRepository.findById]: PROPAGATION_REQUIRED,ISOLATION_DEFAULT,readOnly
2026-05-23 05:12:45.374 [http-nio-0.0.0.0-8080-exec-10] DEBUG o.s.s.w.a.AnonymousAuthenticationFilter - Set SecurityContextHolder to anonymous SecurityContext
2026-05-23 05:12:45.375 [http-nio-0.0.0.0-8080-exec-7] DEBUG o.s.o.j.s.OpenEntityManagerInViewInterceptor - Closing JPA EntityManager in OpenEntityManagerInViewInterceptor
2026-05-23 05:12:45.376 [http-nio-0.0.0.0-8080-exec-10] DEBUG o.s.security.web.FilterChainProxy - Secured GET /ws-notifications/792/tnc2bj5v/websocket
2026-05-23 05:12:45.377 [http-nio-0.0.0.0-8080-exec-5] DEBUG o.s.orm.jpa.JpaTransactionManager - Exposing JPA transaction as JDBC [org.springframework.orm.jpa.vendor.HibernateJpaDialect$HibernateConnectionHandle@7296aaad]
2026-05-23 05:12:45.377 [http-nio-0.0.0.0-8080-exec-7] INFO  c.e.p.util.HttpLoggingInterceptor - REQUEST_END [232abca5-bdad-445f-b51e-1d460ae2fefc] GET /api/v1/notifications/user/2 | Status: 500 | Duration: 20ms
2026-05-23 05:12:45.380 [http-nio-0.0.0.0-8080-exec-5] DEBUG org.hibernate.SQL - 
    select
        u1_0.id,
        u1_0.address,
        u1_0.admin_notes,
        u1_0.avatar_url,
        u1_0.bio,
        u1_0.preferred_category,
        u1_0.created_at,
        u1_0.email,
        u1_0.google_id,
        u1_0.kyc_status,
        u1_0.password,
        u1_0.last_name,
        u1_0.first_name,
        u1_0.role,
        u1_0.status,
        u1_0.phone,
        u1_0.ville 
    from
        users u1_0 
    where
        u1_0.id=?
2026-05-23 05:12:45.394 [http-nio-0.0.0.0-8080-exec-5] DEBUG o.s.orm.jpa.JpaTransactionManager - Initiating transaction commit
2026-05-23 05:12:45.395 [http-nio-0.0.0.0-8080-exec-5] DEBUG o.s.orm.jpa.JpaTransactionManager - Committing JPA transaction on EntityManager [SessionImpl(647661900<open>)]
2026-05-23 05:12:45.404 [http-nio-0.0.0.0-8080-exec-5] DEBUG o.s.orm.jpa.JpaTransactionManager - Not closing pre-bound JPA EntityManager after transaction
2026-05-23 05:12:45.405 [http-nio-0.0.0.0-8080-exec-5] DEBUG c.e.p.util.PerformanceLoggingAspect - QUERY_EXECUTED: $Proxy166.findById | Duration: 32ms
2026-05-23 05:12:45.405 [http-nio-0.0.0.0-8080-exec-5] DEBUG c.e.p.util.DatabaseLoggingAspect - QUERY_EXECUTED: Method=findById, Duration=32ms
2026-05-23 05:12:45.408 [http-nio-0.0.0.0-8080-exec-5] DEBUG org.hibernate.SQL - 
    select
        p1_0.id,
        p1_0.admin_notes,
        p1_0.all_or_nothing,
        p1_0.categorie,
        p1_0.created_at,
        p1_0.start_date,
        p1_0.end_date,
        p1_0.description,
        p1_0.cover_image,
        p1_0.localisation,
        p1_0.current_amount,
        p1_0.investors_count,
        p1_0.funding_goal,
        p1_0.equity_percentage,
        p1_0.owner_id,
        p1_0.status,
        p1_0.suspension_deadline,
        p1_0.interest_rate,
        p1_0.titre,
        p1_0.funding_type 
    from
        projects p1_0 
    where
        p1_0.owner_id=? 
    order by
        p1_0.id desc
2026-05-23 05:12:45.413 [http-nio-0.0.0.0-8080-exec-5] DEBUG c.e.p.util.PerformanceLoggingAspect - QUERY_EXECUTED: $Proxy173.findProjectsByOwner | Duration: 6ms
2026-05-23 05:12:45.414 [http-nio-0.0.0.0-8080-exec-5] DEBUG c.e.p.util.PerformanceLoggingAspect - SERVICE_METHOD_END: ProjetServiceImpl.getProjetsByPorteur | Duration: 41ms
2026-05-23 05:12:45.417 [http-nio-0.0.0.0-8080-exec-5] DEBUG c.e.p.util.PerformanceLoggingAspect - CONTROLLER_METHOD_END: ProjetController.getProjetsByPorteur | Duration: 54ms
2026-05-23 05:12:45.420 [http-nio-0.0.0.0-8080-exec-5] DEBUG o.s.o.j.s.OpenEntityManagerInViewInterceptor - Closing JPA EntityManager in OpenEntityManagerInViewInterceptor
2026-05-23 05:12:45.421 [http-nio-0.0.0.0-8080-exec-5] INFO  c.e.p.util.HttpLoggingInterceptor - REQUEST_END [ea2b130b-c8c6-45dd-a55d-f87d12451967] GET /api/v1/projets/porteur/2 | Status: 200 | Duration: 60ms
2026-05-23 05:13:03.480 [http-nio-0.0.0.0-8080-exec-8] DEBUG o.s.security.web.FilterChainProxy - Securing OPTIONS /api/v1/utilisateurs/2
2026-05-23 05:13:03.494 [http-nio-0.0.0.0-8080-exec-3] DEBUG o.s.security.web.FilterChainProxy - Securing GET /api/v1/utilisateurs/2
2026-05-23 05:13:03.502 [http-nio-0.0.0.0-8080-exec-3] DEBUG c.e.p.util.SecurityLoggingAspect - AUTHORIZATION_GRANTED: User=ANONYMOUS, Method=extractUsername
2026-05-23 05:13:03.505 [http-nio-0.0.0.0-8080-exec-3] DEBUG o.s.o.j.SharedEntityManagerCreator$SharedEntityManagerInvocationHandler - Creating new EntityManager for shared EntityManager invocation
2026-05-23 05:13:03.508 [http-nio-0.0.0.0-8080-exec-3] DEBUG org.hibernate.SQL - 
    select
        u1_0.id,
        u1_0.address,
        u1_0.admin_notes,
        u1_0.avatar_url,
        u1_0.bio,
        u1_0.preferred_category,
        u1_0.created_at,
        u1_0.email,
        u1_0.google_id,
        u1_0.kyc_status,
        u1_0.password,
        u1_0.last_name,
        u1_0.first_name,
        u1_0.role,
        u1_0.status,
        u1_0.phone,
        u1_0.ville 
    from
        users u1_0 
    where
        u1_0.email=?
2026-05-23 05:13:03.514 [http-nio-0.0.0.0-8080-exec-3] DEBUG c.e.p.util.PerformanceLoggingAspect - QUERY_EXECUTED: $Proxy166.findByEmail | Duration: 10ms
2026-05-23 05:13:03.514 [http-nio-0.0.0.0-8080-exec-3] DEBUG c.e.p.util.SecurityLoggingAspect - AUTHORIZATION_GRANTED: User=ANONYMOUS, Method=loadUserByUsername
2026-05-23 05:13:03.517 [http-nio-0.0.0.0-8080-exec-3] DEBUG c.e.p.util.SecurityLoggingAspect - AUTHORIZATION_GRANTED: User=ANONYMOUS, Method=isTokenValid
2026-05-23 05:13:03.518 [http-nio-0.0.0.0-8080-exec-3] DEBUG o.s.security.web.FilterChainProxy - Secured GET /api/v1/utilisateurs/2
2026-05-23 05:13:03.520 [http-nio-0.0.0.0-8080-exec-3] INFO  c.e.p.util.HttpLoggingInterceptor - REQUEST_START [b13922c4-0c99-47a6-ae22-66d784ab77fc] GET /api/v1/utilisateurs/2 | IP: 172.27.232.164 | User-Agent: Mozilla/5.0 (iPhone; CPU iPhone OS 16_7_14 like Mac OS X) AppleWebKit/605.1.15 (KHTML, like Gecko) Version/16.6.1 Mobile/15E148 Safari/604.1
2026-05-23 05:13:03.522 [http-nio-0.0.0.0-8080-exec-3] DEBUG o.s.o.j.s.OpenEntityManagerInViewInterceptor - Opening JPA EntityManager in OpenEntityManagerInViewInterceptor
2026-05-23 05:13:03.523 [http-nio-0.0.0.0-8080-exec-3] DEBUG c.e.p.util.PerformanceLoggingAspect - CONTROLLER_METHOD_START: UtilisateurController.getProfil
2026-05-23 05:13:03.523 [http-nio-0.0.0.0-8080-exec-3] DEBUG c.e.p.util.PerformanceLoggingAspect - SERVICE_METHOD_START: UtilisateurServiceImpl.getProfil
2026-05-23 05:13:03.524 [http-nio-0.0.0.0-8080-exec-3] DEBUG o.s.orm.jpa.JpaTransactionManager - Found thread-bound EntityManager [SessionImpl(196870588<open>)] for JPA transaction
2026-05-23 05:13:03.524 [http-nio-0.0.0.0-8080-exec-3] DEBUG o.s.orm.jpa.JpaTransactionManager - Creating new transaction with name [org.springframework.data.jpa.repository.support.SimpleJpaRepository.findById]: PROPAGATION_REQUIRED,ISOLATION_DEFAULT,readOnly
2026-05-23 05:13:03.525 [http-nio-0.0.0.0-8080-exec-3] DEBUG o.s.orm.jpa.JpaTransactionManager - Exposing JPA transaction as JDBC [org.springframework.orm.jpa.vendor.HibernateJpaDialect$HibernateConnectionHandle@d0c2c31]
2026-05-23 05:13:03.526 [http-nio-0.0.0.0-8080-exec-3] DEBUG org.hibernate.SQL - 
    select
        u1_0.id,
        u1_0.address,
        u1_0.admin_notes,
        u1_0.avatar_url,
        u1_0.bio,
        u1_0.preferred_category,
        u1_0.created_at,
        u1_0.email,
        u1_0.google_id,
        u1_0.kyc_status,
        u1_0.password,
        u1_0.last_name,
        u1_0.first_name,
        u1_0.role,
        u1_0.status,
        u1_0.phone,
        u1_0.ville 
    from
        users u1_0 
    where
        u1_0.id=?
2026-05-23 05:13:03.530 [http-nio-0.0.0.0-8080-exec-3] DEBUG o.s.orm.jpa.JpaTransactionManager - Initiating transaction commit
2026-05-23 05:13:03.531 [http-nio-0.0.0.0-8080-exec-3] DEBUG o.s.orm.jpa.JpaTransactionManager - Committing JPA transaction on EntityManager [SessionImpl(196870588<open>)]
2026-05-23 05:13:03.534 [http-nio-0.0.0.0-8080-exec-3] DEBUG o.s.orm.jpa.JpaTransactionManager - Not closing pre-bound JPA EntityManager after transaction
2026-05-23 05:13:03.534 [http-nio-0.0.0.0-8080-exec-3] DEBUG c.e.p.util.PerformanceLoggingAspect - QUERY_EXECUTED: $Proxy166.findById | Duration: 10ms
2026-05-23 05:13:03.534 [http-nio-0.0.0.0-8080-exec-3] DEBUG c.e.p.util.DatabaseLoggingAspect - QUERY_EXECUTED: Method=findById, Duration=10ms
2026-05-23 05:13:03.536 [http-nio-0.0.0.0-8080-exec-3] DEBUG c.e.p.util.PerformanceLoggingAspect - SERVICE_METHOD_END: UtilisateurServiceImpl.getProfil | Duration: 13ms
2026-05-23 05:13:03.536 [http-nio-0.0.0.0-8080-exec-3] DEBUG c.e.p.util.PerformanceLoggingAspect - CONTROLLER_METHOD_END: UtilisateurController.getProfil | Duration: 13ms
2026-05-23 05:13:03.543 [http-nio-0.0.0.0-8080-exec-3] DEBUG o.s.o.j.s.OpenEntityManagerInViewInterceptor - Closing JPA EntityManager in OpenEntityManagerInViewInterceptor
2026-05-23 05:13:03.544 [http-nio-0.0.0.0-8080-exec-3] INFO  c.e.p.util.HttpLoggingInterceptor - REQUEST_END [b13922c4-0c99-47a6-ae22-66d784ab77fc] GET /api/v1/utilisateurs/2 | Status: 200 | Duration: 24ms
2026-05-23 05:13:15.677 [http-nio-0.0.0.0-8080-exec-7] DEBUG o.s.security.web.FilterChainProxy - Securing OPTIONS /api/v1/utilisateurs/2
2026-05-23 05:13:15.708 [http-nio-0.0.0.0-8080-exec-10] DEBUG o.s.security.web.FilterChainProxy - Securing GET /api/v1/utilisateurs/2
2026-05-23 05:13:15.712 [http-nio-0.0.0.0-8080-exec-10] DEBUG c.e.p.util.SecurityLoggingAspect - AUTHORIZATION_GRANTED: User=ANONYMOUS, Method=extractUsername
2026-05-23 05:13:15.713 [http-nio-0.0.0.0-8080-exec-10] DEBUG o.s.o.j.SharedEntityManagerCreator$SharedEntityManagerInvocationHandler - Creating new EntityManager for shared EntityManager invocation
2026-05-23 05:13:15.716 [http-nio-0.0.0.0-8080-exec-10] DEBUG org.hibernate.SQL - 
    select
        u1_0.id,
        u1_0.address,
        u1_0.admin_notes,
        u1_0.avatar_url,
        u1_0.bio,
        u1_0.preferred_category,
        u1_0.created_at,
        u1_0.email,
        u1_0.google_id,
        u1_0.kyc_status,
        u1_0.password,
        u1_0.last_name,
        u1_0.first_name,
        u1_0.role,
        u1_0.status,
        u1_0.phone,
        u1_0.ville 
    from
        users u1_0 
    where
        u1_0.email=?
2026-05-23 05:13:15.722 [http-nio-0.0.0.0-8080-exec-10] DEBUG c.e.p.util.PerformanceLoggingAspect - QUERY_EXECUTED: $Proxy166.findByEmail | Duration: 9ms
2026-05-23 05:13:15.723 [http-nio-0.0.0.0-8080-exec-10] DEBUG c.e.p.util.SecurityLoggingAspect - AUTHORIZATION_GRANTED: User=ANONYMOUS, Method=loadUserByUsername
2026-05-23 05:13:15.726 [http-nio-0.0.0.0-8080-exec-10] DEBUG c.e.p.util.SecurityLoggingAspect - AUTHORIZATION_GRANTED: User=ANONYMOUS, Method=isTokenValid
2026-05-23 05:13:15.731 [http-nio-0.0.0.0-8080-exec-10] DEBUG o.s.security.web.FilterChainProxy - Secured GET /api/v1/utilisateurs/2
2026-05-23 05:13:15.733 [http-nio-0.0.0.0-8080-exec-10] INFO  c.e.p.util.HttpLoggingInterceptor - REQUEST_START [1c2bbfcf-8131-44b1-a917-e167128f40f9] GET /api/v1/utilisateurs/2 | IP: 172.27.232.164 | User-Agent: Mozilla/5.0 (iPhone; CPU iPhone OS 16_7_14 like Mac OS X) AppleWebKit/605.1.15 (KHTML, like Gecko) Version/16.6.1 Mobile/15E148 Safari/604.1
2026-05-23 05:13:15.733 [http-nio-0.0.0.0-8080-exec-10] DEBUG o.s.o.j.s.OpenEntityManagerInViewInterceptor - Opening JPA EntityManager in OpenEntityManagerInViewInterceptor
2026-05-23 05:13:15.734 [http-nio-0.0.0.0-8080-exec-10] DEBUG c.e.p.util.PerformanceLoggingAspect - CONTROLLER_METHOD_START: UtilisateurController.getProfil
2026-05-23 05:13:15.734 [http-nio-0.0.0.0-8080-exec-10] DEBUG c.e.p.util.PerformanceLoggingAspect - SERVICE_METHOD_START: UtilisateurServiceImpl.getProfil
2026-05-23 05:13:15.736 [http-nio-0.0.0.0-8080-exec-10] DEBUG o.s.orm.jpa.JpaTransactionManager - Found thread-bound EntityManager [SessionImpl(643245623<open>)] for JPA transaction
2026-05-23 05:13:15.736 [http-nio-0.0.0.0-8080-exec-10] DEBUG o.s.orm.jpa.JpaTransactionManager - Creating new transaction with name [org.springframework.data.jpa.repository.support.SimpleJpaRepository.findById]: PROPAGATION_REQUIRED,ISOLATION_DEFAULT,readOnly
2026-05-23 05:13:15.742 [http-nio-0.0.0.0-8080-exec-10] DEBUG o.s.orm.jpa.JpaTransactionManager - Exposing JPA transaction as JDBC [org.springframework.orm.jpa.vendor.HibernateJpaDialect$HibernateConnectionHandle@579c8ba3]
2026-05-23 05:13:15.745 [http-nio-0.0.0.0-8080-exec-10] DEBUG org.hibernate.SQL - 
    select
        u1_0.id,
        u1_0.address,
        u1_0.admin_notes,
        u1_0.avatar_url,
        u1_0.bio,
        u1_0.preferred_category,
        u1_0.created_at,
        u1_0.email,
        u1_0.google_id,
        u1_0.kyc_status,
        u1_0.password,
        u1_0.last_name,
        u1_0.first_name,
        u1_0.role,
        u1_0.status,
        u1_0.phone,
        u1_0.ville 
    from
        users u1_0 
    where
        u1_0.id=?
2026-05-23 05:13:15.749 [http-nio-0.0.0.0-8080-exec-10] DEBUG o.s.orm.jpa.JpaTransactionManager - Initiating transaction commit
2026-05-23 05:13:15.749 [http-nio-0.0.0.0-8080-exec-10] DEBUG o.s.orm.jpa.JpaTransactionManager - Committing JPA transaction on EntityManager [SessionImpl(643245623<open>)]
2026-05-23 05:13:15.752 [http-nio-0.0.0.0-8080-exec-10] DEBUG o.s.orm.jpa.JpaTransactionManager - Not closing pre-bound JPA EntityManager after transaction
2026-05-23 05:13:15.753 [http-nio-0.0.0.0-8080-exec-10] DEBUG c.e.p.util.PerformanceLoggingAspect - QUERY_EXECUTED: $Proxy166.findById | Duration: 17ms
2026-05-23 05:13:15.753 [http-nio-0.0.0.0-8080-exec-10] DEBUG c.e.p.util.DatabaseLoggingAspect - QUERY_EXECUTED: Method=findById, Duration=17ms
2026-05-23 05:13:15.753 [http-nio-0.0.0.0-8080-exec-10] DEBUG c.e.p.util.PerformanceLoggingAspect - SERVICE_METHOD_END: UtilisateurServiceImpl.getProfil | Duration: 19ms
2026-05-23 05:13:15.754 [http-nio-0.0.0.0-8080-exec-10] DEBUG c.e.p.util.PerformanceLoggingAspect - CONTROLLER_METHOD_END: UtilisateurController.getProfil | Duration: 20ms
2026-05-23 05:13:15.755 [http-nio-0.0.0.0-8080-exec-10] DEBUG o.s.o.j.s.OpenEntityManagerInViewInterceptor - Closing JPA EntityManager in OpenEntityManagerInViewInterceptor
2026-05-23 05:13:15.756 [http-nio-0.0.0.0-8080-exec-10] INFO  c.e.p.util.HttpLoggingInterceptor - REQUEST_END [1c2bbfcf-8131-44b1-a917-e167128f40f9] GET /api/v1/utilisateurs/2 | Status: 200 | Duration: 23ms
2026-05-23 05:13:19.363 [http-nio-0.0.0.0-8080-exec-2] DEBUG o.s.security.web.FilterChainProxy - Securing OPTIONS /api/v1/notifications/user/2
2026-05-23 05:13:19.373 [http-nio-0.0.0.0-8080-exec-9] DEBUG o.s.security.web.FilterChainProxy - Securing GET /api/v1/notifications/user/2
2026-05-23 05:13:19.377 [http-nio-0.0.0.0-8080-exec-9] DEBUG c.e.p.util.SecurityLoggingAspect - AUTHORIZATION_GRANTED: User=ANONYMOUS, Method=extractUsername
2026-05-23 05:13:19.378 [http-nio-0.0.0.0-8080-exec-9] DEBUG o.s.o.j.SharedEntityManagerCreator$SharedEntityManagerInvocationHandler - Creating new EntityManager for shared EntityManager invocation
2026-05-23 05:13:19.381 [http-nio-0.0.0.0-8080-exec-9] DEBUG org.hibernate.SQL - 
    select
        u1_0.id,
        u1_0.address,
        u1_0.admin_notes,
        u1_0.avatar_url,
        u1_0.bio,
        u1_0.preferred_category,
        u1_0.created_at,
        u1_0.email,
        u1_0.google_id,
        u1_0.kyc_status,
        u1_0.password,
        u1_0.last_name,
        u1_0.first_name,
        u1_0.role,
        u1_0.status,
        u1_0.phone,
        u1_0.ville 
    from
        users u1_0 
    where
        u1_0.email=?
2026-05-23 05:13:19.388 [http-nio-0.0.0.0-8080-exec-9] DEBUG c.e.p.util.PerformanceLoggingAspect - QUERY_EXECUTED: $Proxy166.findByEmail | Duration: 10ms
2026-05-23 05:13:19.388 [http-nio-0.0.0.0-8080-exec-9] DEBUG c.e.p.util.SecurityLoggingAspect - AUTHORIZATION_GRANTED: User=ANONYMOUS, Method=loadUserByUsername
2026-05-23 05:13:19.390 [http-nio-0.0.0.0-8080-exec-9] DEBUG c.e.p.util.SecurityLoggingAspect - AUTHORIZATION_GRANTED: User=ANONYMOUS, Method=isTokenValid
2026-05-23 05:13:19.392 [http-nio-0.0.0.0-8080-exec-9] DEBUG o.s.security.web.FilterChainProxy - Secured GET /api/v1/notifications/user/2
2026-05-23 05:13:19.394 [http-nio-0.0.0.0-8080-exec-9] INFO  c.e.p.util.HttpLoggingInterceptor - REQUEST_START [04059003-92c1-4bdc-b203-2e6dcf8c71ab] GET /api/v1/notifications/user/2 | IP: 172.27.232.215 | User-Agent: Mozilla/5.0 (Windows NT 10.0; Win64; x64) AppleWebKit/537.36 (KHTML, like Gecko) Chrome/148.0.0.0 Safari/537.36
2026-05-23 05:13:19.395 [http-nio-0.0.0.0-8080-exec-9] DEBUG o.s.o.j.s.OpenEntityManagerInViewInterceptor - Opening JPA EntityManager in OpenEntityManagerInViewInterceptor
2026-05-23 05:13:19.396 [http-nio-0.0.0.0-8080-exec-9] DEBUG o.s.s.a.m.AuthorizationManagerBeforeMethodInterceptor - Authorizing method invocation ReflectiveMethodInvocation: public org.springframework.http.ResponseEntity com.example.project.controller.NotificationController.getNotificationsByUser(java.lang.Long); target is of class [com.example.project.controller.NotificationController]
2026-05-23 05:13:19.397 [http-nio-0.0.0.0-8080-exec-9] ERROR c.e.p.e.GlobalExceptionHandler - UNEXPECTED_ERROR: Failed to evaluate expression 'hasRole('ADMIN') or @securityService.isCurrentUser(#utilisateurId)' | Stack Trace: 
java.lang.IllegalArgumentException: Failed to evaluate expression 'hasRole('ADMIN') or @securityService.isCurrentUser(#utilisateurId)'
	at org.springframework.security.access.expression.ExpressionUtils.evaluateAsBoolean(ExpressionUtils.java:33)
	at org.springframework.security.authorization.method.PreAuthorizeAuthorizationManager.check(PreAuthorizeAuthorizationManager.java:68)
	at org.springframework.security.authorization.method.PreAuthorizeAuthorizationManager.check(PreAuthorizeAuthorizationManager.java:40)
	at org.springframework.security.authorization.ObservationAuthorizationManager.check(ObservationAuthorizationManager.java:63)
	at org.springframework.security.config.annotation.method.configuration.DeferringObservationAuthorizationManager.check(DeferringObservationAuthorizationManager.java:47)
	at org.springframework.security.authorization.method.AuthorizationManagerBeforeMethodInterceptor.attemptAuthorization(AuthorizationManagerBeforeMethodInterceptor.java:251)
	at org.springframework.security.authorization.method.AuthorizationManagerBeforeMethodInterceptor.invoke(AuthorizationManagerBeforeMethodInterceptor.java:197)
	at org.springframework.aop.framework.ReflectiveMethodInvocation.proceed(ReflectiveMethodInvocation.java:184)
	at org.springframework.aop.framework.CglibAopProxy$CglibMethodInvocation.proceed(CglibAopProxy.java:768)
	at org.springframework.aop.interceptor.ExposeInvocationInterceptor.invoke(ExposeInvocationInterceptor.java:97)
	at org.springframework.aop.framework.ReflectiveMethodInvocation.proceed(ReflectiveMethodInvocation.java:184)
	at org.springframework.aop.framework.CglibAopProxy$CglibMethodInvocation.proceed(CglibAopProxy.java:768)
	at org.springframework.aop.framework.CglibAopProxy$DynamicAdvisedInterceptor.intercept(CglibAopProxy.java:720)
	at com.example.project.controller.NotificationController$$SpringCGLIB$$0.getNotificationsByUser(<generated>)
	at java.base/jdk.internal.reflect.NativeMethodAccessorImpl.invoke0(Native Method)
	at java.base/jdk.internal.reflect.NativeMethodAccessorImpl.invoke(NativeMethodAccessorImpl.java:77)
	at java.base/jdk.internal.reflect.DelegatingMethodAccessorImpl.invoke(DelegatingMethodAccessorImpl.java:43)
	at java.base/java.lang.reflect.Method.invoke(Method.java:568)
	at org.springframework.web.method.support.InvocableHandlerMethod.doInvoke(InvocableHandlerMethod.java:255)
	at org.springframework.web.method.support.InvocableHandlerMethod.invokeForRequest(InvocableHandlerMethod.java:188)
	at org.springframework.web.servlet.mvc.method.annotation.ServletInvocableHandlerMethod.invokeAndHandle(ServletInvocableHandlerMethod.java:118)
	at org.springframework.web.servlet.mvc.method.annotation.RequestMappingHandlerAdapter.invokeHandlerMethod(RequestMappingHandlerAdapter.java:926)
	at org.springframework.web.servlet.mvc.method.annotation.RequestMappingHandlerAdapter.handleInternal(RequestMappingHandlerAdapter.java:831)
	at org.springframework.web.servlet.mvc.method.AbstractHandlerMethodAdapter.handle(AbstractHandlerMethodAdapter.java:87)
	at org.springframework.web.servlet.DispatcherServlet.doDispatch(DispatcherServlet.java:1089)
	at org.springframework.web.servlet.DispatcherServlet.doService(DispatcherServlet.java:979)
	at org.springframework.web.servlet.FrameworkServlet.processRequest(FrameworkServlet.java:1014)
	at org.springframework.web.servlet.FrameworkServlet.doGet(FrameworkServlet.java:903)
	at jakarta.servlet.http.HttpServlet.service(HttpServlet.java:564)
	at org.springframework.web.servlet.FrameworkServlet.service(FrameworkServlet.java:885)
	at jakarta.servlet.http.HttpServlet.service(HttpServlet.java:658)
	at org.apache.catalina.core.ApplicationFilterChain.internalDoFilter(ApplicationFilterChain.java:206)
	at org.apache.catalina.core.ApplicationFilterChain.doFilter(ApplicationFilterChain.java:150)
	at org.apache.tomcat.websocket.server.WsFilter.doFilter(WsFilter.java:51)
	at org.apache.catalina.core.ApplicationFilterChain.internalDoFilter(ApplicationFilterChain.java:175)
	at org.apache.catalina.core.ApplicationFilterChain.doFilter(ApplicationFilterChain.java:150)
	at org.springframework.web.filter.OncePerRequestFilter.doFilter(OncePerRequestFilter.java:110)
	at org.apache.catalina.core.ApplicationFilterChain.internalDoFilter(ApplicationFilterChain.java:175)
	at org.apache.catalina.core.ApplicationFilterChain.doFilter(ApplicationFilterChain.java:150)
	at org.springframework.web.filter.CompositeFilter$VirtualFilterChain.doFilter(CompositeFilter.java:108)
	at org.springframework.security.web.FilterChainProxy.lambda$doFilterInternal$3(FilterChainProxy.java:231)
	at org.springframework.security.web.ObservationFilterChainDecorator$FilterObservation$SimpleFilterObservation.lambda$wrap$1(ObservationFilterChainDecorator.java:479)
	at org.springframework.security.web.ObservationFilterChainDecorator$AroundFilterObservation$SimpleAroundFilterObservation.lambda$wrap$1(ObservationFilterChainDecorator.java:340)
	at org.springframework.security.web.ObservationFilterChainDecorator.lambda$wrapSecured$0(ObservationFilterChainDecorator.java:82)
	at org.springframework.security.web.ObservationFilterChainDecorator$VirtualFilterChain.doFilter(ObservationFilterChainDecorator.java:128)
	at org.springframework.security.web.access.intercept.AuthorizationFilter.doFilter(AuthorizationFilter.java:100)
	at org.springframework.security.web.ObservationFilterChainDecorator$ObservationFilter.wrapFilter(ObservationFilterChainDecorator.java:240)
	at org.springframework.security.web.ObservationFilterChainDecorator$ObservationFilter.doFilter(ObservationFilterChainDecorator.java:227)
	at org.springframework.security.web.ObservationFilterChainDecorator$VirtualFilterChain.doFilter(ObservationFilterChainDecorator.java:137)
	at org.springframework.security.web.access.ExceptionTranslationFilter.doFilter(ExceptionTranslationFilter.java:126)
	at org.springframework.security.web.access.ExceptionTranslationFilter.doFilter(ExceptionTranslationFilter.java:120)
	at org.springframework.security.web.ObservationFilterChainDecorator$ObservationFilter.wrapFilter(ObservationFilterChainDecorator.java:240)
	at org.springframework.security.web.ObservationFilterChainDecorator$ObservationFilter.doFilter(ObservationFilterChainDecorator.java:227)
	at org.springframework.security.web.ObservationFilterChainDecorator$VirtualFilterChain.doFilter(ObservationFilterChainDecorator.java:137)
	at org.springframework.security.web.session.SessionManagementFilter.doFilter(SessionManagementFilter.java:131)
	at org.springframework.security.web.session.SessionManagementFilter.doFilter(SessionManagementFilter.java:85)
	at org.springframework.security.web.ObservationFilterChainDecorator$ObservationFilter.wrapFilter(ObservationFilterChainDecorator.java:240)
	at org.springframework.security.web.ObservationFilterChainDecorator$ObservationFilter.doFilter(ObservationFilterChainDecorator.java:227)
	at org.springframework.security.web.ObservationFilterChainDecorator$VirtualFilterChain.doFilter(ObservationFilterChainDecorator.java:137)
	at org.springframework.security.web.authentication.AnonymousAuthenticationFilter.doFilter(AnonymousAuthenticationFilter.java:100)
	at org.springframework.security.web.ObservationFilterChainDecorator$ObservationFilter.wrapFilter(ObservationFilterChainDecorator.java:240)
	at org.springframework.security.web.ObservationFilterChainDecorator$ObservationFilter.doFilter(ObservationFilterChainDecorator.java:227)
	at org.springframework.security.web.ObservationFilterChainDecorator$VirtualFilterChain.doFilter(ObservationFilterChainDecorator.java:137)
	at org.springframework.security.web.servletapi.SecurityContextHolderAwareRequestFilter.doFilter(SecurityContextHolderAwareRequestFilter.java:179)
	at org.springframework.security.web.ObservationFilterChainDecorator$ObservationFilter.wrapFilter(ObservationFilterChainDecorator.java:240)
	at org.springframework.security.web.ObservationFilterChainDecorator$ObservationFilter.doFilter(ObservationFilterChainDecorator.java:227)
	at org.springframework.security.web.ObservationFilterChainDecorator$VirtualFilterChain.doFilter(ObservationFilterChainDecorator.java:137)
	at org.springframework.security.web.savedrequest.RequestCacheAwareFilter.doFilter(RequestCacheAwareFilter.java:63)
	at org.springframework.security.web.ObservationFilterChainDecorator$ObservationFilter.wrapFilter(ObservationFilterChainDecorator.java:240)
	at org.springframework.security.web.ObservationFilterChainDecorator$ObservationFilter.doFilter(ObservationFilterChainDecorator.java:227)
	at org.springframework.security.web.ObservationFilterChainDecorator$VirtualFilterChain.doFilter(ObservationFilterChainDecorator.java:137)
	at com.example.project.security.JwtAuthFilter.doFilterInternal(JwtAuthFilter.java:63)
	at org.springframework.web.filter.OncePerRequestFilter.doFilter(OncePerRequestFilter.java:116)
	at org.springframework.security.web.ObservationFilterChainDecorator$ObservationFilter.wrapFilter(ObservationFilterChainDecorator.java:240)
	at org.springframework.security.web.ObservationFilterChainDecorator$ObservationFilter.doFilter(ObservationFilterChainDecorator.java:227)
	at org.springframework.security.web.ObservationFilterChainDecorator$VirtualFilterChain.doFilter(ObservationFilterChainDecorator.java:137)
	at org.springframework.security.web.authentication.logout.LogoutFilter.doFilter(LogoutFilter.java:107)
	at org.springframework.security.web.authentication.logout.LogoutFilter.doFilter(LogoutFilter.java:93)
	at org.springframework.security.web.ObservationFilterChainDecorator$ObservationFilter.wrapFilter(ObservationFilterChainDecorator.java:240)
	at org.springframework.security.web.ObservationFilterChainDecorator$ObservationFilter.doFilter(ObservationFilterChainDecorator.java:227)
	at org.springframework.security.web.ObservationFilterChainDecorator$VirtualFilterChain.doFilter(ObservationFilterChainDecorator.java:137)
	at org.springframework.web.filter.OncePerRequestFilter.doFilter(OncePerRequestFilter.java:110)
	at org.springframework.security.web.ObservationFilterChainDecorator$ObservationFilter.wrapFilter(ObservationFilterChainDecorator.java:240)
	at org.springframework.security.web.ObservationFilterChainDecorator$ObservationFilter.doFilter(ObservationFilterChainDecorator.java:227)
	at org.springframework.security.web.ObservationFilterChainDecorator$VirtualFilterChain.doFilter(ObservationFilterChainDecorator.java:137)
	at org.springframework.web.filter.CorsFilter.doFilterInternal(CorsFilter.java:91)
	at org.springframework.web.filter.OncePerRequestFilter.doFilter(OncePerRequestFilter.java:116)
	at org.springframework.security.web.ObservationFilterChainDecorator$ObservationFilter.wrapFilter(ObservationFilterChainDecorator.java:240)
	at org.springframework.security.web.ObservationFilterChainDecorator$ObservationFilter.doFilter(ObservationFilterChainDecorator.java:227)
	at org.springframework.security.web.ObservationFilterChainDecorator$VirtualFilterChain.doFilter(ObservationFilterChainDecorator.java:137)
	at org.springframework.security.web.header.HeaderWriterFilter.doHeadersAfter(HeaderWriterFilter.java:90)
	at org.springframework.security.web.header.HeaderWriterFilter.doFilterInternal(HeaderWriterFilter.java:75)
	at org.springframework.web.filter.OncePerRequestFilter.doFilter(OncePerRequestFilter.java:116)
	at org.springframework.security.web.ObservationFilterChainDecorator$ObservationFilter.wrapFilter(ObservationFilterChainDecorator.java:240)
	at org.springframework.security.web.ObservationFilterChainDecorator$ObservationFilter.doFilter(ObservationFilterChainDecorator.java:227)
	at org.springframework.security.web.ObservationFilterChainDecorator$VirtualFilterChain.doFilter(ObservationFilterChainDecorator.java:137)
	at org.springframework.security.web.context.SecurityContextHolderFilter.doFilter(SecurityContextHolderFilter.java:82)
	at org.springframework.security.web.context.SecurityContextHolderFilter.doFilter(SecurityContextHolderFilter.java:69)
	at org.springframework.security.web.ObservationFilterChainDecorator$ObservationFilter.wrapFilter(ObservationFilterChainDecorator.java:240)
	at org.springframework.security.web.ObservationFilterChainDecorator$ObservationFilter.doFilter(ObservationFilterChainDecorator.java:227)
	at org.springframework.security.web.ObservationFilterChainDecorator$VirtualFilterChain.doFilter(ObservationFilterChainDecorator.java:137)
	at org.springframework.security.web.context.request.async.WebAsyncManagerIntegrationFilter.doFilterInternal(WebAsyncManagerIntegrationFilter.java:62)
	at org.springframework.web.filter.OncePerRequestFilter.doFilter(OncePerRequestFilter.java:116)
	at org.springframework.security.web.ObservationFilterChainDecorator$ObservationFilter.wrapFilter(ObservationFilterChainDecorator.java:240)
	at org.springframework.security.web.ObservationFilterChainDecorator$ObservationFilter.doFilter(ObservationFilterChainDecorator.java:227)
	at org.springframework.security.web.ObservationFilterChainDecorator$VirtualFilterChain.doFilter(ObservationFilterChainDecorator.java:137)
	at org.springframework.security.web.session.DisableEncodeUrlFilter.doFilterInternal(DisableEncodeUrlFilter.java:42)
	at org.springframework.web.filter.OncePerRequestFilter.doFilter(OncePerRequestFilter.java:116)
	at org.springframework.security.web.ObservationFilterChainDecorator$ObservationFilter.wrapFilter(ObservationFilterChainDecorator.java:240)
	at org.springframework.security.web.ObservationFilterChainDecorator$AroundFilterObservation$SimpleAroundFilterObservation.lambda$wrap$0(ObservationFilterChainDecorator.java:323)
	at org.springframework.security.web.ObservationFilterChainDecorator$ObservationFilter.doFilter(ObservationFilterChainDecorator.java:224)
	at org.springframework.security.web.ObservationFilterChainDecorator$VirtualFilterChain.doFilter(ObservationFilterChainDecorator.java:137)
	at org.springframework.security.web.FilterChainProxy.doFilterInternal(FilterChainProxy.java:233)
	at org.springframework.security.web.FilterChainProxy.doFilter(FilterChainProxy.java:191)
	at org.springframework.web.filter.CompositeFilter$VirtualFilterChain.doFilter(CompositeFilter.java:113)
	at org.springframework.web.servlet.handler.HandlerMappingIntrospector.lambda$createCacheFilter$3(HandlerMappingIntrospector.java:195)
	at org.springframework.web.filter.CompositeFilter$VirtualFilterChain.doFilter(CompositeFilter.java:113)
	at org.springframework.web.filter.CompositeFilter.doFilter(CompositeFilter.java:74)
	at org.springframework.security.config.annotation.web.configuration.WebMvcSecurityConfiguration$CompositeFilterChainProxy.doFilter(WebMvcSecurityConfiguration.java:230)
	at org.springframework.web.filter.DelegatingFilterProxy.invokeDelegate(DelegatingFilterProxy.java:352)
	at org.springframework.web.filter.DelegatingFilterProxy.doFilter(DelegatingFilterProxy.java:268)
	at org.apache.catalina.core.ApplicationFilterChain.internalDoFilter(ApplicationFilterChain.java:175)
	at org.apache.catalina.core.ApplicationFilterChain.doFilter(ApplicationFilterChain.java:150)
	at org.springframework.web.filter.RequestContextFilter.doFilterInternal(RequestContextFilter.java:100)
	at org.springframework.web.filter.OncePerRequestFilter.doFilter(OncePerRequestFilter.java:116)
	at org.apache.catalina.core.ApplicationFilterChain.internalDoFilter(ApplicationFilterChain.java:175)
	at org.apache.catalina.core.ApplicationFilterChain.doFilter(ApplicationFilterChain.java:150)
	at org.springframework.web.filter.FormContentFilter.doFilterInternal(FormContentFilter.java:93)
	at org.springframework.web.filter.OncePerRequestFilter.doFilter(OncePerRequestFilter.java:116)
	at org.apache.catalina.core.ApplicationFilterChain.internalDoFilter(ApplicationFilterChain.java:175)
	at org.apache.catalina.core.ApplicationFilterChain.doFilter(ApplicationFilterChain.java:150)
	at org.springframework.web.filter.ServerHttpObservationFilter.doFilterInternal(ServerHttpObservationFilter.java:109)
	at org.springframework.web.filter.OncePerRequestFilter.doFilter(OncePerRequestFilter.java:116)
	at org.apache.catalina.core.ApplicationFilterChain.internalDoFilter(ApplicationFilterChain.java:175)
	at org.apache.catalina.core.ApplicationFilterChain.doFilter(ApplicationFilterChain.java:150)
	at org.springframework.web.filter.CharacterEncodingFilter.doFilterInternal(CharacterEncodingFilter.java:201)
	at org.springframework.web.filter.OncePerRequestFilter.doFilter(OncePerRequestFilter.java:116)
	at org.apache.catalina.core.ApplicationFilterChain.internalDoFilter(ApplicationFilterChain.java:175)
	at org.apache.catalina.core.ApplicationFilterChain.doFilter(ApplicationFilterChain.java:150)
	at org.apache.catalina.core.StandardWrapperValve.invoke(StandardWrapperValve.java:167)
	at org.apache.catalina.core.StandardContextValve.invoke(StandardContextValve.java:90)
	at org.apache.catalina.authenticator.AuthenticatorBase.invoke(AuthenticatorBase.java:482)
	at org.apache.catalina.core.StandardHostValve.invoke(StandardHostValve.java:115)
	at org.apache.catalina.valves.ErrorReportValve.invoke(ErrorReportValve.java:93)
	at org.apache.catalina.core.StandardEngineValve.invoke(StandardEngineValve.java:74)
	at org.apache.catalina.connector.CoyoteAdapter.service(CoyoteAdapter.java:344)
	at org.apache.coyote.http11.Http11Processor.service(Http11Processor.java:391)
	at org.apache.coyote.AbstractProcessorLight.process(AbstractProcessorLight.java:63)
	at org.apache.coyote.AbstractProtocol$ConnectionHandler.process(AbstractProtocol.java:896)
	at org.apache.tomcat.util.net.NioEndpoint$SocketProcessor.doRun(NioEndpoint.java:1736)
	at org.apache.tomcat.util.net.SocketProcessorBase.run(SocketProcessorBase.java:52)
	at org.apache.tomcat.util.threads.ThreadPoolExecutor.runWorker(ThreadPoolExecutor.java:1191)
	at org.apache.tomcat.util.threads.ThreadPoolExecutor$Worker.run(ThreadPoolExecutor.java:659)
	at org.apache.tomcat.util.threads.TaskThread$WrappingRunnable.run(TaskThread.java:63)
	at java.base/java.lang.Thread.run(Thread.java:842)
Caused by: org.springframework.expression.spel.SpelEvaluationException: EL1058E: A problem occurred when trying to resolve bean 'securityService':'Could not resolve bean reference against BeanFactory'
	at org.springframework.expression.spel.ast.BeanReference.getValueInternal(BeanReference.java:59)
	at org.springframework.expression.spel.ast.CompoundExpression.getValueRef(CompoundExpression.java:60)
	at org.springframework.expression.spel.ast.CompoundExpression.getValueInternal(CompoundExpression.java:96)
	at org.springframework.expression.spel.ast.SpelNodeImpl.getValue(SpelNodeImpl.java:222)
	at org.springframework.expression.spel.ast.OpOr.getBooleanValue(OpOr.java:56)
	at org.springframework.expression.spel.ast.OpOr.getValueInternal(OpOr.java:51)
	at org.springframework.expression.spel.ast.OpOr.getValueInternal(OpOr.java:37)
	at org.springframework.expression.spel.ast.SpelNodeImpl.getTypedValue(SpelNodeImpl.java:119)
	at org.springframework.expression.spel.standard.SpelExpression.getValue(SpelExpression.java:309)
	at org.springframework.security.access.expression.ExpressionUtils.evaluateAsBoolean(ExpressionUtils.java:30)
	... 154 common frames omitted
Caused by: org.springframework.expression.AccessException: Could not resolve bean reference against BeanFactory
	at org.springframework.context.expression.BeanFactoryResolver.resolve(BeanFactoryResolver.java:54)
	at org.springframework.expression.spel.ast.BeanReference.getValueInternal(BeanReference.java:55)
	... 163 common frames omitted
Caused by: org.springframework.beans.factory.NoSuchBeanDefinitionException: No bean named 'securityService' available
	at org.springframework.beans.factory.support.DefaultListableBeanFactory.getBeanDefinition(DefaultListableBeanFactory.java:895)
	at org.springframework.beans.factory.support.AbstractBeanFactory.getMergedLocalBeanDefinition(AbstractBeanFactory.java:1351)
	at org.springframework.beans.factory.support.AbstractBeanFactory.doGetBean(AbstractBeanFactory.java:300)
	at org.springframework.beans.factory.support.AbstractBeanFactory.getBean(AbstractBeanFactory.java:200)
	at org.springframework.context.support.AbstractApplicationContext.getBean(AbstractApplicationContext.java:1234)
	at org.springframework.context.expression.BeanFactoryResolver.resolve(BeanFactoryResolver.java:51)
	... 164 common frames omitted
2026-05-23 05:13:19.404 [http-nio-0.0.0.0-8080-exec-9] DEBUG o.s.o.j.s.OpenEntityManagerInViewInterceptor - Closing JPA EntityManager in OpenEntityManagerInViewInterceptor
2026-05-23 05:13:19.404 [http-nio-0.0.0.0-8080-exec-9] INFO  c.e.p.util.HttpLoggingInterceptor - REQUEST_END [04059003-92c1-4bdc-b203-2e6dcf8c71ab] GET /api/v1/notifications/user/2 | Status: 500 | Duration: 10ms
2026-05-23 05:14:20.045 [http-nio-0.0.0.0-8080-exec-4] DEBUG o.s.security.web.FilterChainProxy - Securing OPTIONS /api/v1/notifications/user/2
2026-05-23 05:14:20.058 [http-nio-0.0.0.0-8080-exec-1] DEBUG o.s.security.web.FilterChainProxy - Securing GET /api/v1/notifications/user/2
2026-05-23 05:14:20.062 [http-nio-0.0.0.0-8080-exec-1] DEBUG c.e.p.util.SecurityLoggingAspect - AUTHORIZATION_GRANTED: User=ANONYMOUS, Method=extractUsername
2026-05-23 05:14:20.063 [http-nio-0.0.0.0-8080-exec-1] DEBUG o.s.o.j.SharedEntityManagerCreator$SharedEntityManagerInvocationHandler - Creating new EntityManager for shared EntityManager invocation
2026-05-23 05:14:20.070 [http-nio-0.0.0.0-8080-exec-1] DEBUG org.hibernate.SQL - 
    select
        u1_0.id,
        u1_0.address,
        u1_0.admin_notes,
        u1_0.avatar_url,
        u1_0.bio,
        u1_0.preferred_category,
        u1_0.created_at,
        u1_0.email,
        u1_0.google_id,
        u1_0.kyc_status,
        u1_0.password,
        u1_0.last_name,
        u1_0.first_name,
        u1_0.role,
        u1_0.status,
        u1_0.phone,
        u1_0.ville 
    from
        users u1_0 
    where
        u1_0.email=?
2026-05-23 05:14:20.070 [http-nio-0.0.0.0-8080-exec-1] DEBUG c.e.p.util.PerformanceLoggingAspect - QUERY_EXECUTED: $Proxy166.findByEmail | Duration: 7ms
2026-05-23 05:14:20.070 [http-nio-0.0.0.0-8080-exec-1] DEBUG c.e.p.util.SecurityLoggingAspect - AUTHORIZATION_GRANTED: User=ANONYMOUS, Method=loadUserByUsername
2026-05-23 05:14:20.075 [http-nio-0.0.0.0-8080-exec-1] DEBUG c.e.p.util.SecurityLoggingAspect - AUTHORIZATION_GRANTED: User=ANONYMOUS, Method=isTokenValid
2026-05-23 05:14:20.076 [http-nio-0.0.0.0-8080-exec-1] DEBUG o.s.security.web.FilterChainProxy - Secured GET /api/v1/notifications/user/2
2026-05-23 05:14:20.078 [http-nio-0.0.0.0-8080-exec-1] INFO  c.e.p.util.HttpLoggingInterceptor - REQUEST_START [5f4fbf4e-f8e2-4869-b4e7-6787eee42a41] GET /api/v1/notifications/user/2 | IP: 172.27.232.215 | User-Agent: Mozilla/5.0 (Windows NT 10.0; Win64; x64) AppleWebKit/537.36 (KHTML, like Gecko) Chrome/148.0.0.0 Safari/537.36
2026-05-23 05:14:20.078 [http-nio-0.0.0.0-8080-exec-1] DEBUG o.s.o.j.s.OpenEntityManagerInViewInterceptor - Opening JPA EntityManager in OpenEntityManagerInViewInterceptor
2026-05-23 05:14:20.079 [http-nio-0.0.0.0-8080-exec-1] DEBUG o.s.s.a.m.AuthorizationManagerBeforeMethodInterceptor - Authorizing method invocation ReflectiveMethodInvocation: public org.springframework.http.ResponseEntity com.example.project.controller.NotificationController.getNotificationsByUser(java.lang.Long); target is of class [com.example.project.controller.NotificationController]
2026-05-23 05:14:20.081 [http-nio-0.0.0.0-8080-exec-1] ERROR c.e.p.e.GlobalExceptionHandler - UNEXPECTED_ERROR: Failed to evaluate expression 'hasRole('ADMIN') or @securityService.isCurrentUser(#utilisateurId)' | Stack Trace: 
java.lang.IllegalArgumentException: Failed to evaluate expression 'hasRole('ADMIN') or @securityService.isCurrentUser(#utilisateurId)'
	at org.springframework.security.access.expression.ExpressionUtils.evaluateAsBoolean(ExpressionUtils.java:33)
	at org.springframework.security.authorization.method.PreAuthorizeAuthorizationManager.check(PreAuthorizeAuthorizationManager.java:68)
	at org.springframework.security.authorization.method.PreAuthorizeAuthorizationManager.check(PreAuthorizeAuthorizationManager.java:40)
	at org.springframework.security.authorization.ObservationAuthorizationManager.check(ObservationAuthorizationManager.java:63)
	at org.springframework.security.config.annotation.method.configuration.DeferringObservationAuthorizationManager.check(DeferringObservationAuthorizationManager.java:47)
	at org.springframework.security.authorization.method.AuthorizationManagerBeforeMethodInterceptor.attemptAuthorization(AuthorizationManagerBeforeMethodInterceptor.java:251)
	at org.springframework.security.authorization.method.AuthorizationManagerBeforeMethodInterceptor.invoke(AuthorizationManagerBeforeMethodInterceptor.java:197)
	at org.springframework.aop.framework.ReflectiveMethodInvocation.proceed(ReflectiveMethodInvocation.java:184)
	at org.springframework.aop.framework.CglibAopProxy$CglibMethodInvocation.proceed(CglibAopProxy.java:768)
	at org.springframework.aop.interceptor.ExposeInvocationInterceptor.invoke(ExposeInvocationInterceptor.java:97)
	at org.springframework.aop.framework.ReflectiveMethodInvocation.proceed(ReflectiveMethodInvocation.java:184)
	at org.springframework.aop.framework.CglibAopProxy$CglibMethodInvocation.proceed(CglibAopProxy.java:768)
	at org.springframework.aop.framework.CglibAopProxy$DynamicAdvisedInterceptor.intercept(CglibAopProxy.java:720)
	at com.example.project.controller.NotificationController$$SpringCGLIB$$0.getNotificationsByUser(<generated>)
	at java.base/jdk.internal.reflect.NativeMethodAccessorImpl.invoke0(Native Method)
	at java.base/jdk.internal.reflect.NativeMethodAccessorImpl.invoke(NativeMethodAccessorImpl.java:77)
	at java.base/jdk.internal.reflect.DelegatingMethodAccessorImpl.invoke(DelegatingMethodAccessorImpl.java:43)
	at java.base/java.lang.reflect.Method.invoke(Method.java:568)
	at org.springframework.web.method.support.InvocableHandlerMethod.doInvoke(InvocableHandlerMethod.java:255)
	at org.springframework.web.method.support.InvocableHandlerMethod.invokeForRequest(InvocableHandlerMethod.java:188)
	at org.springframework.web.servlet.mvc.method.annotation.ServletInvocableHandlerMethod.invokeAndHandle(ServletInvocableHandlerMethod.java:118)
	at org.springframework.web.servlet.mvc.method.annotation.RequestMappingHandlerAdapter.invokeHandlerMethod(RequestMappingHandlerAdapter.java:926)
	at org.springframework.web.servlet.mvc.method.annotation.RequestMappingHandlerAdapter.handleInternal(RequestMappingHandlerAdapter.java:831)
	at org.springframework.web.servlet.mvc.method.AbstractHandlerMethodAdapter.handle(AbstractHandlerMethodAdapter.java:87)
	at org.springframework.web.servlet.DispatcherServlet.doDispatch(DispatcherServlet.java:1089)
	at org.springframework.web.servlet.DispatcherServlet.doService(DispatcherServlet.java:979)
	at org.springframework.web.servlet.FrameworkServlet.processRequest(FrameworkServlet.java:1014)
	at org.springframework.web.servlet.FrameworkServlet.doGet(FrameworkServlet.java:903)
	at jakarta.servlet.http.HttpServlet.service(HttpServlet.java:564)
	at org.springframework.web.servlet.FrameworkServlet.service(FrameworkServlet.java:885)
	at jakarta.servlet.http.HttpServlet.service(HttpServlet.java:658)
	at org.apache.catalina.core.ApplicationFilterChain.internalDoFilter(ApplicationFilterChain.java:206)
	at org.apache.catalina.core.ApplicationFilterChain.doFilter(ApplicationFilterChain.java:150)
	at org.apache.tomcat.websocket.server.WsFilter.doFilter(WsFilter.java:51)
	at org.apache.catalina.core.ApplicationFilterChain.internalDoFilter(ApplicationFilterChain.java:175)
	at org.apache.catalina.core.ApplicationFilterChain.doFilter(ApplicationFilterChain.java:150)
	at org.springframework.web.filter.OncePerRequestFilter.doFilter(OncePerRequestFilter.java:110)
	at org.apache.catalina.core.ApplicationFilterChain.internalDoFilter(ApplicationFilterChain.java:175)
	at org.apache.catalina.core.ApplicationFilterChain.doFilter(ApplicationFilterChain.java:150)
	at org.springframework.web.filter.CompositeFilter$VirtualFilterChain.doFilter(CompositeFilter.java:108)
	at org.springframework.security.web.FilterChainProxy.lambda$doFilterInternal$3(FilterChainProxy.java:231)
	at org.springframework.security.web.ObservationFilterChainDecorator$FilterObservation$SimpleFilterObservation.lambda$wrap$1(ObservationFilterChainDecorator.java:479)
	at org.springframework.security.web.ObservationFilterChainDecorator$AroundFilterObservation$SimpleAroundFilterObservation.lambda$wrap$1(ObservationFilterChainDecorator.java:340)
	at org.springframework.security.web.ObservationFilterChainDecorator.lambda$wrapSecured$0(ObservationFilterChainDecorator.java:82)
	at org.springframework.security.web.ObservationFilterChainDecorator$VirtualFilterChain.doFilter(ObservationFilterChainDecorator.java:128)
	at org.springframework.security.web.access.intercept.AuthorizationFilter.doFilter(AuthorizationFilter.java:100)
	at org.springframework.security.web.ObservationFilterChainDecorator$ObservationFilter.wrapFilter(ObservationFilterChainDecorator.java:240)
	at org.springframework.security.web.ObservationFilterChainDecorator$ObservationFilter.doFilter(ObservationFilterChainDecorator.java:227)
	at org.springframework.security.web.ObservationFilterChainDecorator$VirtualFilterChain.doFilter(ObservationFilterChainDecorator.java:137)
	at org.springframework.security.web.access.ExceptionTranslationFilter.doFilter(ExceptionTranslationFilter.java:126)
	at org.springframework.security.web.access.ExceptionTranslationFilter.doFilter(ExceptionTranslationFilter.java:120)
	at org.springframework.security.web.ObservationFilterChainDecorator$ObservationFilter.wrapFilter(ObservationFilterChainDecorator.java:240)
	at org.springframework.security.web.ObservationFilterChainDecorator$ObservationFilter.doFilter(ObservationFilterChainDecorator.java:227)
	at org.springframework.security.web.ObservationFilterChainDecorator$VirtualFilterChain.doFilter(ObservationFilterChainDecorator.java:137)
	at org.springframework.security.web.session.SessionManagementFilter.doFilter(SessionManagementFilter.java:131)
	at org.springframework.security.web.session.SessionManagementFilter.doFilter(SessionManagementFilter.java:85)
	at org.springframework.security.web.ObservationFilterChainDecorator$ObservationFilter.wrapFilter(ObservationFilterChainDecorator.java:240)
	at org.springframework.security.web.ObservationFilterChainDecorator$ObservationFilter.doFilter(ObservationFilterChainDecorator.java:227)
	at org.springframework.security.web.ObservationFilterChainDecorator$VirtualFilterChain.doFilter(ObservationFilterChainDecorator.java:137)
	at org.springframework.security.web.authentication.AnonymousAuthenticationFilter.doFilter(AnonymousAuthenticationFilter.java:100)
	at org.springframework.security.web.ObservationFilterChainDecorator$ObservationFilter.wrapFilter(ObservationFilterChainDecorator.java:240)
	at org.springframework.security.web.ObservationFilterChainDecorator$ObservationFilter.doFilter(ObservationFilterChainDecorator.java:227)
	at org.springframework.security.web.ObservationFilterChainDecorator$VirtualFilterChain.doFilter(ObservationFilterChainDecorator.java:137)
	at org.springframework.security.web.servletapi.SecurityContextHolderAwareRequestFilter.doFilter(SecurityContextHolderAwareRequestFilter.java:179)
	at org.springframework.security.web.ObservationFilterChainDecorator$ObservationFilter.wrapFilter(ObservationFilterChainDecorator.java:240)
	at org.springframework.security.web.ObservationFilterChainDecorator$ObservationFilter.doFilter(ObservationFilterChainDecorator.java:227)
	at org.springframework.security.web.ObservationFilterChainDecorator$VirtualFilterChain.doFilter(ObservationFilterChainDecorator.java:137)
	at org.springframework.security.web.savedrequest.RequestCacheAwareFilter.doFilter(RequestCacheAwareFilter.java:63)
	at org.springframework.security.web.ObservationFilterChainDecorator$ObservationFilter.wrapFilter(ObservationFilterChainDecorator.java:240)
	at org.springframework.security.web.ObservationFilterChainDecorator$ObservationFilter.doFilter(ObservationFilterChainDecorator.java:227)
	at org.springframework.security.web.ObservationFilterChainDecorator$VirtualFilterChain.doFilter(ObservationFilterChainDecorator.java:137)
	at com.example.project.security.JwtAuthFilter.doFilterInternal(JwtAuthFilter.java:63)
	at org.springframework.web.filter.OncePerRequestFilter.doFilter(OncePerRequestFilter.java:116)
	at org.springframework.security.web.ObservationFilterChainDecorator$ObservationFilter.wrapFilter(ObservationFilterChainDecorator.java:240)
	at org.springframework.security.web.ObservationFilterChainDecorator$ObservationFilter.doFilter(ObservationFilterChainDecorator.java:227)
	at org.springframework.security.web.ObservationFilterChainDecorator$VirtualFilterChain.doFilter(ObservationFilterChainDecorator.java:137)
	at org.springframework.security.web.authentication.logout.LogoutFilter.doFilter(LogoutFilter.java:107)
	at org.springframework.security.web.authentication.logout.LogoutFilter.doFilter(LogoutFilter.java:93)
	at org.springframework.security.web.ObservationFilterChainDecorator$ObservationFilter.wrapFilter(ObservationFilterChainDecorator.java:240)
	at org.springframework.security.web.ObservationFilterChainDecorator$ObservationFilter.doFilter(ObservationFilterChainDecorator.java:227)
	at org.springframework.security.web.ObservationFilterChainDecorator$VirtualFilterChain.doFilter(ObservationFilterChainDecorator.java:137)
	at org.springframework.web.filter.OncePerRequestFilter.doFilter(OncePerRequestFilter.java:110)
	at org.springframework.security.web.ObservationFilterChainDecorator$ObservationFilter.wrapFilter(ObservationFilterChainDecorator.java:240)
	at org.springframework.security.web.ObservationFilterChainDecorator$ObservationFilter.doFilter(ObservationFilterChainDecorator.java:227)
	at org.springframework.security.web.ObservationFilterChainDecorator$VirtualFilterChain.doFilter(ObservationFilterChainDecorator.java:137)
	at org.springframework.web.filter.CorsFilter.doFilterInternal(CorsFilter.java:91)
	at org.springframework.web.filter.OncePerRequestFilter.doFilter(OncePerRequestFilter.java:116)
	at org.springframework.security.web.ObservationFilterChainDecorator$ObservationFilter.wrapFilter(ObservationFilterChainDecorator.java:240)
	at org.springframework.security.web.ObservationFilterChainDecorator$ObservationFilter.doFilter(ObservationFilterChainDecorator.java:227)
	at org.springframework.security.web.ObservationFilterChainDecorator$VirtualFilterChain.doFilter(ObservationFilterChainDecorator.java:137)
	at org.springframework.security.web.header.HeaderWriterFilter.doHeadersAfter(HeaderWriterFilter.java:90)
	at org.springframework.security.web.header.HeaderWriterFilter.doFilterInternal(HeaderWriterFilter.java:75)
	at org.springframework.web.filter.OncePerRequestFilter.doFilter(OncePerRequestFilter.java:116)
	at org.springframework.security.web.ObservationFilterChainDecorator$ObservationFilter.wrapFilter(ObservationFilterChainDecorator.java:240)
	at org.springframework.security.web.ObservationFilterChainDecorator$ObservationFilter.doFilter(ObservationFilterChainDecorator.java:227)
	at org.springframework.security.web.ObservationFilterChainDecorator$VirtualFilterChain.doFilter(ObservationFilterChainDecorator.java:137)
	at org.springframework.security.web.context.SecurityContextHolderFilter.doFilter(SecurityContextHolderFilter.java:82)
	at org.springframework.security.web.context.SecurityContextHolderFilter.doFilter(SecurityContextHolderFilter.java:69)
	at org.springframework.security.web.ObservationFilterChainDecorator$ObservationFilter.wrapFilter(ObservationFilterChainDecorator.java:240)
	at org.springframework.security.web.ObservationFilterChainDecorator$ObservationFilter.doFilter(ObservationFilterChainDecorator.java:227)
	at org.springframework.security.web.ObservationFilterChainDecorator$VirtualFilterChain.doFilter(ObservationFilterChainDecorator.java:137)
	at org.springframework.security.web.context.request.async.WebAsyncManagerIntegrationFilter.doFilterInternal(WebAsyncManagerIntegrationFilter.java:62)
	at org.springframework.web.filter.OncePerRequestFilter.doFilter(OncePerRequestFilter.java:116)
	at org.springframework.security.web.ObservationFilterChainDecorator$ObservationFilter.wrapFilter(ObservationFilterChainDecorator.java:240)
	at org.springframework.security.web.ObservationFilterChainDecorator$ObservationFilter.doFilter(ObservationFilterChainDecorator.java:227)
	at org.springframework.security.web.ObservationFilterChainDecorator$VirtualFilterChain.doFilter(ObservationFilterChainDecorator.java:137)
	at org.springframework.security.web.session.DisableEncodeUrlFilter.doFilterInternal(DisableEncodeUrlFilter.java:42)
	at org.springframework.web.filter.OncePerRequestFilter.doFilter(OncePerRequestFilter.java:116)
	at org.springframework.security.web.ObservationFilterChainDecorator$ObservationFilter.wrapFilter(ObservationFilterChainDecorator.java:240)
	at org.springframework.security.web.ObservationFilterChainDecorator$AroundFilterObservation$SimpleAroundFilterObservation.lambda$wrap$0(ObservationFilterChainDecorator.java:323)
	at org.springframework.security.web.ObservationFilterChainDecorator$ObservationFilter.doFilter(ObservationFilterChainDecorator.java:224)
	at org.springframework.security.web.ObservationFilterChainDecorator$VirtualFilterChain.doFilter(ObservationFilterChainDecorator.java:137)
	at org.springframework.security.web.FilterChainProxy.doFilterInternal(FilterChainProxy.java:233)
	at org.springframework.security.web.FilterChainProxy.doFilter(FilterChainProxy.java:191)
	at org.springframework.web.filter.CompositeFilter$VirtualFilterChain.doFilter(CompositeFilter.java:113)
	at org.springframework.web.servlet.handler.HandlerMappingIntrospector.lambda$createCacheFilter$3(HandlerMappingIntrospector.java:195)
	at org.springframework.web.filter.CompositeFilter$VirtualFilterChain.doFilter(CompositeFilter.java:113)
	at org.springframework.web.filter.CompositeFilter.doFilter(CompositeFilter.java:74)
	at org.springframework.security.config.annotation.web.configuration.WebMvcSecurityConfiguration$CompositeFilterChainProxy.doFilter(WebMvcSecurityConfiguration.java:230)
	at org.springframework.web.filter.DelegatingFilterProxy.invokeDelegate(DelegatingFilterProxy.java:352)
	at org.springframework.web.filter.DelegatingFilterProxy.doFilter(DelegatingFilterProxy.java:268)
	at org.apache.catalina.core.ApplicationFilterChain.internalDoFilter(ApplicationFilterChain.java:175)
	at org.apache.catalina.core.ApplicationFilterChain.doFilter(ApplicationFilterChain.java:150)
	at org.springframework.web.filter.RequestContextFilter.doFilterInternal(RequestContextFilter.java:100)
	at org.springframework.web.filter.OncePerRequestFilter.doFilter(OncePerRequestFilter.java:116)
	at org.apache.catalina.core.ApplicationFilterChain.internalDoFilter(ApplicationFilterChain.java:175)
	at org.apache.catalina.core.ApplicationFilterChain.doFilter(ApplicationFilterChain.java:150)
	at org.springframework.web.filter.FormContentFilter.doFilterInternal(FormContentFilter.java:93)
	at org.springframework.web.filter.OncePerRequestFilter.doFilter(OncePerRequestFilter.java:116)
	at org.apache.catalina.core.ApplicationFilterChain.internalDoFilter(ApplicationFilterChain.java:175)
	at org.apache.catalina.core.ApplicationFilterChain.doFilter(ApplicationFilterChain.java:150)
	at org.springframework.web.filter.ServerHttpObservationFilter.doFilterInternal(ServerHttpObservationFilter.java:109)
	at org.springframework.web.filter.OncePerRequestFilter.doFilter(OncePerRequestFilter.java:116)
	at org.apache.catalina.core.ApplicationFilterChain.internalDoFilter(ApplicationFilterChain.java:175)
	at org.apache.catalina.core.ApplicationFilterChain.doFilter(ApplicationFilterChain.java:150)
	at org.springframework.web.filter.CharacterEncodingFilter.doFilterInternal(CharacterEncodingFilter.java:201)
	at org.springframework.web.filter.OncePerRequestFilter.doFilter(OncePerRequestFilter.java:116)
	at org.apache.catalina.core.ApplicationFilterChain.internalDoFilter(ApplicationFilterChain.java:175)
	at org.apache.catalina.core.ApplicationFilterChain.doFilter(ApplicationFilterChain.java:150)
	at org.apache.catalina.core.StandardWrapperValve.invoke(StandardWrapperValve.java:167)
	at org.apache.catalina.core.StandardContextValve.invoke(StandardContextValve.java:90)
	at org.apache.catalina.authenticator.AuthenticatorBase.invoke(AuthenticatorBase.java:482)
	at org.apache.catalina.core.StandardHostValve.invoke(StandardHostValve.java:115)
	at org.apache.catalina.valves.ErrorReportValve.invoke(ErrorReportValve.java:93)
	at org.apache.catalina.core.StandardEngineValve.invoke(StandardEngineValve.java:74)
	at org.apache.catalina.connector.CoyoteAdapter.service(CoyoteAdapter.java:344)
	at org.apache.coyote.http11.Http11Processor.service(Http11Processor.java:391)
	at org.apache.coyote.AbstractProcessorLight.process(AbstractProcessorLight.java:63)
	at org.apache.coyote.AbstractProtocol$ConnectionHandler.process(AbstractProtocol.java:896)
	at org.apache.tomcat.util.net.NioEndpoint$SocketProcessor.doRun(NioEndpoint.java:1736)
	at org.apache.tomcat.util.net.SocketProcessorBase.run(SocketProcessorBase.java:52)
	at org.apache.tomcat.util.threads.ThreadPoolExecutor.runWorker(ThreadPoolExecutor.java:1191)
	at org.apache.tomcat.util.threads.ThreadPoolExecutor$Worker.run(ThreadPoolExecutor.java:659)
	at org.apache.tomcat.util.threads.TaskThread$WrappingRunnable.run(TaskThread.java:63)
	at java.base/java.lang.Thread.run(Thread.java:842)
Caused by: org.springframework.expression.spel.SpelEvaluationException: EL1058E: A problem occurred when trying to resolve bean 'securityService':'Could not resolve bean reference against BeanFactory'
	at org.springframework.expression.spel.ast.BeanReference.getValueInternal(BeanReference.java:59)
	at org.springframework.expression.spel.ast.CompoundExpression.getValueRef(CompoundExpression.java:60)
	at org.springframework.expression.spel.ast.CompoundExpression.getValueInternal(CompoundExpression.java:96)
	at org.springframework.expression.spel.ast.SpelNodeImpl.getValue(SpelNodeImpl.java:222)
	at org.springframework.expression.spel.ast.OpOr.getBooleanValue(OpOr.java:56)
	at org.springframework.expression.spel.ast.OpOr.getValueInternal(OpOr.java:51)
	at org.springframework.expression.spel.ast.OpOr.getValueInternal(OpOr.java:37)
	at org.springframework.expression.spel.ast.SpelNodeImpl.getTypedValue(SpelNodeImpl.java:119)
	at org.springframework.expression.spel.standard.SpelExpression.getValue(SpelExpression.java:309)
	at org.springframework.security.access.expression.ExpressionUtils.evaluateAsBoolean(ExpressionUtils.java:30)
	... 154 common frames omitted
Caused by: org.springframework.expression.AccessException: Could not resolve bean reference against BeanFactory
	at org.springframework.context.expression.BeanFactoryResolver.resolve(BeanFactoryResolver.java:54)
	at org.springframework.expression.spel.ast.BeanReference.getValueInternal(BeanReference.java:55)
	... 163 common frames omitted
Caused by: org.springframework.beans.factory.NoSuchBeanDefinitionException: No bean named 'securityService' available
	at org.springframework.beans.factory.support.DefaultListableBeanFactory.getBeanDefinition(DefaultListableBeanFactory.java:895)
	at org.springframework.beans.factory.support.AbstractBeanFactory.getMergedLocalBeanDefinition(AbstractBeanFactory.java:1351)
	at org.springframework.beans.factory.support.AbstractBeanFactory.doGetBean(AbstractBeanFactory.java:300)
	at org.springframework.beans.factory.support.AbstractBeanFactory.getBean(AbstractBeanFactory.java:200)
	at org.springframework.context.support.AbstractApplicationContext.getBean(AbstractApplicationContext.java:1234)
	at org.springframework.context.expression.BeanFactoryResolver.resolve(BeanFactoryResolver.java:51)
	... 164 common frames omitted
2026-05-23 05:14:20.088 [http-nio-0.0.0.0-8080-exec-1] DEBUG o.s.o.j.s.OpenEntityManagerInViewInterceptor - Closing JPA EntityManager in OpenEntityManagerInViewInterceptor
2026-05-23 05:14:20.090 [http-nio-0.0.0.0-8080-exec-1] INFO  c.e.p.util.HttpLoggingInterceptor - REQUEST_END [5f4fbf4e-f8e2-4869-b4e7-6787eee42a41] GET /api/v1/notifications/user/2 | Status: 500 | Duration: 12ms
2026-05-23 05:15:20.045 [http-nio-0.0.0.0-8080-exec-6] DEBUG o.s.security.web.FilterChainProxy - Securing OPTIONS /api/v1/notifications/user/2
2026-05-23 05:15:20.059 [http-nio-0.0.0.0-8080-exec-7] DEBUG o.s.security.web.FilterChainProxy - Securing GET /api/v1/notifications/user/2
2026-05-23 05:15:20.063 [http-nio-0.0.0.0-8080-exec-7] DEBUG c.e.p.util.SecurityLoggingAspect - AUTHORIZATION_GRANTED: User=ANONYMOUS, Method=extractUsername
2026-05-23 05:15:20.068 [http-nio-0.0.0.0-8080-exec-7] DEBUG o.s.o.j.SharedEntityManagerCreator$SharedEntityManagerInvocationHandler - Creating new EntityManager for shared EntityManager invocation
2026-05-23 05:15:20.072 [http-nio-0.0.0.0-8080-exec-7] DEBUG org.hibernate.SQL - 
    select
        u1_0.id,
        u1_0.address,
        u1_0.admin_notes,
        u1_0.avatar_url,
        u1_0.bio,
        u1_0.preferred_category,
        u1_0.created_at,
        u1_0.email,
        u1_0.google_id,
        u1_0.kyc_status,
        u1_0.password,
        u1_0.last_name,
        u1_0.first_name,
        u1_0.role,
        u1_0.status,
        u1_0.phone,
        u1_0.ville 
    from
        users u1_0 
    where
        u1_0.email=?
2026-05-23 05:15:20.077 [http-nio-0.0.0.0-8080-exec-7] DEBUG c.e.p.util.PerformanceLoggingAspect - QUERY_EXECUTED: $Proxy166.findByEmail | Duration: 9ms
2026-05-23 05:15:20.078 [http-nio-0.0.0.0-8080-exec-7] DEBUG c.e.p.util.SecurityLoggingAspect - AUTHORIZATION_GRANTED: User=ANONYMOUS, Method=loadUserByUsername
2026-05-23 05:15:20.080 [http-nio-0.0.0.0-8080-exec-7] DEBUG c.e.p.util.SecurityLoggingAspect - AUTHORIZATION_GRANTED: User=ANONYMOUS, Method=isTokenValid
2026-05-23 05:15:20.080 [http-nio-0.0.0.0-8080-exec-7] DEBUG o.s.security.web.FilterChainProxy - Secured GET /api/v1/notifications/user/2
2026-05-23 05:15:20.082 [http-nio-0.0.0.0-8080-exec-7] INFO  c.e.p.util.HttpLoggingInterceptor - REQUEST_START [9c03d91f-b80d-4dac-8d3b-8d7b63540724] GET /api/v1/notifications/user/2 | IP: 172.27.232.215 | User-Agent: Mozilla/5.0 (Windows NT 10.0; Win64; x64) AppleWebKit/537.36 (KHTML, like Gecko) Chrome/148.0.0.0 Safari/537.36
2026-05-23 05:15:20.082 [http-nio-0.0.0.0-8080-exec-7] DEBUG o.s.o.j.s.OpenEntityManagerInViewInterceptor - Opening JPA EntityManager in OpenEntityManagerInViewInterceptor
2026-05-23 05:15:20.083 [http-nio-0.0.0.0-8080-exec-7] DEBUG o.s.s.a.m.AuthorizationManagerBeforeMethodInterceptor - Authorizing method invocation ReflectiveMethodInvocation: public org.springframework.http.ResponseEntity com.example.project.controller.NotificationController.getNotificationsByUser(java.lang.Long); target is of class [com.example.project.controller.NotificationController]
2026-05-23 05:15:20.084 [http-nio-0.0.0.0-8080-exec-7] ERROR c.e.p.e.GlobalExceptionHandler - UNEXPECTED_ERROR: Failed to evaluate expression 'hasRole('ADMIN') or @securityService.isCurrentUser(#utilisateurId)' | Stack Trace: 
java.lang.IllegalArgumentException: Failed to evaluate expression 'hasRole('ADMIN') or @securityService.isCurrentUser(#utilisateurId)'
	at org.springframework.security.access.expression.ExpressionUtils.evaluateAsBoolean(ExpressionUtils.java:33)
	at org.springframework.security.authorization.method.PreAuthorizeAuthorizationManager.check(PreAuthorizeAuthorizationManager.java:68)
	at org.springframework.security.authorization.method.PreAuthorizeAuthorizationManager.check(PreAuthorizeAuthorizationManager.java:40)
	at org.springframework.security.authorization.ObservationAuthorizationManager.check(ObservationAuthorizationManager.java:63)
	at org.springframework.security.config.annotation.method.configuration.DeferringObservationAuthorizationManager.check(DeferringObservationAuthorizationManager.java:47)
	at org.springframework.security.authorization.method.AuthorizationManagerBeforeMethodInterceptor.attemptAuthorization(AuthorizationManagerBeforeMethodInterceptor.java:251)
	at org.springframework.security.authorization.method.AuthorizationManagerBeforeMethodInterceptor.invoke(AuthorizationManagerBeforeMethodInterceptor.java:197)
	at org.springframework.aop.framework.ReflectiveMethodInvocation.proceed(ReflectiveMethodInvocation.java:184)
	at org.springframework.aop.framework.CglibAopProxy$CglibMethodInvocation.proceed(CglibAopProxy.java:768)
	at org.springframework.aop.interceptor.ExposeInvocationInterceptor.invoke(ExposeInvocationInterceptor.java:97)
	at org.springframework.aop.framework.ReflectiveMethodInvocation.proceed(ReflectiveMethodInvocation.java:184)
	at org.springframework.aop.framework.CglibAopProxy$CglibMethodInvocation.proceed(CglibAopProxy.java:768)
	at org.springframework.aop.framework.CglibAopProxy$DynamicAdvisedInterceptor.intercept(CglibAopProxy.java:720)
	at com.example.project.controller.NotificationController$$SpringCGLIB$$0.getNotificationsByUser(<generated>)
	at java.base/jdk.internal.reflect.NativeMethodAccessorImpl.invoke0(Native Method)
	at java.base/jdk.internal.reflect.NativeMethodAccessorImpl.invoke(NativeMethodAccessorImpl.java:77)
	at java.base/jdk.internal.reflect.DelegatingMethodAccessorImpl.invoke(DelegatingMethodAccessorImpl.java:43)
	at java.base/java.lang.reflect.Method.invoke(Method.java:568)
	at org.springframework.web.method.support.InvocableHandlerMethod.doInvoke(InvocableHandlerMethod.java:255)
	at org.springframework.web.method.support.InvocableHandlerMethod.invokeForRequest(InvocableHandlerMethod.java:188)
	at org.springframework.web.servlet.mvc.method.annotation.ServletInvocableHandlerMethod.invokeAndHandle(ServletInvocableHandlerMethod.java:118)
	at org.springframework.web.servlet.mvc.method.annotation.RequestMappingHandlerAdapter.invokeHandlerMethod(RequestMappingHandlerAdapter.java:926)
	at org.springframework.web.servlet.mvc.method.annotation.RequestMappingHandlerAdapter.handleInternal(RequestMappingHandlerAdapter.java:831)
	at org.springframework.web.servlet.mvc.method.AbstractHandlerMethodAdapter.handle(AbstractHandlerMethodAdapter.java:87)
	at org.springframework.web.servlet.DispatcherServlet.doDispatch(DispatcherServlet.java:1089)
	at org.springframework.web.servlet.DispatcherServlet.doService(DispatcherServlet.java:979)
	at org.springframework.web.servlet.FrameworkServlet.processRequest(FrameworkServlet.java:1014)
	at org.springframework.web.servlet.FrameworkServlet.doGet(FrameworkServlet.java:903)
	at jakarta.servlet.http.HttpServlet.service(HttpServlet.java:564)
	at org.springframework.web.servlet.FrameworkServlet.service(FrameworkServlet.java:885)
	at jakarta.servlet.http.HttpServlet.service(HttpServlet.java:658)
	at org.apache.catalina.core.ApplicationFilterChain.internalDoFilter(ApplicationFilterChain.java:206)
	at org.apache.catalina.core.ApplicationFilterChain.doFilter(ApplicationFilterChain.java:150)
	at org.apache.tomcat.websocket.server.WsFilter.doFilter(WsFilter.java:51)
	at org.apache.catalina.core.ApplicationFilterChain.internalDoFilter(ApplicationFilterChain.java:175)
	at org.apache.catalina.core.ApplicationFilterChain.doFilter(ApplicationFilterChain.java:150)
	at org.springframework.web.filter.OncePerRequestFilter.doFilter(OncePerRequestFilter.java:110)
	at org.apache.catalina.core.ApplicationFilterChain.internalDoFilter(ApplicationFilterChain.java:175)
	at org.apache.catalina.core.ApplicationFilterChain.doFilter(ApplicationFilterChain.java:150)
	at org.springframework.web.filter.CompositeFilter$VirtualFilterChain.doFilter(CompositeFilter.java:108)
	at org.springframework.security.web.FilterChainProxy.lambda$doFilterInternal$3(FilterChainProxy.java:231)
	at org.springframework.security.web.ObservationFilterChainDecorator$FilterObservation$SimpleFilterObservation.lambda$wrap$1(ObservationFilterChainDecorator.java:479)
	at org.springframework.security.web.ObservationFilterChainDecorator$AroundFilterObservation$SimpleAroundFilterObservation.lambda$wrap$1(ObservationFilterChainDecorator.java:340)
	at org.springframework.security.web.ObservationFilterChainDecorator.lambda$wrapSecured$0(ObservationFilterChainDecorator.java:82)
	at org.springframework.security.web.ObservationFilterChainDecorator$VirtualFilterChain.doFilter(ObservationFilterChainDecorator.java:128)
	at org.springframework.security.web.access.intercept.AuthorizationFilter.doFilter(AuthorizationFilter.java:100)
	at org.springframework.security.web.ObservationFilterChainDecorator$ObservationFilter.wrapFilter(ObservationFilterChainDecorator.java:240)
	at org.springframework.security.web.ObservationFilterChainDecorator$ObservationFilter.doFilter(ObservationFilterChainDecorator.java:227)
	at org.springframework.security.web.ObservationFilterChainDecorator$VirtualFilterChain.doFilter(ObservationFilterChainDecorator.java:137)
	at org.springframework.security.web.access.ExceptionTranslationFilter.doFilter(ExceptionTranslationFilter.java:126)
	at org.springframework.security.web.access.ExceptionTranslationFilter.doFilter(ExceptionTranslationFilter.java:120)
	at org.springframework.security.web.ObservationFilterChainDecorator$ObservationFilter.wrapFilter(ObservationFilterChainDecorator.java:240)
	at org.springframework.security.web.ObservationFilterChainDecorator$ObservationFilter.doFilter(ObservationFilterChainDecorator.java:227)
	at org.springframework.security.web.ObservationFilterChainDecorator$VirtualFilterChain.doFilter(ObservationFilterChainDecorator.java:137)
	at org.springframework.security.web.session.SessionManagementFilter.doFilter(SessionManagementFilter.java:131)
	at org.springframework.security.web.session.SessionManagementFilter.doFilter(SessionManagementFilter.java:85)
	at org.springframework.security.web.ObservationFilterChainDecorator$ObservationFilter.wrapFilter(ObservationFilterChainDecorator.java:240)
	at org.springframework.security.web.ObservationFilterChainDecorator$ObservationFilter.doFilter(ObservationFilterChainDecorator.java:227)
	at org.springframework.security.web.ObservationFilterChainDecorator$VirtualFilterChain.doFilter(ObservationFilterChainDecorator.java:137)
	at org.springframework.security.web.authentication.AnonymousAuthenticationFilter.doFilter(AnonymousAuthenticationFilter.java:100)
	at org.springframework.security.web.ObservationFilterChainDecorator$ObservationFilter.wrapFilter(ObservationFilterChainDecorator.java:240)
	at org.springframework.security.web.ObservationFilterChainDecorator$ObservationFilter.doFilter(ObservationFilterChainDecorator.java:227)
	at org.springframework.security.web.ObservationFilterChainDecorator$VirtualFilterChain.doFilter(ObservationFilterChainDecorator.java:137)
	at org.springframework.security.web.servletapi.SecurityContextHolderAwareRequestFilter.doFilter(SecurityContextHolderAwareRequestFilter.java:179)
	at org.springframework.security.web.ObservationFilterChainDecorator$ObservationFilter.wrapFilter(ObservationFilterChainDecorator.java:240)
	at org.springframework.security.web.ObservationFilterChainDecorator$ObservationFilter.doFilter(ObservationFilterChainDecorator.java:227)
	at org.springframework.security.web.ObservationFilterChainDecorator$VirtualFilterChain.doFilter(ObservationFilterChainDecorator.java:137)
	at org.springframework.security.web.savedrequest.RequestCacheAwareFilter.doFilter(RequestCacheAwareFilter.java:63)
	at org.springframework.security.web.ObservationFilterChainDecorator$ObservationFilter.wrapFilter(ObservationFilterChainDecorator.java:240)
	at org.springframework.security.web.ObservationFilterChainDecorator$ObservationFilter.doFilter(ObservationFilterChainDecorator.java:227)
	at org.springframework.security.web.ObservationFilterChainDecorator$VirtualFilterChain.doFilter(ObservationFilterChainDecorator.java:137)
	at com.example.project.security.JwtAuthFilter.doFilterInternal(JwtAuthFilter.java:63)
	at org.springframework.web.filter.OncePerRequestFilter.doFilter(OncePerRequestFilter.java:116)
	at org.springframework.security.web.ObservationFilterChainDecorator$ObservationFilter.wrapFilter(ObservationFilterChainDecorator.java:240)
	at org.springframework.security.web.ObservationFilterChainDecorator$ObservationFilter.doFilter(ObservationFilterChainDecorator.java:227)
	at org.springframework.security.web.ObservationFilterChainDecorator$VirtualFilterChain.doFilter(ObservationFilterChainDecorator.java:137)
	at org.springframework.security.web.authentication.logout.LogoutFilter.doFilter(LogoutFilter.java:107)
	at org.springframework.security.web.authentication.logout.LogoutFilter.doFilter(LogoutFilter.java:93)
	at org.springframework.security.web.ObservationFilterChainDecorator$ObservationFilter.wrapFilter(ObservationFilterChainDecorator.java:240)
	at org.springframework.security.web.ObservationFilterChainDecorator$ObservationFilter.doFilter(ObservationFilterChainDecorator.java:227)
	at org.springframework.security.web.ObservationFilterChainDecorator$VirtualFilterChain.doFilter(ObservationFilterChainDecorator.java:137)
	at org.springframework.web.filter.OncePerRequestFilter.doFilter(OncePerRequestFilter.java:110)
	at org.springframework.security.web.ObservationFilterChainDecorator$ObservationFilter.wrapFilter(ObservationFilterChainDecorator.java:240)
	at org.springframework.security.web.ObservationFilterChainDecorator$ObservationFilter.doFilter(ObservationFilterChainDecorator.java:227)
	at org.springframework.security.web.ObservationFilterChainDecorator$VirtualFilterChain.doFilter(ObservationFilterChainDecorator.java:137)
	at org.springframework.web.filter.CorsFilter.doFilterInternal(CorsFilter.java:91)
	at org.springframework.web.filter.OncePerRequestFilter.doFilter(OncePerRequestFilter.java:116)
	at org.springframework.security.web.ObservationFilterChainDecorator$ObservationFilter.wrapFilter(ObservationFilterChainDecorator.java:240)
	at org.springframework.security.web.ObservationFilterChainDecorator$ObservationFilter.doFilter(ObservationFilterChainDecorator.java:227)
	at org.springframework.security.web.ObservationFilterChainDecorator$VirtualFilterChain.doFilter(ObservationFilterChainDecorator.java:137)
	at org.springframework.security.web.header.HeaderWriterFilter.doHeadersAfter(HeaderWriterFilter.java:90)
	at org.springframework.security.web.header.HeaderWriterFilter.doFilterInternal(HeaderWriterFilter.java:75)
	at org.springframework.web.filter.OncePerRequestFilter.doFilter(OncePerRequestFilter.java:116)
	at org.springframework.security.web.ObservationFilterChainDecorator$ObservationFilter.wrapFilter(ObservationFilterChainDecorator.java:240)
	at org.springframework.security.web.ObservationFilterChainDecorator$ObservationFilter.doFilter(ObservationFilterChainDecorator.java:227)
	at org.springframework.security.web.ObservationFilterChainDecorator$VirtualFilterChain.doFilter(ObservationFilterChainDecorator.java:137)
	at org.springframework.security.web.context.SecurityContextHolderFilter.doFilter(SecurityContextHolderFilter.java:82)
	at org.springframework.security.web.context.SecurityContextHolderFilter.doFilter(SecurityContextHolderFilter.java:69)
	at org.springframework.security.web.ObservationFilterChainDecorator$ObservationFilter.wrapFilter(ObservationFilterChainDecorator.java:240)
	at org.springframework.security.web.ObservationFilterChainDecorator$ObservationFilter.doFilter(ObservationFilterChainDecorator.java:227)
	at org.springframework.security.web.ObservationFilterChainDecorator$VirtualFilterChain.doFilter(ObservationFilterChainDecorator.java:137)
	at org.springframework.security.web.context.request.async.WebAsyncManagerIntegrationFilter.doFilterInternal(WebAsyncManagerIntegrationFilter.java:62)
	at org.springframework.web.filter.OncePerRequestFilter.doFilter(OncePerRequestFilter.java:116)
	at org.springframework.security.web.ObservationFilterChainDecorator$ObservationFilter.wrapFilter(ObservationFilterChainDecorator.java:240)
	at org.springframework.security.web.ObservationFilterChainDecorator$ObservationFilter.doFilter(ObservationFilterChainDecorator.java:227)
	at org.springframework.security.web.ObservationFilterChainDecorator$VirtualFilterChain.doFilter(ObservationFilterChainDecorator.java:137)
	at org.springframework.security.web.session.DisableEncodeUrlFilter.doFilterInternal(DisableEncodeUrlFilter.java:42)
	at org.springframework.web.filter.OncePerRequestFilter.doFilter(OncePerRequestFilter.java:116)
	at org.springframework.security.web.ObservationFilterChainDecorator$ObservationFilter.wrapFilter(ObservationFilterChainDecorator.java:240)
	at org.springframework.security.web.ObservationFilterChainDecorator$AroundFilterObservation$SimpleAroundFilterObservation.lambda$wrap$0(ObservationFilterChainDecorator.java:323)
	at org.springframework.security.web.ObservationFilterChainDecorator$ObservationFilter.doFilter(ObservationFilterChainDecorator.java:224)
	at org.springframework.security.web.ObservationFilterChainDecorator$VirtualFilterChain.doFilter(ObservationFilterChainDecorator.java:137)
	at org.springframework.security.web.FilterChainProxy.doFilterInternal(FilterChainProxy.java:233)
	at org.springframework.security.web.FilterChainProxy.doFilter(FilterChainProxy.java:191)
	at org.springframework.web.filter.CompositeFilter$VirtualFilterChain.doFilter(CompositeFilter.java:113)
	at org.springframework.web.servlet.handler.HandlerMappingIntrospector.lambda$createCacheFilter$3(HandlerMappingIntrospector.java:195)
	at org.springframework.web.filter.CompositeFilter$VirtualFilterChain.doFilter(CompositeFilter.java:113)
	at org.springframework.web.filter.CompositeFilter.doFilter(CompositeFilter.java:74)
	at org.springframework.security.config.annotation.web.configuration.WebMvcSecurityConfiguration$CompositeFilterChainProxy.doFilter(WebMvcSecurityConfiguration.java:230)
	at org.springframework.web.filter.DelegatingFilterProxy.invokeDelegate(DelegatingFilterProxy.java:352)
	at org.springframework.web.filter.DelegatingFilterProxy.doFilter(DelegatingFilterProxy.java:268)
	at org.apache.catalina.core.ApplicationFilterChain.internalDoFilter(ApplicationFilterChain.java:175)
	at org.apache.catalina.core.ApplicationFilterChain.doFilter(ApplicationFilterChain.java:150)
	at org.springframework.web.filter.RequestContextFilter.doFilterInternal(RequestContextFilter.java:100)
	at org.springframework.web.filter.OncePerRequestFilter.doFilter(OncePerRequestFilter.java:116)
	at org.apache.catalina.core.ApplicationFilterChain.internalDoFilter(ApplicationFilterChain.java:175)
	at org.apache.catalina.core.ApplicationFilterChain.doFilter(ApplicationFilterChain.java:150)
	at org.springframework.web.filter.FormContentFilter.doFilterInternal(FormContentFilter.java:93)
	at org.springframework.web.filter.OncePerRequestFilter.doFilter(OncePerRequestFilter.java:116)
	at org.apache.catalina.core.ApplicationFilterChain.internalDoFilter(ApplicationFilterChain.java:175)
	at org.apache.catalina.core.ApplicationFilterChain.doFilter(ApplicationFilterChain.java:150)
	at org.springframework.web.filter.ServerHttpObservationFilter.doFilterInternal(ServerHttpObservationFilter.java:109)
	at org.springframework.web.filter.OncePerRequestFilter.doFilter(OncePerRequestFilter.java:116)
	at org.apache.catalina.core.ApplicationFilterChain.internalDoFilter(ApplicationFilterChain.java:175)
	at org.apache.catalina.core.ApplicationFilterChain.doFilter(ApplicationFilterChain.java:150)
	at org.springframework.web.filter.CharacterEncodingFilter.doFilterInternal(CharacterEncodingFilter.java:201)
	at org.springframework.web.filter.OncePerRequestFilter.doFilter(OncePerRequestFilter.java:116)
	at org.apache.catalina.core.ApplicationFilterChain.internalDoFilter(ApplicationFilterChain.java:175)
	at org.apache.catalina.core.ApplicationFilterChain.doFilter(ApplicationFilterChain.java:150)
	at org.apache.catalina.core.StandardWrapperValve.invoke(StandardWrapperValve.java:167)
	at org.apache.catalina.core.StandardContextValve.invoke(StandardContextValve.java:90)
	at org.apache.catalina.authenticator.AuthenticatorBase.invoke(AuthenticatorBase.java:482)
	at org.apache.catalina.core.StandardHostValve.invoke(StandardHostValve.java:115)
	at org.apache.catalina.valves.ErrorReportValve.invoke(ErrorReportValve.java:93)
	at org.apache.catalina.core.StandardEngineValve.invoke(StandardEngineValve.java:74)
	at org.apache.catalina.connector.CoyoteAdapter.service(CoyoteAdapter.java:344)
	at org.apache.coyote.http11.Http11Processor.service(Http11Processor.java:391)
	at org.apache.coyote.AbstractProcessorLight.process(AbstractProcessorLight.java:63)
	at org.apache.coyote.AbstractProtocol$ConnectionHandler.process(AbstractProtocol.java:896)
	at org.apache.tomcat.util.net.NioEndpoint$SocketProcessor.doRun(NioEndpoint.java:1736)
	at org.apache.tomcat.util.net.SocketProcessorBase.run(SocketProcessorBase.java:52)
	at org.apache.tomcat.util.threads.ThreadPoolExecutor.runWorker(ThreadPoolExecutor.java:1191)
	at org.apache.tomcat.util.threads.ThreadPoolExecutor$Worker.run(ThreadPoolExecutor.java:659)
	at org.apache.tomcat.util.threads.TaskThread$WrappingRunnable.run(TaskThread.java:63)
	at java.base/java.lang.Thread.run(Thread.java:842)
Caused by: org.springframework.expression.spel.SpelEvaluationException: EL1058E: A problem occurred when trying to resolve bean 'securityService':'Could not resolve bean reference against BeanFactory'
	at org.springframework.expression.spel.ast.BeanReference.getValueInternal(BeanReference.java:59)
	at org.springframework.expression.spel.ast.CompoundExpression.getValueRef(CompoundExpression.java:60)
	at org.springframework.expression.spel.ast.CompoundExpression.getValueInternal(CompoundExpression.java:96)
	at org.springframework.expression.spel.ast.SpelNodeImpl.getValue(SpelNodeImpl.java:222)
	at org.springframework.expression.spel.ast.OpOr.getBooleanValue(OpOr.java:56)
	at org.springframework.expression.spel.ast.OpOr.getValueInternal(OpOr.java:51)
	at org.springframework.expression.spel.ast.OpOr.getValueInternal(OpOr.java:37)
	at org.springframework.expression.spel.ast.SpelNodeImpl.getTypedValue(SpelNodeImpl.java:119)
	at org.springframework.expression.spel.standard.SpelExpression.getValue(SpelExpression.java:309)
	at org.springframework.security.access.expression.ExpressionUtils.evaluateAsBoolean(ExpressionUtils.java:30)
	... 154 common frames omitted
Caused by: org.springframework.expression.AccessException: Could not resolve bean reference against BeanFactory
	at org.springframework.context.expression.BeanFactoryResolver.resolve(BeanFactoryResolver.java:54)
	at org.springframework.expression.spel.ast.BeanReference.getValueInternal(BeanReference.java:55)
	... 163 common frames omitted
Caused by: org.springframework.beans.factory.NoSuchBeanDefinitionException: No bean named 'securityService' available
	at org.springframework.beans.factory.support.DefaultListableBeanFactory.getBeanDefinition(DefaultListableBeanFactory.java:895)
	at org.springframework.beans.factory.support.AbstractBeanFactory.getMergedLocalBeanDefinition(AbstractBeanFactory.java:1351)
	at org.springframework.beans.factory.support.AbstractBeanFactory.doGetBean(AbstractBeanFactory.java:300)
	at org.springframework.beans.factory.support.AbstractBeanFactory.getBean(AbstractBeanFactory.java:200)
	at org.springframework.context.support.AbstractApplicationContext.getBean(AbstractApplicationContext.java:1234)
	at org.springframework.context.expression.BeanFactoryResolver.resolve(BeanFactoryResolver.java:51)
	... 164 common frames omitted
2026-05-23 05:15:20.090 [http-nio-0.0.0.0-8080-exec-7] DEBUG o.s.o.j.s.OpenEntityManagerInViewInterceptor - Closing JPA EntityManager in OpenEntityManagerInViewInterceptor
2026-05-23 05:15:20.097 [http-nio-0.0.0.0-8080-exec-7] INFO  c.e.p.util.HttpLoggingInterceptor - REQUEST_END [9c03d91f-b80d-4dac-8d3b-8d7b63540724] GET /api/v1/notifications/user/2 | Status: 500 | Duration: 16ms
2026-05-23 05:16:20.045 [http-nio-0.0.0.0-8080-exec-10] DEBUG o.s.security.web.FilterChainProxy - Securing OPTIONS /api/v1/notifications/user/2
2026-05-23 05:16:20.055 [http-nio-0.0.0.0-8080-exec-2] DEBUG o.s.security.web.FilterChainProxy - Securing GET /api/v1/notifications/user/2
2026-05-23 05:16:20.061 [http-nio-0.0.0.0-8080-exec-2] DEBUG c.e.p.util.SecurityLoggingAspect - AUTHORIZATION_GRANTED: User=ANONYMOUS, Method=extractUsername
2026-05-23 05:16:20.062 [http-nio-0.0.0.0-8080-exec-2] DEBUG o.s.o.j.SharedEntityManagerCreator$SharedEntityManagerInvocationHandler - Creating new EntityManager for shared EntityManager invocation
2026-05-23 05:16:20.065 [http-nio-0.0.0.0-8080-exec-2] DEBUG org.hibernate.SQL - 
    select
        u1_0.id,
        u1_0.address,
        u1_0.admin_notes,
        u1_0.avatar_url,
        u1_0.bio,
        u1_0.preferred_category,
        u1_0.created_at,
        u1_0.email,
        u1_0.google_id,
        u1_0.kyc_status,
        u1_0.password,
        u1_0.last_name,
        u1_0.first_name,
        u1_0.role,
        u1_0.status,
        u1_0.phone,
        u1_0.ville 
    from
        users u1_0 
    where
        u1_0.email=?
2026-05-23 05:16:20.070 [http-nio-0.0.0.0-8080-exec-2] DEBUG c.e.p.util.PerformanceLoggingAspect - QUERY_EXECUTED: $Proxy166.findByEmail | Duration: 7ms
2026-05-23 05:16:20.071 [http-nio-0.0.0.0-8080-exec-2] DEBUG c.e.p.util.SecurityLoggingAspect - AUTHORIZATION_GRANTED: User=ANONYMOUS, Method=loadUserByUsername
2026-05-23 05:16:20.072 [http-nio-0.0.0.0-8080-exec-2] DEBUG c.e.p.util.SecurityLoggingAspect - AUTHORIZATION_GRANTED: User=ANONYMOUS, Method=isTokenValid
2026-05-23 05:16:20.075 [http-nio-0.0.0.0-8080-exec-2] DEBUG o.s.security.web.FilterChainProxy - Secured GET /api/v1/notifications/user/2
2026-05-23 05:16:20.078 [http-nio-0.0.0.0-8080-exec-2] INFO  c.e.p.util.HttpLoggingInterceptor - REQUEST_START [b60c009a-782c-437a-9b58-1ff7aac50519] GET /api/v1/notifications/user/2 | IP: 172.27.232.215 | User-Agent: Mozilla/5.0 (Windows NT 10.0; Win64; x64) AppleWebKit/537.36 (KHTML, like Gecko) Chrome/148.0.0.0 Safari/537.36
2026-05-23 05:16:20.078 [http-nio-0.0.0.0-8080-exec-2] DEBUG o.s.o.j.s.OpenEntityManagerInViewInterceptor - Opening JPA EntityManager in OpenEntityManagerInViewInterceptor
2026-05-23 05:16:20.080 [http-nio-0.0.0.0-8080-exec-2] DEBUG o.s.s.a.m.AuthorizationManagerBeforeMethodInterceptor - Authorizing method invocation ReflectiveMethodInvocation: public org.springframework.http.ResponseEntity com.example.project.controller.NotificationController.getNotificationsByUser(java.lang.Long); target is of class [com.example.project.controller.NotificationController]
2026-05-23 05:16:20.082 [http-nio-0.0.0.0-8080-exec-2] ERROR c.e.p.e.GlobalExceptionHandler - UNEXPECTED_ERROR: Failed to evaluate expression 'hasRole('ADMIN') or @securityService.isCurrentUser(#utilisateurId)' | Stack Trace: 
java.lang.IllegalArgumentException: Failed to evaluate expression 'hasRole('ADMIN') or @securityService.isCurrentUser(#utilisateurId)'
	at org.springframework.security.access.expression.ExpressionUtils.evaluateAsBoolean(ExpressionUtils.java:33)
	at org.springframework.security.authorization.method.PreAuthorizeAuthorizationManager.check(PreAuthorizeAuthorizationManager.java:68)
	at org.springframework.security.authorization.method.PreAuthorizeAuthorizationManager.check(PreAuthorizeAuthorizationManager.java:40)
	at org.springframework.security.authorization.ObservationAuthorizationManager.check(ObservationAuthorizationManager.java:63)
	at org.springframework.security.config.annotation.method.configuration.DeferringObservationAuthorizationManager.check(DeferringObservationAuthorizationManager.java:47)
	at org.springframework.security.authorization.method.AuthorizationManagerBeforeMethodInterceptor.attemptAuthorization(AuthorizationManagerBeforeMethodInterceptor.java:251)
	at org.springframework.security.authorization.method.AuthorizationManagerBeforeMethodInterceptor.invoke(AuthorizationManagerBeforeMethodInterceptor.java:197)
	at org.springframework.aop.framework.ReflectiveMethodInvocation.proceed(ReflectiveMethodInvocation.java:184)
	at org.springframework.aop.framework.CglibAopProxy$CglibMethodInvocation.proceed(CglibAopProxy.java:768)
	at org.springframework.aop.interceptor.ExposeInvocationInterceptor.invoke(ExposeInvocationInterceptor.java:97)
	at org.springframework.aop.framework.ReflectiveMethodInvocation.proceed(ReflectiveMethodInvocation.java:184)
	at org.springframework.aop.framework.CglibAopProxy$CglibMethodInvocation.proceed(CglibAopProxy.java:768)
	at org.springframework.aop.framework.CglibAopProxy$DynamicAdvisedInterceptor.intercept(CglibAopProxy.java:720)
	at com.example.project.controller.NotificationController$$SpringCGLIB$$0.getNotificationsByUser(<generated>)
	at java.base/jdk.internal.reflect.NativeMethodAccessorImpl.invoke0(Native Method)
	at java.base/jdk.internal.reflect.NativeMethodAccessorImpl.invoke(NativeMethodAccessorImpl.java:77)
	at java.base/jdk.internal.reflect.DelegatingMethodAccessorImpl.invoke(DelegatingMethodAccessorImpl.java:43)
	at java.base/java.lang.reflect.Method.invoke(Method.java:568)
	at org.springframework.web.method.support.InvocableHandlerMethod.doInvoke(InvocableHandlerMethod.java:255)
	at org.springframework.web.method.support.InvocableHandlerMethod.invokeForRequest(InvocableHandlerMethod.java:188)
	at org.springframework.web.servlet.mvc.method.annotation.ServletInvocableHandlerMethod.invokeAndHandle(ServletInvocableHandlerMethod.java:118)
	at org.springframework.web.servlet.mvc.method.annotation.RequestMappingHandlerAdapter.invokeHandlerMethod(RequestMappingHandlerAdapter.java:926)
	at org.springframework.web.servlet.mvc.method.annotation.RequestMappingHandlerAdapter.handleInternal(RequestMappingHandlerAdapter.java:831)
	at org.springframework.web.servlet.mvc.method.AbstractHandlerMethodAdapter.handle(AbstractHandlerMethodAdapter.java:87)
	at org.springframework.web.servlet.DispatcherServlet.doDispatch(DispatcherServlet.java:1089)
	at org.springframework.web.servlet.DispatcherServlet.doService(DispatcherServlet.java:979)
	at org.springframework.web.servlet.FrameworkServlet.processRequest(FrameworkServlet.java:1014)
	at org.springframework.web.servlet.FrameworkServlet.doGet(FrameworkServlet.java:903)
	at jakarta.servlet.http.HttpServlet.service(HttpServlet.java:564)
	at org.springframework.web.servlet.FrameworkServlet.service(FrameworkServlet.java:885)
	at jakarta.servlet.http.HttpServlet.service(HttpServlet.java:658)
	at org.apache.catalina.core.ApplicationFilterChain.internalDoFilter(ApplicationFilterChain.java:206)
	at org.apache.catalina.core.ApplicationFilterChain.doFilter(ApplicationFilterChain.java:150)
	at org.apache.tomcat.websocket.server.WsFilter.doFilter(WsFilter.java:51)
	at org.apache.catalina.core.ApplicationFilterChain.internalDoFilter(ApplicationFilterChain.java:175)
	at org.apache.catalina.core.ApplicationFilterChain.doFilter(ApplicationFilterChain.java:150)
	at org.springframework.web.filter.OncePerRequestFilter.doFilter(OncePerRequestFilter.java:110)
	at org.apache.catalina.core.ApplicationFilterChain.internalDoFilter(ApplicationFilterChain.java:175)
	at org.apache.catalina.core.ApplicationFilterChain.doFilter(ApplicationFilterChain.java:150)
	at org.springframework.web.filter.CompositeFilter$VirtualFilterChain.doFilter(CompositeFilter.java:108)
	at org.springframework.security.web.FilterChainProxy.lambda$doFilterInternal$3(FilterChainProxy.java:231)
	at org.springframework.security.web.ObservationFilterChainDecorator$FilterObservation$SimpleFilterObservation.lambda$wrap$1(ObservationFilterChainDecorator.java:479)
	at org.springframework.security.web.ObservationFilterChainDecorator$AroundFilterObservation$SimpleAroundFilterObservation.lambda$wrap$1(ObservationFilterChainDecorator.java:340)
	at org.springframework.security.web.ObservationFilterChainDecorator.lambda$wrapSecured$0(ObservationFilterChainDecorator.java:82)
	at org.springframework.security.web.ObservationFilterChainDecorator$VirtualFilterChain.doFilter(ObservationFilterChainDecorator.java:128)
	at org.springframework.security.web.access.intercept.AuthorizationFilter.doFilter(AuthorizationFilter.java:100)
	at org.springframework.security.web.ObservationFilterChainDecorator$ObservationFilter.wrapFilter(ObservationFilterChainDecorator.java:240)
	at org.springframework.security.web.ObservationFilterChainDecorator$ObservationFilter.doFilter(ObservationFilterChainDecorator.java:227)
	at org.springframework.security.web.ObservationFilterChainDecorator$VirtualFilterChain.doFilter(ObservationFilterChainDecorator.java:137)
	at org.springframework.security.web.access.ExceptionTranslationFilter.doFilter(ExceptionTranslationFilter.java:126)
	at org.springframework.security.web.access.ExceptionTranslationFilter.doFilter(ExceptionTranslationFilter.java:120)
	at org.springframework.security.web.ObservationFilterChainDecorator$ObservationFilter.wrapFilter(ObservationFilterChainDecorator.java:240)
	at org.springframework.security.web.ObservationFilterChainDecorator$ObservationFilter.doFilter(ObservationFilterChainDecorator.java:227)
	at org.springframework.security.web.ObservationFilterChainDecorator$VirtualFilterChain.doFilter(ObservationFilterChainDecorator.java:137)
	at org.springframework.security.web.session.SessionManagementFilter.doFilter(SessionManagementFilter.java:131)
	at org.springframework.security.web.session.SessionManagementFilter.doFilter(SessionManagementFilter.java:85)
	at org.springframework.security.web.ObservationFilterChainDecorator$ObservationFilter.wrapFilter(ObservationFilterChainDecorator.java:240)
	at org.springframework.security.web.ObservationFilterChainDecorator$ObservationFilter.doFilter(ObservationFilterChainDecorator.java:227)
	at org.springframework.security.web.ObservationFilterChainDecorator$VirtualFilterChain.doFilter(ObservationFilterChainDecorator.java:137)
	at org.springframework.security.web.authentication.AnonymousAuthenticationFilter.doFilter(AnonymousAuthenticationFilter.java:100)
	at org.springframework.security.web.ObservationFilterChainDecorator$ObservationFilter.wrapFilter(ObservationFilterChainDecorator.java:240)
	at org.springframework.security.web.ObservationFilterChainDecorator$ObservationFilter.doFilter(ObservationFilterChainDecorator.java:227)
	at org.springframework.security.web.ObservationFilterChainDecorator$VirtualFilterChain.doFilter(ObservationFilterChainDecorator.java:137)
	at org.springframework.security.web.servletapi.SecurityContextHolderAwareRequestFilter.doFilter(SecurityContextHolderAwareRequestFilter.java:179)
	at org.springframework.security.web.ObservationFilterChainDecorator$ObservationFilter.wrapFilter(ObservationFilterChainDecorator.java:240)
	at org.springframework.security.web.ObservationFilterChainDecorator$ObservationFilter.doFilter(ObservationFilterChainDecorator.java:227)
	at org.springframework.security.web.ObservationFilterChainDecorator$VirtualFilterChain.doFilter(ObservationFilterChainDecorator.java:137)
	at org.springframework.security.web.savedrequest.RequestCacheAwareFilter.doFilter(RequestCacheAwareFilter.java:63)
	at org.springframework.security.web.ObservationFilterChainDecorator$ObservationFilter.wrapFilter(ObservationFilterChainDecorator.java:240)
	at org.springframework.security.web.ObservationFilterChainDecorator$ObservationFilter.doFilter(ObservationFilterChainDecorator.java:227)
	at org.springframework.security.web.ObservationFilterChainDecorator$VirtualFilterChain.doFilter(ObservationFilterChainDecorator.java:137)
	at com.example.project.security.JwtAuthFilter.doFilterInternal(JwtAuthFilter.java:63)
	at org.springframework.web.filter.OncePerRequestFilter.doFilter(OncePerRequestFilter.java:116)
	at org.springframework.security.web.ObservationFilterChainDecorator$ObservationFilter.wrapFilter(ObservationFilterChainDecorator.java:240)
	at org.springframework.security.web.ObservationFilterChainDecorator$ObservationFilter.doFilter(ObservationFilterChainDecorator.java:227)
	at org.springframework.security.web.ObservationFilterChainDecorator$VirtualFilterChain.doFilter(ObservationFilterChainDecorator.java:137)
	at org.springframework.security.web.authentication.logout.LogoutFilter.doFilter(LogoutFilter.java:107)
	at org.springframework.security.web.authentication.logout.LogoutFilter.doFilter(LogoutFilter.java:93)
	at org.springframework.security.web.ObservationFilterChainDecorator$ObservationFilter.wrapFilter(ObservationFilterChainDecorator.java:240)
	at org.springframework.security.web.ObservationFilterChainDecorator$ObservationFilter.doFilter(ObservationFilterChainDecorator.java:227)
	at org.springframework.security.web.ObservationFilterChainDecorator$VirtualFilterChain.doFilter(ObservationFilterChainDecorator.java:137)
	at org.springframework.web.filter.OncePerRequestFilter.doFilter(OncePerRequestFilter.java:110)
	at org.springframework.security.web.ObservationFilterChainDecorator$ObservationFilter.wrapFilter(ObservationFilterChainDecorator.java:240)
	at org.springframework.security.web.ObservationFilterChainDecorator$ObservationFilter.doFilter(ObservationFilterChainDecorator.java:227)
	at org.springframework.security.web.ObservationFilterChainDecorator$VirtualFilterChain.doFilter(ObservationFilterChainDecorator.java:137)
	at org.springframework.web.filter.CorsFilter.doFilterInternal(CorsFilter.java:91)
	at org.springframework.web.filter.OncePerRequestFilter.doFilter(OncePerRequestFilter.java:116)
	at org.springframework.security.web.ObservationFilterChainDecorator$ObservationFilter.wrapFilter(ObservationFilterChainDecorator.java:240)
	at org.springframework.security.web.ObservationFilterChainDecorator$ObservationFilter.doFilter(ObservationFilterChainDecorator.java:227)
	at org.springframework.security.web.ObservationFilterChainDecorator$VirtualFilterChain.doFilter(ObservationFilterChainDecorator.java:137)
	at org.springframework.security.web.header.HeaderWriterFilter.doHeadersAfter(HeaderWriterFilter.java:90)
	at org.springframework.security.web.header.HeaderWriterFilter.doFilterInternal(HeaderWriterFilter.java:75)
	at org.springframework.web.filter.OncePerRequestFilter.doFilter(OncePerRequestFilter.java:116)
	at org.springframework.security.web.ObservationFilterChainDecorator$ObservationFilter.wrapFilter(ObservationFilterChainDecorator.java:240)
	at org.springframework.security.web.ObservationFilterChainDecorator$ObservationFilter.doFilter(ObservationFilterChainDecorator.java:227)
	at org.springframework.security.web.ObservationFilterChainDecorator$VirtualFilterChain.doFilter(ObservationFilterChainDecorator.java:137)
	at org.springframework.security.web.context.SecurityContextHolderFilter.doFilter(SecurityContextHolderFilter.java:82)
	at org.springframework.security.web.context.SecurityContextHolderFilter.doFilter(SecurityContextHolderFilter.java:69)
	at org.springframework.security.web.ObservationFilterChainDecorator$ObservationFilter.wrapFilter(ObservationFilterChainDecorator.java:240)
	at org.springframework.security.web.ObservationFilterChainDecorator$ObservationFilter.doFilter(ObservationFilterChainDecorator.java:227)
	at org.springframework.security.web.ObservationFilterChainDecorator$VirtualFilterChain.doFilter(ObservationFilterChainDecorator.java:137)
	at org.springframework.security.web.context.request.async.WebAsyncManagerIntegrationFilter.doFilterInternal(WebAsyncManagerIntegrationFilter.java:62)
	at org.springframework.web.filter.OncePerRequestFilter.doFilter(OncePerRequestFilter.java:116)
	at org.springframework.security.web.ObservationFilterChainDecorator$ObservationFilter.wrapFilter(ObservationFilterChainDecorator.java:240)
	at org.springframework.security.web.ObservationFilterChainDecorator$ObservationFilter.doFilter(ObservationFilterChainDecorator.java:227)
	at org.springframework.security.web.ObservationFilterChainDecorator$VirtualFilterChain.doFilter(ObservationFilterChainDecorator.java:137)
	at org.springframework.security.web.session.DisableEncodeUrlFilter.doFilterInternal(DisableEncodeUrlFilter.java:42)
	at org.springframework.web.filter.OncePerRequestFilter.doFilter(OncePerRequestFilter.java:116)
	at org.springframework.security.web.ObservationFilterChainDecorator$ObservationFilter.wrapFilter(ObservationFilterChainDecorator.java:240)
	at org.springframework.security.web.ObservationFilterChainDecorator$AroundFilterObservation$SimpleAroundFilterObservation.lambda$wrap$0(ObservationFilterChainDecorator.java:323)
	at org.springframework.security.web.ObservationFilterChainDecorator$ObservationFilter.doFilter(ObservationFilterChainDecorator.java:224)
	at org.springframework.security.web.ObservationFilterChainDecorator$VirtualFilterChain.doFilter(ObservationFilterChainDecorator.java:137)
	at org.springframework.security.web.FilterChainProxy.doFilterInternal(FilterChainProxy.java:233)
	at org.springframework.security.web.FilterChainProxy.doFilter(FilterChainProxy.java:191)
	at org.springframework.web.filter.CompositeFilter$VirtualFilterChain.doFilter(CompositeFilter.java:113)
	at org.springframework.web.servlet.handler.HandlerMappingIntrospector.lambda$createCacheFilter$3(HandlerMappingIntrospector.java:195)
	at org.springframework.web.filter.CompositeFilter$VirtualFilterChain.doFilter(CompositeFilter.java:113)
	at org.springframework.web.filter.CompositeFilter.doFilter(CompositeFilter.java:74)
	at org.springframework.security.config.annotation.web.configuration.WebMvcSecurityConfiguration$CompositeFilterChainProxy.doFilter(WebMvcSecurityConfiguration.java:230)
	at org.springframework.web.filter.DelegatingFilterProxy.invokeDelegate(DelegatingFilterProxy.java:352)
	at org.springframework.web.filter.DelegatingFilterProxy.doFilter(DelegatingFilterProxy.java:268)
	at org.apache.catalina.core.ApplicationFilterChain.internalDoFilter(ApplicationFilterChain.java:175)
	at org.apache.catalina.core.ApplicationFilterChain.doFilter(ApplicationFilterChain.java:150)
	at org.springframework.web.filter.RequestContextFilter.doFilterInternal(RequestContextFilter.java:100)
	at org.springframework.web.filter.OncePerRequestFilter.doFilter(OncePerRequestFilter.java:116)
	at org.apache.catalina.core.ApplicationFilterChain.internalDoFilter(ApplicationFilterChain.java:175)
	at org.apache.catalina.core.ApplicationFilterChain.doFilter(ApplicationFilterChain.java:150)
	at org.springframework.web.filter.FormContentFilter.doFilterInternal(FormContentFilter.java:93)
	at org.springframework.web.filter.OncePerRequestFilter.doFilter(OncePerRequestFilter.java:116)
	at org.apache.catalina.core.ApplicationFilterChain.internalDoFilter(ApplicationFilterChain.java:175)
	at org.apache.catalina.core.ApplicationFilterChain.doFilter(ApplicationFilterChain.java:150)
	at org.springframework.web.filter.ServerHttpObservationFilter.doFilterInternal(ServerHttpObservationFilter.java:109)
	at org.springframework.web.filter.OncePerRequestFilter.doFilter(OncePerRequestFilter.java:116)
	at org.apache.catalina.core.ApplicationFilterChain.internalDoFilter(ApplicationFilterChain.java:175)
	at org.apache.catalina.core.ApplicationFilterChain.doFilter(ApplicationFilterChain.java:150)
	at org.springframework.web.filter.CharacterEncodingFilter.doFilterInternal(CharacterEncodingFilter.java:201)
	at org.springframework.web.filter.OncePerRequestFilter.doFilter(OncePerRequestFilter.java:116)
	at org.apache.catalina.core.ApplicationFilterChain.internalDoFilter(ApplicationFilterChain.java:175)
	at org.apache.catalina.core.ApplicationFilterChain.doFilter(ApplicationFilterChain.java:150)
	at org.apache.catalina.core.StandardWrapperValve.invoke(StandardWrapperValve.java:167)
	at org.apache.catalina.core.StandardContextValve.invoke(StandardContextValve.java:90)
	at org.apache.catalina.authenticator.AuthenticatorBase.invoke(AuthenticatorBase.java:482)
	at org.apache.catalina.core.StandardHostValve.invoke(StandardHostValve.java:115)
	at org.apache.catalina.valves.ErrorReportValve.invoke(ErrorReportValve.java:93)
	at org.apache.catalina.core.StandardEngineValve.invoke(StandardEngineValve.java:74)
	at org.apache.catalina.connector.CoyoteAdapter.service(CoyoteAdapter.java:344)
	at org.apache.coyote.http11.Http11Processor.service(Http11Processor.java:391)
	at org.apache.coyote.AbstractProcessorLight.process(AbstractProcessorLight.java:63)
	at org.apache.coyote.AbstractProtocol$ConnectionHandler.process(AbstractProtocol.java:896)
	at org.apache.tomcat.util.net.NioEndpoint$SocketProcessor.doRun(NioEndpoint.java:1736)
	at org.apache.tomcat.util.net.SocketProcessorBase.run(SocketProcessorBase.java:52)
	at org.apache.tomcat.util.threads.ThreadPoolExecutor.runWorker(ThreadPoolExecutor.java:1191)
	at org.apache.tomcat.util.threads.ThreadPoolExecutor$Worker.run(ThreadPoolExecutor.java:659)
	at org.apache.tomcat.util.threads.TaskThread$WrappingRunnable.run(TaskThread.java:63)
	at java.base/java.lang.Thread.run(Thread.java:842)
Caused by: org.springframework.expression.spel.SpelEvaluationException: EL1058E: A problem occurred when trying to resolve bean 'securityService':'Could not resolve bean reference against BeanFactory'
	at org.springframework.expression.spel.ast.BeanReference.getValueInternal(BeanReference.java:59)
	at org.springframework.expression.spel.ast.CompoundExpression.getValueRef(CompoundExpression.java:60)
	at org.springframework.expression.spel.ast.CompoundExpression.getValueInternal(CompoundExpression.java:96)
	at org.springframework.expression.spel.ast.SpelNodeImpl.getValue(SpelNodeImpl.java:222)
	at org.springframework.expression.spel.ast.OpOr.getBooleanValue(OpOr.java:56)
	at org.springframework.expression.spel.ast.OpOr.getValueInternal(OpOr.java:51)
	at org.springframework.expression.spel.ast.OpOr.getValueInternal(OpOr.java:37)
	at org.springframework.expression.spel.ast.SpelNodeImpl.getTypedValue(SpelNodeImpl.java:119)
	at org.springframework.expression.spel.standard.SpelExpression.getValue(SpelExpression.java:309)
	at org.springframework.security.access.expression.ExpressionUtils.evaluateAsBoolean(ExpressionUtils.java:30)
	... 154 common frames omitted
Caused by: org.springframework.expression.AccessException: Could not resolve bean reference against BeanFactory
	at org.springframework.context.expression.BeanFactoryResolver.resolve(BeanFactoryResolver.java:54)
	at org.springframework.expression.spel.ast.BeanReference.getValueInternal(BeanReference.java:55)
	... 163 common frames omitted
Caused by: org.springframework.beans.factory.NoSuchBeanDefinitionException: No bean named 'securityService' available
	at org.springframework.beans.factory.support.DefaultListableBeanFactory.getBeanDefinition(DefaultListableBeanFactory.java:895)
	at org.springframework.beans.factory.support.AbstractBeanFactory.getMergedLocalBeanDefinition(AbstractBeanFactory.java:1351)
	at org.springframework.beans.factory.support.AbstractBeanFactory.doGetBean(AbstractBeanFactory.java:300)
	at org.springframework.beans.factory.support.AbstractBeanFactory.getBean(AbstractBeanFactory.java:200)
	at org.springframework.context.support.AbstractApplicationContext.getBean(AbstractApplicationContext.java:1234)
	at org.springframework.context.expression.BeanFactoryResolver.resolve(BeanFactoryResolver.java:51)
	... 164 common frames omitted
2026-05-23 05:16:20.088 [http-nio-0.0.0.0-8080-exec-2] DEBUG o.s.o.j.s.OpenEntityManagerInViewInterceptor - Closing JPA EntityManager in OpenEntityManagerInViewInterceptor
2026-05-23 05:16:20.095 [http-nio-0.0.0.0-8080-exec-2] INFO  c.e.p.util.HttpLoggingInterceptor - REQUEST_END [b60c009a-782c-437a-9b58-1ff7aac50519] GET /api/v1/notifications/user/2 | Status: 500 | Duration: 17ms
2026-05-23 05:18:06.046 [http-nio-0.0.0.0-8080-exec-9] DEBUG o.s.security.web.FilterChainProxy - Securing OPTIONS /api/v1/notifications/user/2
2026-05-23 05:18:06.058 [http-nio-0.0.0.0-8080-exec-5] DEBUG o.s.security.web.FilterChainProxy - Securing GET /api/v1/notifications/user/2
2026-05-23 05:18:06.061 [http-nio-0.0.0.0-8080-exec-5] DEBUG c.e.p.util.SecurityLoggingAspect - AUTHORIZATION_GRANTED: User=ANONYMOUS, Method=extractUsername
2026-05-23 05:18:06.062 [http-nio-0.0.0.0-8080-exec-5] DEBUG o.s.o.j.SharedEntityManagerCreator$SharedEntityManagerInvocationHandler - Creating new EntityManager for shared EntityManager invocation
2026-05-23 05:18:06.064 [http-nio-0.0.0.0-8080-exec-5] DEBUG org.hibernate.SQL - 
    select
        u1_0.id,
        u1_0.address,
        u1_0.admin_notes,
        u1_0.avatar_url,
        u1_0.bio,
        u1_0.preferred_category,
        u1_0.created_at,
        u1_0.email,
        u1_0.google_id,
        u1_0.kyc_status,
        u1_0.password,
        u1_0.last_name,
        u1_0.first_name,
        u1_0.role,
        u1_0.status,
        u1_0.phone,
        u1_0.ville 
    from
        users u1_0 
    where
        u1_0.email=?
2026-05-23 05:18:06.071 [http-nio-0.0.0.0-8080-exec-5] DEBUG c.e.p.util.PerformanceLoggingAspect - QUERY_EXECUTED: $Proxy166.findByEmail | Duration: 9ms
2026-05-23 05:18:06.072 [http-nio-0.0.0.0-8080-exec-5] DEBUG c.e.p.util.SecurityLoggingAspect - AUTHORIZATION_GRANTED: User=ANONYMOUS, Method=loadUserByUsername
2026-05-23 05:18:06.073 [http-nio-0.0.0.0-8080-exec-5] DEBUG c.e.p.util.SecurityLoggingAspect - AUTHORIZATION_GRANTED: User=ANONYMOUS, Method=isTokenValid
2026-05-23 05:18:06.074 [http-nio-0.0.0.0-8080-exec-5] DEBUG o.s.security.web.FilterChainProxy - Secured GET /api/v1/notifications/user/2
2026-05-23 05:18:06.075 [http-nio-0.0.0.0-8080-exec-5] INFO  c.e.p.util.HttpLoggingInterceptor - REQUEST_START [12720c35-7a48-4766-a087-93c67f6bb646] GET /api/v1/notifications/user/2 | IP: 172.27.232.215 | User-Agent: Mozilla/5.0 (Windows NT 10.0; Win64; x64) AppleWebKit/537.36 (KHTML, like Gecko) Chrome/148.0.0.0 Safari/537.36
2026-05-23 05:18:06.075 [http-nio-0.0.0.0-8080-exec-5] DEBUG o.s.o.j.s.OpenEntityManagerInViewInterceptor - Opening JPA EntityManager in OpenEntityManagerInViewInterceptor
2026-05-23 05:18:06.076 [http-nio-0.0.0.0-8080-exec-5] DEBUG o.s.s.a.m.AuthorizationManagerBeforeMethodInterceptor - Authorizing method invocation ReflectiveMethodInvocation: public org.springframework.http.ResponseEntity com.example.project.controller.NotificationController.getNotificationsByUser(java.lang.Long); target is of class [com.example.project.controller.NotificationController]
2026-05-23 05:18:06.079 [http-nio-0.0.0.0-8080-exec-5] ERROR c.e.p.e.GlobalExceptionHandler - UNEXPECTED_ERROR: Failed to evaluate expression 'hasRole('ADMIN') or @securityService.isCurrentUser(#utilisateurId)' | Stack Trace: 
java.lang.IllegalArgumentException: Failed to evaluate expression 'hasRole('ADMIN') or @securityService.isCurrentUser(#utilisateurId)'
	at org.springframework.security.access.expression.ExpressionUtils.evaluateAsBoolean(ExpressionUtils.java:33)
	at org.springframework.security.authorization.method.PreAuthorizeAuthorizationManager.check(PreAuthorizeAuthorizationManager.java:68)
	at org.springframework.security.authorization.method.PreAuthorizeAuthorizationManager.check(PreAuthorizeAuthorizationManager.java:40)
	at org.springframework.security.authorization.ObservationAuthorizationManager.check(ObservationAuthorizationManager.java:63)
	at org.springframework.security.config.annotation.method.configuration.DeferringObservationAuthorizationManager.check(DeferringObservationAuthorizationManager.java:47)
	at org.springframework.security.authorization.method.AuthorizationManagerBeforeMethodInterceptor.attemptAuthorization(AuthorizationManagerBeforeMethodInterceptor.java:251)
	at org.springframework.security.authorization.method.AuthorizationManagerBeforeMethodInterceptor.invoke(AuthorizationManagerBeforeMethodInterceptor.java:197)
	at org.springframework.aop.framework.ReflectiveMethodInvocation.proceed(ReflectiveMethodInvocation.java:184)
	at org.springframework.aop.framework.CglibAopProxy$CglibMethodInvocation.proceed(CglibAopProxy.java:768)
	at org.springframework.aop.interceptor.ExposeInvocationInterceptor.invoke(ExposeInvocationInterceptor.java:97)
	at org.springframework.aop.framework.ReflectiveMethodInvocation.proceed(ReflectiveMethodInvocation.java:184)
	at org.springframework.aop.framework.CglibAopProxy$CglibMethodInvocation.proceed(CglibAopProxy.java:768)
	at org.springframework.aop.framework.CglibAopProxy$DynamicAdvisedInterceptor.intercept(CglibAopProxy.java:720)
	at com.example.project.controller.NotificationController$$SpringCGLIB$$0.getNotificationsByUser(<generated>)
	at java.base/jdk.internal.reflect.NativeMethodAccessorImpl.invoke0(Native Method)
	at java.base/jdk.internal.reflect.NativeMethodAccessorImpl.invoke(NativeMethodAccessorImpl.java:77)
	at java.base/jdk.internal.reflect.DelegatingMethodAccessorImpl.invoke(DelegatingMethodAccessorImpl.java:43)
	at java.base/java.lang.reflect.Method.invoke(Method.java:568)
	at org.springframework.web.method.support.InvocableHandlerMethod.doInvoke(InvocableHandlerMethod.java:255)
	at org.springframework.web.method.support.InvocableHandlerMethod.invokeForRequest(InvocableHandlerMethod.java:188)
	at org.springframework.web.servlet.mvc.method.annotation.ServletInvocableHandlerMethod.invokeAndHandle(ServletInvocableHandlerMethod.java:118)
	at org.springframework.web.servlet.mvc.method.annotation.RequestMappingHandlerAdapter.invokeHandlerMethod(RequestMappingHandlerAdapter.java:926)
	at org.springframework.web.servlet.mvc.method.annotation.RequestMappingHandlerAdapter.handleInternal(RequestMappingHandlerAdapter.java:831)
	at org.springframework.web.servlet.mvc.method.AbstractHandlerMethodAdapter.handle(AbstractHandlerMethodAdapter.java:87)
	at org.springframework.web.servlet.DispatcherServlet.doDispatch(DispatcherServlet.java:1089)
	at org.springframework.web.servlet.DispatcherServlet.doService(DispatcherServlet.java:979)
	at org.springframework.web.servlet.FrameworkServlet.processRequest(FrameworkServlet.java:1014)
	at org.springframework.web.servlet.FrameworkServlet.doGet(FrameworkServlet.java:903)
	at jakarta.servlet.http.HttpServlet.service(HttpServlet.java:564)
	at org.springframework.web.servlet.FrameworkServlet.service(FrameworkServlet.java:885)
	at jakarta.servlet.http.HttpServlet.service(HttpServlet.java:658)
	at org.apache.catalina.core.ApplicationFilterChain.internalDoFilter(ApplicationFilterChain.java:206)
	at org.apache.catalina.core.ApplicationFilterChain.doFilter(ApplicationFilterChain.java:150)
	at org.apache.tomcat.websocket.server.WsFilter.doFilter(WsFilter.java:51)
	at org.apache.catalina.core.ApplicationFilterChain.internalDoFilter(ApplicationFilterChain.java:175)
	at org.apache.catalina.core.ApplicationFilterChain.doFilter(ApplicationFilterChain.java:150)
	at org.springframework.web.filter.OncePerRequestFilter.doFilter(OncePerRequestFilter.java:110)
	at org.apache.catalina.core.ApplicationFilterChain.internalDoFilter(ApplicationFilterChain.java:175)
	at org.apache.catalina.core.ApplicationFilterChain.doFilter(ApplicationFilterChain.java:150)
	at org.springframework.web.filter.CompositeFilter$VirtualFilterChain.doFilter(CompositeFilter.java:108)
	at org.springframework.security.web.FilterChainProxy.lambda$doFilterInternal$3(FilterChainProxy.java:231)
	at org.springframework.security.web.ObservationFilterChainDecorator$FilterObservation$SimpleFilterObservation.lambda$wrap$1(ObservationFilterChainDecorator.java:479)
	at org.springframework.security.web.ObservationFilterChainDecorator$AroundFilterObservation$SimpleAroundFilterObservation.lambda$wrap$1(ObservationFilterChainDecorator.java:340)
	at org.springframework.security.web.ObservationFilterChainDecorator.lambda$wrapSecured$0(ObservationFilterChainDecorator.java:82)
	at org.springframework.security.web.ObservationFilterChainDecorator$VirtualFilterChain.doFilter(ObservationFilterChainDecorator.java:128)
	at org.springframework.security.web.access.intercept.AuthorizationFilter.doFilter(AuthorizationFilter.java:100)
	at org.springframework.security.web.ObservationFilterChainDecorator$ObservationFilter.wrapFilter(ObservationFilterChainDecorator.java:240)
	at org.springframework.security.web.ObservationFilterChainDecorator$ObservationFilter.doFilter(ObservationFilterChainDecorator.java:227)
	at org.springframework.security.web.ObservationFilterChainDecorator$VirtualFilterChain.doFilter(ObservationFilterChainDecorator.java:137)
	at org.springframework.security.web.access.ExceptionTranslationFilter.doFilter(ExceptionTranslationFilter.java:126)
	at org.springframework.security.web.access.ExceptionTranslationFilter.doFilter(ExceptionTranslationFilter.java:120)
	at org.springframework.security.web.ObservationFilterChainDecorator$ObservationFilter.wrapFilter(ObservationFilterChainDecorator.java:240)
	at org.springframework.security.web.ObservationFilterChainDecorator$ObservationFilter.doFilter(ObservationFilterChainDecorator.java:227)
	at org.springframework.security.web.ObservationFilterChainDecorator$VirtualFilterChain.doFilter(ObservationFilterChainDecorator.java:137)
	at org.springframework.security.web.session.SessionManagementFilter.doFilter(SessionManagementFilter.java:131)
	at org.springframework.security.web.session.SessionManagementFilter.doFilter(SessionManagementFilter.java:85)
	at org.springframework.security.web.ObservationFilterChainDecorator$ObservationFilter.wrapFilter(ObservationFilterChainDecorator.java:240)
	at org.springframework.security.web.ObservationFilterChainDecorator$ObservationFilter.doFilter(ObservationFilterChainDecorator.java:227)
	at org.springframework.security.web.ObservationFilterChainDecorator$VirtualFilterChain.doFilter(ObservationFilterChainDecorator.java:137)
	at org.springframework.security.web.authentication.AnonymousAuthenticationFilter.doFilter(AnonymousAuthenticationFilter.java:100)
	at org.springframework.security.web.ObservationFilterChainDecorator$ObservationFilter.wrapFilter(ObservationFilterChainDecorator.java:240)
	at org.springframework.security.web.ObservationFilterChainDecorator$ObservationFilter.doFilter(ObservationFilterChainDecorator.java:227)
	at org.springframework.security.web.ObservationFilterChainDecorator$VirtualFilterChain.doFilter(ObservationFilterChainDecorator.java:137)
	at org.springframework.security.web.servletapi.SecurityContextHolderAwareRequestFilter.doFilter(SecurityContextHolderAwareRequestFilter.java:179)
	at org.springframework.security.web.ObservationFilterChainDecorator$ObservationFilter.wrapFilter(ObservationFilterChainDecorator.java:240)
	at org.springframework.security.web.ObservationFilterChainDecorator$ObservationFilter.doFilter(ObservationFilterChainDecorator.java:227)
	at org.springframework.security.web.ObservationFilterChainDecorator$VirtualFilterChain.doFilter(ObservationFilterChainDecorator.java:137)
	at org.springframework.security.web.savedrequest.RequestCacheAwareFilter.doFilter(RequestCacheAwareFilter.java:63)
	at org.springframework.security.web.ObservationFilterChainDecorator$ObservationFilter.wrapFilter(ObservationFilterChainDecorator.java:240)
	at org.springframework.security.web.ObservationFilterChainDecorator$ObservationFilter.doFilter(ObservationFilterChainDecorator.java:227)
	at org.springframework.security.web.ObservationFilterChainDecorator$VirtualFilterChain.doFilter(ObservationFilterChainDecorator.java:137)
	at com.example.project.security.JwtAuthFilter.doFilterInternal(JwtAuthFilter.java:63)
	at org.springframework.web.filter.OncePerRequestFilter.doFilter(OncePerRequestFilter.java:116)
	at org.springframework.security.web.ObservationFilterChainDecorator$ObservationFilter.wrapFilter(ObservationFilterChainDecorator.java:240)
	at org.springframework.security.web.ObservationFilterChainDecorator$ObservationFilter.doFilter(ObservationFilterChainDecorator.java:227)
	at org.springframework.security.web.ObservationFilterChainDecorator$VirtualFilterChain.doFilter(ObservationFilterChainDecorator.java:137)
	at org.springframework.security.web.authentication.logout.LogoutFilter.doFilter(LogoutFilter.java:107)
	at org.springframework.security.web.authentication.logout.LogoutFilter.doFilter(LogoutFilter.java:93)
	at org.springframework.security.web.ObservationFilterChainDecorator$ObservationFilter.wrapFilter(ObservationFilterChainDecorator.java:240)
	at org.springframework.security.web.ObservationFilterChainDecorator$ObservationFilter.doFilter(ObservationFilterChainDecorator.java:227)
	at org.springframework.security.web.ObservationFilterChainDecorator$VirtualFilterChain.doFilter(ObservationFilterChainDecorator.java:137)
	at org.springframework.web.filter.OncePerRequestFilter.doFilter(OncePerRequestFilter.java:110)
	at org.springframework.security.web.ObservationFilterChainDecorator$ObservationFilter.wrapFilter(ObservationFilterChainDecorator.java:240)
	at org.springframework.security.web.ObservationFilterChainDecorator$ObservationFilter.doFilter(ObservationFilterChainDecorator.java:227)
	at org.springframework.security.web.ObservationFilterChainDecorator$VirtualFilterChain.doFilter(ObservationFilterChainDecorator.java:137)
	at org.springframework.web.filter.CorsFilter.doFilterInternal(CorsFilter.java:91)
	at org.springframework.web.filter.OncePerRequestFilter.doFilter(OncePerRequestFilter.java:116)
	at org.springframework.security.web.ObservationFilterChainDecorator$ObservationFilter.wrapFilter(ObservationFilterChainDecorator.java:240)
	at org.springframework.security.web.ObservationFilterChainDecorator$ObservationFilter.doFilter(ObservationFilterChainDecorator.java:227)
	at org.springframework.security.web.ObservationFilterChainDecorator$VirtualFilterChain.doFilter(ObservationFilterChainDecorator.java:137)
	at org.springframework.security.web.header.HeaderWriterFilter.doHeadersAfter(HeaderWriterFilter.java:90)
	at org.springframework.security.web.header.HeaderWriterFilter.doFilterInternal(HeaderWriterFilter.java:75)
	at org.springframework.web.filter.OncePerRequestFilter.doFilter(OncePerRequestFilter.java:116)
	at org.springframework.security.web.ObservationFilterChainDecorator$ObservationFilter.wrapFilter(ObservationFilterChainDecorator.java:240)
	at org.springframework.security.web.ObservationFilterChainDecorator$ObservationFilter.doFilter(ObservationFilterChainDecorator.java:227)
	at org.springframework.security.web.ObservationFilterChainDecorator$VirtualFilterChain.doFilter(ObservationFilterChainDecorator.java:137)
	at org.springframework.security.web.context.SecurityContextHolderFilter.doFilter(SecurityContextHolderFilter.java:82)
	at org.springframework.security.web.context.SecurityContextHolderFilter.doFilter(SecurityContextHolderFilter.java:69)
	at org.springframework.security.web.ObservationFilterChainDecorator$ObservationFilter.wrapFilter(ObservationFilterChainDecorator.java:240)
	at org.springframework.security.web.ObservationFilterChainDecorator$ObservationFilter.doFilter(ObservationFilterChainDecorator.java:227)
	at org.springframework.security.web.ObservationFilterChainDecorator$VirtualFilterChain.doFilter(ObservationFilterChainDecorator.java:137)
	at org.springframework.security.web.context.request.async.WebAsyncManagerIntegrationFilter.doFilterInternal(WebAsyncManagerIntegrationFilter.java:62)
	at org.springframework.web.filter.OncePerRequestFilter.doFilter(OncePerRequestFilter.java:116)
	at org.springframework.security.web.ObservationFilterChainDecorator$ObservationFilter.wrapFilter(ObservationFilterChainDecorator.java:240)
	at org.springframework.security.web.ObservationFilterChainDecorator$ObservationFilter.doFilter(ObservationFilterChainDecorator.java:227)
	at org.springframework.security.web.ObservationFilterChainDecorator$VirtualFilterChain.doFilter(ObservationFilterChainDecorator.java:137)
	at org.springframework.security.web.session.DisableEncodeUrlFilter.doFilterInternal(DisableEncodeUrlFilter.java:42)
	at org.springframework.web.filter.OncePerRequestFilter.doFilter(OncePerRequestFilter.java:116)
	at org.springframework.security.web.ObservationFilterChainDecorator$ObservationFilter.wrapFilter(ObservationFilterChainDecorator.java:240)
	at org.springframework.security.web.ObservationFilterChainDecorator$AroundFilterObservation$SimpleAroundFilterObservation.lambda$wrap$0(ObservationFilterChainDecorator.java:323)
	at org.springframework.security.web.ObservationFilterChainDecorator$ObservationFilter.doFilter(ObservationFilterChainDecorator.java:224)
	at org.springframework.security.web.ObservationFilterChainDecorator$VirtualFilterChain.doFilter(ObservationFilterChainDecorator.java:137)
	at org.springframework.security.web.FilterChainProxy.doFilterInternal(FilterChainProxy.java:233)
	at org.springframework.security.web.FilterChainProxy.doFilter(FilterChainProxy.java:191)
	at org.springframework.web.filter.CompositeFilter$VirtualFilterChain.doFilter(CompositeFilter.java:113)
	at org.springframework.web.servlet.handler.HandlerMappingIntrospector.lambda$createCacheFilter$3(HandlerMappingIntrospector.java:195)
	at org.springframework.web.filter.CompositeFilter$VirtualFilterChain.doFilter(CompositeFilter.java:113)
	at org.springframework.web.filter.CompositeFilter.doFilter(CompositeFilter.java:74)
	at org.springframework.security.config.annotation.web.configuration.WebMvcSecurityConfiguration$CompositeFilterChainProxy.doFilter(WebMvcSecurityConfiguration.java:230)
	at org.springframework.web.filter.DelegatingFilterProxy.invokeDelegate(DelegatingFilterProxy.java:352)
	at org.springframework.web.filter.DelegatingFilterProxy.doFilter(DelegatingFilterProxy.java:268)
	at org.apache.catalina.core.ApplicationFilterChain.internalDoFilter(ApplicationFilterChain.java:175)
	at org.apache.catalina.core.ApplicationFilterChain.doFilter(ApplicationFilterChain.java:150)
	at org.springframework.web.filter.RequestContextFilter.doFilterInternal(RequestContextFilter.java:100)
	at org.springframework.web.filter.OncePerRequestFilter.doFilter(OncePerRequestFilter.java:116)
	at org.apache.catalina.core.ApplicationFilterChain.internalDoFilter(ApplicationFilterChain.java:175)
	at org.apache.catalina.core.ApplicationFilterChain.doFilter(ApplicationFilterChain.java:150)
	at org.springframework.web.filter.FormContentFilter.doFilterInternal(FormContentFilter.java:93)
	at org.springframework.web.filter.OncePerRequestFilter.doFilter(OncePerRequestFilter.java:116)
	at org.apache.catalina.core.ApplicationFilterChain.internalDoFilter(ApplicationFilterChain.java:175)
	at org.apache.catalina.core.ApplicationFilterChain.doFilter(ApplicationFilterChain.java:150)
	at org.springframework.web.filter.ServerHttpObservationFilter.doFilterInternal(ServerHttpObservationFilter.java:109)
	at org.springframework.web.filter.OncePerRequestFilter.doFilter(OncePerRequestFilter.java:116)
	at org.apache.catalina.core.ApplicationFilterChain.internalDoFilter(ApplicationFilterChain.java:175)
	at org.apache.catalina.core.ApplicationFilterChain.doFilter(ApplicationFilterChain.java:150)
	at org.springframework.web.filter.CharacterEncodingFilter.doFilterInternal(CharacterEncodingFilter.java:201)
	at org.springframework.web.filter.OncePerRequestFilter.doFilter(OncePerRequestFilter.java:116)
	at org.apache.catalina.core.ApplicationFilterChain.internalDoFilter(ApplicationFilterChain.java:175)
	at org.apache.catalina.core.ApplicationFilterChain.doFilter(ApplicationFilterChain.java:150)
	at org.apache.catalina.core.StandardWrapperValve.invoke(StandardWrapperValve.java:167)
	at org.apache.catalina.core.StandardContextValve.invoke(StandardContextValve.java:90)
	at org.apache.catalina.authenticator.AuthenticatorBase.invoke(AuthenticatorBase.java:482)
	at org.apache.catalina.core.StandardHostValve.invoke(StandardHostValve.java:115)
	at org.apache.catalina.valves.ErrorReportValve.invoke(ErrorReportValve.java:93)
	at org.apache.catalina.core.StandardEngineValve.invoke(StandardEngineValve.java:74)
	at org.apache.catalina.connector.CoyoteAdapter.service(CoyoteAdapter.java:344)
	at org.apache.coyote.http11.Http11Processor.service(Http11Processor.java:391)
	at org.apache.coyote.AbstractProcessorLight.process(AbstractProcessorLight.java:63)
	at org.apache.coyote.AbstractProtocol$ConnectionHandler.process(AbstractProtocol.java:896)
	at org.apache.tomcat.util.net.NioEndpoint$SocketProcessor.doRun(NioEndpoint.java:1736)
	at org.apache.tomcat.util.net.SocketProcessorBase.run(SocketProcessorBase.java:52)
	at org.apache.tomcat.util.threads.ThreadPoolExecutor.runWorker(ThreadPoolExecutor.java:1191)
	at org.apache.tomcat.util.threads.ThreadPoolExecutor$Worker.run(ThreadPoolExecutor.java:659)
	at org.apache.tomcat.util.threads.TaskThread$WrappingRunnable.run(TaskThread.java:63)
	at java.base/java.lang.Thread.run(Thread.java:842)
Caused by: org.springframework.expression.spel.SpelEvaluationException: EL1058E: A problem occurred when trying to resolve bean 'securityService':'Could not resolve bean reference against BeanFactory'
	at org.springframework.expression.spel.ast.BeanReference.getValueInternal(BeanReference.java:59)
	at org.springframework.expression.spel.ast.CompoundExpression.getValueRef(CompoundExpression.java:60)
	at org.springframework.expression.spel.ast.CompoundExpression.getValueInternal(CompoundExpression.java:96)
	at org.springframework.expression.spel.ast.SpelNodeImpl.getValue(SpelNodeImpl.java:222)
	at org.springframework.expression.spel.ast.OpOr.getBooleanValue(OpOr.java:56)
	at org.springframework.expression.spel.ast.OpOr.getValueInternal(OpOr.java:51)
	at org.springframework.expression.spel.ast.OpOr.getValueInternal(OpOr.java:37)
	at org.springframework.expression.spel.ast.SpelNodeImpl.getTypedValue(SpelNodeImpl.java:119)
	at org.springframework.expression.spel.standard.SpelExpression.getValue(SpelExpression.java:309)
	at org.springframework.security.access.expression.ExpressionUtils.evaluateAsBoolean(ExpressionUtils.java:30)
	... 154 common frames omitted
Caused by: org.springframework.expression.AccessException: Could not resolve bean reference against BeanFactory
	at org.springframework.context.expression.BeanFactoryResolver.resolve(BeanFactoryResolver.java:54)
	at org.springframework.expression.spel.ast.BeanReference.getValueInternal(BeanReference.java:55)
	... 163 common frames omitted
Caused by: org.springframework.beans.factory.NoSuchBeanDefinitionException: No bean named 'securityService' available
	at org.springframework.beans.factory.support.DefaultListableBeanFactory.getBeanDefinition(DefaultListableBeanFactory.java:895)
	at org.springframework.beans.factory.support.AbstractBeanFactory.getMergedLocalBeanDefinition(AbstractBeanFactory.java:1351)
	at org.springframework.beans.factory.support.AbstractBeanFactory.doGetBean(AbstractBeanFactory.java:300)
	at org.springframework.beans.factory.support.AbstractBeanFactory.getBean(AbstractBeanFactory.java:200)
	at org.springframework.context.support.AbstractApplicationContext.getBean(AbstractApplicationContext.java:1234)
	at org.springframework.context.expression.BeanFactoryResolver.resolve(BeanFactoryResolver.java:51)
	... 164 common frames omitted
2026-05-23 05:18:06.085 [http-nio-0.0.0.0-8080-exec-5] DEBUG o.s.o.j.s.OpenEntityManagerInViewInterceptor - Closing JPA EntityManager in OpenEntityManagerInViewInterceptor
2026-05-23 05:18:06.091 [http-nio-0.0.0.0-8080-exec-5] INFO  c.e.p.util.HttpLoggingInterceptor - REQUEST_END [12720c35-7a48-4766-a087-93c67f6bb646] GET /api/v1/notifications/user/2 | Status: 500 | Duration: 16ms
2026-05-23 05:19:07.054 [http-nio-0.0.0.0-8080-exec-8] DEBUG o.s.security.web.FilterChainProxy - Securing OPTIONS /api/v1/notifications/user/2
2026-05-23 05:19:07.069 [http-nio-0.0.0.0-8080-exec-3] DEBUG o.s.security.web.FilterChainProxy - Securing GET /api/v1/notifications/user/2
2026-05-23 05:19:07.072 [http-nio-0.0.0.0-8080-exec-3] DEBUG c.e.p.util.SecurityLoggingAspect - AUTHORIZATION_GRANTED: User=ANONYMOUS, Method=extractUsername
2026-05-23 05:19:07.073 [http-nio-0.0.0.0-8080-exec-3] DEBUG o.s.o.j.SharedEntityManagerCreator$SharedEntityManagerInvocationHandler - Creating new EntityManager for shared EntityManager invocation
2026-05-23 05:19:07.078 [http-nio-0.0.0.0-8080-exec-3] DEBUG org.hibernate.SQL - 
    select
        u1_0.id,
        u1_0.address,
        u1_0.admin_notes,
        u1_0.avatar_url,
        u1_0.bio,
        u1_0.preferred_category,
        u1_0.created_at,
        u1_0.email,
        u1_0.google_id,
        u1_0.kyc_status,
        u1_0.password,
        u1_0.last_name,
        u1_0.first_name,
        u1_0.role,
        u1_0.status,
        u1_0.phone,
        u1_0.ville 
    from
        users u1_0 
    where
        u1_0.email=?
2026-05-23 05:19:07.082 [http-nio-0.0.0.0-8080-exec-3] DEBUG c.e.p.util.PerformanceLoggingAspect - QUERY_EXECUTED: $Proxy166.findByEmail | Duration: 9ms
2026-05-23 05:19:07.082 [http-nio-0.0.0.0-8080-exec-3] DEBUG c.e.p.util.SecurityLoggingAspect - AUTHORIZATION_GRANTED: User=ANONYMOUS, Method=loadUserByUsername
2026-05-23 05:19:07.084 [http-nio-0.0.0.0-8080-exec-3] DEBUG c.e.p.util.SecurityLoggingAspect - AUTHORIZATION_GRANTED: User=ANONYMOUS, Method=isTokenValid
2026-05-23 05:19:07.085 [http-nio-0.0.0.0-8080-exec-3] DEBUG o.s.security.web.FilterChainProxy - Secured GET /api/v1/notifications/user/2
2026-05-23 05:19:07.085 [http-nio-0.0.0.0-8080-exec-3] INFO  c.e.p.util.HttpLoggingInterceptor - REQUEST_START [b4c458a0-0ed6-471e-a0e9-109d385fa2f3] GET /api/v1/notifications/user/2 | IP: 172.27.232.215 | User-Agent: Mozilla/5.0 (Windows NT 10.0; Win64; x64) AppleWebKit/537.36 (KHTML, like Gecko) Chrome/148.0.0.0 Safari/537.36
2026-05-23 05:19:07.086 [http-nio-0.0.0.0-8080-exec-3] DEBUG o.s.o.j.s.OpenEntityManagerInViewInterceptor - Opening JPA EntityManager in OpenEntityManagerInViewInterceptor
2026-05-23 05:19:07.086 [http-nio-0.0.0.0-8080-exec-3] DEBUG o.s.s.a.m.AuthorizationManagerBeforeMethodInterceptor - Authorizing method invocation ReflectiveMethodInvocation: public org.springframework.http.ResponseEntity com.example.project.controller.NotificationController.getNotificationsByUser(java.lang.Long); target is of class [com.example.project.controller.NotificationController]
2026-05-23 05:19:07.088 [http-nio-0.0.0.0-8080-exec-3] ERROR c.e.p.e.GlobalExceptionHandler - UNEXPECTED_ERROR: Failed to evaluate expression 'hasRole('ADMIN') or @securityService.isCurrentUser(#utilisateurId)' | Stack Trace: 
java.lang.IllegalArgumentException: Failed to evaluate expression 'hasRole('ADMIN') or @securityService.isCurrentUser(#utilisateurId)'
	at org.springframework.security.access.expression.ExpressionUtils.evaluateAsBoolean(ExpressionUtils.java:33)
	at org.springframework.security.authorization.method.PreAuthorizeAuthorizationManager.check(PreAuthorizeAuthorizationManager.java:68)
	at org.springframework.security.authorization.method.PreAuthorizeAuthorizationManager.check(PreAuthorizeAuthorizationManager.java:40)
	at org.springframework.security.authorization.ObservationAuthorizationManager.check(ObservationAuthorizationManager.java:63)
	at org.springframework.security.config.annotation.method.configuration.DeferringObservationAuthorizationManager.check(DeferringObservationAuthorizationManager.java:47)
	at org.springframework.security.authorization.method.AuthorizationManagerBeforeMethodInterceptor.attemptAuthorization(AuthorizationManagerBeforeMethodInterceptor.java:251)
	at org.springframework.security.authorization.method.AuthorizationManagerBeforeMethodInterceptor.invoke(AuthorizationManagerBeforeMethodInterceptor.java:197)
	at org.springframework.aop.framework.ReflectiveMethodInvocation.proceed(ReflectiveMethodInvocation.java:184)
	at org.springframework.aop.framework.CglibAopProxy$CglibMethodInvocation.proceed(CglibAopProxy.java:768)
	at org.springframework.aop.interceptor.ExposeInvocationInterceptor.invoke(ExposeInvocationInterceptor.java:97)
	at org.springframework.aop.framework.ReflectiveMethodInvocation.proceed(ReflectiveMethodInvocation.java:184)
	at org.springframework.aop.framework.CglibAopProxy$CglibMethodInvocation.proceed(CglibAopProxy.java:768)
	at org.springframework.aop.framework.CglibAopProxy$DynamicAdvisedInterceptor.intercept(CglibAopProxy.java:720)
	at com.example.project.controller.NotificationController$$SpringCGLIB$$0.getNotificationsByUser(<generated>)
	at jdk.internal.reflect.GeneratedMethodAccessor80.invoke(Unknown Source)
	at java.base/jdk.internal.reflect.DelegatingMethodAccessorImpl.invoke(DelegatingMethodAccessorImpl.java:43)
	at java.base/java.lang.reflect.Method.invoke(Method.java:568)
	at org.springframework.web.method.support.InvocableHandlerMethod.doInvoke(InvocableHandlerMethod.java:255)
	at org.springframework.web.method.support.InvocableHandlerMethod.invokeForRequest(InvocableHandlerMethod.java:188)
	at org.springframework.web.servlet.mvc.method.annotation.ServletInvocableHandlerMethod.invokeAndHandle(ServletInvocableHandlerMethod.java:118)
	at org.springframework.web.servlet.mvc.method.annotation.RequestMappingHandlerAdapter.invokeHandlerMethod(RequestMappingHandlerAdapter.java:926)
	at org.springframework.web.servlet.mvc.method.annotation.RequestMappingHandlerAdapter.handleInternal(RequestMappingHandlerAdapter.java:831)
	at org.springframework.web.servlet.mvc.method.AbstractHandlerMethodAdapter.handle(AbstractHandlerMethodAdapter.java:87)
	at org.springframework.web.servlet.DispatcherServlet.doDispatch(DispatcherServlet.java:1089)
	at org.springframework.web.servlet.DispatcherServlet.doService(DispatcherServlet.java:979)
	at org.springframework.web.servlet.FrameworkServlet.processRequest(FrameworkServlet.java:1014)
	at org.springframework.web.servlet.FrameworkServlet.doGet(FrameworkServlet.java:903)
	at jakarta.servlet.http.HttpServlet.service(HttpServlet.java:564)
	at org.springframework.web.servlet.FrameworkServlet.service(FrameworkServlet.java:885)
	at jakarta.servlet.http.HttpServlet.service(HttpServlet.java:658)
	at org.apache.catalina.core.ApplicationFilterChain.internalDoFilter(ApplicationFilterChain.java:206)
	at org.apache.catalina.core.ApplicationFilterChain.doFilter(ApplicationFilterChain.java:150)
	at org.apache.tomcat.websocket.server.WsFilter.doFilter(WsFilter.java:51)
	at org.apache.catalina.core.ApplicationFilterChain.internalDoFilter(ApplicationFilterChain.java:175)
	at org.apache.catalina.core.ApplicationFilterChain.doFilter(ApplicationFilterChain.java:150)
	at org.springframework.web.filter.OncePerRequestFilter.doFilter(OncePerRequestFilter.java:110)
	at org.apache.catalina.core.ApplicationFilterChain.internalDoFilter(ApplicationFilterChain.java:175)
	at org.apache.catalina.core.ApplicationFilterChain.doFilter(ApplicationFilterChain.java:150)
	at org.springframework.web.filter.CompositeFilter$VirtualFilterChain.doFilter(CompositeFilter.java:108)
	at org.springframework.security.web.FilterChainProxy.lambda$doFilterInternal$3(FilterChainProxy.java:231)
	at org.springframework.security.web.ObservationFilterChainDecorator$FilterObservation$SimpleFilterObservation.lambda$wrap$1(ObservationFilterChainDecorator.java:479)
	at org.springframework.security.web.ObservationFilterChainDecorator$AroundFilterObservation$SimpleAroundFilterObservation.lambda$wrap$1(ObservationFilterChainDecorator.java:340)
	at org.springframework.security.web.ObservationFilterChainDecorator.lambda$wrapSecured$0(ObservationFilterChainDecorator.java:82)
	at org.springframework.security.web.ObservationFilterChainDecorator$VirtualFilterChain.doFilter(ObservationFilterChainDecorator.java:128)
	at org.springframework.security.web.access.intercept.AuthorizationFilter.doFilter(AuthorizationFilter.java:100)
	at org.springframework.security.web.ObservationFilterChainDecorator$ObservationFilter.wrapFilter(ObservationFilterChainDecorator.java:240)
	at org.springframework.security.web.ObservationFilterChainDecorator$ObservationFilter.doFilter(ObservationFilterChainDecorator.java:227)
	at org.springframework.security.web.ObservationFilterChainDecorator$VirtualFilterChain.doFilter(ObservationFilterChainDecorator.java:137)
	at org.springframework.security.web.access.ExceptionTranslationFilter.doFilter(ExceptionTranslationFilter.java:126)
	at org.springframework.security.web.access.ExceptionTranslationFilter.doFilter(ExceptionTranslationFilter.java:120)
	at org.springframework.security.web.ObservationFilterChainDecorator$ObservationFilter.wrapFilter(ObservationFilterChainDecorator.java:240)
	at org.springframework.security.web.ObservationFilterChainDecorator$ObservationFilter.doFilter(ObservationFilterChainDecorator.java:227)
	at org.springframework.security.web.ObservationFilterChainDecorator$VirtualFilterChain.doFilter(ObservationFilterChainDecorator.java:137)
	at org.springframework.security.web.session.SessionManagementFilter.doFilter(SessionManagementFilter.java:131)
	at org.springframework.security.web.session.SessionManagementFilter.doFilter(SessionManagementFilter.java:85)
	at org.springframework.security.web.ObservationFilterChainDecorator$ObservationFilter.wrapFilter(ObservationFilterChainDecorator.java:240)
	at org.springframework.security.web.ObservationFilterChainDecorator$ObservationFilter.doFilter(ObservationFilterChainDecorator.java:227)
	at org.springframework.security.web.ObservationFilterChainDecorator$VirtualFilterChain.doFilter(ObservationFilterChainDecorator.java:137)
	at org.springframework.security.web.authentication.AnonymousAuthenticationFilter.doFilter(AnonymousAuthenticationFilter.java:100)
	at org.springframework.security.web.ObservationFilterChainDecorator$ObservationFilter.wrapFilter(ObservationFilterChainDecorator.java:240)
	at org.springframework.security.web.ObservationFilterChainDecorator$ObservationFilter.doFilter(ObservationFilterChainDecorator.java:227)
	at org.springframework.security.web.ObservationFilterChainDecorator$VirtualFilterChain.doFilter(ObservationFilterChainDecorator.java:137)
	at org.springframework.security.web.servletapi.SecurityContextHolderAwareRequestFilter.doFilter(SecurityContextHolderAwareRequestFilter.java:179)
	at org.springframework.security.web.ObservationFilterChainDecorator$ObservationFilter.wrapFilter(ObservationFilterChainDecorator.java:240)
	at org.springframework.security.web.ObservationFilterChainDecorator$ObservationFilter.doFilter(ObservationFilterChainDecorator.java:227)
	at org.springframework.security.web.ObservationFilterChainDecorator$VirtualFilterChain.doFilter(ObservationFilterChainDecorator.java:137)
	at org.springframework.security.web.savedrequest.RequestCacheAwareFilter.doFilter(RequestCacheAwareFilter.java:63)
	at org.springframework.security.web.ObservationFilterChainDecorator$ObservationFilter.wrapFilter(ObservationFilterChainDecorator.java:240)
	at org.springframework.security.web.ObservationFilterChainDecorator$ObservationFilter.doFilter(ObservationFilterChainDecorator.java:227)
	at org.springframework.security.web.ObservationFilterChainDecorator$VirtualFilterChain.doFilter(ObservationFilterChainDecorator.java:137)
	at com.example.project.security.JwtAuthFilter.doFilterInternal(JwtAuthFilter.java:63)
	at org.springframework.web.filter.OncePerRequestFilter.doFilter(OncePerRequestFilter.java:116)
	at org.springframework.security.web.ObservationFilterChainDecorator$ObservationFilter.wrapFilter(ObservationFilterChainDecorator.java:240)
	at org.springframework.security.web.ObservationFilterChainDecorator$ObservationFilter.doFilter(ObservationFilterChainDecorator.java:227)
	at org.springframework.security.web.ObservationFilterChainDecorator$VirtualFilterChain.doFilter(ObservationFilterChainDecorator.java:137)
	at org.springframework.security.web.authentication.logout.LogoutFilter.doFilter(LogoutFilter.java:107)
	at org.springframework.security.web.authentication.logout.LogoutFilter.doFilter(LogoutFilter.java:93)
	at org.springframework.security.web.ObservationFilterChainDecorator$ObservationFilter.wrapFilter(ObservationFilterChainDecorator.java:240)
	at org.springframework.security.web.ObservationFilterChainDecorator$ObservationFilter.doFilter(ObservationFilterChainDecorator.java:227)
	at org.springframework.security.web.ObservationFilterChainDecorator$VirtualFilterChain.doFilter(ObservationFilterChainDecorator.java:137)
	at org.springframework.web.filter.OncePerRequestFilter.doFilter(OncePerRequestFilter.java:110)
	at org.springframework.security.web.ObservationFilterChainDecorator$ObservationFilter.wrapFilter(ObservationFilterChainDecorator.java:240)
	at org.springframework.security.web.ObservationFilterChainDecorator$ObservationFilter.doFilter(ObservationFilterChainDecorator.java:227)
	at org.springframework.security.web.ObservationFilterChainDecorator$VirtualFilterChain.doFilter(ObservationFilterChainDecorator.java:137)
	at org.springframework.web.filter.CorsFilter.doFilterInternal(CorsFilter.java:91)
	at org.springframework.web.filter.OncePerRequestFilter.doFilter(OncePerRequestFilter.java:116)
	at org.springframework.security.web.ObservationFilterChainDecorator$ObservationFilter.wrapFilter(ObservationFilterChainDecorator.java:240)
	at org.springframework.security.web.ObservationFilterChainDecorator$ObservationFilter.doFilter(ObservationFilterChainDecorator.java:227)
	at org.springframework.security.web.ObservationFilterChainDecorator$VirtualFilterChain.doFilter(ObservationFilterChainDecorator.java:137)
	at org.springframework.security.web.header.HeaderWriterFilter.doHeadersAfter(HeaderWriterFilter.java:90)
	at org.springframework.security.web.header.HeaderWriterFilter.doFilterInternal(HeaderWriterFilter.java:75)
	at org.springframework.web.filter.OncePerRequestFilter.doFilter(OncePerRequestFilter.java:116)
	at org.springframework.security.web.ObservationFilterChainDecorator$ObservationFilter.wrapFilter(ObservationFilterChainDecorator.java:240)
	at org.springframework.security.web.ObservationFilterChainDecorator$ObservationFilter.doFilter(ObservationFilterChainDecorator.java:227)
	at org.springframework.security.web.ObservationFilterChainDecorator$VirtualFilterChain.doFilter(ObservationFilterChainDecorator.java:137)
	at org.springframework.security.web.context.SecurityContextHolderFilter.doFilter(SecurityContextHolderFilter.java:82)
	at org.springframework.security.web.context.SecurityContextHolderFilter.doFilter(SecurityContextHolderFilter.java:69)
	at org.springframework.security.web.ObservationFilterChainDecorator$ObservationFilter.wrapFilter(ObservationFilterChainDecorator.java:240)
	at org.springframework.security.web.ObservationFilterChainDecorator$ObservationFilter.doFilter(ObservationFilterChainDecorator.java:227)
	at org.springframework.security.web.ObservationFilterChainDecorator$VirtualFilterChain.doFilter(ObservationFilterChainDecorator.java:137)
	at org.springframework.security.web.context.request.async.WebAsyncManagerIntegrationFilter.doFilterInternal(WebAsyncManagerIntegrationFilter.java:62)
	at org.springframework.web.filter.OncePerRequestFilter.doFilter(OncePerRequestFilter.java:116)
	at org.springframework.security.web.ObservationFilterChainDecorator$ObservationFilter.wrapFilter(ObservationFilterChainDecorator.java:240)
	at org.springframework.security.web.ObservationFilterChainDecorator$ObservationFilter.doFilter(ObservationFilterChainDecorator.java:227)
	at org.springframework.security.web.ObservationFilterChainDecorator$VirtualFilterChain.doFilter(ObservationFilterChainDecorator.java:137)
	at org.springframework.security.web.session.DisableEncodeUrlFilter.doFilterInternal(DisableEncodeUrlFilter.java:42)
	at org.springframework.web.filter.OncePerRequestFilter.doFilter(OncePerRequestFilter.java:116)
	at org.springframework.security.web.ObservationFilterChainDecorator$ObservationFilter.wrapFilter(ObservationFilterChainDecorator.java:240)
	at org.springframework.security.web.ObservationFilterChainDecorator$AroundFilterObservation$SimpleAroundFilterObservation.lambda$wrap$0(ObservationFilterChainDecorator.java:323)
	at org.springframework.security.web.ObservationFilterChainDecorator$ObservationFilter.doFilter(ObservationFilterChainDecorator.java:224)
	at org.springframework.security.web.ObservationFilterChainDecorator$VirtualFilterChain.doFilter(ObservationFilterChainDecorator.java:137)
	at org.springframework.security.web.FilterChainProxy.doFilterInternal(FilterChainProxy.java:233)
	at org.springframework.security.web.FilterChainProxy.doFilter(FilterChainProxy.java:191)
	at org.springframework.web.filter.CompositeFilter$VirtualFilterChain.doFilter(CompositeFilter.java:113)
	at org.springframework.web.servlet.handler.HandlerMappingIntrospector.lambda$createCacheFilter$3(HandlerMappingIntrospector.java:195)
	at org.springframework.web.filter.CompositeFilter$VirtualFilterChain.doFilter(CompositeFilter.java:113)
	at org.springframework.web.filter.CompositeFilter.doFilter(CompositeFilter.java:74)
	at org.springframework.security.config.annotation.web.configuration.WebMvcSecurityConfiguration$CompositeFilterChainProxy.doFilter(WebMvcSecurityConfiguration.java:230)
	at org.springframework.web.filter.DelegatingFilterProxy.invokeDelegate(DelegatingFilterProxy.java:352)
	at org.springframework.web.filter.DelegatingFilterProxy.doFilter(DelegatingFilterProxy.java:268)
	at org.apache.catalina.core.ApplicationFilterChain.internalDoFilter(ApplicationFilterChain.java:175)
	at org.apache.catalina.core.ApplicationFilterChain.doFilter(ApplicationFilterChain.java:150)
	at org.springframework.web.filter.RequestContextFilter.doFilterInternal(RequestContextFilter.java:100)
	at org.springframework.web.filter.OncePerRequestFilter.doFilter(OncePerRequestFilter.java:116)
	at org.apache.catalina.core.ApplicationFilterChain.internalDoFilter(ApplicationFilterChain.java:175)
	at org.apache.catalina.core.ApplicationFilterChain.doFilter(ApplicationFilterChain.java:150)
	at org.springframework.web.filter.FormContentFilter.doFilterInternal(FormContentFilter.java:93)
	at org.springframework.web.filter.OncePerRequestFilter.doFilter(OncePerRequestFilter.java:116)
	at org.apache.catalina.core.ApplicationFilterChain.internalDoFilter(ApplicationFilterChain.java:175)
	at org.apache.catalina.core.ApplicationFilterChain.doFilter(ApplicationFilterChain.java:150)
	at org.springframework.web.filter.ServerHttpObservationFilter.doFilterInternal(ServerHttpObservationFilter.java:109)
	at org.springframework.web.filter.OncePerRequestFilter.doFilter(OncePerRequestFilter.java:116)
	at org.apache.catalina.core.ApplicationFilterChain.internalDoFilter(ApplicationFilterChain.java:175)
	at org.apache.catalina.core.ApplicationFilterChain.doFilter(ApplicationFilterChain.java:150)
	at org.springframework.web.filter.CharacterEncodingFilter.doFilterInternal(CharacterEncodingFilter.java:201)
	at org.springframework.web.filter.OncePerRequestFilter.doFilter(OncePerRequestFilter.java:116)
	at org.apache.catalina.core.ApplicationFilterChain.internalDoFilter(ApplicationFilterChain.java:175)
	at org.apache.catalina.core.ApplicationFilterChain.doFilter(ApplicationFilterChain.java:150)
	at org.apache.catalina.core.StandardWrapperValve.invoke(StandardWrapperValve.java:167)
	at org.apache.catalina.core.StandardContextValve.invoke(StandardContextValve.java:90)
	at org.apache.catalina.authenticator.AuthenticatorBase.invoke(AuthenticatorBase.java:482)
	at org.apache.catalina.core.StandardHostValve.invoke(StandardHostValve.java:115)
	at org.apache.catalina.valves.ErrorReportValve.invoke(ErrorReportValve.java:93)
	at org.apache.catalina.core.StandardEngineValve.invoke(StandardEngineValve.java:74)
	at org.apache.catalina.connector.CoyoteAdapter.service(CoyoteAdapter.java:344)
	at org.apache.coyote.http11.Http11Processor.service(Http11Processor.java:391)
	at org.apache.coyote.AbstractProcessorLight.process(AbstractProcessorLight.java:63)
	at org.apache.coyote.AbstractProtocol$ConnectionHandler.process(AbstractProtocol.java:896)
	at org.apache.tomcat.util.net.NioEndpoint$SocketProcessor.doRun(NioEndpoint.java:1736)
	at org.apache.tomcat.util.net.SocketProcessorBase.run(SocketProcessorBase.java:52)
	at org.apache.tomcat.util.threads.ThreadPoolExecutor.runWorker(ThreadPoolExecutor.java:1191)
	at org.apache.tomcat.util.threads.ThreadPoolExecutor$Worker.run(ThreadPoolExecutor.java:659)
	at org.apache.tomcat.util.threads.TaskThread$WrappingRunnable.run(TaskThread.java:63)
	at java.base/java.lang.Thread.run(Thread.java:842)
Caused by: org.springframework.expression.spel.SpelEvaluationException: EL1058E: A problem occurred when trying to resolve bean 'securityService':'Could not resolve bean reference against BeanFactory'
	at org.springframework.expression.spel.ast.BeanReference.getValueInternal(BeanReference.java:59)
	at org.springframework.expression.spel.ast.CompoundExpression.getValueRef(CompoundExpression.java:60)
	at org.springframework.expression.spel.ast.CompoundExpression.getValueInternal(CompoundExpression.java:96)
	at org.springframework.expression.spel.ast.SpelNodeImpl.getValue(SpelNodeImpl.java:222)
	at org.springframework.expression.spel.ast.OpOr.getBooleanValue(OpOr.java:56)
	at org.springframework.expression.spel.ast.OpOr.getValueInternal(OpOr.java:51)
	at org.springframework.expression.spel.ast.OpOr.getValueInternal(OpOr.java:37)
	at org.springframework.expression.spel.ast.SpelNodeImpl.getTypedValue(SpelNodeImpl.java:119)
	at org.springframework.expression.spel.standard.SpelExpression.getValue(SpelExpression.java:309)
	at org.springframework.security.access.expression.ExpressionUtils.evaluateAsBoolean(ExpressionUtils.java:30)
	... 153 common frames omitted
Caused by: org.springframework.expression.AccessException: Could not resolve bean reference against BeanFactory
	at org.springframework.context.expression.BeanFactoryResolver.resolve(BeanFactoryResolver.java:54)
	at org.springframework.expression.spel.ast.BeanReference.getValueInternal(BeanReference.java:55)
	... 162 common frames omitted
Caused by: org.springframework.beans.factory.NoSuchBeanDefinitionException: No bean named 'securityService' available
	at org.springframework.beans.factory.support.DefaultListableBeanFactory.getBeanDefinition(DefaultListableBeanFactory.java:895)
	at org.springframework.beans.factory.support.AbstractBeanFactory.getMergedLocalBeanDefinition(AbstractBeanFactory.java:1351)
	at org.springframework.beans.factory.support.AbstractBeanFactory.doGetBean(AbstractBeanFactory.java:300)
	at org.springframework.beans.factory.support.AbstractBeanFactory.getBean(AbstractBeanFactory.java:200)
	at org.springframework.context.support.AbstractApplicationContext.getBean(AbstractApplicationContext.java:1234)
	at org.springframework.context.expression.BeanFactoryResolver.resolve(BeanFactoryResolver.java:51)
	... 163 common frames omitted
2026-05-23 05:19:07.096 [http-nio-0.0.0.0-8080-exec-3] DEBUG o.s.o.j.s.OpenEntityManagerInViewInterceptor - Closing JPA EntityManager in OpenEntityManagerInViewInterceptor
2026-05-23 05:19:07.096 [http-nio-0.0.0.0-8080-exec-3] INFO  c.e.p.util.HttpLoggingInterceptor - REQUEST_END [b4c458a0-0ed6-471e-a0e9-109d385fa2f3] GET /api/v1/notifications/user/2 | Status: 500 | Duration: 11ms
2026-05-23 05:20:08.040 [http-nio-0.0.0.0-8080-exec-4] DEBUG o.s.security.web.FilterChainProxy - Securing OPTIONS /api/v1/notifications/user/2
2026-05-23 05:20:08.051 [http-nio-0.0.0.0-8080-exec-1] DEBUG o.s.security.web.FilterChainProxy - Securing GET /api/v1/notifications/user/2
2026-05-23 05:20:08.054 [http-nio-0.0.0.0-8080-exec-1] DEBUG c.e.p.util.SecurityLoggingAspect - AUTHORIZATION_GRANTED: User=ANONYMOUS, Method=extractUsername
2026-05-23 05:20:08.054 [http-nio-0.0.0.0-8080-exec-1] DEBUG o.s.o.j.SharedEntityManagerCreator$SharedEntityManagerInvocationHandler - Creating new EntityManager for shared EntityManager invocation
2026-05-23 05:20:08.058 [http-nio-0.0.0.0-8080-exec-1] DEBUG org.hibernate.SQL - 
    select
        u1_0.id,
        u1_0.address,
        u1_0.admin_notes,
        u1_0.avatar_url,
        u1_0.bio,
        u1_0.preferred_category,
        u1_0.created_at,
        u1_0.email,
        u1_0.google_id,
        u1_0.kyc_status,
        u1_0.password,
        u1_0.last_name,
        u1_0.first_name,
        u1_0.role,
        u1_0.status,
        u1_0.phone,
        u1_0.ville 
    from
        users u1_0 
    where
        u1_0.email=?
2026-05-23 05:20:08.063 [http-nio-0.0.0.0-8080-exec-1] DEBUG c.e.p.util.PerformanceLoggingAspect - QUERY_EXECUTED: $Proxy166.findByEmail | Duration: 9ms
2026-05-23 05:20:08.179 [http-nio-0.0.0.0-8080-exec-1] DEBUG c.e.p.util.SecurityLoggingAspect - AUTHORIZATION_GRANTED: User=ANONYMOUS, Method=loadUserByUsername
2026-05-23 05:20:08.181 [http-nio-0.0.0.0-8080-exec-1] DEBUG c.e.p.util.SecurityLoggingAspect - AUTHORIZATION_GRANTED: User=ANONYMOUS, Method=isTokenValid
2026-05-23 05:20:08.182 [http-nio-0.0.0.0-8080-exec-1] DEBUG o.s.security.web.FilterChainProxy - Secured GET /api/v1/notifications/user/2
2026-05-23 05:20:08.183 [http-nio-0.0.0.0-8080-exec-1] INFO  c.e.p.util.HttpLoggingInterceptor - REQUEST_START [e45832fd-7cb1-494d-aab4-545cc781f9df] GET /api/v1/notifications/user/2 | IP: 172.27.232.215 | User-Agent: Mozilla/5.0 (Windows NT 10.0; Win64; x64) AppleWebKit/537.36 (KHTML, like Gecko) Chrome/148.0.0.0 Safari/537.36
2026-05-23 05:20:08.184 [http-nio-0.0.0.0-8080-exec-1] DEBUG o.s.o.j.s.OpenEntityManagerInViewInterceptor - Opening JPA EntityManager in OpenEntityManagerInViewInterceptor
2026-05-23 05:20:08.186 [http-nio-0.0.0.0-8080-exec-1] DEBUG o.s.s.a.m.AuthorizationManagerBeforeMethodInterceptor - Authorizing method invocation ReflectiveMethodInvocation: public org.springframework.http.ResponseEntity com.example.project.controller.NotificationController.getNotificationsByUser(java.lang.Long); target is of class [com.example.project.controller.NotificationController]
2026-05-23 05:20:08.191 [http-nio-0.0.0.0-8080-exec-1] ERROR c.e.p.e.GlobalExceptionHandler - UNEXPECTED_ERROR: Failed to evaluate expression 'hasRole('ADMIN') or @securityService.isCurrentUser(#utilisateurId)' | Stack Trace: 
java.lang.IllegalArgumentException: Failed to evaluate expression 'hasRole('ADMIN') or @securityService.isCurrentUser(#utilisateurId)'
	at org.springframework.security.access.expression.ExpressionUtils.evaluateAsBoolean(ExpressionUtils.java:33)
	at org.springframework.security.authorization.method.PreAuthorizeAuthorizationManager.check(PreAuthorizeAuthorizationManager.java:68)
	at org.springframework.security.authorization.method.PreAuthorizeAuthorizationManager.check(PreAuthorizeAuthorizationManager.java:40)
	at org.springframework.security.authorization.ObservationAuthorizationManager.check(ObservationAuthorizationManager.java:63)
	at org.springframework.security.config.annotation.method.configuration.DeferringObservationAuthorizationManager.check(DeferringObservationAuthorizationManager.java:47)
	at org.springframework.security.authorization.method.AuthorizationManagerBeforeMethodInterceptor.attemptAuthorization(AuthorizationManagerBeforeMethodInterceptor.java:251)
	at org.springframework.security.authorization.method.AuthorizationManagerBeforeMethodInterceptor.invoke(AuthorizationManagerBeforeMethodInterceptor.java:197)
	at org.springframework.aop.framework.ReflectiveMethodInvocation.proceed(ReflectiveMethodInvocation.java:184)
	at org.springframework.aop.framework.CglibAopProxy$CglibMethodInvocation.proceed(CglibAopProxy.java:768)
	at org.springframework.aop.interceptor.ExposeInvocationInterceptor.invoke(ExposeInvocationInterceptor.java:97)
	at org.springframework.aop.framework.ReflectiveMethodInvocation.proceed(ReflectiveMethodInvocation.java:184)
	at org.springframework.aop.framework.CglibAopProxy$CglibMethodInvocation.proceed(CglibAopProxy.java:768)
	at org.springframework.aop.framework.CglibAopProxy$DynamicAdvisedInterceptor.intercept(CglibAopProxy.java:720)
	at com.example.project.controller.NotificationController$$SpringCGLIB$$0.getNotificationsByUser(<generated>)
	at jdk.internal.reflect.GeneratedMethodAccessor80.invoke(Unknown Source)
	at java.base/jdk.internal.reflect.DelegatingMethodAccessorImpl.invoke(DelegatingMethodAccessorImpl.java:43)
	at java.base/java.lang.reflect.Method.invoke(Method.java:568)
	at org.springframework.web.method.support.InvocableHandlerMethod.doInvoke(InvocableHandlerMethod.java:255)
	at org.springframework.web.method.support.InvocableHandlerMethod.invokeForRequest(InvocableHandlerMethod.java:188)
	at org.springframework.web.servlet.mvc.method.annotation.ServletInvocableHandlerMethod.invokeAndHandle(ServletInvocableHandlerMethod.java:118)
	at org.springframework.web.servlet.mvc.method.annotation.RequestMappingHandlerAdapter.invokeHandlerMethod(RequestMappingHandlerAdapter.java:926)
	at org.springframework.web.servlet.mvc.method.annotation.RequestMappingHandlerAdapter.handleInternal(RequestMappingHandlerAdapter.java:831)
	at org.springframework.web.servlet.mvc.method.AbstractHandlerMethodAdapter.handle(AbstractHandlerMethodAdapter.java:87)
	at org.springframework.web.servlet.DispatcherServlet.doDispatch(DispatcherServlet.java:1089)
	at org.springframework.web.servlet.DispatcherServlet.doService(DispatcherServlet.java:979)
	at org.springframework.web.servlet.FrameworkServlet.processRequest(FrameworkServlet.java:1014)
	at org.springframework.web.servlet.FrameworkServlet.doGet(FrameworkServlet.java:903)
	at jakarta.servlet.http.HttpServlet.service(HttpServlet.java:564)
	at org.springframework.web.servlet.FrameworkServlet.service(FrameworkServlet.java:885)
	at jakarta.servlet.http.HttpServlet.service(HttpServlet.java:658)
	at org.apache.catalina.core.ApplicationFilterChain.internalDoFilter(ApplicationFilterChain.java:206)
	at org.apache.catalina.core.ApplicationFilterChain.doFilter(ApplicationFilterChain.java:150)
	at org.apache.tomcat.websocket.server.WsFilter.doFilter(WsFilter.java:51)
	at org.apache.catalina.core.ApplicationFilterChain.internalDoFilter(ApplicationFilterChain.java:175)
	at org.apache.catalina.core.ApplicationFilterChain.doFilter(ApplicationFilterChain.java:150)
	at org.springframework.web.filter.OncePerRequestFilter.doFilter(OncePerRequestFilter.java:110)
	at org.apache.catalina.core.ApplicationFilterChain.internalDoFilter(ApplicationFilterChain.java:175)
	at org.apache.catalina.core.ApplicationFilterChain.doFilter(ApplicationFilterChain.java:150)
	at org.springframework.web.filter.CompositeFilter$VirtualFilterChain.doFilter(CompositeFilter.java:108)
	at org.springframework.security.web.FilterChainProxy.lambda$doFilterInternal$3(FilterChainProxy.java:231)
	at org.springframework.security.web.ObservationFilterChainDecorator$FilterObservation$SimpleFilterObservation.lambda$wrap$1(ObservationFilterChainDecorator.java:479)
	at org.springframework.security.web.ObservationFilterChainDecorator$AroundFilterObservation$SimpleAroundFilterObservation.lambda$wrap$1(ObservationFilterChainDecorator.java:340)
	at org.springframework.security.web.ObservationFilterChainDecorator.lambda$wrapSecured$0(ObservationFilterChainDecorator.java:82)
	at org.springframework.security.web.ObservationFilterChainDecorator$VirtualFilterChain.doFilter(ObservationFilterChainDecorator.java:128)
	at org.springframework.security.web.access.intercept.AuthorizationFilter.doFilter(AuthorizationFilter.java:100)
	at org.springframework.security.web.ObservationFilterChainDecorator$ObservationFilter.wrapFilter(ObservationFilterChainDecorator.java:240)
	at org.springframework.security.web.ObservationFilterChainDecorator$ObservationFilter.doFilter(ObservationFilterChainDecorator.java:227)
	at org.springframework.security.web.ObservationFilterChainDecorator$VirtualFilterChain.doFilter(ObservationFilterChainDecorator.java:137)
	at org.springframework.security.web.access.ExceptionTranslationFilter.doFilter(ExceptionTranslationFilter.java:126)
	at org.springframework.security.web.access.ExceptionTranslationFilter.doFilter(ExceptionTranslationFilter.java:120)
	at org.springframework.security.web.ObservationFilterChainDecorator$ObservationFilter.wrapFilter(ObservationFilterChainDecorator.java:240)
	at org.springframework.security.web.ObservationFilterChainDecorator$ObservationFilter.doFilter(ObservationFilterChainDecorator.java:227)
	at org.springframework.security.web.ObservationFilterChainDecorator$VirtualFilterChain.doFilter(ObservationFilterChainDecorator.java:137)
	at org.springframework.security.web.session.SessionManagementFilter.doFilter(SessionManagementFilter.java:131)
	at org.springframework.security.web.session.SessionManagementFilter.doFilter(SessionManagementFilter.java:85)
	at org.springframework.security.web.ObservationFilterChainDecorator$ObservationFilter.wrapFilter(ObservationFilterChainDecorator.java:240)
	at org.springframework.security.web.ObservationFilterChainDecorator$ObservationFilter.doFilter(ObservationFilterChainDecorator.java:227)
	at org.springframework.security.web.ObservationFilterChainDecorator$VirtualFilterChain.doFilter(ObservationFilterChainDecorator.java:137)
	at org.springframework.security.web.authentication.AnonymousAuthenticationFilter.doFilter(AnonymousAuthenticationFilter.java:100)
	at org.springframework.security.web.ObservationFilterChainDecorator$ObservationFilter.wrapFilter(ObservationFilterChainDecorator.java:240)
	at org.springframework.security.web.ObservationFilterChainDecorator$ObservationFilter.doFilter(ObservationFilterChainDecorator.java:227)
	at org.springframework.security.web.ObservationFilterChainDecorator$VirtualFilterChain.doFilter(ObservationFilterChainDecorator.java:137)
	at org.springframework.security.web.servletapi.SecurityContextHolderAwareRequestFilter.doFilter(SecurityContextHolderAwareRequestFilter.java:179)
	at org.springframework.security.web.ObservationFilterChainDecorator$ObservationFilter.wrapFilter(ObservationFilterChainDecorator.java:240)
	at org.springframework.security.web.ObservationFilterChainDecorator$ObservationFilter.doFilter(ObservationFilterChainDecorator.java:227)
	at org.springframework.security.web.ObservationFilterChainDecorator$VirtualFilterChain.doFilter(ObservationFilterChainDecorator.java:137)
	at org.springframework.security.web.savedrequest.RequestCacheAwareFilter.doFilter(RequestCacheAwareFilter.java:63)
	at org.springframework.security.web.ObservationFilterChainDecorator$ObservationFilter.wrapFilter(ObservationFilterChainDecorator.java:240)
	at org.springframework.security.web.ObservationFilterChainDecorator$ObservationFilter.doFilter(ObservationFilterChainDecorator.java:227)
	at org.springframework.security.web.ObservationFilterChainDecorator$VirtualFilterChain.doFilter(ObservationFilterChainDecorator.java:137)
	at com.example.project.security.JwtAuthFilter.doFilterInternal(JwtAuthFilter.java:63)
	at org.springframework.web.filter.OncePerRequestFilter.doFilter(OncePerRequestFilter.java:116)
	at org.springframework.security.web.ObservationFilterChainDecorator$ObservationFilter.wrapFilter(ObservationFilterChainDecorator.java:240)
	at org.springframework.security.web.ObservationFilterChainDecorator$ObservationFilter.doFilter(ObservationFilterChainDecorator.java:227)
	at org.springframework.security.web.ObservationFilterChainDecorator$VirtualFilterChain.doFilter(ObservationFilterChainDecorator.java:137)
	at org.springframework.security.web.authentication.logout.LogoutFilter.doFilter(LogoutFilter.java:107)
	at org.springframework.security.web.authentication.logout.LogoutFilter.doFilter(LogoutFilter.java:93)
	at org.springframework.security.web.ObservationFilterChainDecorator$ObservationFilter.wrapFilter(ObservationFilterChainDecorator.java:240)
	at org.springframework.security.web.ObservationFilterChainDecorator$ObservationFilter.doFilter(ObservationFilterChainDecorator.java:227)
	at org.springframework.security.web.ObservationFilterChainDecorator$VirtualFilterChain.doFilter(ObservationFilterChainDecorator.java:137)
	at org.springframework.web.filter.OncePerRequestFilter.doFilter(OncePerRequestFilter.java:110)
	at org.springframework.security.web.ObservationFilterChainDecorator$ObservationFilter.wrapFilter(ObservationFilterChainDecorator.java:240)
	at org.springframework.security.web.ObservationFilterChainDecorator$ObservationFilter.doFilter(ObservationFilterChainDecorator.java:227)
	at org.springframework.security.web.ObservationFilterChainDecorator$VirtualFilterChain.doFilter(ObservationFilterChainDecorator.java:137)
	at org.springframework.web.filter.CorsFilter.doFilterInternal(CorsFilter.java:91)
	at org.springframework.web.filter.OncePerRequestFilter.doFilter(OncePerRequestFilter.java:116)
	at org.springframework.security.web.ObservationFilterChainDecorator$ObservationFilter.wrapFilter(ObservationFilterChainDecorator.java:240)
	at org.springframework.security.web.ObservationFilterChainDecorator$ObservationFilter.doFilter(ObservationFilterChainDecorator.java:227)
	at org.springframework.security.web.ObservationFilterChainDecorator$VirtualFilterChain.doFilter(ObservationFilterChainDecorator.java:137)
	at org.springframework.security.web.header.HeaderWriterFilter.doHeadersAfter(HeaderWriterFilter.java:90)
	at org.springframework.security.web.header.HeaderWriterFilter.doFilterInternal(HeaderWriterFilter.java:75)
	at org.springframework.web.filter.OncePerRequestFilter.doFilter(OncePerRequestFilter.java:116)
	at org.springframework.security.web.ObservationFilterChainDecorator$ObservationFilter.wrapFilter(ObservationFilterChainDecorator.java:240)
	at org.springframework.security.web.ObservationFilterChainDecorator$ObservationFilter.doFilter(ObservationFilterChainDecorator.java:227)
	at org.springframework.security.web.ObservationFilterChainDecorator$VirtualFilterChain.doFilter(ObservationFilterChainDecorator.java:137)
	at org.springframework.security.web.context.SecurityContextHolderFilter.doFilter(SecurityContextHolderFilter.java:82)
	at org.springframework.security.web.context.SecurityContextHolderFilter.doFilter(SecurityContextHolderFilter.java:69)
	at org.springframework.security.web.ObservationFilterChainDecorator$ObservationFilter.wrapFilter(ObservationFilterChainDecorator.java:240)
	at org.springframework.security.web.ObservationFilterChainDecorator$ObservationFilter.doFilter(ObservationFilterChainDecorator.java:227)
	at org.springframework.security.web.ObservationFilterChainDecorator$VirtualFilterChain.doFilter(ObservationFilterChainDecorator.java:137)
	at org.springframework.security.web.context.request.async.WebAsyncManagerIntegrationFilter.doFilterInternal(WebAsyncManagerIntegrationFilter.java:62)
	at org.springframework.web.filter.OncePerRequestFilter.doFilter(OncePerRequestFilter.java:116)
	at org.springframework.security.web.ObservationFilterChainDecorator$ObservationFilter.wrapFilter(ObservationFilterChainDecorator.java:240)
	at org.springframework.security.web.ObservationFilterChainDecorator$ObservationFilter.doFilter(ObservationFilterChainDecorator.java:227)
	at org.springframework.security.web.ObservationFilterChainDecorator$VirtualFilterChain.doFilter(ObservationFilterChainDecorator.java:137)
	at org.springframework.security.web.session.DisableEncodeUrlFilter.doFilterInternal(DisableEncodeUrlFilter.java:42)
	at org.springframework.web.filter.OncePerRequestFilter.doFilter(OncePerRequestFilter.java:116)
	at org.springframework.security.web.ObservationFilterChainDecorator$ObservationFilter.wrapFilter(ObservationFilterChainDecorator.java:240)
	at org.springframework.security.web.ObservationFilterChainDecorator$AroundFilterObservation$SimpleAroundFilterObservation.lambda$wrap$0(ObservationFilterChainDecorator.java:323)
	at org.springframework.security.web.ObservationFilterChainDecorator$ObservationFilter.doFilter(ObservationFilterChainDecorator.java:224)
	at org.springframework.security.web.ObservationFilterChainDecorator$VirtualFilterChain.doFilter(ObservationFilterChainDecorator.java:137)
	at org.springframework.security.web.FilterChainProxy.doFilterInternal(FilterChainProxy.java:233)
	at org.springframework.security.web.FilterChainProxy.doFilter(FilterChainProxy.java:191)
	at org.springframework.web.filter.CompositeFilter$VirtualFilterChain.doFilter(CompositeFilter.java:113)
	at org.springframework.web.servlet.handler.HandlerMappingIntrospector.lambda$createCacheFilter$3(HandlerMappingIntrospector.java:195)
	at org.springframework.web.filter.CompositeFilter$VirtualFilterChain.doFilter(CompositeFilter.java:113)
	at org.springframework.web.filter.CompositeFilter.doFilter(CompositeFilter.java:74)
	at org.springframework.security.config.annotation.web.configuration.WebMvcSecurityConfiguration$CompositeFilterChainProxy.doFilter(WebMvcSecurityConfiguration.java:230)
	at org.springframework.web.filter.DelegatingFilterProxy.invokeDelegate(DelegatingFilterProxy.java:352)
	at org.springframework.web.filter.DelegatingFilterProxy.doFilter(DelegatingFilterProxy.java:268)
	at org.apache.catalina.core.ApplicationFilterChain.internalDoFilter(ApplicationFilterChain.java:175)
	at org.apache.catalina.core.ApplicationFilterChain.doFilter(ApplicationFilterChain.java:150)
	at org.springframework.web.filter.RequestContextFilter.doFilterInternal(RequestContextFilter.java:100)
	at org.springframework.web.filter.OncePerRequestFilter.doFilter(OncePerRequestFilter.java:116)
	at org.apache.catalina.core.ApplicationFilterChain.internalDoFilter(ApplicationFilterChain.java:175)
	at org.apache.catalina.core.ApplicationFilterChain.doFilter(ApplicationFilterChain.java:150)
	at org.springframework.web.filter.FormContentFilter.doFilterInternal(FormContentFilter.java:93)
	at org.springframework.web.filter.OncePerRequestFilter.doFilter(OncePerRequestFilter.java:116)
	at org.apache.catalina.core.ApplicationFilterChain.internalDoFilter(ApplicationFilterChain.java:175)
	at org.apache.catalina.core.ApplicationFilterChain.doFilter(ApplicationFilterChain.java:150)
	at org.springframework.web.filter.ServerHttpObservationFilter.doFilterInternal(ServerHttpObservationFilter.java:109)
	at org.springframework.web.filter.OncePerRequestFilter.doFilter(OncePerRequestFilter.java:116)
	at org.apache.catalina.core.ApplicationFilterChain.internalDoFilter(ApplicationFilterChain.java:175)
	at org.apache.catalina.core.ApplicationFilterChain.doFilter(ApplicationFilterChain.java:150)
	at org.springframework.web.filter.CharacterEncodingFilter.doFilterInternal(CharacterEncodingFilter.java:201)
	at org.springframework.web.filter.OncePerRequestFilter.doFilter(OncePerRequestFilter.java:116)
	at org.apache.catalina.core.ApplicationFilterChain.internalDoFilter(ApplicationFilterChain.java:175)
	at org.apache.catalina.core.ApplicationFilterChain.doFilter(ApplicationFilterChain.java:150)
	at org.apache.catalina.core.StandardWrapperValve.invoke(StandardWrapperValve.java:167)
	at org.apache.catalina.core.StandardContextValve.invoke(StandardContextValve.java:90)
	at org.apache.catalina.authenticator.AuthenticatorBase.invoke(AuthenticatorBase.java:482)
	at org.apache.catalina.core.StandardHostValve.invoke(StandardHostValve.java:115)
	at org.apache.catalina.valves.ErrorReportValve.invoke(ErrorReportValve.java:93)
	at org.apache.catalina.core.StandardEngineValve.invoke(StandardEngineValve.java:74)
	at org.apache.catalina.connector.CoyoteAdapter.service(CoyoteAdapter.java:344)
	at org.apache.coyote.http11.Http11Processor.service(Http11Processor.java:391)
	at org.apache.coyote.AbstractProcessorLight.process(AbstractProcessorLight.java:63)
	at org.apache.coyote.AbstractProtocol$ConnectionHandler.process(AbstractProtocol.java:896)
	at org.apache.tomcat.util.net.NioEndpoint$SocketProcessor.doRun(NioEndpoint.java:1736)
	at org.apache.tomcat.util.net.SocketProcessorBase.run(SocketProcessorBase.java:52)
	at org.apache.tomcat.util.threads.ThreadPoolExecutor.runWorker(ThreadPoolExecutor.java:1191)
	at org.apache.tomcat.util.threads.ThreadPoolExecutor$Worker.run(ThreadPoolExecutor.java:659)
	at org.apache.tomcat.util.threads.TaskThread$WrappingRunnable.run(TaskThread.java:63)
	at java.base/java.lang.Thread.run(Thread.java:842)
Caused by: org.springframework.expression.spel.SpelEvaluationException: EL1058E: A problem occurred when trying to resolve bean 'securityService':'Could not resolve bean reference against BeanFactory'
	at org.springframework.expression.spel.ast.BeanReference.getValueInternal(BeanReference.java:59)
	at org.springframework.expression.spel.ast.CompoundExpression.getValueRef(CompoundExpression.java:60)
	at org.springframework.expression.spel.ast.CompoundExpression.getValueInternal(CompoundExpression.java:96)
	at org.springframework.expression.spel.ast.SpelNodeImpl.getValue(SpelNodeImpl.java:222)
	at org.springframework.expression.spel.ast.OpOr.getBooleanValue(OpOr.java:56)
	at org.springframework.expression.spel.ast.OpOr.getValueInternal(OpOr.java:51)
	at org.springframework.expression.spel.ast.OpOr.getValueInternal(OpOr.java:37)
	at org.springframework.expression.spel.ast.SpelNodeImpl.getTypedValue(SpelNodeImpl.java:119)
	at org.springframework.expression.spel.standard.SpelExpression.getValue(SpelExpression.java:309)
	at org.springframework.security.access.expression.ExpressionUtils.evaluateAsBoolean(ExpressionUtils.java:30)
	... 153 common frames omitted
Caused by: org.springframework.expression.AccessException: Could not resolve bean reference against BeanFactory
	at org.springframework.context.expression.BeanFactoryResolver.resolve(BeanFactoryResolver.java:54)
	at org.springframework.expression.spel.ast.BeanReference.getValueInternal(BeanReference.java:55)
	... 162 common frames omitted
Caused by: org.springframework.beans.factory.NoSuchBeanDefinitionException: No bean named 'securityService' available
	at org.springframework.beans.factory.support.DefaultListableBeanFactory.getBeanDefinition(DefaultListableBeanFactory.java:895)
	at org.springframework.beans.factory.support.AbstractBeanFactory.getMergedLocalBeanDefinition(AbstractBeanFactory.java:1351)
	at org.springframework.beans.factory.support.AbstractBeanFactory.doGetBean(AbstractBeanFactory.java:300)
	at org.springframework.beans.factory.support.AbstractBeanFactory.getBean(AbstractBeanFactory.java:200)
	at org.springframework.context.support.AbstractApplicationContext.getBean(AbstractApplicationContext.java:1234)
	at org.springframework.context.expression.BeanFactoryResolver.resolve(BeanFactoryResolver.java:51)
	... 163 common frames omitted
2026-05-23 05:20:08.204 [http-nio-0.0.0.0-8080-exec-1] DEBUG o.s.o.j.s.OpenEntityManagerInViewInterceptor - Closing JPA EntityManager in OpenEntityManagerInViewInterceptor
2026-05-23 05:20:08.207 [http-nio-0.0.0.0-8080-exec-1] INFO  c.e.p.util.HttpLoggingInterceptor - REQUEST_END [e45832fd-7cb1-494d-aab4-545cc781f9df] GET /api/v1/notifications/user/2 | Status: 500 | Duration: 24ms
2026-05-23 05:21:09.053 [http-nio-0.0.0.0-8080-exec-6] DEBUG o.s.security.web.FilterChainProxy - Securing OPTIONS /api/v1/notifications/user/2
2026-05-23 05:21:09.066 [http-nio-0.0.0.0-8080-exec-7] DEBUG o.s.security.web.FilterChainProxy - Securing GET /api/v1/notifications/user/2
2026-05-23 05:21:09.069 [http-nio-0.0.0.0-8080-exec-7] DEBUG c.e.p.util.SecurityLoggingAspect - AUTHORIZATION_GRANTED: User=ANONYMOUS, Method=extractUsername
2026-05-23 05:21:09.070 [http-nio-0.0.0.0-8080-exec-7] DEBUG o.s.o.j.SharedEntityManagerCreator$SharedEntityManagerInvocationHandler - Creating new EntityManager for shared EntityManager invocation
2026-05-23 05:21:09.071 [http-nio-0.0.0.0-8080-exec-7] DEBUG org.hibernate.SQL - 
    select
        u1_0.id,
        u1_0.address,
        u1_0.admin_notes,
        u1_0.avatar_url,
        u1_0.bio,
        u1_0.preferred_category,
        u1_0.created_at,
        u1_0.email,
        u1_0.google_id,
        u1_0.kyc_status,
        u1_0.password,
        u1_0.last_name,
        u1_0.first_name,
        u1_0.role,
        u1_0.status,
        u1_0.phone,
        u1_0.ville 
    from
        users u1_0 
    where
        u1_0.email=?
2026-05-23 05:21:09.075 [http-nio-0.0.0.0-8080-exec-7] DEBUG c.e.p.util.PerformanceLoggingAspect - QUERY_EXECUTED: $Proxy166.findByEmail | Duration: 6ms
2026-05-23 05:21:09.075 [http-nio-0.0.0.0-8080-exec-7] DEBUG c.e.p.util.SecurityLoggingAspect - AUTHORIZATION_GRANTED: User=ANONYMOUS, Method=loadUserByUsername
2026-05-23 05:21:09.076 [http-nio-0.0.0.0-8080-exec-7] DEBUG c.e.p.util.SecurityLoggingAspect - AUTHORIZATION_GRANTED: User=ANONYMOUS, Method=isTokenValid
2026-05-23 05:21:09.076 [http-nio-0.0.0.0-8080-exec-7] DEBUG o.s.security.web.FilterChainProxy - Secured GET /api/v1/notifications/user/2
2026-05-23 05:21:09.079 [http-nio-0.0.0.0-8080-exec-7] INFO  c.e.p.util.HttpLoggingInterceptor - REQUEST_START [8074d961-b23c-4f8a-be6c-5953e965dd57] GET /api/v1/notifications/user/2 | IP: 172.27.232.215 | User-Agent: Mozilla/5.0 (Windows NT 10.0; Win64; x64) AppleWebKit/537.36 (KHTML, like Gecko) Chrome/148.0.0.0 Safari/537.36
2026-05-23 05:21:09.080 [http-nio-0.0.0.0-8080-exec-7] DEBUG o.s.o.j.s.OpenEntityManagerInViewInterceptor - Opening JPA EntityManager in OpenEntityManagerInViewInterceptor
2026-05-23 05:21:09.081 [http-nio-0.0.0.0-8080-exec-7] DEBUG o.s.s.a.m.AuthorizationManagerBeforeMethodInterceptor - Authorizing method invocation ReflectiveMethodInvocation: public org.springframework.http.ResponseEntity com.example.project.controller.NotificationController.getNotificationsByUser(java.lang.Long); target is of class [com.example.project.controller.NotificationController]
2026-05-23 05:21:09.082 [http-nio-0.0.0.0-8080-exec-7] ERROR c.e.p.e.GlobalExceptionHandler - UNEXPECTED_ERROR: Failed to evaluate expression 'hasRole('ADMIN') or @securityService.isCurrentUser(#utilisateurId)' | Stack Trace: 
java.lang.IllegalArgumentException: Failed to evaluate expression 'hasRole('ADMIN') or @securityService.isCurrentUser(#utilisateurId)'
	at org.springframework.security.access.expression.ExpressionUtils.evaluateAsBoolean(ExpressionUtils.java:33)
	at org.springframework.security.authorization.method.PreAuthorizeAuthorizationManager.check(PreAuthorizeAuthorizationManager.java:68)
	at org.springframework.security.authorization.method.PreAuthorizeAuthorizationManager.check(PreAuthorizeAuthorizationManager.java:40)
	at org.springframework.security.authorization.ObservationAuthorizationManager.check(ObservationAuthorizationManager.java:63)
	at org.springframework.security.config.annotation.method.configuration.DeferringObservationAuthorizationManager.check(DeferringObservationAuthorizationManager.java:47)
	at org.springframework.security.authorization.method.AuthorizationManagerBeforeMethodInterceptor.attemptAuthorization(AuthorizationManagerBeforeMethodInterceptor.java:251)
	at org.springframework.security.authorization.method.AuthorizationManagerBeforeMethodInterceptor.invoke(AuthorizationManagerBeforeMethodInterceptor.java:197)
	at org.springframework.aop.framework.ReflectiveMethodInvocation.proceed(ReflectiveMethodInvocation.java:184)
	at org.springframework.aop.framework.CglibAopProxy$CglibMethodInvocation.proceed(CglibAopProxy.java:768)
	at org.springframework.aop.interceptor.ExposeInvocationInterceptor.invoke(ExposeInvocationInterceptor.java:97)
	at org.springframework.aop.framework.ReflectiveMethodInvocation.proceed(ReflectiveMethodInvocation.java:184)
	at org.springframework.aop.framework.CglibAopProxy$CglibMethodInvocation.proceed(CglibAopProxy.java:768)
	at org.springframework.aop.framework.CglibAopProxy$DynamicAdvisedInterceptor.intercept(CglibAopProxy.java:720)
	at com.example.project.controller.NotificationController$$SpringCGLIB$$0.getNotificationsByUser(<generated>)
	at jdk.internal.reflect.GeneratedMethodAccessor80.invoke(Unknown Source)
	at java.base/jdk.internal.reflect.DelegatingMethodAccessorImpl.invoke(DelegatingMethodAccessorImpl.java:43)
	at java.base/java.lang.reflect.Method.invoke(Method.java:568)
	at org.springframework.web.method.support.InvocableHandlerMethod.doInvoke(InvocableHandlerMethod.java:255)
	at org.springframework.web.method.support.InvocableHandlerMethod.invokeForRequest(InvocableHandlerMethod.java:188)
	at org.springframework.web.servlet.mvc.method.annotation.ServletInvocableHandlerMethod.invokeAndHandle(ServletInvocableHandlerMethod.java:118)
	at org.springframework.web.servlet.mvc.method.annotation.RequestMappingHandlerAdapter.invokeHandlerMethod(RequestMappingHandlerAdapter.java:926)
	at org.springframework.web.servlet.mvc.method.annotation.RequestMappingHandlerAdapter.handleInternal(RequestMappingHandlerAdapter.java:831)
	at org.springframework.web.servlet.mvc.method.AbstractHandlerMethodAdapter.handle(AbstractHandlerMethodAdapter.java:87)
	at org.springframework.web.servlet.DispatcherServlet.doDispatch(DispatcherServlet.java:1089)
	at org.springframework.web.servlet.DispatcherServlet.doService(DispatcherServlet.java:979)
	at org.springframework.web.servlet.FrameworkServlet.processRequest(FrameworkServlet.java:1014)
	at org.springframework.web.servlet.FrameworkServlet.doGet(FrameworkServlet.java:903)
	at jakarta.servlet.http.HttpServlet.service(HttpServlet.java:564)
	at org.springframework.web.servlet.FrameworkServlet.service(FrameworkServlet.java:885)
	at jakarta.servlet.http.HttpServlet.service(HttpServlet.java:658)
	at org.apache.catalina.core.ApplicationFilterChain.internalDoFilter(ApplicationFilterChain.java:206)
	at org.apache.catalina.core.ApplicationFilterChain.doFilter(ApplicationFilterChain.java:150)
	at org.apache.tomcat.websocket.server.WsFilter.doFilter(WsFilter.java:51)
	at org.apache.catalina.core.ApplicationFilterChain.internalDoFilter(ApplicationFilterChain.java:175)
	at org.apache.catalina.core.ApplicationFilterChain.doFilter(ApplicationFilterChain.java:150)
	at org.springframework.web.filter.OncePerRequestFilter.doFilter(OncePerRequestFilter.java:110)
	at org.apache.catalina.core.ApplicationFilterChain.internalDoFilter(ApplicationFilterChain.java:175)
	at org.apache.catalina.core.ApplicationFilterChain.doFilter(ApplicationFilterChain.java:150)
	at org.springframework.web.filter.CompositeFilter$VirtualFilterChain.doFilter(CompositeFilter.java:108)
	at org.springframework.security.web.FilterChainProxy.lambda$doFilterInternal$3(FilterChainProxy.java:231)
	at org.springframework.security.web.ObservationFilterChainDecorator$FilterObservation$SimpleFilterObservation.lambda$wrap$1(ObservationFilterChainDecorator.java:479)
	at org.springframework.security.web.ObservationFilterChainDecorator$AroundFilterObservation$SimpleAroundFilterObservation.lambda$wrap$1(ObservationFilterChainDecorator.java:340)
	at org.springframework.security.web.ObservationFilterChainDecorator.lambda$wrapSecured$0(ObservationFilterChainDecorator.java:82)
	at org.springframework.security.web.ObservationFilterChainDecorator$VirtualFilterChain.doFilter(ObservationFilterChainDecorator.java:128)
	at org.springframework.security.web.access.intercept.AuthorizationFilter.doFilter(AuthorizationFilter.java:100)
	at org.springframework.security.web.ObservationFilterChainDecorator$ObservationFilter.wrapFilter(ObservationFilterChainDecorator.java:240)
	at org.springframework.security.web.ObservationFilterChainDecorator$ObservationFilter.doFilter(ObservationFilterChainDecorator.java:227)
	at org.springframework.security.web.ObservationFilterChainDecorator$VirtualFilterChain.doFilter(ObservationFilterChainDecorator.java:137)
	at org.springframework.security.web.access.ExceptionTranslationFilter.doFilter(ExceptionTranslationFilter.java:126)
	at org.springframework.security.web.access.ExceptionTranslationFilter.doFilter(ExceptionTranslationFilter.java:120)
	at org.springframework.security.web.ObservationFilterChainDecorator$ObservationFilter.wrapFilter(ObservationFilterChainDecorator.java:240)
	at org.springframework.security.web.ObservationFilterChainDecorator$ObservationFilter.doFilter(ObservationFilterChainDecorator.java:227)
	at org.springframework.security.web.ObservationFilterChainDecorator$VirtualFilterChain.doFilter(ObservationFilterChainDecorator.java:137)
	at org.springframework.security.web.session.SessionManagementFilter.doFilter(SessionManagementFilter.java:131)
	at org.springframework.security.web.session.SessionManagementFilter.doFilter(SessionManagementFilter.java:85)
	at org.springframework.security.web.ObservationFilterChainDecorator$ObservationFilter.wrapFilter(ObservationFilterChainDecorator.java:240)
	at org.springframework.security.web.ObservationFilterChainDecorator$ObservationFilter.doFilter(ObservationFilterChainDecorator.java:227)
	at org.springframework.security.web.ObservationFilterChainDecorator$VirtualFilterChain.doFilter(ObservationFilterChainDecorator.java:137)
	at org.springframework.security.web.authentication.AnonymousAuthenticationFilter.doFilter(AnonymousAuthenticationFilter.java:100)
	at org.springframework.security.web.ObservationFilterChainDecorator$ObservationFilter.wrapFilter(ObservationFilterChainDecorator.java:240)
	at org.springframework.security.web.ObservationFilterChainDecorator$ObservationFilter.doFilter(ObservationFilterChainDecorator.java:227)
	at org.springframework.security.web.ObservationFilterChainDecorator$VirtualFilterChain.doFilter(ObservationFilterChainDecorator.java:137)
	at org.springframework.security.web.servletapi.SecurityContextHolderAwareRequestFilter.doFilter(SecurityContextHolderAwareRequestFilter.java:179)
	at org.springframework.security.web.ObservationFilterChainDecorator$ObservationFilter.wrapFilter(ObservationFilterChainDecorator.java:240)
	at org.springframework.security.web.ObservationFilterChainDecorator$ObservationFilter.doFilter(ObservationFilterChainDecorator.java:227)
	at org.springframework.security.web.ObservationFilterChainDecorator$VirtualFilterChain.doFilter(ObservationFilterChainDecorator.java:137)
	at org.springframework.security.web.savedrequest.RequestCacheAwareFilter.doFilter(RequestCacheAwareFilter.java:63)
	at org.springframework.security.web.ObservationFilterChainDecorator$ObservationFilter.wrapFilter(ObservationFilterChainDecorator.java:240)
	at org.springframework.security.web.ObservationFilterChainDecorator$ObservationFilter.doFilter(ObservationFilterChainDecorator.java:227)
	at org.springframework.security.web.ObservationFilterChainDecorator$VirtualFilterChain.doFilter(ObservationFilterChainDecorator.java:137)
	at com.example.project.security.JwtAuthFilter.doFilterInternal(JwtAuthFilter.java:63)
	at org.springframework.web.filter.OncePerRequestFilter.doFilter(OncePerRequestFilter.java:116)
	at org.springframework.security.web.ObservationFilterChainDecorator$ObservationFilter.wrapFilter(ObservationFilterChainDecorator.java:240)
	at org.springframework.security.web.ObservationFilterChainDecorator$ObservationFilter.doFilter(ObservationFilterChainDecorator.java:227)
	at org.springframework.security.web.ObservationFilterChainDecorator$VirtualFilterChain.doFilter(ObservationFilterChainDecorator.java:137)
	at org.springframework.security.web.authentication.logout.LogoutFilter.doFilter(LogoutFilter.java:107)
	at org.springframework.security.web.authentication.logout.LogoutFilter.doFilter(LogoutFilter.java:93)
	at org.springframework.security.web.ObservationFilterChainDecorator$ObservationFilter.wrapFilter(ObservationFilterChainDecorator.java:240)
	at org.springframework.security.web.ObservationFilterChainDecorator$ObservationFilter.doFilter(ObservationFilterChainDecorator.java:227)
	at org.springframework.security.web.ObservationFilterChainDecorator$VirtualFilterChain.doFilter(ObservationFilterChainDecorator.java:137)
	at org.springframework.web.filter.OncePerRequestFilter.doFilter(OncePerRequestFilter.java:110)
	at org.springframework.security.web.ObservationFilterChainDecorator$ObservationFilter.wrapFilter(ObservationFilterChainDecorator.java:240)
	at org.springframework.security.web.ObservationFilterChainDecorator$ObservationFilter.doFilter(ObservationFilterChainDecorator.java:227)
	at org.springframework.security.web.ObservationFilterChainDecorator$VirtualFilterChain.doFilter(ObservationFilterChainDecorator.java:137)
	at org.springframework.web.filter.CorsFilter.doFilterInternal(CorsFilter.java:91)
	at org.springframework.web.filter.OncePerRequestFilter.doFilter(OncePerRequestFilter.java:116)
	at org.springframework.security.web.ObservationFilterChainDecorator$ObservationFilter.wrapFilter(ObservationFilterChainDecorator.java:240)
	at org.springframework.security.web.ObservationFilterChainDecorator$ObservationFilter.doFilter(ObservationFilterChainDecorator.java:227)
	at org.springframework.security.web.ObservationFilterChainDecorator$VirtualFilterChain.doFilter(ObservationFilterChainDecorator.java:137)
	at org.springframework.security.web.header.HeaderWriterFilter.doHeadersAfter(HeaderWriterFilter.java:90)
	at org.springframework.security.web.header.HeaderWriterFilter.doFilterInternal(HeaderWriterFilter.java:75)
	at org.springframework.web.filter.OncePerRequestFilter.doFilter(OncePerRequestFilter.java:116)
	at org.springframework.security.web.ObservationFilterChainDecorator$ObservationFilter.wrapFilter(ObservationFilterChainDecorator.java:240)
	at org.springframework.security.web.ObservationFilterChainDecorator$ObservationFilter.doFilter(ObservationFilterChainDecorator.java:227)
	at org.springframework.security.web.ObservationFilterChainDecorator$VirtualFilterChain.doFilter(ObservationFilterChainDecorator.java:137)
	at org.springframework.security.web.context.SecurityContextHolderFilter.doFilter(SecurityContextHolderFilter.java:82)
	at org.springframework.security.web.context.SecurityContextHolderFilter.doFilter(SecurityContextHolderFilter.java:69)
	at org.springframework.security.web.ObservationFilterChainDecorator$ObservationFilter.wrapFilter(ObservationFilterChainDecorator.java:240)
	at org.springframework.security.web.ObservationFilterChainDecorator$ObservationFilter.doFilter(ObservationFilterChainDecorator.java:227)
	at org.springframework.security.web.ObservationFilterChainDecorator$VirtualFilterChain.doFilter(ObservationFilterChainDecorator.java:137)
	at org.springframework.security.web.context.request.async.WebAsyncManagerIntegrationFilter.doFilterInternal(WebAsyncManagerIntegrationFilter.java:62)
	at org.springframework.web.filter.OncePerRequestFilter.doFilter(OncePerRequestFilter.java:116)
	at org.springframework.security.web.ObservationFilterChainDecorator$ObservationFilter.wrapFilter(ObservationFilterChainDecorator.java:240)
	at org.springframework.security.web.ObservationFilterChainDecorator$ObservationFilter.doFilter(ObservationFilterChainDecorator.java:227)
	at org.springframework.security.web.ObservationFilterChainDecorator$VirtualFilterChain.doFilter(ObservationFilterChainDecorator.java:137)
	at org.springframework.security.web.session.DisableEncodeUrlFilter.doFilterInternal(DisableEncodeUrlFilter.java:42)
	at org.springframework.web.filter.OncePerRequestFilter.doFilter(OncePerRequestFilter.java:116)
	at org.springframework.security.web.ObservationFilterChainDecorator$ObservationFilter.wrapFilter(ObservationFilterChainDecorator.java:240)
	at org.springframework.security.web.ObservationFilterChainDecorator$AroundFilterObservation$SimpleAroundFilterObservation.lambda$wrap$0(ObservationFilterChainDecorator.java:323)
	at org.springframework.security.web.ObservationFilterChainDecorator$ObservationFilter.doFilter(ObservationFilterChainDecorator.java:224)
	at org.springframework.security.web.ObservationFilterChainDecorator$VirtualFilterChain.doFilter(ObservationFilterChainDecorator.java:137)
	at org.springframework.security.web.FilterChainProxy.doFilterInternal(FilterChainProxy.java:233)
	at org.springframework.security.web.FilterChainProxy.doFilter(FilterChainProxy.java:191)
	at org.springframework.web.filter.CompositeFilter$VirtualFilterChain.doFilter(CompositeFilter.java:113)
	at org.springframework.web.servlet.handler.HandlerMappingIntrospector.lambda$createCacheFilter$3(HandlerMappingIntrospector.java:195)
	at org.springframework.web.filter.CompositeFilter$VirtualFilterChain.doFilter(CompositeFilter.java:113)
	at org.springframework.web.filter.CompositeFilter.doFilter(CompositeFilter.java:74)
	at org.springframework.security.config.annotation.web.configuration.WebMvcSecurityConfiguration$CompositeFilterChainProxy.doFilter(WebMvcSecurityConfiguration.java:230)
	at org.springframework.web.filter.DelegatingFilterProxy.invokeDelegate(DelegatingFilterProxy.java:352)
	at org.springframework.web.filter.DelegatingFilterProxy.doFilter(DelegatingFilterProxy.java:268)
	at org.apache.catalina.core.ApplicationFilterChain.internalDoFilter(ApplicationFilterChain.java:175)
	at org.apache.catalina.core.ApplicationFilterChain.doFilter(ApplicationFilterChain.java:150)
	at org.springframework.web.filter.RequestContextFilter.doFilterInternal(RequestContextFilter.java:100)
	at org.springframework.web.filter.OncePerRequestFilter.doFilter(OncePerRequestFilter.java:116)
	at org.apache.catalina.core.ApplicationFilterChain.internalDoFilter(ApplicationFilterChain.java:175)
	at org.apache.catalina.core.ApplicationFilterChain.doFilter(ApplicationFilterChain.java:150)
	at org.springframework.web.filter.FormContentFilter.doFilterInternal(FormContentFilter.java:93)
	at org.springframework.web.filter.OncePerRequestFilter.doFilter(OncePerRequestFilter.java:116)
	at org.apache.catalina.core.ApplicationFilterChain.internalDoFilter(ApplicationFilterChain.java:175)
	at org.apache.catalina.core.ApplicationFilterChain.doFilter(ApplicationFilterChain.java:150)
	at org.springframework.web.filter.ServerHttpObservationFilter.doFilterInternal(ServerHttpObservationFilter.java:109)
	at org.springframework.web.filter.OncePerRequestFilter.doFilter(OncePerRequestFilter.java:116)
	at org.apache.catalina.core.ApplicationFilterChain.internalDoFilter(ApplicationFilterChain.java:175)
	at org.apache.catalina.core.ApplicationFilterChain.doFilter(ApplicationFilterChain.java:150)
	at org.springframework.web.filter.CharacterEncodingFilter.doFilterInternal(CharacterEncodingFilter.java:201)
	at org.springframework.web.filter.OncePerRequestFilter.doFilter(OncePerRequestFilter.java:116)
	at org.apache.catalina.core.ApplicationFilterChain.internalDoFilter(ApplicationFilterChain.java:175)
	at org.apache.catalina.core.ApplicationFilterChain.doFilter(ApplicationFilterChain.java:150)
	at org.apache.catalina.core.StandardWrapperValve.invoke(StandardWrapperValve.java:167)
	at org.apache.catalina.core.StandardContextValve.invoke(StandardContextValve.java:90)
	at org.apache.catalina.authenticator.AuthenticatorBase.invoke(AuthenticatorBase.java:482)
	at org.apache.catalina.core.StandardHostValve.invoke(StandardHostValve.java:115)
	at org.apache.catalina.valves.ErrorReportValve.invoke(ErrorReportValve.java:93)
	at org.apache.catalina.core.StandardEngineValve.invoke(StandardEngineValve.java:74)
	at org.apache.catalina.connector.CoyoteAdapter.service(CoyoteAdapter.java:344)
	at org.apache.coyote.http11.Http11Processor.service(Http11Processor.java:391)
	at org.apache.coyote.AbstractProcessorLight.process(AbstractProcessorLight.java:63)
	at org.apache.coyote.AbstractProtocol$ConnectionHandler.process(AbstractProtocol.java:896)
	at org.apache.tomcat.util.net.NioEndpoint$SocketProcessor.doRun(NioEndpoint.java:1736)
	at org.apache.tomcat.util.net.SocketProcessorBase.run(SocketProcessorBase.java:52)
	at org.apache.tomcat.util.threads.ThreadPoolExecutor.runWorker(ThreadPoolExecutor.java:1191)
	at org.apache.tomcat.util.threads.ThreadPoolExecutor$Worker.run(ThreadPoolExecutor.java:659)
	at org.apache.tomcat.util.threads.TaskThread$WrappingRunnable.run(TaskThread.java:63)
	at java.base/java.lang.Thread.run(Thread.java:842)
Caused by: org.springframework.expression.spel.SpelEvaluationException: EL1058E: A problem occurred when trying to resolve bean 'securityService':'Could not resolve bean reference against BeanFactory'
	at org.springframework.expression.spel.ast.BeanReference.getValueInternal(BeanReference.java:59)
	at org.springframework.expression.spel.ast.CompoundExpression.getValueRef(CompoundExpression.java:60)
	at org.springframework.expression.spel.ast.CompoundExpression.getValueInternal(CompoundExpression.java:96)
	at org.springframework.expression.spel.ast.SpelNodeImpl.getValue(SpelNodeImpl.java:222)
	at org.springframework.expression.spel.ast.OpOr.getBooleanValue(OpOr.java:56)
	at org.springframework.expression.spel.ast.OpOr.getValueInternal(OpOr.java:51)
	at org.springframework.expression.spel.ast.OpOr.getValueInternal(OpOr.java:37)
	at org.springframework.expression.spel.ast.SpelNodeImpl.getTypedValue(SpelNodeImpl.java:119)
	at org.springframework.expression.spel.standard.SpelExpression.getValue(SpelExpression.java:309)
	at org.springframework.security.access.expression.ExpressionUtils.evaluateAsBoolean(ExpressionUtils.java:30)
	... 153 common frames omitted
Caused by: org.springframework.expression.AccessException: Could not resolve bean reference against BeanFactory
	at org.springframework.context.expression.BeanFactoryResolver.resolve(BeanFactoryResolver.java:54)
	at org.springframework.expression.spel.ast.BeanReference.getValueInternal(BeanReference.java:55)
	... 162 common frames omitted
Caused by: org.springframework.beans.factory.NoSuchBeanDefinitionException: No bean named 'securityService' available
	at org.springframework.beans.factory.support.DefaultListableBeanFactory.getBeanDefinition(DefaultListableBeanFactory.java:895)
	at org.springframework.beans.factory.support.AbstractBeanFactory.getMergedLocalBeanDefinition(AbstractBeanFactory.java:1351)
	at org.springframework.beans.factory.support.AbstractBeanFactory.doGetBean(AbstractBeanFactory.java:300)
	at org.springframework.beans.factory.support.AbstractBeanFactory.getBean(AbstractBeanFactory.java:200)
	at org.springframework.context.support.AbstractApplicationContext.getBean(AbstractApplicationContext.java:1234)
	at org.springframework.context.expression.BeanFactoryResolver.resolve(BeanFactoryResolver.java:51)
	... 163 common frames omitted
2026-05-23 05:21:09.087 [http-nio-0.0.0.0-8080-exec-7] DEBUG o.s.o.j.s.OpenEntityManagerInViewInterceptor - Closing JPA EntityManager in OpenEntityManagerInViewInterceptor
2026-05-23 05:21:09.089 [http-nio-0.0.0.0-8080-exec-7] INFO  c.e.p.util.HttpLoggingInterceptor - REQUEST_END [8074d961-b23c-4f8a-be6c-5953e965dd57] GET /api/v1/notifications/user/2 | Status: 500 | Duration: 10ms
