2026-05-20 12:42:58.617 [main] DEBUG o.s.o.j.LocalContainerEntityManagerFactoryBean - Building JPA container EntityManagerFactory for persistence unit 'default'
2026-05-20 12:43:00.693 [main] INFO  o.s.o.j.p.SpringPersistenceUnitInfo - No LoadTimeWeaver setup: ignoring JPA class transformer
2026-05-20 12:43:02.194 [main] WARN  org.hibernate.orm.deprecation - HHH90000025: MySQLDialect does not need to be specified explicitly using 'hibernate.dialect' (remove the property setting and it will be selected by default)
2026-05-20 12:43:08.526 [main] INFO  o.s.o.j.LocalContainerEntityManagerFactoryBean - Initialized JPA EntityManagerFactory for persistence unit 'default'
2026-05-20 12:43:09.386 [main] DEBUG o.s.o.j.SharedEntityManagerCreator$SharedEntityManagerInvocationHandler - Creating new EntityManager for shared EntityManager invocation
2026-05-20 12:43:09.469 [main] DEBUG o.s.o.j.SharedEntityManagerCreator$SharedEntityManagerInvocationHandler - Creating new EntityManager for shared EntityManager invocation
2026-05-20 12:43:09.629 [main] DEBUG o.s.o.j.SharedEntityManagerCreator$SharedEntityManagerInvocationHandler - Creating new EntityManager for shared EntityManager invocation
2026-05-20 12:43:09.757 [main] DEBUG o.s.o.j.SharedEntityManagerCreator$SharedEntityManagerInvocationHandler - Creating new EntityManager for shared EntityManager invocation
2026-05-20 12:43:09.860 [main] DEBUG o.s.o.j.SharedEntityManagerCreator$SharedEntityManagerInvocationHandler - Creating new EntityManager for shared EntityManager invocation
2026-05-20 12:43:10.236 [main] DEBUG o.s.o.j.SharedEntityManagerCreator$SharedEntityManagerInvocationHandler - Creating new EntityManager for shared EntityManager invocation
2026-05-20 12:43:10.561 [main] DEBUG o.s.o.j.SharedEntityManagerCreator$SharedEntityManagerInvocationHandler - Creating new EntityManager for shared EntityManager invocation
2026-05-20 12:43:10.566 [main] DEBUG o.s.o.j.SharedEntityManagerCreator$SharedEntityManagerInvocationHandler - Creating new EntityManager for shared EntityManager invocation
2026-05-20 12:43:11.555 [main] DEBUG o.s.o.j.SharedEntityManagerCreator$SharedEntityManagerInvocationHandler - Creating new EntityManager for shared EntityManager invocation
2026-05-20 12:43:11.623 [main] DEBUG o.s.o.j.SharedEntityManagerCreator$SharedEntityManagerInvocationHandler - Creating new EntityManager for shared EntityManager invocation
2026-05-20 12:43:11.639 [main] DEBUG o.s.o.j.SharedEntityManagerCreator$SharedEntityManagerInvocationHandler - Creating new EntityManager for shared EntityManager invocation
2026-05-20 12:43:11.657 [main] DEBUG o.s.o.j.SharedEntityManagerCreator$SharedEntityManagerInvocationHandler - Creating new EntityManager for shared EntityManager invocation
2026-05-20 12:43:11.668 [main] DEBUG o.s.o.j.SharedEntityManagerCreator$SharedEntityManagerInvocationHandler - Creating new EntityManager for shared EntityManager invocation
2026-05-20 12:43:12.109 [main] DEBUG o.s.o.j.SharedEntityManagerCreator$SharedEntityManagerInvocationHandler - Creating new EntityManager for shared EntityManager invocation
2026-05-20 12:43:12.110 [main] DEBUG o.s.o.j.SharedEntityManagerCreator$SharedEntityManagerInvocationHandler - Creating new EntityManager for shared EntityManager invocation
2026-05-20 12:43:12.122 [main] DEBUG o.s.o.j.SharedEntityManagerCreator$SharedEntityManagerInvocationHandler - Creating new EntityManager for shared EntityManager invocation
2026-05-20 12:43:12.133 [main] DEBUG o.s.o.j.SharedEntityManagerCreator$SharedEntityManagerInvocationHandler - Creating new EntityManager for shared EntityManager invocation
2026-05-20 12:43:12.142 [main] DEBUG o.s.o.j.SharedEntityManagerCreator$SharedEntityManagerInvocationHandler - Creating new EntityManager for shared EntityManager invocation
2026-05-20 12:43:12.150 [main] DEBUG o.s.o.j.SharedEntityManagerCreator$SharedEntityManagerInvocationHandler - Creating new EntityManager for shared EntityManager invocation
2026-05-20 12:43:12.153 [main] DEBUG o.s.o.j.SharedEntityManagerCreator$SharedEntityManagerInvocationHandler - Creating new EntityManager for shared EntityManager invocation
2026-05-20 12:43:13.344 [main] DEBUG o.s.o.j.SharedEntityManagerCreator$SharedEntityManagerInvocationHandler - Creating new EntityManager for shared EntityManager invocation
2026-05-20 12:43:13.353 [main] DEBUG o.s.o.j.SharedEntityManagerCreator$SharedEntityManagerInvocationHandler - Creating new EntityManager for shared EntityManager invocation
2026-05-20 12:43:13.357 [main] DEBUG o.s.o.j.SharedEntityManagerCreator$SharedEntityManagerInvocationHandler - Creating new EntityManager for shared EntityManager invocation
2026-05-20 12:43:13.360 [main] DEBUG o.s.o.j.SharedEntityManagerCreator$SharedEntityManagerInvocationHandler - Creating new EntityManager for shared EntityManager invocation
2026-05-20 12:43:13.549 [main] DEBUG o.s.o.j.SharedEntityManagerCreator$SharedEntityManagerInvocationHandler - Creating new EntityManager for shared EntityManager invocation
2026-05-20 12:43:13.552 [main] DEBUG o.s.o.j.SharedEntityManagerCreator$SharedEntityManagerInvocationHandler - Creating new EntityManager for shared EntityManager invocation
2026-05-20 12:43:13.556 [main] DEBUG o.s.o.j.SharedEntityManagerCreator$SharedEntityManagerInvocationHandler - Creating new EntityManager for shared EntityManager invocation
2026-05-20 12:43:13.571 [main] DEBUG o.s.o.j.SharedEntityManagerCreator$SharedEntityManagerInvocationHandler - Creating new EntityManager for shared EntityManager invocation
2026-05-20 12:43:13.573 [main] DEBUG o.s.o.j.SharedEntityManagerCreator$SharedEntityManagerInvocationHandler - Creating new EntityManager for shared EntityManager invocation
2026-05-20 12:43:13.576 [main] DEBUG o.s.o.j.SharedEntityManagerCreator$SharedEntityManagerInvocationHandler - Creating new EntityManager for shared EntityManager invocation
2026-05-20 12:43:14.485 [main] DEBUG o.s.o.j.SharedEntityManagerCreator$SharedEntityManagerInvocationHandler - Creating new EntityManager for shared EntityManager invocation
2026-05-20 12:43:14.492 [main] DEBUG o.s.o.j.SharedEntityManagerCreator$SharedEntityManagerInvocationHandler - Creating new EntityManager for shared EntityManager invocation
2026-05-20 12:43:14.504 [main] DEBUG o.s.o.j.SharedEntityManagerCreator$SharedEntityManagerInvocationHandler - Creating new EntityManager for shared EntityManager invocation
2026-05-20 12:43:14.507 [main] DEBUG o.s.o.j.SharedEntityManagerCreator$SharedEntityManagerInvocationHandler - Creating new EntityManager for shared EntityManager invocation
2026-05-20 12:43:14.522 [main] DEBUG o.s.o.j.SharedEntityManagerCreator$SharedEntityManagerInvocationHandler - Creating new EntityManager for shared EntityManager invocation
2026-05-20 12:43:14.554 [main] DEBUG o.s.o.j.SharedEntityManagerCreator$SharedEntityManagerInvocationHandler - Creating new EntityManager for shared EntityManager invocation
2026-05-20 12:43:14.555 [main] DEBUG o.s.o.j.SharedEntityManagerCreator$SharedEntityManagerInvocationHandler - Creating new EntityManager for shared EntityManager invocation
2026-05-20 12:43:14.560 [main] DEBUG o.s.o.j.SharedEntityManagerCreator$SharedEntityManagerInvocationHandler - Creating new EntityManager for shared EntityManager invocation
2026-05-20 12:43:14.768 [main] DEBUG o.s.o.j.SharedEntityManagerCreator$SharedEntityManagerInvocationHandler - Creating new EntityManager for shared EntityManager invocation
2026-05-20 12:43:14.772 [main] DEBUG o.s.o.j.SharedEntityManagerCreator$SharedEntityManagerInvocationHandler - Creating new EntityManager for shared EntityManager invocation
2026-05-20 12:43:14.778 [main] DEBUG o.s.o.j.SharedEntityManagerCreator$SharedEntityManagerInvocationHandler - Creating new EntityManager for shared EntityManager invocation
2026-05-20 12:43:14.782 [main] DEBUG o.s.o.j.SharedEntityManagerCreator$SharedEntityManagerInvocationHandler - Creating new EntityManager for shared EntityManager invocation
2026-05-20 12:43:14.788 [main] DEBUG o.s.o.j.SharedEntityManagerCreator$SharedEntityManagerInvocationHandler - Creating new EntityManager for shared EntityManager invocation
2026-05-20 12:43:14.792 [main] DEBUG o.s.o.j.SharedEntityManagerCreator$SharedEntityManagerInvocationHandler - Creating new EntityManager for shared EntityManager invocation
2026-05-20 12:43:14.796 [main] DEBUG o.s.o.j.SharedEntityManagerCreator$SharedEntityManagerInvocationHandler - Creating new EntityManager for shared EntityManager invocation
2026-05-20 12:43:15.049 [main] DEBUG o.s.o.j.SharedEntityManagerCreator$SharedEntityManagerInvocationHandler - Creating new EntityManager for shared EntityManager invocation
2026-05-20 12:43:15.051 [main] DEBUG o.s.o.j.SharedEntityManagerCreator$SharedEntityManagerInvocationHandler - Creating new EntityManager for shared EntityManager invocation
2026-05-20 12:43:15.056 [main] DEBUG o.s.o.j.SharedEntityManagerCreator$SharedEntityManagerInvocationHandler - Creating new EntityManager for shared EntityManager invocation
2026-05-20 12:43:15.061 [main] DEBUG o.s.o.j.SharedEntityManagerCreator$SharedEntityManagerInvocationHandler - Creating new EntityManager for shared EntityManager invocation
2026-05-20 12:43:15.345 [main] DEBUG o.s.o.j.SharedEntityManagerCreator$SharedEntityManagerInvocationHandler - Creating new EntityManager for shared EntityManager invocation
2026-05-20 12:43:15.357 [main] DEBUG o.s.o.j.SharedEntityManagerCreator$SharedEntityManagerInvocationHandler - Creating new EntityManager for shared EntityManager invocation
2026-05-20 12:43:15.365 [main] DEBUG o.s.o.j.SharedEntityManagerCreator$SharedEntityManagerInvocationHandler - Creating new EntityManager for shared EntityManager invocation
2026-05-20 12:43:15.375 [main] DEBUG o.s.o.j.SharedEntityManagerCreator$SharedEntityManagerInvocationHandler - Creating new EntityManager for shared EntityManager invocation
2026-05-20 12:43:15.380 [main] DEBUG o.s.o.j.SharedEntityManagerCreator$SharedEntityManagerInvocationHandler - Creating new EntityManager for shared EntityManager invocation
2026-05-20 12:43:15.899 [main] DEBUG o.s.o.j.SharedEntityManagerCreator$SharedEntityManagerInvocationHandler - Creating new EntityManager for shared EntityManager invocation
2026-05-20 12:43:15.905 [main] DEBUG o.s.o.j.SharedEntityManagerCreator$SharedEntityManagerInvocationHandler - Creating new EntityManager for shared EntityManager invocation
2026-05-20 12:43:15.908 [main] DEBUG o.s.o.j.SharedEntityManagerCreator$SharedEntityManagerInvocationHandler - Creating new EntityManager for shared EntityManager invocation
2026-05-20 12:43:16.403 [main] DEBUG o.s.o.j.SharedEntityManagerCreator$SharedEntityManagerInvocationHandler - Creating new EntityManager for shared EntityManager invocation
2026-05-20 12:43:16.421 [main] DEBUG o.s.o.j.SharedEntityManagerCreator$SharedEntityManagerInvocationHandler - Creating new EntityManager for shared EntityManager invocation
2026-05-20 12:43:16.432 [main] DEBUG o.s.o.j.SharedEntityManagerCreator$SharedEntityManagerInvocationHandler - Creating new EntityManager for shared EntityManager invocation
2026-05-20 12:43:16.456 [main] DEBUG o.s.o.j.SharedEntityManagerCreator$SharedEntityManagerInvocationHandler - Creating new EntityManager for shared EntityManager invocation
2026-05-20 12:43:16.476 [main] DEBUG o.s.o.j.SharedEntityManagerCreator$SharedEntityManagerInvocationHandler - Creating new EntityManager for shared EntityManager invocation
2026-05-20 12:43:16.802 [main] DEBUG o.s.o.j.SharedEntityManagerCreator$SharedEntityManagerInvocationHandler - Creating new EntityManager for shared EntityManager invocation
2026-05-20 12:43:16.813 [main] DEBUG o.s.o.j.SharedEntityManagerCreator$SharedEntityManagerInvocationHandler - Creating new EntityManager for shared EntityManager invocation
2026-05-20 12:43:16.825 [main] DEBUG o.s.o.j.SharedEntityManagerCreator$SharedEntityManagerInvocationHandler - Creating new EntityManager for shared EntityManager invocation
2026-05-20 12:43:16.830 [main] DEBUG o.s.o.j.SharedEntityManagerCreator$SharedEntityManagerInvocationHandler - Creating new EntityManager for shared EntityManager invocation
2026-05-20 12:43:16.842 [main] DEBUG o.s.o.j.SharedEntityManagerCreator$SharedEntityManagerInvocationHandler - Creating new EntityManager for shared EntityManager invocation
2026-05-20 12:43:16.855 [main] DEBUG o.s.o.j.SharedEntityManagerCreator$SharedEntityManagerInvocationHandler - Creating new EntityManager for shared EntityManager invocation
2026-05-20 12:43:17.116 [main] DEBUG o.s.o.j.SharedEntityManagerCreator$SharedEntityManagerInvocationHandler - Creating new EntityManager for shared EntityManager invocation
2026-05-20 12:43:17.123 [main] DEBUG o.s.o.j.SharedEntityManagerCreator$SharedEntityManagerInvocationHandler - Creating new EntityManager for shared EntityManager invocation
2026-05-20 12:43:17.127 [main] DEBUG o.s.o.j.SharedEntityManagerCreator$SharedEntityManagerInvocationHandler - Creating new EntityManager for shared EntityManager invocation
2026-05-20 12:43:17.136 [main] DEBUG o.s.o.j.SharedEntityManagerCreator$SharedEntityManagerInvocationHandler - Creating new EntityManager for shared EntityManager invocation
2026-05-20 12:43:17.339 [main] DEBUG o.s.o.j.SharedEntityManagerCreator$SharedEntityManagerInvocationHandler - Creating new EntityManager for shared EntityManager invocation
2026-05-20 12:43:17.344 [main] DEBUG o.s.o.j.SharedEntityManagerCreator$SharedEntityManagerInvocationHandler - Creating new EntityManager for shared EntityManager invocation
2026-05-20 12:43:17.351 [main] DEBUG o.s.o.j.SharedEntityManagerCreator$SharedEntityManagerInvocationHandler - Creating new EntityManager for shared EntityManager invocation
2026-05-20 12:43:17.353 [main] DEBUG o.s.o.j.SharedEntityManagerCreator$SharedEntityManagerInvocationHandler - Creating new EntityManager for shared EntityManager invocation
2026-05-20 12:43:17.354 [main] DEBUG o.s.o.j.SharedEntityManagerCreator$SharedEntityManagerInvocationHandler - Creating new EntityManager for shared EntityManager invocation
2026-05-20 12:43:17.550 [main] DEBUG o.s.o.j.SharedEntityManagerCreator$SharedEntityManagerInvocationHandler - Creating new EntityManager for shared EntityManager invocation
2026-05-20 12:43:17.556 [main] DEBUG o.s.o.j.SharedEntityManagerCreator$SharedEntityManagerInvocationHandler - Creating new EntityManager for shared EntityManager invocation
2026-05-20 12:43:17.560 [main] DEBUG o.s.o.j.SharedEntityManagerCreator$SharedEntityManagerInvocationHandler - Creating new EntityManager for shared EntityManager invocation
2026-05-20 12:43:17.741 [main] DEBUG o.s.o.j.SharedEntityManagerCreator$SharedEntityManagerInvocationHandler - Creating new EntityManager for shared EntityManager invocation
2026-05-20 12:43:17.753 [main] DEBUG o.s.o.j.SharedEntityManagerCreator$SharedEntityManagerInvocationHandler - Creating new EntityManager for shared EntityManager invocation
2026-05-20 12:43:17.756 [main] DEBUG o.s.o.j.SharedEntityManagerCreator$SharedEntityManagerInvocationHandler - Creating new EntityManager for shared EntityManager invocation
2026-05-20 12:43:17.758 [main] DEBUG o.s.o.j.SharedEntityManagerCreator$SharedEntityManagerInvocationHandler - Creating new EntityManager for shared EntityManager invocation
2026-05-20 12:43:18.050 [main] DEBUG o.s.o.j.SharedEntityManagerCreator$SharedEntityManagerInvocationHandler - Creating new EntityManager for shared EntityManager invocation
2026-05-20 12:43:18.057 [main] DEBUG o.s.o.j.SharedEntityManagerCreator$SharedEntityManagerInvocationHandler - Creating new EntityManager for shared EntityManager invocation
2026-05-20 12:43:18.101 [main] DEBUG o.s.o.j.SharedEntityManagerCreator$SharedEntityManagerInvocationHandler - Creating new EntityManager for shared EntityManager invocation
2026-05-20 12:43:18.259 [main] DEBUG o.s.o.j.SharedEntityManagerCreator$SharedEntityManagerInvocationHandler - Creating new EntityManager for shared EntityManager invocation
2026-05-20 12:43:18.288 [main] DEBUG o.s.o.j.SharedEntityManagerCreator$SharedEntityManagerInvocationHandler - Creating new EntityManager for shared EntityManager invocation
2026-05-20 12:43:18.649 [main] DEBUG o.s.o.j.SharedEntityManagerCreator$SharedEntityManagerInvocationHandler - Creating new EntityManager for shared EntityManager invocation
2026-05-20 12:43:18.652 [main] DEBUG o.s.o.j.SharedEntityManagerCreator$SharedEntityManagerInvocationHandler - Creating new EntityManager for shared EntityManager invocation
2026-05-20 12:43:18.655 [main] DEBUG o.s.o.j.SharedEntityManagerCreator$SharedEntityManagerInvocationHandler - Creating new EntityManager for shared EntityManager invocation
2026-05-20 12:43:18.900 [main] DEBUG o.s.o.j.SharedEntityManagerCreator$SharedEntityManagerInvocationHandler - Creating new EntityManager for shared EntityManager invocation
2026-05-20 12:43:18.903 [main] DEBUG o.s.o.j.SharedEntityManagerCreator$SharedEntityManagerInvocationHandler - Creating new EntityManager for shared EntityManager invocation
2026-05-20 12:43:18.906 [main] DEBUG o.s.o.j.SharedEntityManagerCreator$SharedEntityManagerInvocationHandler - Creating new EntityManager for shared EntityManager invocation
2026-05-20 12:43:18.912 [main] DEBUG o.s.o.j.SharedEntityManagerCreator$SharedEntityManagerInvocationHandler - Creating new EntityManager for shared EntityManager invocation
2026-05-20 12:43:18.917 [main] DEBUG o.s.o.j.SharedEntityManagerCreator$SharedEntityManagerInvocationHandler - Creating new EntityManager for shared EntityManager invocation
2026-05-20 12:43:18.920 [main] DEBUG o.s.o.j.SharedEntityManagerCreator$SharedEntityManagerInvocationHandler - Creating new EntityManager for shared EntityManager invocation
2026-05-20 12:43:19.155 [main] DEBUG o.s.o.j.SharedEntityManagerCreator$SharedEntityManagerInvocationHandler - Creating new EntityManager for shared EntityManager invocation
2026-05-20 12:43:19.158 [main] DEBUG o.s.o.j.SharedEntityManagerCreator$SharedEntityManagerInvocationHandler - Creating new EntityManager for shared EntityManager invocation
2026-05-20 12:43:19.165 [main] DEBUG o.s.o.j.SharedEntityManagerCreator$SharedEntityManagerInvocationHandler - Creating new EntityManager for shared EntityManager invocation
2026-05-20 12:43:19.348 [main] DEBUG o.s.o.j.SharedEntityManagerCreator$SharedEntityManagerInvocationHandler - Creating new EntityManager for shared EntityManager invocation
2026-05-20 12:43:19.351 [main] DEBUG o.s.o.j.SharedEntityManagerCreator$SharedEntityManagerInvocationHandler - Creating new EntityManager for shared EntityManager invocation
2026-05-20 12:43:19.354 [main] DEBUG o.s.o.j.SharedEntityManagerCreator$SharedEntityManagerInvocationHandler - Creating new EntityManager for shared EntityManager invocation
2026-05-20 12:43:19.357 [main] DEBUG o.s.o.j.SharedEntityManagerCreator$SharedEntityManagerInvocationHandler - Creating new EntityManager for shared EntityManager invocation
2026-05-20 12:43:19.359 [main] DEBUG o.s.o.j.SharedEntityManagerCreator$SharedEntityManagerInvocationHandler - Creating new EntityManager for shared EntityManager invocation
2026-05-20 12:43:26.465 [main] DEBUG o.s.o.j.SharedEntityManagerCreator$SharedEntityManagerInvocationHandler - Creating new EntityManager for shared EntityManager invocation
2026-05-20 12:43:26.837 [main] DEBUG org.hibernate.SQL - 
    select
        u1_0.id,
        u1_0.address,
        u1_0.admin_notes,
        u1_0.avatar_url,
        u1_0.bio,
        u1_0.preferred_category,
        u1_0.created_at,
        u1_0.email,
        u1_0.google_id,
        u1_0.kyc_status,
        u1_0.password,
        u1_0.last_name,
        u1_0.first_name,
        u1_0.role,
        u1_0.status,
        u1_0.phone,
        u1_0.ville 
    from
        users u1_0 
    where
        u1_0.email=?
2026-05-20 12:43:26.837 [main] DEBUG org.hibernate.SQL - 
    select
        u1_0.id,
        u1_0.address,
        u1_0.admin_notes,
        u1_0.avatar_url,
        u1_0.bio,
        u1_0.preferred_category,
        u1_0.created_at,
        u1_0.email,
        u1_0.google_id,
        u1_0.kyc_status,
        u1_0.password,
        u1_0.last_name,
        u1_0.first_name,
        u1_0.role,
        u1_0.status,
        u1_0.phone,
        u1_0.ville 
    from
        users u1_0 
    where
        u1_0.email=?
2026-05-20 12:43:59.195 [http-nio-0.0.0.0-8080-exec-1] DEBUG o.s.o.j.s.OpenEntityManagerInViewInterceptor - Opening JPA EntityManager in OpenEntityManagerInViewInterceptor
2026-05-20 12:43:59.334 [http-nio-0.0.0.0-8080-exec-1] DEBUG org.hibernate.SQL - 
    select
        p1_0.id,
        p1_0.admin_notes,
        p1_0.all_or_nothing,
        p1_0.categorie,
        p1_0.created_at,
        p1_0.start_date,
        p1_0.end_date,
        p1_0.description,
        p1_0.cover_image,
        p1_0.localisation,
        p1_0.current_amount,
        p1_0.investors_count,
        p1_0.funding_goal,
        p1_0.equity_percentage,
        p1_0.owner_id,
        p1_0.status,
        p1_0.suspension_deadline,
        p1_0.interest_rate,
        p1_0.titre,
        p1_0.funding_type 
    from
        projects p1_0 
    where
        p1_0.status=? 
        and p1_0.end_date>=?
2026-05-20 12:43:59.334 [http-nio-0.0.0.0-8080-exec-1] DEBUG org.hibernate.SQL - 
    select
        p1_0.id,
        p1_0.admin_notes,
        p1_0.all_or_nothing,
        p1_0.categorie,
        p1_0.created_at,
        p1_0.start_date,
        p1_0.end_date,
        p1_0.description,
        p1_0.cover_image,
        p1_0.localisation,
        p1_0.current_amount,
        p1_0.investors_count,
        p1_0.funding_goal,
        p1_0.equity_percentage,
        p1_0.owner_id,
        p1_0.status,
        p1_0.suspension_deadline,
        p1_0.interest_rate,
        p1_0.titre,
        p1_0.funding_type 
    from
        projects p1_0 
    where
        p1_0.status=? 
        and p1_0.end_date>=?
2026-05-20 12:43:59.416 [http-nio-0.0.0.0-8080-exec-1] DEBUG o.s.o.j.s.OpenEntityManagerInViewInterceptor - Closing JPA EntityManager in OpenEntityManagerInViewInterceptor
2026-05-20 12:43:59.433 [http-nio-0.0.0.0-8080-exec-2] DEBUG o.s.o.j.s.OpenEntityManagerInViewInterceptor - Opening JPA EntityManager in OpenEntityManagerInViewInterceptor
2026-05-20 12:43:59.449 [http-nio-0.0.0.0-8080-exec-2] DEBUG org.hibernate.SQL - 
    select
        p1_0.id,
        p1_0.admin_notes,
        p1_0.all_or_nothing,
        p1_0.categorie,
        p1_0.created_at,
        p1_0.start_date,
        p1_0.end_date,
        p1_0.description,
        p1_0.cover_image,
        p1_0.localisation,
        p1_0.current_amount,
        p1_0.investors_count,
        p1_0.funding_goal,
        p1_0.equity_percentage,
        p1_0.owner_id,
        p1_0.status,
        p1_0.suspension_deadline,
        p1_0.interest_rate,
        p1_0.titre,
        p1_0.funding_type 
    from
        projects p1_0 
    where
        p1_0.status=? 
        and p1_0.end_date>=?
2026-05-20 12:43:59.449 [http-nio-0.0.0.0-8080-exec-2] DEBUG org.hibernate.SQL - 
    select
        p1_0.id,
        p1_0.admin_notes,
        p1_0.all_or_nothing,
        p1_0.categorie,
        p1_0.created_at,
        p1_0.start_date,
        p1_0.end_date,
        p1_0.description,
        p1_0.cover_image,
        p1_0.localisation,
        p1_0.current_amount,
        p1_0.investors_count,
        p1_0.funding_goal,
        p1_0.equity_percentage,
        p1_0.owner_id,
        p1_0.status,
        p1_0.suspension_deadline,
        p1_0.interest_rate,
        p1_0.titre,
        p1_0.funding_type 
    from
        projects p1_0 
    where
        p1_0.status=? 
        and p1_0.end_date>=?
2026-05-20 12:43:59.466 [http-nio-0.0.0.0-8080-exec-2] DEBUG o.s.o.j.s.OpenEntityManagerInViewInterceptor - Closing JPA EntityManager in OpenEntityManagerInViewInterceptor
2026-05-20 12:44:40.125 [http-nio-0.0.0.0-8080-exec-3] DEBUG o.s.o.j.s.OpenEntityManagerInViewInterceptor - Opening JPA EntityManager in OpenEntityManagerInViewInterceptor
2026-05-20 12:44:40.176 [http-nio-0.0.0.0-8080-exec-3] DEBUG o.s.orm.jpa.JpaTransactionManager - Found thread-bound EntityManager [SessionImpl(707412626<open>)] for JPA transaction
2026-05-20 12:44:40.181 [http-nio-0.0.0.0-8080-exec-3] DEBUG o.s.orm.jpa.JpaTransactionManager - Creating new transaction with name [org.springframework.data.jpa.repository.support.SimpleJpaRepository.findAll]: PROPAGATION_REQUIRED,ISOLATION_DEFAULT,readOnly
2026-05-20 12:44:40.331 [http-nio-0.0.0.0-8080-exec-3] DEBUG o.s.orm.jpa.JpaTransactionManager - Exposing JPA transaction as JDBC [org.springframework.orm.jpa.vendor.HibernateJpaDialect$HibernateConnectionHandle@67f2f6c6]
2026-05-20 12:44:40.360 [http-nio-0.0.0.0-8080-exec-3] DEBUG org.hibernate.SQL - 
    select
        p1_0.id,
        p1_0.admin_notes,
        p1_0.all_or_nothing,
        p1_0.categorie,
        p1_0.created_at,
        p1_0.start_date,
        p1_0.end_date,
        p1_0.description,
        p1_0.cover_image,
        p1_0.localisation,
        p1_0.current_amount,
        p1_0.investors_count,
        p1_0.funding_goal,
        p1_0.equity_percentage,
        p1_0.owner_id,
        p1_0.status,
        p1_0.suspension_deadline,
        p1_0.interest_rate,
        p1_0.titre,
        p1_0.funding_type 
    from
        projects p1_0
2026-05-20 12:44:40.360 [http-nio-0.0.0.0-8080-exec-3] DEBUG org.hibernate.SQL - 
    select
        p1_0.id,
        p1_0.admin_notes,
        p1_0.all_or_nothing,
        p1_0.categorie,
        p1_0.created_at,
        p1_0.start_date,
        p1_0.end_date,
        p1_0.description,
        p1_0.cover_image,
        p1_0.localisation,
        p1_0.current_amount,
        p1_0.investors_count,
        p1_0.funding_goal,
        p1_0.equity_percentage,
        p1_0.owner_id,
        p1_0.status,
        p1_0.suspension_deadline,
        p1_0.interest_rate,
        p1_0.titre,
        p1_0.funding_type 
    from
        projects p1_0
2026-05-20 12:44:41.535 [http-nio-0.0.0.0-8080-exec-3] DEBUG org.hibernate.SQL - 
    select
        u1_0.id,
        u1_0.address,
        u1_0.admin_notes,
        u1_0.avatar_url,
        u1_0.bio,
        u1_0.preferred_category,
        u1_0.created_at,
        u1_0.email,
        u1_0.google_id,
        u1_0.kyc_status,
        u1_0.password,
        u1_0.last_name,
        u1_0.first_name,
        u1_0.role,
        u1_0.status,
        u1_0.phone,
        u1_0.ville 
    from
        users u1_0 
    where
        u1_0.id=?
2026-05-20 12:44:41.535 [http-nio-0.0.0.0-8080-exec-3] DEBUG org.hibernate.SQL - 
    select
        u1_0.id,
        u1_0.address,
        u1_0.admin_notes,
        u1_0.avatar_url,
        u1_0.bio,
        u1_0.preferred_category,
        u1_0.created_at,
        u1_0.email,
        u1_0.google_id,
        u1_0.kyc_status,
        u1_0.password,
        u1_0.last_name,
        u1_0.first_name,
        u1_0.role,
        u1_0.status,
        u1_0.phone,
        u1_0.ville 
    from
        users u1_0 
    where
        u1_0.id=?
2026-05-20 12:44:41.572 [http-nio-0.0.0.0-8080-exec-3] DEBUG o.s.orm.jpa.JpaTransactionManager - Initiating transaction commit
2026-05-20 12:44:41.574 [http-nio-0.0.0.0-8080-exec-3] DEBUG o.s.orm.jpa.JpaTransactionManager - Committing JPA transaction on EntityManager [SessionImpl(707412626<open>)]
2026-05-20 12:44:41.581 [http-nio-0.0.0.0-8080-exec-3] DEBUG o.s.orm.jpa.JpaTransactionManager - Not closing pre-bound JPA EntityManager after transaction
2026-05-20 12:44:42.073 [http-nio-0.0.0.0-8080-exec-3] DEBUG o.s.o.j.s.OpenEntityManagerInViewInterceptor - Closing JPA EntityManager in OpenEntityManagerInViewInterceptor
2026-05-20 12:44:42.120 [http-nio-0.0.0.0-8080-exec-5] DEBUG o.s.o.j.s.OpenEntityManagerInViewInterceptor - Opening JPA EntityManager in OpenEntityManagerInViewInterceptor
2026-05-20 12:44:42.123 [http-nio-0.0.0.0-8080-exec-5] DEBUG o.s.orm.jpa.JpaTransactionManager - Found thread-bound EntityManager [SessionImpl(1866816665<open>)] for JPA transaction
2026-05-20 12:44:42.123 [http-nio-0.0.0.0-8080-exec-5] DEBUG o.s.orm.jpa.JpaTransactionManager - Creating new transaction with name [org.springframework.data.jpa.repository.support.SimpleJpaRepository.findAll]: PROPAGATION_REQUIRED,ISOLATION_DEFAULT,readOnly
2026-05-20 12:44:42.127 [http-nio-0.0.0.0-8080-exec-5] DEBUG o.s.orm.jpa.JpaTransactionManager - Exposing JPA transaction as JDBC [org.springframework.orm.jpa.vendor.HibernateJpaDialect$HibernateConnectionHandle@6b7ad5a9]
2026-05-20 12:44:42.141 [http-nio-0.0.0.0-8080-exec-5] DEBUG org.hibernate.SQL - 
    select
        p1_0.id,
        p1_0.admin_notes,
        p1_0.all_or_nothing,
        p1_0.categorie,
        p1_0.created_at,
        p1_0.start_date,
        p1_0.end_date,
        p1_0.description,
        p1_0.cover_image,
        p1_0.localisation,
        p1_0.current_amount,
        p1_0.investors_count,
        p1_0.funding_goal,
        p1_0.equity_percentage,
        p1_0.owner_id,
        p1_0.status,
        p1_0.suspension_deadline,
        p1_0.interest_rate,
        p1_0.titre,
        p1_0.funding_type 
    from
        projects p1_0
2026-05-20 12:44:42.141 [http-nio-0.0.0.0-8080-exec-5] DEBUG org.hibernate.SQL - 
    select
        p1_0.id,
        p1_0.admin_notes,
        p1_0.all_or_nothing,
        p1_0.categorie,
        p1_0.created_at,
        p1_0.start_date,
        p1_0.end_date,
        p1_0.description,
        p1_0.cover_image,
        p1_0.localisation,
        p1_0.current_amount,
        p1_0.investors_count,
        p1_0.funding_goal,
        p1_0.equity_percentage,
        p1_0.owner_id,
        p1_0.status,
        p1_0.suspension_deadline,
        p1_0.interest_rate,
        p1_0.titre,
        p1_0.funding_type 
    from
        projects p1_0
2026-05-20 12:44:42.155 [http-nio-0.0.0.0-8080-exec-5] DEBUG org.hibernate.SQL - 
    select
        u1_0.id,
        u1_0.address,
        u1_0.admin_notes,
        u1_0.avatar_url,
        u1_0.bio,
        u1_0.preferred_category,
        u1_0.created_at,
        u1_0.email,
        u1_0.google_id,
        u1_0.kyc_status,
        u1_0.password,
        u1_0.last_name,
        u1_0.first_name,
        u1_0.role,
        u1_0.status,
        u1_0.phone,
        u1_0.ville 
    from
        users u1_0 
    where
        u1_0.id=?
2026-05-20 12:44:42.155 [http-nio-0.0.0.0-8080-exec-5] DEBUG org.hibernate.SQL - 
    select
        u1_0.id,
        u1_0.address,
        u1_0.admin_notes,
        u1_0.avatar_url,
        u1_0.bio,
        u1_0.preferred_category,
        u1_0.created_at,
        u1_0.email,
        u1_0.google_id,
        u1_0.kyc_status,
        u1_0.password,
        u1_0.last_name,
        u1_0.first_name,
        u1_0.role,
        u1_0.status,
        u1_0.phone,
        u1_0.ville 
    from
        users u1_0 
    where
        u1_0.id=?
2026-05-20 12:44:42.170 [http-nio-0.0.0.0-8080-exec-5] DEBUG o.s.orm.jpa.JpaTransactionManager - Initiating transaction commit
2026-05-20 12:44:42.173 [http-nio-0.0.0.0-8080-exec-5] DEBUG o.s.orm.jpa.JpaTransactionManager - Committing JPA transaction on EntityManager [SessionImpl(1866816665<open>)]
2026-05-20 12:44:42.179 [http-nio-0.0.0.0-8080-exec-5] DEBUG o.s.orm.jpa.JpaTransactionManager - Not closing pre-bound JPA EntityManager after transaction
2026-05-20 12:44:42.199 [http-nio-0.0.0.0-8080-exec-5] DEBUG o.s.o.j.s.OpenEntityManagerInViewInterceptor - Closing JPA EntityManager in OpenEntityManagerInViewInterceptor
2026-05-20 12:44:42.590 [http-nio-0.0.0.0-8080-exec-9] DEBUG o.s.o.j.s.OpenEntityManagerInViewInterceptor - Opening JPA EntityManager in OpenEntityManagerInViewInterceptor
2026-05-20 12:44:42.590 [http-nio-0.0.0.0-8080-exec-4] DEBUG o.s.o.j.s.OpenEntityManagerInViewInterceptor - Opening JPA EntityManager in OpenEntityManagerInViewInterceptor
2026-05-20 12:44:42.591 [http-nio-0.0.0.0-8080-exec-6] DEBUG o.s.o.j.s.OpenEntityManagerInViewInterceptor - Opening JPA EntityManager in OpenEntityManagerInViewInterceptor
2026-05-20 12:44:42.801 [http-nio-0.0.0.0-8080-exec-8] DEBUG o.s.o.j.s.OpenEntityManagerInViewInterceptor - Opening JPA EntityManager in OpenEntityManagerInViewInterceptor
2026-05-20 12:44:42.820 [http-nio-0.0.0.0-8080-exec-8] DEBUG o.s.o.j.s.OpenEntityManagerInViewInterceptor - Closing JPA EntityManager in OpenEntityManagerInViewInterceptor
2026-05-20 12:44:42.820 [http-nio-0.0.0.0-8080-exec-7] DEBUG o.s.o.j.s.OpenEntityManagerInViewInterceptor - Opening JPA EntityManager in OpenEntityManagerInViewInterceptor
2026-05-20 12:44:42.836 [http-nio-0.0.0.0-8080-exec-7] DEBUG o.s.o.j.s.OpenEntityManagerInViewInterceptor - Closing JPA EntityManager in OpenEntityManagerInViewInterceptor
2026-05-20 12:44:42.841 [http-nio-0.0.0.0-8080-exec-4] DEBUG org.hibernate.SQL - 
    select
        count(i1_0.id) 
    from
        interactions i1_0 
    left join
        projects p1_0 
            on p1_0.id=i1_0.project_id 
    where
        p1_0.id=? 
        and i1_0.type=?
2026-05-20 12:44:42.841 [http-nio-0.0.0.0-8080-exec-4] DEBUG org.hibernate.SQL - 
    select
        count(i1_0.id) 
    from
        interactions i1_0 
    left join
        projects p1_0 
            on p1_0.id=i1_0.project_id 
    where
        p1_0.id=? 
        and i1_0.type=?
2026-05-20 12:44:42.841 [http-nio-0.0.0.0-8080-exec-6] DEBUG org.hibernate.SQL - 
    select
        count(i1_0.id) 
    from
        interactions i1_0 
    left join
        projects p1_0 
            on p1_0.id=i1_0.project_id 
    where
        p1_0.id=? 
        and i1_0.type=?
2026-05-20 12:44:42.841 [http-nio-0.0.0.0-8080-exec-9] DEBUG org.hibernate.SQL - 
    select
        count(i1_0.id) 
    from
        interactions i1_0 
    left join
        projects p1_0 
            on p1_0.id=i1_0.project_id 
    where
        p1_0.id=? 
        and i1_0.type=?
2026-05-20 12:44:42.841 [http-nio-0.0.0.0-8080-exec-9] DEBUG org.hibernate.SQL - 
    select
        count(i1_0.id) 
    from
        interactions i1_0 
    left join
        projects p1_0 
            on p1_0.id=i1_0.project_id 
    where
        p1_0.id=? 
        and i1_0.type=?
2026-05-20 12:44:42.841 [http-nio-0.0.0.0-8080-exec-6] DEBUG org.hibernate.SQL - 
    select
        count(i1_0.id) 
    from
        interactions i1_0 
    left join
        projects p1_0 
            on p1_0.id=i1_0.project_id 
    where
        p1_0.id=? 
        and i1_0.type=?
2026-05-20 12:44:42.891 [http-nio-0.0.0.0-8080-exec-9] DEBUG org.hibernate.SQL - 
    select
        count(i1_0.id) 
    from
        interactions i1_0 
    left join
        projects p1_0 
            on p1_0.id=i1_0.project_id 
    where
        p1_0.id=? 
        and i1_0.type=?
2026-05-20 12:44:42.891 [http-nio-0.0.0.0-8080-exec-9] DEBUG org.hibernate.SQL - 
    select
        count(i1_0.id) 
    from
        interactions i1_0 
    left join
        projects p1_0 
            on p1_0.id=i1_0.project_id 
    where
        p1_0.id=? 
        and i1_0.type=?
2026-05-20 12:44:42.892 [http-nio-0.0.0.0-8080-exec-4] DEBUG org.hibernate.SQL - 
    select
        count(i1_0.id) 
    from
        interactions i1_0 
    left join
        projects p1_0 
            on p1_0.id=i1_0.project_id 
    where
        p1_0.id=? 
        and i1_0.type=?
2026-05-20 12:44:42.892 [http-nio-0.0.0.0-8080-exec-4] DEBUG org.hibernate.SQL - 
    select
        count(i1_0.id) 
    from
        interactions i1_0 
    left join
        projects p1_0 
            on p1_0.id=i1_0.project_id 
    where
        p1_0.id=? 
        and i1_0.type=?
2026-05-20 12:44:42.902 [http-nio-0.0.0.0-8080-exec-6] DEBUG org.hibernate.SQL - 
    select
        count(i1_0.id) 
    from
        interactions i1_0 
    left join
        projects p1_0 
            on p1_0.id=i1_0.project_id 
    where
        p1_0.id=? 
        and i1_0.type=?
2026-05-20 12:44:42.902 [http-nio-0.0.0.0-8080-exec-6] DEBUG org.hibernate.SQL - 
    select
        count(i1_0.id) 
    from
        interactions i1_0 
    left join
        projects p1_0 
            on p1_0.id=i1_0.project_id 
    where
        p1_0.id=? 
        and i1_0.type=?
2026-05-20 12:44:42.937 [http-nio-0.0.0.0-8080-exec-4] DEBUG org.hibernate.SQL - 
    select
        c1_0.id,
        c1_0.contenu,
        c1_0.created_at,
        c1_0.project_id,
        c1_0.user_id 
    from
        comments c1_0 
    left join
        projects p1_0 
            on p1_0.id=c1_0.project_id 
    where
        p1_0.id=? 
    order by
        c1_0.created_at desc
2026-05-20 12:44:42.937 [http-nio-0.0.0.0-8080-exec-4] DEBUG org.hibernate.SQL - 
    select
        c1_0.id,
        c1_0.contenu,
        c1_0.created_at,
        c1_0.project_id,
        c1_0.user_id 
    from
        comments c1_0 
    left join
        projects p1_0 
            on p1_0.id=c1_0.project_id 
    where
        p1_0.id=? 
    order by
        c1_0.created_at desc
2026-05-20 12:44:42.953 [http-nio-0.0.0.0-8080-exec-6] DEBUG org.hibernate.SQL - 
    select
        c1_0.id,
        c1_0.contenu,
        c1_0.created_at,
        c1_0.project_id,
        c1_0.user_id 
    from
        comments c1_0 
    left join
        projects p1_0 
            on p1_0.id=c1_0.project_id 
    where
        p1_0.id=? 
    order by
        c1_0.created_at desc
2026-05-20 12:44:42.953 [http-nio-0.0.0.0-8080-exec-6] DEBUG org.hibernate.SQL - 
    select
        c1_0.id,
        c1_0.contenu,
        c1_0.created_at,
        c1_0.project_id,
        c1_0.user_id 
    from
        comments c1_0 
    left join
        projects p1_0 
            on p1_0.id=c1_0.project_id 
    where
        p1_0.id=? 
    order by
        c1_0.created_at desc
2026-05-20 12:44:42.954 [http-nio-0.0.0.0-8080-exec-9] DEBUG org.hibernate.SQL - 
    select
        c1_0.id,
        c1_0.contenu,
        c1_0.created_at,
        c1_0.project_id,
        c1_0.user_id 
    from
        comments c1_0 
    left join
        projects p1_0 
            on p1_0.id=c1_0.project_id 
    where
        p1_0.id=? 
    order by
        c1_0.created_at desc
2026-05-20 12:44:42.954 [http-nio-0.0.0.0-8080-exec-9] DEBUG org.hibernate.SQL - 
    select
        c1_0.id,
        c1_0.contenu,
        c1_0.created_at,
        c1_0.project_id,
        c1_0.user_id 
    from
        comments c1_0 
    left join
        projects p1_0 
            on p1_0.id=c1_0.project_id 
    where
        p1_0.id=? 
    order by
        c1_0.created_at desc
2026-05-20 12:44:42.988 [http-nio-0.0.0.0-8080-exec-9] DEBUG org.hibernate.SQL - 
    select
        p1_0.id,
        p1_0.admin_notes,
        p1_0.all_or_nothing,
        p1_0.categorie,
        p1_0.created_at,
        p1_0.start_date,
        p1_0.end_date,
        p1_0.description,
        p1_0.cover_image,
        p1_0.localisation,
        p1_0.current_amount,
        p1_0.investors_count,
        p1_0.funding_goal,
        p1_0.equity_percentage,
        p1_0.owner_id,
        p2_0.id,
        p2_0.address,
        p2_0.admin_notes,
        p2_0.avatar_url,
        p2_0.bio,
        p2_0.preferred_category,
        p2_0.created_at,
        p2_0.email,
        p2_0.google_id,
        p2_0.kyc_status,
        p2_0.password,
        p2_0.last_name,
        p2_0.first_name,
        p2_0.role,
        p2_0.status,
        p2_0.phone,
        p2_0.ville,
        p1_0.status,
        p1_0.suspension_deadline,
        p1_0.interest_rate,
        p1_0.titre,
        p1_0.funding_type 
    from
        projects p1_0 
    join
        users p2_0 
            on p2_0.id=p1_0.owner_id 
    where
        p1_0.id=?
2026-05-20 12:44:42.988 [http-nio-0.0.0.0-8080-exec-9] DEBUG org.hibernate.SQL - 
    select
        p1_0.id,
        p1_0.admin_notes,
        p1_0.all_or_nothing,
        p1_0.categorie,
        p1_0.created_at,
        p1_0.start_date,
        p1_0.end_date,
        p1_0.description,
        p1_0.cover_image,
        p1_0.localisation,
        p1_0.current_amount,
        p1_0.investors_count,
        p1_0.funding_goal,
        p1_0.equity_percentage,
        p1_0.owner_id,
        p2_0.id,
        p2_0.address,
        p2_0.admin_notes,
        p2_0.avatar_url,
        p2_0.bio,
        p2_0.preferred_category,
        p2_0.created_at,
        p2_0.email,
        p2_0.google_id,
        p2_0.kyc_status,
        p2_0.password,
        p2_0.last_name,
        p2_0.first_name,
        p2_0.role,
        p2_0.status,
        p2_0.phone,
        p2_0.ville,
        p1_0.status,
        p1_0.suspension_deadline,
        p1_0.interest_rate,
        p1_0.titre,
        p1_0.funding_type 
    from
        projects p1_0 
    join
        users p2_0 
            on p2_0.id=p1_0.owner_id 
    where
        p1_0.id=?
2026-05-20 12:44:42.989 [http-nio-0.0.0.0-8080-exec-6] DEBUG org.hibernate.SQL - 
    select
        p1_0.id,
        p1_0.admin_notes,
        p1_0.all_or_nothing,
        p1_0.categorie,
        p1_0.created_at,
        p1_0.start_date,
        p1_0.end_date,
        p1_0.description,
        p1_0.cover_image,
        p1_0.localisation,
        p1_0.current_amount,
        p1_0.investors_count,
        p1_0.funding_goal,
        p1_0.equity_percentage,
        p1_0.owner_id,
        p2_0.id,
        p2_0.address,
        p2_0.admin_notes,
        p2_0.avatar_url,
        p2_0.bio,
        p2_0.preferred_category,
        p2_0.created_at,
        p2_0.email,
        p2_0.google_id,
        p2_0.kyc_status,
        p2_0.password,
        p2_0.last_name,
        p2_0.first_name,
        p2_0.role,
        p2_0.status,
        p2_0.phone,
        p2_0.ville,
        p1_0.status,
        p1_0.suspension_deadline,
        p1_0.interest_rate,
        p1_0.titre,
        p1_0.funding_type 
    from
        projects p1_0 
    join
        users p2_0 
            on p2_0.id=p1_0.owner_id 
    where
        p1_0.id=?
2026-05-20 12:44:42.989 [http-nio-0.0.0.0-8080-exec-6] DEBUG org.hibernate.SQL - 
    select
        p1_0.id,
        p1_0.admin_notes,
        p1_0.all_or_nothing,
        p1_0.categorie,
        p1_0.created_at,
        p1_0.start_date,
        p1_0.end_date,
        p1_0.description,
        p1_0.cover_image,
        p1_0.localisation,
        p1_0.current_amount,
        p1_0.investors_count,
        p1_0.funding_goal,
        p1_0.equity_percentage,
        p1_0.owner_id,
        p2_0.id,
        p2_0.address,
        p2_0.admin_notes,
        p2_0.avatar_url,
        p2_0.bio,
        p2_0.preferred_category,
        p2_0.created_at,
        p2_0.email,
        p2_0.google_id,
        p2_0.kyc_status,
        p2_0.password,
        p2_0.last_name,
        p2_0.first_name,
        p2_0.role,
        p2_0.status,
        p2_0.phone,
        p2_0.ville,
        p1_0.status,
        p1_0.suspension_deadline,
        p1_0.interest_rate,
        p1_0.titre,
        p1_0.funding_type 
    from
        projects p1_0 
    join
        users p2_0 
            on p2_0.id=p1_0.owner_id 
    where
        p1_0.id=?
2026-05-20 12:44:43.004 [http-nio-0.0.0.0-8080-exec-6] DEBUG org.hibernate.SQL - 
    select
        u1_0.id,
        u1_0.address,
        u1_0.admin_notes,
        u1_0.avatar_url,
        u1_0.bio,
        u1_0.preferred_category,
        u1_0.created_at,
        u1_0.email,
        u1_0.google_id,
        u1_0.kyc_status,
        u1_0.password,
        u1_0.last_name,
        u1_0.first_name,
        u1_0.role,
        u1_0.status,
        u1_0.phone,
        u1_0.ville 
    from
        users u1_0 
    where
        u1_0.id=?
2026-05-20 12:44:43.004 [http-nio-0.0.0.0-8080-exec-6] DEBUG org.hibernate.SQL - 
    select
        u1_0.id,
        u1_0.address,
        u1_0.admin_notes,
        u1_0.avatar_url,
        u1_0.bio,
        u1_0.preferred_category,
        u1_0.created_at,
        u1_0.email,
        u1_0.google_id,
        u1_0.kyc_status,
        u1_0.password,
        u1_0.last_name,
        u1_0.first_name,
        u1_0.role,
        u1_0.status,
        u1_0.phone,
        u1_0.ville 
    from
        users u1_0 
    where
        u1_0.id=?
2026-05-20 12:44:43.021 [http-nio-0.0.0.0-8080-exec-9] DEBUG o.s.o.j.s.OpenEntityManagerInViewInterceptor - Closing JPA EntityManager in OpenEntityManagerInViewInterceptor
2026-05-20 12:44:43.024 [http-nio-0.0.0.0-8080-exec-4] DEBUG o.s.o.j.s.OpenEntityManagerInViewInterceptor - Closing JPA EntityManager in OpenEntityManagerInViewInterceptor
2026-05-20 12:44:43.025 [http-nio-0.0.0.0-8080-exec-6] DEBUG o.s.o.j.s.OpenEntityManagerInViewInterceptor - Closing JPA EntityManager in OpenEntityManagerInViewInterceptor
2026-05-20 12:44:43.091 [http-nio-0.0.0.0-8080-exec-1] DEBUG o.s.o.j.s.OpenEntityManagerInViewInterceptor - Opening JPA EntityManager in OpenEntityManagerInViewInterceptor
2026-05-20 12:44:43.105 [http-nio-0.0.0.0-8080-exec-10] DEBUG o.s.o.j.s.OpenEntityManagerInViewInterceptor - Opening JPA EntityManager in OpenEntityManagerInViewInterceptor
2026-05-20 12:44:43.107 [http-nio-0.0.0.0-8080-exec-2] DEBUG o.s.o.j.s.OpenEntityManagerInViewInterceptor - Opening JPA EntityManager in OpenEntityManagerInViewInterceptor
2026-05-20 12:44:43.123 [http-nio-0.0.0.0-8080-exec-1] DEBUG org.hibernate.SQL - 
    select
        count(i1_0.id) 
    from
        interactions i1_0 
    left join
        projects p1_0 
            on p1_0.id=i1_0.project_id 
    where
        p1_0.id=? 
        and i1_0.type=?
2026-05-20 12:44:43.123 [http-nio-0.0.0.0-8080-exec-1] DEBUG org.hibernate.SQL - 
    select
        count(i1_0.id) 
    from
        interactions i1_0 
    left join
        projects p1_0 
            on p1_0.id=i1_0.project_id 
    where
        p1_0.id=? 
        and i1_0.type=?
2026-05-20 12:44:43.125 [http-nio-0.0.0.0-8080-exec-10] DEBUG org.hibernate.SQL - 
    select
        count(i1_0.id) 
    from
        interactions i1_0 
    left join
        projects p1_0 
            on p1_0.id=i1_0.project_id 
    where
        p1_0.id=? 
        and i1_0.type=?
2026-05-20 12:44:43.125 [http-nio-0.0.0.0-8080-exec-10] DEBUG org.hibernate.SQL - 
    select
        count(i1_0.id) 
    from
        interactions i1_0 
    left join
        projects p1_0 
            on p1_0.id=i1_0.project_id 
    where
        p1_0.id=? 
        and i1_0.type=?
2026-05-20 12:44:43.136 [http-nio-0.0.0.0-8080-exec-2] DEBUG org.hibernate.SQL - 
    select
        count(i1_0.id) 
    from
        interactions i1_0 
    left join
        projects p1_0 
            on p1_0.id=i1_0.project_id 
    where
        p1_0.id=? 
        and i1_0.type=?
2026-05-20 12:44:43.136 [http-nio-0.0.0.0-8080-exec-2] DEBUG org.hibernate.SQL - 
    select
        count(i1_0.id) 
    from
        interactions i1_0 
    left join
        projects p1_0 
            on p1_0.id=i1_0.project_id 
    where
        p1_0.id=? 
        and i1_0.type=?
2026-05-20 12:44:43.140 [http-nio-0.0.0.0-8080-exec-1] DEBUG org.hibernate.SQL - 
    select
        count(i1_0.id) 
    from
        interactions i1_0 
    left join
        projects p1_0 
            on p1_0.id=i1_0.project_id 
    where
        p1_0.id=? 
        and i1_0.type=?
2026-05-20 12:44:43.140 [http-nio-0.0.0.0-8080-exec-1] DEBUG org.hibernate.SQL - 
    select
        count(i1_0.id) 
    from
        interactions i1_0 
    left join
        projects p1_0 
            on p1_0.id=i1_0.project_id 
    where
        p1_0.id=? 
        and i1_0.type=?
2026-05-20 12:44:43.142 [http-nio-0.0.0.0-8080-exec-10] DEBUG org.hibernate.SQL - 
    select
        count(i1_0.id) 
    from
        interactions i1_0 
    left join
        projects p1_0 
            on p1_0.id=i1_0.project_id 
    where
        p1_0.id=? 
        and i1_0.type=?
2026-05-20 12:44:43.142 [http-nio-0.0.0.0-8080-exec-10] DEBUG org.hibernate.SQL - 
    select
        count(i1_0.id) 
    from
        interactions i1_0 
    left join
        projects p1_0 
            on p1_0.id=i1_0.project_id 
    where
        p1_0.id=? 
        and i1_0.type=?
2026-05-20 12:44:43.146 [http-nio-0.0.0.0-8080-exec-2] DEBUG org.hibernate.SQL - 
    select
        count(i1_0.id) 
    from
        interactions i1_0 
    left join
        projects p1_0 
            on p1_0.id=i1_0.project_id 
    where
        p1_0.id=? 
        and i1_0.type=?
2026-05-20 12:44:43.146 [http-nio-0.0.0.0-8080-exec-2] DEBUG org.hibernate.SQL - 
    select
        count(i1_0.id) 
    from
        interactions i1_0 
    left join
        projects p1_0 
            on p1_0.id=i1_0.project_id 
    where
        p1_0.id=? 
        and i1_0.type=?
2026-05-20 12:44:43.156 [http-nio-0.0.0.0-8080-exec-2] DEBUG org.hibernate.SQL - 
    select
        c1_0.id,
        c1_0.contenu,
        c1_0.created_at,
        c1_0.project_id,
        c1_0.user_id 
    from
        comments c1_0 
    left join
        projects p1_0 
            on p1_0.id=c1_0.project_id 
    where
        p1_0.id=? 
    order by
        c1_0.created_at desc
2026-05-20 12:44:43.156 [http-nio-0.0.0.0-8080-exec-2] DEBUG org.hibernate.SQL - 
    select
        c1_0.id,
        c1_0.contenu,
        c1_0.created_at,
        c1_0.project_id,
        c1_0.user_id 
    from
        comments c1_0 
    left join
        projects p1_0 
            on p1_0.id=c1_0.project_id 
    where
        p1_0.id=? 
    order by
        c1_0.created_at desc
2026-05-20 12:44:43.156 [http-nio-0.0.0.0-8080-exec-10] DEBUG org.hibernate.SQL - 
    select
        c1_0.id,
        c1_0.contenu,
        c1_0.created_at,
        c1_0.project_id,
        c1_0.user_id 
    from
        comments c1_0 
    left join
        projects p1_0 
            on p1_0.id=c1_0.project_id 
    where
        p1_0.id=? 
    order by
        c1_0.created_at desc
2026-05-20 12:44:43.156 [http-nio-0.0.0.0-8080-exec-10] DEBUG org.hibernate.SQL - 
    select
        c1_0.id,
        c1_0.contenu,
        c1_0.created_at,
        c1_0.project_id,
        c1_0.user_id 
    from
        comments c1_0 
    left join
        projects p1_0 
            on p1_0.id=c1_0.project_id 
    where
        p1_0.id=? 
    order by
        c1_0.created_at desc
2026-05-20 12:44:43.156 [http-nio-0.0.0.0-8080-exec-1] DEBUG org.hibernate.SQL - 
    select
        c1_0.id,
        c1_0.contenu,
        c1_0.created_at,
        c1_0.project_id,
        c1_0.user_id 
    from
        comments c1_0 
    left join
        projects p1_0 
            on p1_0.id=c1_0.project_id 
    where
        p1_0.id=? 
    order by
        c1_0.created_at desc
2026-05-20 12:44:43.156 [http-nio-0.0.0.0-8080-exec-1] DEBUG org.hibernate.SQL - 
    select
        c1_0.id,
        c1_0.contenu,
        c1_0.created_at,
        c1_0.project_id,
        c1_0.user_id 
    from
        comments c1_0 
    left join
        projects p1_0 
            on p1_0.id=c1_0.project_id 
    where
        p1_0.id=? 
    order by
        c1_0.created_at desc
2026-05-20 12:44:43.167 [http-nio-0.0.0.0-8080-exec-10] DEBUG org.hibernate.SQL - 
    select
        p1_0.id,
        p1_0.admin_notes,
        p1_0.all_or_nothing,
        p1_0.categorie,
        p1_0.created_at,
        p1_0.start_date,
        p1_0.end_date,
        p1_0.description,
        p1_0.cover_image,
        p1_0.localisation,
        p1_0.current_amount,
        p1_0.investors_count,
        p1_0.funding_goal,
        p1_0.equity_percentage,
        p1_0.owner_id,
        p2_0.id,
        p2_0.address,
        p2_0.admin_notes,
        p2_0.avatar_url,
        p2_0.bio,
        p2_0.preferred_category,
        p2_0.created_at,
        p2_0.email,
        p2_0.google_id,
        p2_0.kyc_status,
        p2_0.password,
        p2_0.last_name,
        p2_0.first_name,
        p2_0.role,
        p2_0.status,
        p2_0.phone,
        p2_0.ville,
        p1_0.status,
        p1_0.suspension_deadline,
        p1_0.interest_rate,
        p1_0.titre,
        p1_0.funding_type 
    from
        projects p1_0 
    join
        users p2_0 
            on p2_0.id=p1_0.owner_id 
    where
        p1_0.id=?
2026-05-20 12:44:43.167 [http-nio-0.0.0.0-8080-exec-10] DEBUG org.hibernate.SQL - 
    select
        p1_0.id,
        p1_0.admin_notes,
        p1_0.all_or_nothing,
        p1_0.categorie,
        p1_0.created_at,
        p1_0.start_date,
        p1_0.end_date,
        p1_0.description,
        p1_0.cover_image,
        p1_0.localisation,
        p1_0.current_amount,
        p1_0.investors_count,
        p1_0.funding_goal,
        p1_0.equity_percentage,
        p1_0.owner_id,
        p2_0.id,
        p2_0.address,
        p2_0.admin_notes,
        p2_0.avatar_url,
        p2_0.bio,
        p2_0.preferred_category,
        p2_0.created_at,
        p2_0.email,
        p2_0.google_id,
        p2_0.kyc_status,
        p2_0.password,
        p2_0.last_name,
        p2_0.first_name,
        p2_0.role,
        p2_0.status,
        p2_0.phone,
        p2_0.ville,
        p1_0.status,
        p1_0.suspension_deadline,
        p1_0.interest_rate,
        p1_0.titre,
        p1_0.funding_type 
    from
        projects p1_0 
    join
        users p2_0 
            on p2_0.id=p1_0.owner_id 
    where
        p1_0.id=?
2026-05-20 12:44:43.168 [http-nio-0.0.0.0-8080-exec-2] DEBUG org.hibernate.SQL - 
    select
        p1_0.id,
        p1_0.admin_notes,
        p1_0.all_or_nothing,
        p1_0.categorie,
        p1_0.created_at,
        p1_0.start_date,
        p1_0.end_date,
        p1_0.description,
        p1_0.cover_image,
        p1_0.localisation,
        p1_0.current_amount,
        p1_0.investors_count,
        p1_0.funding_goal,
        p1_0.equity_percentage,
        p1_0.owner_id,
        p2_0.id,
        p2_0.address,
        p2_0.admin_notes,
        p2_0.avatar_url,
        p2_0.bio,
        p2_0.preferred_category,
        p2_0.created_at,
        p2_0.email,
        p2_0.google_id,
        p2_0.kyc_status,
        p2_0.password,
        p2_0.last_name,
        p2_0.first_name,
        p2_0.role,
        p2_0.status,
        p2_0.phone,
        p2_0.ville,
        p1_0.status,
        p1_0.suspension_deadline,
        p1_0.interest_rate,
        p1_0.titre,
        p1_0.funding_type 
    from
        projects p1_0 
    join
        users p2_0 
            on p2_0.id=p1_0.owner_id 
    where
        p1_0.id=?
2026-05-20 12:44:43.168 [http-nio-0.0.0.0-8080-exec-2] DEBUG org.hibernate.SQL - 
    select
        p1_0.id,
        p1_0.admin_notes,
        p1_0.all_or_nothing,
        p1_0.categorie,
        p1_0.created_at,
        p1_0.start_date,
        p1_0.end_date,
        p1_0.description,
        p1_0.cover_image,
        p1_0.localisation,
        p1_0.current_amount,
        p1_0.investors_count,
        p1_0.funding_goal,
        p1_0.equity_percentage,
        p1_0.owner_id,
        p2_0.id,
        p2_0.address,
        p2_0.admin_notes,
        p2_0.avatar_url,
        p2_0.bio,
        p2_0.preferred_category,
        p2_0.created_at,
        p2_0.email,
        p2_0.google_id,
        p2_0.kyc_status,
        p2_0.password,
        p2_0.last_name,
        p2_0.first_name,
        p2_0.role,
        p2_0.status,
        p2_0.phone,
        p2_0.ville,
        p1_0.status,
        p1_0.suspension_deadline,
        p1_0.interest_rate,
        p1_0.titre,
        p1_0.funding_type 
    from
        projects p1_0 
    join
        users p2_0 
            on p2_0.id=p1_0.owner_id 
    where
        p1_0.id=?
2026-05-20 12:44:43.176 [http-nio-0.0.0.0-8080-exec-1] DEBUG o.s.o.j.s.OpenEntityManagerInViewInterceptor - Closing JPA EntityManager in OpenEntityManagerInViewInterceptor
2026-05-20 12:44:43.176 [http-nio-0.0.0.0-8080-exec-2] DEBUG org.hibernate.SQL - 
    select
        u1_0.id,
        u1_0.address,
        u1_0.admin_notes,
        u1_0.avatar_url,
        u1_0.bio,
        u1_0.preferred_category,
        u1_0.created_at,
        u1_0.email,
        u1_0.google_id,
        u1_0.kyc_status,
        u1_0.password,
        u1_0.last_name,
        u1_0.first_name,
        u1_0.role,
        u1_0.status,
        u1_0.phone,
        u1_0.ville 
    from
        users u1_0 
    where
        u1_0.id=?
2026-05-20 12:44:43.176 [http-nio-0.0.0.0-8080-exec-2] DEBUG org.hibernate.SQL - 
    select
        u1_0.id,
        u1_0.address,
        u1_0.admin_notes,
        u1_0.avatar_url,
        u1_0.bio,
        u1_0.preferred_category,
        u1_0.created_at,
        u1_0.email,
        u1_0.google_id,
        u1_0.kyc_status,
        u1_0.password,
        u1_0.last_name,
        u1_0.first_name,
        u1_0.role,
        u1_0.status,
        u1_0.phone,
        u1_0.ville 
    from
        users u1_0 
    where
        u1_0.id=?
2026-05-20 12:44:43.203 [http-nio-0.0.0.0-8080-exec-10] DEBUG o.s.o.j.s.OpenEntityManagerInViewInterceptor - Closing JPA EntityManager in OpenEntityManagerInViewInterceptor
2026-05-20 12:44:43.203 [http-nio-0.0.0.0-8080-exec-2] DEBUG o.s.o.j.s.OpenEntityManagerInViewInterceptor - Closing JPA EntityManager in OpenEntityManagerInViewInterceptor
2026-05-20 12:44:58.115 [http-nio-0.0.0.0-8080-exec-3] DEBUG o.s.o.j.s.OpenEntityManagerInViewInterceptor - Opening JPA EntityManager in OpenEntityManagerInViewInterceptor
2026-05-20 12:44:58.117 [http-nio-0.0.0.0-8080-exec-3] DEBUG o.s.orm.jpa.JpaTransactionManager - Found thread-bound EntityManager [SessionImpl(1033037044<open>)] for JPA transaction
2026-05-20 12:44:58.120 [http-nio-0.0.0.0-8080-exec-3] DEBUG o.s.orm.jpa.JpaTransactionManager - Creating new transaction with name [org.springframework.data.jpa.repository.support.SimpleJpaRepository.findAll]: PROPAGATION_REQUIRED,ISOLATION_DEFAULT,readOnly
2026-05-20 12:44:58.123 [http-nio-0.0.0.0-8080-exec-3] DEBUG o.s.orm.jpa.JpaTransactionManager - Exposing JPA transaction as JDBC [org.springframework.orm.jpa.vendor.HibernateJpaDialect$HibernateConnectionHandle@22b53f3b]
2026-05-20 12:44:58.133 [http-nio-0.0.0.0-8080-exec-3] DEBUG org.hibernate.SQL - 
    select
        p1_0.id,
        p1_0.admin_notes,
        p1_0.all_or_nothing,
        p1_0.categorie,
        p1_0.created_at,
        p1_0.start_date,
        p1_0.end_date,
        p1_0.description,
        p1_0.cover_image,
        p1_0.localisation,
        p1_0.current_amount,
        p1_0.investors_count,
        p1_0.funding_goal,
        p1_0.equity_percentage,
        p1_0.owner_id,
        p1_0.status,
        p1_0.suspension_deadline,
        p1_0.interest_rate,
        p1_0.titre,
        p1_0.funding_type 
    from
        projects p1_0
2026-05-20 12:44:58.133 [http-nio-0.0.0.0-8080-exec-3] DEBUG org.hibernate.SQL - 
    select
        p1_0.id,
        p1_0.admin_notes,
        p1_0.all_or_nothing,
        p1_0.categorie,
        p1_0.created_at,
        p1_0.start_date,
        p1_0.end_date,
        p1_0.description,
        p1_0.cover_image,
        p1_0.localisation,
        p1_0.current_amount,
        p1_0.investors_count,
        p1_0.funding_goal,
        p1_0.equity_percentage,
        p1_0.owner_id,
        p1_0.status,
        p1_0.suspension_deadline,
        p1_0.interest_rate,
        p1_0.titre,
        p1_0.funding_type 
    from
        projects p1_0
2026-05-20 12:44:58.147 [http-nio-0.0.0.0-8080-exec-3] DEBUG org.hibernate.SQL - 
    select
        u1_0.id,
        u1_0.address,
        u1_0.admin_notes,
        u1_0.avatar_url,
        u1_0.bio,
        u1_0.preferred_category,
        u1_0.created_at,
        u1_0.email,
        u1_0.google_id,
        u1_0.kyc_status,
        u1_0.password,
        u1_0.last_name,
        u1_0.first_name,
        u1_0.role,
        u1_0.status,
        u1_0.phone,
        u1_0.ville 
    from
        users u1_0 
    where
        u1_0.id=?
2026-05-20 12:44:58.147 [http-nio-0.0.0.0-8080-exec-3] DEBUG org.hibernate.SQL - 
    select
        u1_0.id,
        u1_0.address,
        u1_0.admin_notes,
        u1_0.avatar_url,
        u1_0.bio,
        u1_0.preferred_category,
        u1_0.created_at,
        u1_0.email,
        u1_0.google_id,
        u1_0.kyc_status,
        u1_0.password,
        u1_0.last_name,
        u1_0.first_name,
        u1_0.role,
        u1_0.status,
        u1_0.phone,
        u1_0.ville 
    from
        users u1_0 
    where
        u1_0.id=?
2026-05-20 12:44:58.155 [http-nio-0.0.0.0-8080-exec-3] DEBUG o.s.orm.jpa.JpaTransactionManager - Initiating transaction commit
2026-05-20 12:44:58.156 [http-nio-0.0.0.0-8080-exec-3] DEBUG o.s.orm.jpa.JpaTransactionManager - Committing JPA transaction on EntityManager [SessionImpl(1033037044<open>)]
2026-05-20 12:44:58.166 [http-nio-0.0.0.0-8080-exec-3] DEBUG o.s.orm.jpa.JpaTransactionManager - Not closing pre-bound JPA EntityManager after transaction
2026-05-20 12:44:58.171 [http-nio-0.0.0.0-8080-exec-3] DEBUG o.s.o.j.s.OpenEntityManagerInViewInterceptor - Closing JPA EntityManager in OpenEntityManagerInViewInterceptor
2026-05-20 12:44:58.271 [http-nio-0.0.0.0-8080-exec-8] DEBUG o.s.o.j.s.OpenEntityManagerInViewInterceptor - Opening JPA EntityManager in OpenEntityManagerInViewInterceptor
2026-05-20 12:44:58.271 [http-nio-0.0.0.0-8080-exec-5] DEBUG o.s.o.j.s.OpenEntityManagerInViewInterceptor - Opening JPA EntityManager in OpenEntityManagerInViewInterceptor
2026-05-20 12:44:58.288 [http-nio-0.0.0.0-8080-exec-5] DEBUG org.hibernate.SQL - 
    select
        count(i1_0.id) 
    from
        interactions i1_0 
    left join
        projects p1_0 
            on p1_0.id=i1_0.project_id 
    where
        p1_0.id=? 
        and i1_0.type=?
2026-05-20 12:44:58.288 [http-nio-0.0.0.0-8080-exec-5] DEBUG org.hibernate.SQL - 
    select
        count(i1_0.id) 
    from
        interactions i1_0 
    left join
        projects p1_0 
            on p1_0.id=i1_0.project_id 
    where
        p1_0.id=? 
        and i1_0.type=?
2026-05-20 12:44:58.289 [http-nio-0.0.0.0-8080-exec-8] DEBUG org.hibernate.SQL - 
    select
        count(i1_0.id) 
    from
        interactions i1_0 
    left join
        projects p1_0 
            on p1_0.id=i1_0.project_id 
    where
        p1_0.id=? 
        and i1_0.type=?
2026-05-20 12:44:58.289 [http-nio-0.0.0.0-8080-exec-8] DEBUG org.hibernate.SQL - 
    select
        count(i1_0.id) 
    from
        interactions i1_0 
    left join
        projects p1_0 
            on p1_0.id=i1_0.project_id 
    where
        p1_0.id=? 
        and i1_0.type=?
2026-05-20 12:44:58.312 [http-nio-0.0.0.0-8080-exec-5] DEBUG org.hibernate.SQL - 
    select
        count(i1_0.id) 
    from
        interactions i1_0 
    left join
        projects p1_0 
            on p1_0.id=i1_0.project_id 
    where
        p1_0.id=? 
        and i1_0.type=?
2026-05-20 12:44:58.312 [http-nio-0.0.0.0-8080-exec-5] DEBUG org.hibernate.SQL - 
    select
        count(i1_0.id) 
    from
        interactions i1_0 
    left join
        projects p1_0 
            on p1_0.id=i1_0.project_id 
    where
        p1_0.id=? 
        and i1_0.type=?
2026-05-20 12:44:58.319 [http-nio-0.0.0.0-8080-exec-8] DEBUG org.hibernate.SQL - 
    select
        count(i1_0.id) 
    from
        interactions i1_0 
    left join
        projects p1_0 
            on p1_0.id=i1_0.project_id 
    where
        p1_0.id=? 
        and i1_0.type=?
2026-05-20 12:44:58.319 [http-nio-0.0.0.0-8080-exec-8] DEBUG org.hibernate.SQL - 
    select
        count(i1_0.id) 
    from
        interactions i1_0 
    left join
        projects p1_0 
            on p1_0.id=i1_0.project_id 
    where
        p1_0.id=? 
        and i1_0.type=?
2026-05-20 12:44:58.355 [http-nio-0.0.0.0-8080-exec-5] DEBUG org.hibernate.SQL - 
    select
        c1_0.id,
        c1_0.contenu,
        c1_0.created_at,
        c1_0.project_id,
        c1_0.user_id 
    from
        comments c1_0 
    left join
        projects p1_0 
            on p1_0.id=c1_0.project_id 
    where
        p1_0.id=? 
    order by
        c1_0.created_at desc
2026-05-20 12:44:58.355 [http-nio-0.0.0.0-8080-exec-5] DEBUG org.hibernate.SQL - 
    select
        c1_0.id,
        c1_0.contenu,
        c1_0.created_at,
        c1_0.project_id,
        c1_0.user_id 
    from
        comments c1_0 
    left join
        projects p1_0 
            on p1_0.id=c1_0.project_id 
    where
        p1_0.id=? 
    order by
        c1_0.created_at desc
2026-05-20 12:44:58.388 [http-nio-0.0.0.0-8080-exec-8] DEBUG org.hibernate.SQL - 
    select
        c1_0.id,
        c1_0.contenu,
        c1_0.created_at,
        c1_0.project_id,
        c1_0.user_id 
    from
        comments c1_0 
    left join
        projects p1_0 
            on p1_0.id=c1_0.project_id 
    where
        p1_0.id=? 
    order by
        c1_0.created_at desc
2026-05-20 12:44:58.388 [http-nio-0.0.0.0-8080-exec-8] DEBUG org.hibernate.SQL - 
    select
        c1_0.id,
        c1_0.contenu,
        c1_0.created_at,
        c1_0.project_id,
        c1_0.user_id 
    from
        comments c1_0 
    left join
        projects p1_0 
            on p1_0.id=c1_0.project_id 
    where
        p1_0.id=? 
    order by
        c1_0.created_at desc
2026-05-20 12:44:58.405 [http-nio-0.0.0.0-8080-exec-5] DEBUG org.hibernate.SQL - 
    select
        p1_0.id,
        p1_0.admin_notes,
        p1_0.all_or_nothing,
        p1_0.categorie,
        p1_0.created_at,
        p1_0.start_date,
        p1_0.end_date,
        p1_0.description,
        p1_0.cover_image,
        p1_0.localisation,
        p1_0.current_amount,
        p1_0.investors_count,
        p1_0.funding_goal,
        p1_0.equity_percentage,
        p1_0.owner_id,
        p2_0.id,
        p2_0.address,
        p2_0.admin_notes,
        p2_0.avatar_url,
        p2_0.bio,
        p2_0.preferred_category,
        p2_0.created_at,
        p2_0.email,
        p2_0.google_id,
        p2_0.kyc_status,
        p2_0.password,
        p2_0.last_name,
        p2_0.first_name,
        p2_0.role,
        p2_0.status,
        p2_0.phone,
        p2_0.ville,
        p1_0.status,
        p1_0.suspension_deadline,
        p1_0.interest_rate,
        p1_0.titre,
        p1_0.funding_type 
    from
        projects p1_0 
    join
        users p2_0 
            on p2_0.id=p1_0.owner_id 
    where
        p1_0.id=?
2026-05-20 12:44:58.405 [http-nio-0.0.0.0-8080-exec-5] DEBUG org.hibernate.SQL - 
    select
        p1_0.id,
        p1_0.admin_notes,
        p1_0.all_or_nothing,
        p1_0.categorie,
        p1_0.created_at,
        p1_0.start_date,
        p1_0.end_date,
        p1_0.description,
        p1_0.cover_image,
        p1_0.localisation,
        p1_0.current_amount,
        p1_0.investors_count,
        p1_0.funding_goal,
        p1_0.equity_percentage,
        p1_0.owner_id,
        p2_0.id,
        p2_0.address,
        p2_0.admin_notes,
        p2_0.avatar_url,
        p2_0.bio,
        p2_0.preferred_category,
        p2_0.created_at,
        p2_0.email,
        p2_0.google_id,
        p2_0.kyc_status,
        p2_0.password,
        p2_0.last_name,
        p2_0.first_name,
        p2_0.role,
        p2_0.status,
        p2_0.phone,
        p2_0.ville,
        p1_0.status,
        p1_0.suspension_deadline,
        p1_0.interest_rate,
        p1_0.titre,
        p1_0.funding_type 
    from
        projects p1_0 
    join
        users p2_0 
            on p2_0.id=p1_0.owner_id 
    where
        p1_0.id=?
2026-05-20 12:44:58.407 [http-nio-0.0.0.0-8080-exec-8] DEBUG org.hibernate.SQL - 
    select
        p1_0.id,
        p1_0.admin_notes,
        p1_0.all_or_nothing,
        p1_0.categorie,
        p1_0.created_at,
        p1_0.start_date,
        p1_0.end_date,
        p1_0.description,
        p1_0.cover_image,
        p1_0.localisation,
        p1_0.current_amount,
        p1_0.investors_count,
        p1_0.funding_goal,
        p1_0.equity_percentage,
        p1_0.owner_id,
        p2_0.id,
        p2_0.address,
        p2_0.admin_notes,
        p2_0.avatar_url,
        p2_0.bio,
        p2_0.preferred_category,
        p2_0.created_at,
        p2_0.email,
        p2_0.google_id,
        p2_0.kyc_status,
        p2_0.password,
        p2_0.last_name,
        p2_0.first_name,
        p2_0.role,
        p2_0.status,
        p2_0.phone,
        p2_0.ville,
        p1_0.status,
        p1_0.suspension_deadline,
        p1_0.interest_rate,
        p1_0.titre,
        p1_0.funding_type 
    from
        projects p1_0 
    join
        users p2_0 
            on p2_0.id=p1_0.owner_id 
    where
        p1_0.id=?
2026-05-20 12:44:58.407 [http-nio-0.0.0.0-8080-exec-8] DEBUG org.hibernate.SQL - 
    select
        p1_0.id,
        p1_0.admin_notes,
        p1_0.all_or_nothing,
        p1_0.categorie,
        p1_0.created_at,
        p1_0.start_date,
        p1_0.end_date,
        p1_0.description,
        p1_0.cover_image,
        p1_0.localisation,
        p1_0.current_amount,
        p1_0.investors_count,
        p1_0.funding_goal,
        p1_0.equity_percentage,
        p1_0.owner_id,
        p2_0.id,
        p2_0.address,
        p2_0.admin_notes,
        p2_0.avatar_url,
        p2_0.bio,
        p2_0.preferred_category,
        p2_0.created_at,
        p2_0.email,
        p2_0.google_id,
        p2_0.kyc_status,
        p2_0.password,
        p2_0.last_name,
        p2_0.first_name,
        p2_0.role,
        p2_0.status,
        p2_0.phone,
        p2_0.ville,
        p1_0.status,
        p1_0.suspension_deadline,
        p1_0.interest_rate,
        p1_0.titre,
        p1_0.funding_type 
    from
        projects p1_0 
    join
        users p2_0 
            on p2_0.id=p1_0.owner_id 
    where
        p1_0.id=?
2026-05-20 12:44:58.425 [http-nio-0.0.0.0-8080-exec-5] DEBUG org.hibernate.SQL - 
    select
        u1_0.id,
        u1_0.address,
        u1_0.admin_notes,
        u1_0.avatar_url,
        u1_0.bio,
        u1_0.preferred_category,
        u1_0.created_at,
        u1_0.email,
        u1_0.google_id,
        u1_0.kyc_status,
        u1_0.password,
        u1_0.last_name,
        u1_0.first_name,
        u1_0.role,
        u1_0.status,
        u1_0.phone,
        u1_0.ville 
    from
        users u1_0 
    where
        u1_0.id=?
2026-05-20 12:44:58.425 [http-nio-0.0.0.0-8080-exec-5] DEBUG org.hibernate.SQL - 
    select
        u1_0.id,
        u1_0.address,
        u1_0.admin_notes,
        u1_0.avatar_url,
        u1_0.bio,
        u1_0.preferred_category,
        u1_0.created_at,
        u1_0.email,
        u1_0.google_id,
        u1_0.kyc_status,
        u1_0.password,
        u1_0.last_name,
        u1_0.first_name,
        u1_0.role,
        u1_0.status,
        u1_0.phone,
        u1_0.ville 
    from
        users u1_0 
    where
        u1_0.id=?
2026-05-20 12:44:58.456 [http-nio-0.0.0.0-8080-exec-8] DEBUG o.s.o.j.s.OpenEntityManagerInViewInterceptor - Closing JPA EntityManager in OpenEntityManagerInViewInterceptor
2026-05-20 12:44:58.465 [http-nio-0.0.0.0-8080-exec-5] DEBUG o.s.o.j.s.OpenEntityManagerInViewInterceptor - Closing JPA EntityManager in OpenEntityManagerInViewInterceptor
2026-05-20 12:44:58.555 [http-nio-0.0.0.0-8080-exec-7] DEBUG o.s.o.j.s.OpenEntityManagerInViewInterceptor - Opening JPA EntityManager in OpenEntityManagerInViewInterceptor
2026-05-20 12:44:58.555 [http-nio-0.0.0.0-8080-exec-4] DEBUG o.s.o.j.s.OpenEntityManagerInViewInterceptor - Opening JPA EntityManager in OpenEntityManagerInViewInterceptor
2026-05-20 12:44:58.573 [http-nio-0.0.0.0-8080-exec-4] DEBUG org.hibernate.SQL - 
    select
        count(i1_0.id) 
    from
        interactions i1_0 
    left join
        projects p1_0 
            on p1_0.id=i1_0.project_id 
    where
        p1_0.id=? 
        and i1_0.type=?
2026-05-20 12:44:58.573 [http-nio-0.0.0.0-8080-exec-4] DEBUG org.hibernate.SQL - 
    select
        count(i1_0.id) 
    from
        interactions i1_0 
    left join
        projects p1_0 
            on p1_0.id=i1_0.project_id 
    where
        p1_0.id=? 
        and i1_0.type=?
2026-05-20 12:44:58.587 [http-nio-0.0.0.0-8080-exec-7] DEBUG org.hibernate.SQL - 
    select
        count(i1_0.id) 
    from
        interactions i1_0 
    left join
        projects p1_0 
            on p1_0.id=i1_0.project_id 
    where
        p1_0.id=? 
        and i1_0.type=?
2026-05-20 12:44:58.587 [http-nio-0.0.0.0-8080-exec-7] DEBUG org.hibernate.SQL - 
    select
        count(i1_0.id) 
    from
        interactions i1_0 
    left join
        projects p1_0 
            on p1_0.id=i1_0.project_id 
    where
        p1_0.id=? 
        and i1_0.type=?
2026-05-20 12:44:58.587 [http-nio-0.0.0.0-8080-exec-4] DEBUG org.hibernate.SQL - 
    select
        count(i1_0.id) 
    from
        interactions i1_0 
    left join
        projects p1_0 
            on p1_0.id=i1_0.project_id 
    where
        p1_0.id=? 
        and i1_0.type=?
2026-05-20 12:44:58.587 [http-nio-0.0.0.0-8080-exec-4] DEBUG org.hibernate.SQL - 
    select
        count(i1_0.id) 
    from
        interactions i1_0 
    left join
        projects p1_0 
            on p1_0.id=i1_0.project_id 
    where
        p1_0.id=? 
        and i1_0.type=?
2026-05-20 12:44:58.603 [http-nio-0.0.0.0-8080-exec-7] DEBUG org.hibernate.SQL - 
    select
        count(i1_0.id) 
    from
        interactions i1_0 
    left join
        projects p1_0 
            on p1_0.id=i1_0.project_id 
    where
        p1_0.id=? 
        and i1_0.type=?
2026-05-20 12:44:58.603 [http-nio-0.0.0.0-8080-exec-7] DEBUG org.hibernate.SQL - 
    select
        count(i1_0.id) 
    from
        interactions i1_0 
    left join
        projects p1_0 
            on p1_0.id=i1_0.project_id 
    where
        p1_0.id=? 
        and i1_0.type=?
2026-05-20 12:44:58.603 [http-nio-0.0.0.0-8080-exec-4] DEBUG org.hibernate.SQL - 
    select
        c1_0.id,
        c1_0.contenu,
        c1_0.created_at,
        c1_0.project_id,
        c1_0.user_id 
    from
        comments c1_0 
    left join
        projects p1_0 
            on p1_0.id=c1_0.project_id 
    where
        p1_0.id=? 
    order by
        c1_0.created_at desc
2026-05-20 12:44:58.603 [http-nio-0.0.0.0-8080-exec-4] DEBUG org.hibernate.SQL - 
    select
        c1_0.id,
        c1_0.contenu,
        c1_0.created_at,
        c1_0.project_id,
        c1_0.user_id 
    from
        comments c1_0 
    left join
        projects p1_0 
            on p1_0.id=c1_0.project_id 
    where
        p1_0.id=? 
    order by
        c1_0.created_at desc
2026-05-20 12:44:58.606 [http-nio-0.0.0.0-8080-exec-4] DEBUG org.hibernate.SQL - 
    select
        p1_0.id,
        p1_0.admin_notes,
        p1_0.all_or_nothing,
        p1_0.categorie,
        p1_0.created_at,
        p1_0.start_date,
        p1_0.end_date,
        p1_0.description,
        p1_0.cover_image,
        p1_0.localisation,
        p1_0.current_amount,
        p1_0.investors_count,
        p1_0.funding_goal,
        p1_0.equity_percentage,
        p1_0.owner_id,
        p2_0.id,
        p2_0.address,
        p2_0.admin_notes,
        p2_0.avatar_url,
        p2_0.bio,
        p2_0.preferred_category,
        p2_0.created_at,
        p2_0.email,
        p2_0.google_id,
        p2_0.kyc_status,
        p2_0.password,
        p2_0.last_name,
        p2_0.first_name,
        p2_0.role,
        p2_0.status,
        p2_0.phone,
        p2_0.ville,
        p1_0.status,
        p1_0.suspension_deadline,
        p1_0.interest_rate,
        p1_0.titre,
        p1_0.funding_type 
    from
        projects p1_0 
    join
        users p2_0 
            on p2_0.id=p1_0.owner_id 
    where
        p1_0.id=?
2026-05-20 12:44:58.606 [http-nio-0.0.0.0-8080-exec-4] DEBUG org.hibernate.SQL - 
    select
        p1_0.id,
        p1_0.admin_notes,
        p1_0.all_or_nothing,
        p1_0.categorie,
        p1_0.created_at,
        p1_0.start_date,
        p1_0.end_date,
        p1_0.description,
        p1_0.cover_image,
        p1_0.localisation,
        p1_0.current_amount,
        p1_0.investors_count,
        p1_0.funding_goal,
        p1_0.equity_percentage,
        p1_0.owner_id,
        p2_0.id,
        p2_0.address,
        p2_0.admin_notes,
        p2_0.avatar_url,
        p2_0.bio,
        p2_0.preferred_category,
        p2_0.created_at,
        p2_0.email,
        p2_0.google_id,
        p2_0.kyc_status,
        p2_0.password,
        p2_0.last_name,
        p2_0.first_name,
        p2_0.role,
        p2_0.status,
        p2_0.phone,
        p2_0.ville,
        p1_0.status,
        p1_0.suspension_deadline,
        p1_0.interest_rate,
        p1_0.titre,
        p1_0.funding_type 
    from
        projects p1_0 
    join
        users p2_0 
            on p2_0.id=p1_0.owner_id 
    where
        p1_0.id=?
2026-05-20 12:44:58.616 [http-nio-0.0.0.0-8080-exec-7] DEBUG org.hibernate.SQL - 
    select
        c1_0.id,
        c1_0.contenu,
        c1_0.created_at,
        c1_0.project_id,
        c1_0.user_id 
    from
        comments c1_0 
    left join
        projects p1_0 
            on p1_0.id=c1_0.project_id 
    where
        p1_0.id=? 
    order by
        c1_0.created_at desc
2026-05-20 12:44:58.616 [http-nio-0.0.0.0-8080-exec-7] DEBUG org.hibernate.SQL - 
    select
        c1_0.id,
        c1_0.contenu,
        c1_0.created_at,
        c1_0.project_id,
        c1_0.user_id 
    from
        comments c1_0 
    left join
        projects p1_0 
            on p1_0.id=c1_0.project_id 
    where
        p1_0.id=? 
    order by
        c1_0.created_at desc
2026-05-20 12:44:58.620 [http-nio-0.0.0.0-8080-exec-4] DEBUG org.hibernate.SQL - 
    select
        u1_0.id,
        u1_0.address,
        u1_0.admin_notes,
        u1_0.avatar_url,
        u1_0.bio,
        u1_0.preferred_category,
        u1_0.created_at,
        u1_0.email,
        u1_0.google_id,
        u1_0.kyc_status,
        u1_0.password,
        u1_0.last_name,
        u1_0.first_name,
        u1_0.role,
        u1_0.status,
        u1_0.phone,
        u1_0.ville 
    from
        users u1_0 
    where
        u1_0.id=?
2026-05-20 12:44:58.620 [http-nio-0.0.0.0-8080-exec-4] DEBUG org.hibernate.SQL - 
    select
        u1_0.id,
        u1_0.address,
        u1_0.admin_notes,
        u1_0.avatar_url,
        u1_0.bio,
        u1_0.preferred_category,
        u1_0.created_at,
        u1_0.email,
        u1_0.google_id,
        u1_0.kyc_status,
        u1_0.password,
        u1_0.last_name,
        u1_0.first_name,
        u1_0.role,
        u1_0.status,
        u1_0.phone,
        u1_0.ville 
    from
        users u1_0 
    where
        u1_0.id=?
2026-05-20 12:44:58.623 [http-nio-0.0.0.0-8080-exec-7] DEBUG org.hibernate.SQL - 
    select
        p1_0.id,
        p1_0.admin_notes,
        p1_0.all_or_nothing,
        p1_0.categorie,
        p1_0.created_at,
        p1_0.start_date,
        p1_0.end_date,
        p1_0.description,
        p1_0.cover_image,
        p1_0.localisation,
        p1_0.current_amount,
        p1_0.investors_count,
        p1_0.funding_goal,
        p1_0.equity_percentage,
        p1_0.owner_id,
        p2_0.id,
        p2_0.address,
        p2_0.admin_notes,
        p2_0.avatar_url,
        p2_0.bio,
        p2_0.preferred_category,
        p2_0.created_at,
        p2_0.email,
        p2_0.google_id,
        p2_0.kyc_status,
        p2_0.password,
        p2_0.last_name,
        p2_0.first_name,
        p2_0.role,
        p2_0.status,
        p2_0.phone,
        p2_0.ville,
        p1_0.status,
        p1_0.suspension_deadline,
        p1_0.interest_rate,
        p1_0.titre,
        p1_0.funding_type 
    from
        projects p1_0 
    join
        users p2_0 
            on p2_0.id=p1_0.owner_id 
    where
        p1_0.id=?
2026-05-20 12:44:58.623 [http-nio-0.0.0.0-8080-exec-7] DEBUG org.hibernate.SQL - 
    select
        p1_0.id,
        p1_0.admin_notes,
        p1_0.all_or_nothing,
        p1_0.categorie,
        p1_0.created_at,
        p1_0.start_date,
        p1_0.end_date,
        p1_0.description,
        p1_0.cover_image,
        p1_0.localisation,
        p1_0.current_amount,
        p1_0.investors_count,
        p1_0.funding_goal,
        p1_0.equity_percentage,
        p1_0.owner_id,
        p2_0.id,
        p2_0.address,
        p2_0.admin_notes,
        p2_0.avatar_url,
        p2_0.bio,
        p2_0.preferred_category,
        p2_0.created_at,
        p2_0.email,
        p2_0.google_id,
        p2_0.kyc_status,
        p2_0.password,
        p2_0.last_name,
        p2_0.first_name,
        p2_0.role,
        p2_0.status,
        p2_0.phone,
        p2_0.ville,
        p1_0.status,
        p1_0.suspension_deadline,
        p1_0.interest_rate,
        p1_0.titre,
        p1_0.funding_type 
    from
        projects p1_0 
    join
        users p2_0 
            on p2_0.id=p1_0.owner_id 
    where
        p1_0.id=?
2026-05-20 12:44:58.639 [http-nio-0.0.0.0-8080-exec-4] DEBUG o.s.o.j.s.OpenEntityManagerInViewInterceptor - Closing JPA EntityManager in OpenEntityManagerInViewInterceptor
2026-05-20 12:44:58.655 [http-nio-0.0.0.0-8080-exec-7] DEBUG o.s.o.j.s.OpenEntityManagerInViewInterceptor - Closing JPA EntityManager in OpenEntityManagerInViewInterceptor
2026-05-20 12:44:59.186 [http-nio-0.0.0.0-8080-exec-9] DEBUG o.s.o.j.s.OpenEntityManagerInViewInterceptor - Opening JPA EntityManager in OpenEntityManagerInViewInterceptor
2026-05-20 12:44:59.190 [http-nio-0.0.0.0-8080-exec-9] DEBUG o.s.orm.jpa.JpaTransactionManager - Found thread-bound EntityManager [SessionImpl(493556493<open>)] for JPA transaction
2026-05-20 12:44:59.191 [http-nio-0.0.0.0-8080-exec-9] DEBUG o.s.orm.jpa.JpaTransactionManager - Creating new transaction with name [org.springframework.data.jpa.repository.support.SimpleJpaRepository.findAll]: PROPAGATION_REQUIRED,ISOLATION_DEFAULT,readOnly
2026-05-20 12:44:59.199 [http-nio-0.0.0.0-8080-exec-9] DEBUG o.s.orm.jpa.JpaTransactionManager - Exposing JPA transaction as JDBC [org.springframework.orm.jpa.vendor.HibernateJpaDialect$HibernateConnectionHandle@4eccee05]
2026-05-20 12:44:59.202 [http-nio-0.0.0.0-8080-exec-9] DEBUG org.hibernate.SQL - 
    select
        p1_0.id,
        p1_0.admin_notes,
        p1_0.all_or_nothing,
        p1_0.categorie,
        p1_0.created_at,
        p1_0.start_date,
        p1_0.end_date,
        p1_0.description,
        p1_0.cover_image,
        p1_0.localisation,
        p1_0.current_amount,
        p1_0.investors_count,
        p1_0.funding_goal,
        p1_0.equity_percentage,
        p1_0.owner_id,
        p1_0.status,
        p1_0.suspension_deadline,
        p1_0.interest_rate,
        p1_0.titre,
        p1_0.funding_type 
    from
        projects p1_0
2026-05-20 12:44:59.202 [http-nio-0.0.0.0-8080-exec-9] DEBUG org.hibernate.SQL - 
    select
        p1_0.id,
        p1_0.admin_notes,
        p1_0.all_or_nothing,
        p1_0.categorie,
        p1_0.created_at,
        p1_0.start_date,
        p1_0.end_date,
        p1_0.description,
        p1_0.cover_image,
        p1_0.localisation,
        p1_0.current_amount,
        p1_0.investors_count,
        p1_0.funding_goal,
        p1_0.equity_percentage,
        p1_0.owner_id,
        p1_0.status,
        p1_0.suspension_deadline,
        p1_0.interest_rate,
        p1_0.titre,
        p1_0.funding_type 
    from
        projects p1_0
2026-05-20 12:44:59.205 [http-nio-0.0.0.0-8080-exec-9] DEBUG org.hibernate.SQL - 
    select
        u1_0.id,
        u1_0.address,
        u1_0.admin_notes,
        u1_0.avatar_url,
        u1_0.bio,
        u1_0.preferred_category,
        u1_0.created_at,
        u1_0.email,
        u1_0.google_id,
        u1_0.kyc_status,
        u1_0.password,
        u1_0.last_name,
        u1_0.first_name,
        u1_0.role,
        u1_0.status,
        u1_0.phone,
        u1_0.ville 
    from
        users u1_0 
    where
        u1_0.id=?
2026-05-20 12:44:59.205 [http-nio-0.0.0.0-8080-exec-9] DEBUG org.hibernate.SQL - 
    select
        u1_0.id,
        u1_0.address,
        u1_0.admin_notes,
        u1_0.avatar_url,
        u1_0.bio,
        u1_0.preferred_category,
        u1_0.created_at,
        u1_0.email,
        u1_0.google_id,
        u1_0.kyc_status,
        u1_0.password,
        u1_0.last_name,
        u1_0.first_name,
        u1_0.role,
        u1_0.status,
        u1_0.phone,
        u1_0.ville 
    from
        users u1_0 
    where
        u1_0.id=?
2026-05-20 12:44:59.219 [http-nio-0.0.0.0-8080-exec-9] DEBUG o.s.orm.jpa.JpaTransactionManager - Initiating transaction commit
2026-05-20 12:44:59.220 [http-nio-0.0.0.0-8080-exec-9] DEBUG o.s.orm.jpa.JpaTransactionManager - Committing JPA transaction on EntityManager [SessionImpl(493556493<open>)]
2026-05-20 12:44:59.223 [http-nio-0.0.0.0-8080-exec-9] DEBUG o.s.orm.jpa.JpaTransactionManager - Not closing pre-bound JPA EntityManager after transaction
2026-05-20 12:44:59.235 [http-nio-0.0.0.0-8080-exec-9] DEBUG o.s.o.j.s.OpenEntityManagerInViewInterceptor - Closing JPA EntityManager in OpenEntityManagerInViewInterceptor
2026-05-20 12:45:02.601 [http-nio-0.0.0.0-8080-exec-6] DEBUG o.s.o.j.s.OpenEntityManagerInViewInterceptor - Opening JPA EntityManager in OpenEntityManagerInViewInterceptor
2026-05-20 12:45:02.602 [http-nio-0.0.0.0-8080-exec-6] DEBUG o.s.orm.jpa.JpaTransactionManager - Found thread-bound EntityManager [SessionImpl(1941138551<open>)] for JPA transaction
2026-05-20 12:45:02.603 [http-nio-0.0.0.0-8080-exec-6] DEBUG o.s.orm.jpa.JpaTransactionManager - Creating new transaction with name [org.springframework.data.jpa.repository.support.SimpleJpaRepository.findAll]: PROPAGATION_REQUIRED,ISOLATION_DEFAULT,readOnly
2026-05-20 12:45:02.605 [http-nio-0.0.0.0-8080-exec-6] DEBUG o.s.orm.jpa.JpaTransactionManager - Exposing JPA transaction as JDBC [org.springframework.orm.jpa.vendor.HibernateJpaDialect$HibernateConnectionHandle@2afc7689]
2026-05-20 12:45:02.612 [http-nio-0.0.0.0-8080-exec-6] DEBUG org.hibernate.SQL - 
    select
        p1_0.id,
        p1_0.admin_notes,
        p1_0.all_or_nothing,
        p1_0.categorie,
        p1_0.created_at,
        p1_0.start_date,
        p1_0.end_date,
        p1_0.description,
        p1_0.cover_image,
        p1_0.localisation,
        p1_0.current_amount,
        p1_0.investors_count,
        p1_0.funding_goal,
        p1_0.equity_percentage,
        p1_0.owner_id,
        p1_0.status,
        p1_0.suspension_deadline,
        p1_0.interest_rate,
        p1_0.titre,
        p1_0.funding_type 
    from
        projects p1_0
2026-05-20 12:45:02.612 [http-nio-0.0.0.0-8080-exec-6] DEBUG org.hibernate.SQL - 
    select
        p1_0.id,
        p1_0.admin_notes,
        p1_0.all_or_nothing,
        p1_0.categorie,
        p1_0.created_at,
        p1_0.start_date,
        p1_0.end_date,
        p1_0.description,
        p1_0.cover_image,
        p1_0.localisation,
        p1_0.current_amount,
        p1_0.investors_count,
        p1_0.funding_goal,
        p1_0.equity_percentage,
        p1_0.owner_id,
        p1_0.status,
        p1_0.suspension_deadline,
        p1_0.interest_rate,
        p1_0.titre,
        p1_0.funding_type 
    from
        projects p1_0
2026-05-20 12:45:02.616 [http-nio-0.0.0.0-8080-exec-6] DEBUG org.hibernate.SQL - 
    select
        u1_0.id,
        u1_0.address,
        u1_0.admin_notes,
        u1_0.avatar_url,
        u1_0.bio,
        u1_0.preferred_category,
        u1_0.created_at,
        u1_0.email,
        u1_0.google_id,
        u1_0.kyc_status,
        u1_0.password,
        u1_0.last_name,
        u1_0.first_name,
        u1_0.role,
        u1_0.status,
        u1_0.phone,
        u1_0.ville 
    from
        users u1_0 
    where
        u1_0.id=?
2026-05-20 12:45:02.616 [http-nio-0.0.0.0-8080-exec-6] DEBUG org.hibernate.SQL - 
    select
        u1_0.id,
        u1_0.address,
        u1_0.admin_notes,
        u1_0.avatar_url,
        u1_0.bio,
        u1_0.preferred_category,
        u1_0.created_at,
        u1_0.email,
        u1_0.google_id,
        u1_0.kyc_status,
        u1_0.password,
        u1_0.last_name,
        u1_0.first_name,
        u1_0.role,
        u1_0.status,
        u1_0.phone,
        u1_0.ville 
    from
        users u1_0 
    where
        u1_0.id=?
2026-05-20 12:45:02.621 [http-nio-0.0.0.0-8080-exec-6] DEBUG o.s.orm.jpa.JpaTransactionManager - Initiating transaction commit
2026-05-20 12:45:02.621 [http-nio-0.0.0.0-8080-exec-6] DEBUG o.s.orm.jpa.JpaTransactionManager - Committing JPA transaction on EntityManager [SessionImpl(1941138551<open>)]
2026-05-20 12:45:02.627 [http-nio-0.0.0.0-8080-exec-6] DEBUG o.s.orm.jpa.JpaTransactionManager - Not closing pre-bound JPA EntityManager after transaction
2026-05-20 12:45:02.634 [http-nio-0.0.0.0-8080-exec-6] DEBUG o.s.o.j.s.OpenEntityManagerInViewInterceptor - Closing JPA EntityManager in OpenEntityManagerInViewInterceptor
2026-05-20 12:45:04.073 [http-nio-0.0.0.0-8080-exec-1] DEBUG o.s.o.j.s.OpenEntityManagerInViewInterceptor - Opening JPA EntityManager in OpenEntityManagerInViewInterceptor
2026-05-20 12:45:04.078 [http-nio-0.0.0.0-8080-exec-1] DEBUG org.hibernate.SQL - 
    select
        count(i1_0.id) 
    from
        interactions i1_0 
    left join
        projects p1_0 
            on p1_0.id=i1_0.project_id 
    where
        p1_0.id=? 
        and i1_0.type=?
2026-05-20 12:45:04.078 [http-nio-0.0.0.0-8080-exec-1] DEBUG org.hibernate.SQL - 
    select
        count(i1_0.id) 
    from
        interactions i1_0 
    left join
        projects p1_0 
            on p1_0.id=i1_0.project_id 
    where
        p1_0.id=? 
        and i1_0.type=?
2026-05-20 12:45:04.083 [http-nio-0.0.0.0-8080-exec-1] DEBUG org.hibernate.SQL - 
    select
        count(i1_0.id) 
    from
        interactions i1_0 
    left join
        projects p1_0 
            on p1_0.id=i1_0.project_id 
    where
        p1_0.id=? 
        and i1_0.type=?
2026-05-20 12:45:04.083 [http-nio-0.0.0.0-8080-exec-1] DEBUG org.hibernate.SQL - 
    select
        count(i1_0.id) 
    from
        interactions i1_0 
    left join
        projects p1_0 
            on p1_0.id=i1_0.project_id 
    where
        p1_0.id=? 
        and i1_0.type=?
2026-05-20 12:45:04.088 [http-nio-0.0.0.0-8080-exec-1] DEBUG org.hibernate.SQL - 
    select
        c1_0.id,
        c1_0.contenu,
        c1_0.created_at,
        c1_0.project_id,
        c1_0.user_id 
    from
        comments c1_0 
    left join
        projects p1_0 
            on p1_0.id=c1_0.project_id 
    where
        p1_0.id=? 
    order by
        c1_0.created_at desc
2026-05-20 12:45:04.088 [http-nio-0.0.0.0-8080-exec-1] DEBUG org.hibernate.SQL - 
    select
        c1_0.id,
        c1_0.contenu,
        c1_0.created_at,
        c1_0.project_id,
        c1_0.user_id 
    from
        comments c1_0 
    left join
        projects p1_0 
            on p1_0.id=c1_0.project_id 
    where
        p1_0.id=? 
    order by
        c1_0.created_at desc
2026-05-20 12:45:04.093 [http-nio-0.0.0.0-8080-exec-1] DEBUG o.s.o.j.s.OpenEntityManagerInViewInterceptor - Closing JPA EntityManager in OpenEntityManagerInViewInterceptor
2026-05-20 12:45:04.921 [http-nio-0.0.0.0-8080-exec-10] DEBUG o.s.o.j.s.OpenEntityManagerInViewInterceptor - Opening JPA EntityManager in OpenEntityManagerInViewInterceptor
2026-05-20 12:45:04.922 [http-nio-0.0.0.0-8080-exec-2] DEBUG o.s.o.j.s.OpenEntityManagerInViewInterceptor - Opening JPA EntityManager in OpenEntityManagerInViewInterceptor
2026-05-20 12:45:04.928 [http-nio-0.0.0.0-8080-exec-10] DEBUG o.s.orm.jpa.JpaTransactionManager - Found thread-bound EntityManager [SessionImpl(136142334<open>)] for JPA transaction
2026-05-20 12:45:04.930 [http-nio-0.0.0.0-8080-exec-10] DEBUG o.s.orm.jpa.JpaTransactionManager - Creating new transaction with name [org.springframework.data.jpa.repository.support.SimpleJpaRepository.findAll]: PROPAGATION_REQUIRED,ISOLATION_DEFAULT,readOnly
2026-05-20 12:45:04.932 [http-nio-0.0.0.0-8080-exec-10] DEBUG o.s.orm.jpa.JpaTransactionManager - Exposing JPA transaction as JDBC [org.springframework.orm.jpa.vendor.HibernateJpaDialect$HibernateConnectionHandle@294e9d88]
2026-05-20 12:45:04.933 [http-nio-0.0.0.0-8080-exec-2] DEBUG org.hibernate.SQL - 
    select
        count(i1_0.id) 
    from
        interactions i1_0 
    left join
        projects p1_0 
            on p1_0.id=i1_0.project_id 
    where
        p1_0.id=? 
        and i1_0.type=?
2026-05-20 12:45:04.933 [http-nio-0.0.0.0-8080-exec-2] DEBUG org.hibernate.SQL - 
    select
        count(i1_0.id) 
    from
        interactions i1_0 
    left join
        projects p1_0 
            on p1_0.id=i1_0.project_id 
    where
        p1_0.id=? 
        and i1_0.type=?
2026-05-20 12:45:04.935 [http-nio-0.0.0.0-8080-exec-10] DEBUG org.hibernate.SQL - 
    select
        p1_0.id,
        p1_0.admin_notes,
        p1_0.all_or_nothing,
        p1_0.categorie,
        p1_0.created_at,
        p1_0.start_date,
        p1_0.end_date,
        p1_0.description,
        p1_0.cover_image,
        p1_0.localisation,
        p1_0.current_amount,
        p1_0.investors_count,
        p1_0.funding_goal,
        p1_0.equity_percentage,
        p1_0.owner_id,
        p1_0.status,
        p1_0.suspension_deadline,
        p1_0.interest_rate,
        p1_0.titre,
        p1_0.funding_type 
    from
        projects p1_0
2026-05-20 12:45:04.935 [http-nio-0.0.0.0-8080-exec-10] DEBUG org.hibernate.SQL - 
    select
        p1_0.id,
        p1_0.admin_notes,
        p1_0.all_or_nothing,
        p1_0.categorie,
        p1_0.created_at,
        p1_0.start_date,
        p1_0.end_date,
        p1_0.description,
        p1_0.cover_image,
        p1_0.localisation,
        p1_0.current_amount,
        p1_0.investors_count,
        p1_0.funding_goal,
        p1_0.equity_percentage,
        p1_0.owner_id,
        p1_0.status,
        p1_0.suspension_deadline,
        p1_0.interest_rate,
        p1_0.titre,
        p1_0.funding_type 
    from
        projects p1_0
2026-05-20 12:45:04.944 [http-nio-0.0.0.0-8080-exec-10] DEBUG org.hibernate.SQL - 
    select
        u1_0.id,
        u1_0.address,
        u1_0.admin_notes,
        u1_0.avatar_url,
        u1_0.bio,
        u1_0.preferred_category,
        u1_0.created_at,
        u1_0.email,
        u1_0.google_id,
        u1_0.kyc_status,
        u1_0.password,
        u1_0.last_name,
        u1_0.first_name,
        u1_0.role,
        u1_0.status,
        u1_0.phone,
        u1_0.ville 
    from
        users u1_0 
    where
        u1_0.id=?
2026-05-20 12:45:04.944 [http-nio-0.0.0.0-8080-exec-10] DEBUG org.hibernate.SQL - 
    select
        u1_0.id,
        u1_0.address,
        u1_0.admin_notes,
        u1_0.avatar_url,
        u1_0.bio,
        u1_0.preferred_category,
        u1_0.created_at,
        u1_0.email,
        u1_0.google_id,
        u1_0.kyc_status,
        u1_0.password,
        u1_0.last_name,
        u1_0.first_name,
        u1_0.role,
        u1_0.status,
        u1_0.phone,
        u1_0.ville 
    from
        users u1_0 
    where
        u1_0.id=?
2026-05-20 12:45:04.948 [http-nio-0.0.0.0-8080-exec-2] DEBUG org.hibernate.SQL - 
    select
        count(i1_0.id) 
    from
        interactions i1_0 
    left join
        projects p1_0 
            on p1_0.id=i1_0.project_id 
    where
        p1_0.id=? 
        and i1_0.type=?
2026-05-20 12:45:04.948 [http-nio-0.0.0.0-8080-exec-2] DEBUG org.hibernate.SQL - 
    select
        count(i1_0.id) 
    from
        interactions i1_0 
    left join
        projects p1_0 
            on p1_0.id=i1_0.project_id 
    where
        p1_0.id=? 
        and i1_0.type=?
2026-05-20 12:45:04.952 [http-nio-0.0.0.0-8080-exec-10] DEBUG o.s.orm.jpa.JpaTransactionManager - Initiating transaction commit
2026-05-20 12:45:04.952 [http-nio-0.0.0.0-8080-exec-10] DEBUG o.s.orm.jpa.JpaTransactionManager - Committing JPA transaction on EntityManager [SessionImpl(136142334<open>)]
2026-05-20 12:45:04.954 [http-nio-0.0.0.0-8080-exec-2] DEBUG org.hibernate.SQL - 
    select
        c1_0.id,
        c1_0.contenu,
        c1_0.created_at,
        c1_0.project_id,
        c1_0.user_id 
    from
        comments c1_0 
    left join
        projects p1_0 
            on p1_0.id=c1_0.project_id 
    where
        p1_0.id=? 
    order by
        c1_0.created_at desc
2026-05-20 12:45:04.954 [http-nio-0.0.0.0-8080-exec-2] DEBUG org.hibernate.SQL - 
    select
        c1_0.id,
        c1_0.contenu,
        c1_0.created_at,
        c1_0.project_id,
        c1_0.user_id 
    from
        comments c1_0 
    left join
        projects p1_0 
            on p1_0.id=c1_0.project_id 
    where
        p1_0.id=? 
    order by
        c1_0.created_at desc
2026-05-20 12:45:04.954 [http-nio-0.0.0.0-8080-exec-10] DEBUG o.s.orm.jpa.JpaTransactionManager - Not closing pre-bound JPA EntityManager after transaction
2026-05-20 12:45:04.966 [http-nio-0.0.0.0-8080-exec-2] DEBUG o.s.o.j.s.OpenEntityManagerInViewInterceptor - Closing JPA EntityManager in OpenEntityManagerInViewInterceptor
2026-05-20 12:45:04.970 [http-nio-0.0.0.0-8080-exec-10] DEBUG o.s.o.j.s.OpenEntityManagerInViewInterceptor - Closing JPA EntityManager in OpenEntityManagerInViewInterceptor
2026-05-20 12:45:05.031 [http-nio-0.0.0.0-8080-exec-3] DEBUG o.s.o.j.s.OpenEntityManagerInViewInterceptor - Opening JPA EntityManager in OpenEntityManagerInViewInterceptor
2026-05-20 12:45:05.035 [http-nio-0.0.0.0-8080-exec-3] DEBUG org.hibernate.SQL - 
    select
        count(i1_0.id) 
    from
        interactions i1_0 
    left join
        projects p1_0 
            on p1_0.id=i1_0.project_id 
    where
        p1_0.id=? 
        and i1_0.type=?
2026-05-20 12:45:05.035 [http-nio-0.0.0.0-8080-exec-3] DEBUG org.hibernate.SQL - 
    select
        count(i1_0.id) 
    from
        interactions i1_0 
    left join
        projects p1_0 
            on p1_0.id=i1_0.project_id 
    where
        p1_0.id=? 
        and i1_0.type=?
2026-05-20 12:45:05.048 [http-nio-0.0.0.0-8080-exec-3] DEBUG org.hibernate.SQL - 
    select
        count(i1_0.id) 
    from
        interactions i1_0 
    left join
        projects p1_0 
            on p1_0.id=i1_0.project_id 
    where
        p1_0.id=? 
        and i1_0.type=?
2026-05-20 12:45:05.048 [http-nio-0.0.0.0-8080-exec-3] DEBUG org.hibernate.SQL - 
    select
        count(i1_0.id) 
    from
        interactions i1_0 
    left join
        projects p1_0 
            on p1_0.id=i1_0.project_id 
    where
        p1_0.id=? 
        and i1_0.type=?
2026-05-20 12:45:05.052 [http-nio-0.0.0.0-8080-exec-3] DEBUG org.hibernate.SQL - 
    select
        c1_0.id,
        c1_0.contenu,
        c1_0.created_at,
        c1_0.project_id,
        c1_0.user_id 
    from
        comments c1_0 
    left join
        projects p1_0 
            on p1_0.id=c1_0.project_id 
    where
        p1_0.id=? 
    order by
        c1_0.created_at desc
2026-05-20 12:45:05.052 [http-nio-0.0.0.0-8080-exec-3] DEBUG org.hibernate.SQL - 
    select
        c1_0.id,
        c1_0.contenu,
        c1_0.created_at,
        c1_0.project_id,
        c1_0.user_id 
    from
        comments c1_0 
    left join
        projects p1_0 
            on p1_0.id=c1_0.project_id 
    where
        p1_0.id=? 
    order by
        c1_0.created_at desc
2026-05-20 12:45:05.065 [http-nio-0.0.0.0-8080-exec-3] DEBUG o.s.o.j.s.OpenEntityManagerInViewInterceptor - Closing JPA EntityManager in OpenEntityManagerInViewInterceptor
2026-05-20 12:45:05.087 [http-nio-0.0.0.0-8080-exec-8] DEBUG o.s.o.j.s.OpenEntityManagerInViewInterceptor - Opening JPA EntityManager in OpenEntityManagerInViewInterceptor
2026-05-20 12:45:05.099 [http-nio-0.0.0.0-8080-exec-8] DEBUG org.hibernate.SQL - 
    select
        count(i1_0.id) 
    from
        interactions i1_0 
    left join
        projects p1_0 
            on p1_0.id=i1_0.project_id 
    where
        p1_0.id=? 
        and i1_0.type=?
2026-05-20 12:45:05.099 [http-nio-0.0.0.0-8080-exec-8] DEBUG org.hibernate.SQL - 
    select
        count(i1_0.id) 
    from
        interactions i1_0 
    left join
        projects p1_0 
            on p1_0.id=i1_0.project_id 
    where
        p1_0.id=? 
        and i1_0.type=?
2026-05-20 12:45:05.104 [http-nio-0.0.0.0-8080-exec-8] DEBUG org.hibernate.SQL - 
    select
        count(i1_0.id) 
    from
        interactions i1_0 
    left join
        projects p1_0 
            on p1_0.id=i1_0.project_id 
    where
        p1_0.id=? 
        and i1_0.type=?
2026-05-20 12:45:05.104 [http-nio-0.0.0.0-8080-exec-8] DEBUG org.hibernate.SQL - 
    select
        count(i1_0.id) 
    from
        interactions i1_0 
    left join
        projects p1_0 
            on p1_0.id=i1_0.project_id 
    where
        p1_0.id=? 
        and i1_0.type=?
2026-05-20 12:45:05.121 [http-nio-0.0.0.0-8080-exec-8] DEBUG org.hibernate.SQL - 
    select
        c1_0.id,
        c1_0.contenu,
        c1_0.created_at,
        c1_0.project_id,
        c1_0.user_id 
    from
        comments c1_0 
    left join
        projects p1_0 
            on p1_0.id=c1_0.project_id 
    where
        p1_0.id=? 
    order by
        c1_0.created_at desc
2026-05-20 12:45:05.121 [http-nio-0.0.0.0-8080-exec-8] DEBUG org.hibernate.SQL - 
    select
        c1_0.id,
        c1_0.contenu,
        c1_0.created_at,
        c1_0.project_id,
        c1_0.user_id 
    from
        comments c1_0 
    left join
        projects p1_0 
            on p1_0.id=c1_0.project_id 
    where
        p1_0.id=? 
    order by
        c1_0.created_at desc
2026-05-20 12:45:05.135 [http-nio-0.0.0.0-8080-exec-8] DEBUG o.s.o.j.s.OpenEntityManagerInViewInterceptor - Closing JPA EntityManager in OpenEntityManagerInViewInterceptor
2026-05-20 12:45:10.037 [http-nio-0.0.0.0-8080-exec-5] DEBUG o.s.o.j.s.OpenEntityManagerInViewInterceptor - Opening JPA EntityManager in OpenEntityManagerInViewInterceptor
2026-05-20 12:45:10.052 [http-nio-0.0.0.0-8080-exec-5] DEBUG org.hibernate.SQL - 
    select
        count(i1_0.id) 
    from
        interactions i1_0 
    left join
        projects p1_0 
            on p1_0.id=i1_0.project_id 
    where
        p1_0.id=? 
        and i1_0.type=?
2026-05-20 12:45:10.052 [http-nio-0.0.0.0-8080-exec-5] DEBUG org.hibernate.SQL - 
    select
        count(i1_0.id) 
    from
        interactions i1_0 
    left join
        projects p1_0 
            on p1_0.id=i1_0.project_id 
    where
        p1_0.id=? 
        and i1_0.type=?
2026-05-20 12:45:10.079 [http-nio-0.0.0.0-8080-exec-5] DEBUG org.hibernate.SQL - 
    select
        count(i1_0.id) 
    from
        interactions i1_0 
    left join
        projects p1_0 
            on p1_0.id=i1_0.project_id 
    where
        p1_0.id=? 
        and i1_0.type=?
2026-05-20 12:45:10.079 [http-nio-0.0.0.0-8080-exec-5] DEBUG org.hibernate.SQL - 
    select
        count(i1_0.id) 
    from
        interactions i1_0 
    left join
        projects p1_0 
            on p1_0.id=i1_0.project_id 
    where
        p1_0.id=? 
        and i1_0.type=?
2026-05-20 12:45:10.086 [http-nio-0.0.0.0-8080-exec-4] DEBUG o.s.o.j.s.OpenEntityManagerInViewInterceptor - Opening JPA EntityManager in OpenEntityManagerInViewInterceptor
2026-05-20 12:45:10.087 [http-nio-0.0.0.0-8080-exec-5] DEBUG org.hibernate.SQL - 
    select
        c1_0.id,
        c1_0.contenu,
        c1_0.created_at,
        c1_0.project_id,
        c1_0.user_id 
    from
        comments c1_0 
    left join
        projects p1_0 
            on p1_0.id=c1_0.project_id 
    where
        p1_0.id=? 
    order by
        c1_0.created_at desc
2026-05-20 12:45:10.087 [http-nio-0.0.0.0-8080-exec-5] DEBUG org.hibernate.SQL - 
    select
        c1_0.id,
        c1_0.contenu,
        c1_0.created_at,
        c1_0.project_id,
        c1_0.user_id 
    from
        comments c1_0 
    left join
        projects p1_0 
            on p1_0.id=c1_0.project_id 
    where
        p1_0.id=? 
    order by
        c1_0.created_at desc
2026-05-20 12:45:10.099 [http-nio-0.0.0.0-8080-exec-5] DEBUG org.hibernate.SQL - 
    select
        p1_0.id,
        p1_0.admin_notes,
        p1_0.all_or_nothing,
        p1_0.categorie,
        p1_0.created_at,
        p1_0.start_date,
        p1_0.end_date,
        p1_0.description,
        p1_0.cover_image,
        p1_0.localisation,
        p1_0.current_amount,
        p1_0.investors_count,
        p1_0.funding_goal,
        p1_0.equity_percentage,
        p1_0.owner_id,
        p2_0.id,
        p2_0.address,
        p2_0.admin_notes,
        p2_0.avatar_url,
        p2_0.bio,
        p2_0.preferred_category,
        p2_0.created_at,
        p2_0.email,
        p2_0.google_id,
        p2_0.kyc_status,
        p2_0.password,
        p2_0.last_name,
        p2_0.first_name,
        p2_0.role,
        p2_0.status,
        p2_0.phone,
        p2_0.ville,
        p1_0.status,
        p1_0.suspension_deadline,
        p1_0.interest_rate,
        p1_0.titre,
        p1_0.funding_type 
    from
        projects p1_0 
    join
        users p2_0 
            on p2_0.id=p1_0.owner_id 
    where
        p1_0.id=?
2026-05-20 12:45:10.099 [http-nio-0.0.0.0-8080-exec-5] DEBUG org.hibernate.SQL - 
    select
        p1_0.id,
        p1_0.admin_notes,
        p1_0.all_or_nothing,
        p1_0.categorie,
        p1_0.created_at,
        p1_0.start_date,
        p1_0.end_date,
        p1_0.description,
        p1_0.cover_image,
        p1_0.localisation,
        p1_0.current_amount,
        p1_0.investors_count,
        p1_0.funding_goal,
        p1_0.equity_percentage,
        p1_0.owner_id,
        p2_0.id,
        p2_0.address,
        p2_0.admin_notes,
        p2_0.avatar_url,
        p2_0.bio,
        p2_0.preferred_category,
        p2_0.created_at,
        p2_0.email,
        p2_0.google_id,
        p2_0.kyc_status,
        p2_0.password,
        p2_0.last_name,
        p2_0.first_name,
        p2_0.role,
        p2_0.status,
        p2_0.phone,
        p2_0.ville,
        p1_0.status,
        p1_0.suspension_deadline,
        p1_0.interest_rate,
        p1_0.titre,
        p1_0.funding_type 
    from
        projects p1_0 
    join
        users p2_0 
            on p2_0.id=p1_0.owner_id 
    where
        p1_0.id=?
2026-05-20 12:45:10.101 [http-nio-0.0.0.0-8080-exec-4] DEBUG org.hibernate.SQL - 
    select
        count(i1_0.id) 
    from
        interactions i1_0 
    left join
        projects p1_0 
            on p1_0.id=i1_0.project_id 
    where
        p1_0.id=? 
        and i1_0.type=?
2026-05-20 12:45:10.101 [http-nio-0.0.0.0-8080-exec-4] DEBUG org.hibernate.SQL - 
    select
        count(i1_0.id) 
    from
        interactions i1_0 
    left join
        projects p1_0 
            on p1_0.id=i1_0.project_id 
    where
        p1_0.id=? 
        and i1_0.type=?
2026-05-20 12:45:10.104 [http-nio-0.0.0.0-8080-exec-5] DEBUG org.hibernate.SQL - 
    select
        u1_0.id,
        u1_0.address,
        u1_0.admin_notes,
        u1_0.avatar_url,
        u1_0.bio,
        u1_0.preferred_category,
        u1_0.created_at,
        u1_0.email,
        u1_0.google_id,
        u1_0.kyc_status,
        u1_0.password,
        u1_0.last_name,
        u1_0.first_name,
        u1_0.role,
        u1_0.status,
        u1_0.phone,
        u1_0.ville 
    from
        users u1_0 
    where
        u1_0.id=?
2026-05-20 12:45:10.104 [http-nio-0.0.0.0-8080-exec-5] DEBUG org.hibernate.SQL - 
    select
        u1_0.id,
        u1_0.address,
        u1_0.admin_notes,
        u1_0.avatar_url,
        u1_0.bio,
        u1_0.preferred_category,
        u1_0.created_at,
        u1_0.email,
        u1_0.google_id,
        u1_0.kyc_status,
        u1_0.password,
        u1_0.last_name,
        u1_0.first_name,
        u1_0.role,
        u1_0.status,
        u1_0.phone,
        u1_0.ville 
    from
        users u1_0 
    where
        u1_0.id=?
2026-05-20 12:45:10.120 [http-nio-0.0.0.0-8080-exec-7] DEBUG o.s.o.j.s.OpenEntityManagerInViewInterceptor - Opening JPA EntityManager in OpenEntityManagerInViewInterceptor
2026-05-20 12:45:10.129 [http-nio-0.0.0.0-8080-exec-4] DEBUG org.hibernate.SQL - 
    select
        count(i1_0.id) 
    from
        interactions i1_0 
    left join
        projects p1_0 
            on p1_0.id=i1_0.project_id 
    where
        p1_0.id=? 
        and i1_0.type=?
2026-05-20 12:45:10.129 [http-nio-0.0.0.0-8080-exec-4] DEBUG org.hibernate.SQL - 
    select
        count(i1_0.id) 
    from
        interactions i1_0 
    left join
        projects p1_0 
            on p1_0.id=i1_0.project_id 
    where
        p1_0.id=? 
        and i1_0.type=?
2026-05-20 12:45:10.130 [http-nio-0.0.0.0-8080-exec-7] DEBUG o.s.orm.jpa.JpaTransactionManager - Found thread-bound EntityManager [SessionImpl(1096994138<open>)] for JPA transaction
2026-05-20 12:45:10.131 [http-nio-0.0.0.0-8080-exec-5] DEBUG o.s.o.j.s.OpenEntityManagerInViewInterceptor - Closing JPA EntityManager in OpenEntityManagerInViewInterceptor
2026-05-20 12:45:10.131 [http-nio-0.0.0.0-8080-exec-7] DEBUG o.s.orm.jpa.JpaTransactionManager - Creating new transaction with name [org.springframework.data.jpa.repository.support.SimpleJpaRepository.findAll]: PROPAGATION_REQUIRED,ISOLATION_DEFAULT,readOnly
2026-05-20 12:45:10.134 [http-nio-0.0.0.0-8080-exec-7] DEBUG o.s.orm.jpa.JpaTransactionManager - Exposing JPA transaction as JDBC [org.springframework.orm.jpa.vendor.HibernateJpaDialect$HibernateConnectionHandle@7079a352]
2026-05-20 12:45:10.137 [http-nio-0.0.0.0-8080-exec-7] DEBUG org.hibernate.SQL - 
    select
        p1_0.id,
        p1_0.admin_notes,
        p1_0.all_or_nothing,
        p1_0.categorie,
        p1_0.created_at,
        p1_0.start_date,
        p1_0.end_date,
        p1_0.description,
        p1_0.cover_image,
        p1_0.localisation,
        p1_0.current_amount,
        p1_0.investors_count,
        p1_0.funding_goal,
        p1_0.equity_percentage,
        p1_0.owner_id,
        p1_0.status,
        p1_0.suspension_deadline,
        p1_0.interest_rate,
        p1_0.titre,
        p1_0.funding_type 
    from
        projects p1_0
2026-05-20 12:45:10.137 [http-nio-0.0.0.0-8080-exec-7] DEBUG org.hibernate.SQL - 
    select
        p1_0.id,
        p1_0.admin_notes,
        p1_0.all_or_nothing,
        p1_0.categorie,
        p1_0.created_at,
        p1_0.start_date,
        p1_0.end_date,
        p1_0.description,
        p1_0.cover_image,
        p1_0.localisation,
        p1_0.current_amount,
        p1_0.investors_count,
        p1_0.funding_goal,
        p1_0.equity_percentage,
        p1_0.owner_id,
        p1_0.status,
        p1_0.suspension_deadline,
        p1_0.interest_rate,
        p1_0.titre,
        p1_0.funding_type 
    from
        projects p1_0
2026-05-20 12:45:10.138 [http-nio-0.0.0.0-8080-exec-4] DEBUG org.hibernate.SQL - 
    select
        c1_0.id,
        c1_0.contenu,
        c1_0.created_at,
        c1_0.project_id,
        c1_0.user_id 
    from
        comments c1_0 
    left join
        projects p1_0 
            on p1_0.id=c1_0.project_id 
    where
        p1_0.id=? 
    order by
        c1_0.created_at desc
2026-05-20 12:45:10.138 [http-nio-0.0.0.0-8080-exec-4] DEBUG org.hibernate.SQL - 
    select
        c1_0.id,
        c1_0.contenu,
        c1_0.created_at,
        c1_0.project_id,
        c1_0.user_id 
    from
        comments c1_0 
    left join
        projects p1_0 
            on p1_0.id=c1_0.project_id 
    where
        p1_0.id=? 
    order by
        c1_0.created_at desc
2026-05-20 12:45:10.151 [http-nio-0.0.0.0-8080-exec-4] DEBUG org.hibernate.SQL - 
    select
        p1_0.id,
        p1_0.admin_notes,
        p1_0.all_or_nothing,
        p1_0.categorie,
        p1_0.created_at,
        p1_0.start_date,
        p1_0.end_date,
        p1_0.description,
        p1_0.cover_image,
        p1_0.localisation,
        p1_0.current_amount,
        p1_0.investors_count,
        p1_0.funding_goal,
        p1_0.equity_percentage,
        p1_0.owner_id,
        p2_0.id,
        p2_0.address,
        p2_0.admin_notes,
        p2_0.avatar_url,
        p2_0.bio,
        p2_0.preferred_category,
        p2_0.created_at,
        p2_0.email,
        p2_0.google_id,
        p2_0.kyc_status,
        p2_0.password,
        p2_0.last_name,
        p2_0.first_name,
        p2_0.role,
        p2_0.status,
        p2_0.phone,
        p2_0.ville,
        p1_0.status,
        p1_0.suspension_deadline,
        p1_0.interest_rate,
        p1_0.titre,
        p1_0.funding_type 
    from
        projects p1_0 
    join
        users p2_0 
            on p2_0.id=p1_0.owner_id 
    where
        p1_0.id=?
2026-05-20 12:45:10.151 [http-nio-0.0.0.0-8080-exec-4] DEBUG org.hibernate.SQL - 
    select
        p1_0.id,
        p1_0.admin_notes,
        p1_0.all_or_nothing,
        p1_0.categorie,
        p1_0.created_at,
        p1_0.start_date,
        p1_0.end_date,
        p1_0.description,
        p1_0.cover_image,
        p1_0.localisation,
        p1_0.current_amount,
        p1_0.investors_count,
        p1_0.funding_goal,
        p1_0.equity_percentage,
        p1_0.owner_id,
        p2_0.id,
        p2_0.address,
        p2_0.admin_notes,
        p2_0.avatar_url,
        p2_0.bio,
        p2_0.preferred_category,
        p2_0.created_at,
        p2_0.email,
        p2_0.google_id,
        p2_0.kyc_status,
        p2_0.password,
        p2_0.last_name,
        p2_0.first_name,
        p2_0.role,
        p2_0.status,
        p2_0.phone,
        p2_0.ville,
        p1_0.status,
        p1_0.suspension_deadline,
        p1_0.interest_rate,
        p1_0.titre,
        p1_0.funding_type 
    from
        projects p1_0 
    join
        users p2_0 
            on p2_0.id=p1_0.owner_id 
    where
        p1_0.id=?
2026-05-20 12:45:10.151 [http-nio-0.0.0.0-8080-exec-7] DEBUG org.hibernate.SQL - 
    select
        u1_0.id,
        u1_0.address,
        u1_0.admin_notes,
        u1_0.avatar_url,
        u1_0.bio,
        u1_0.preferred_category,
        u1_0.created_at,
        u1_0.email,
        u1_0.google_id,
        u1_0.kyc_status,
        u1_0.password,
        u1_0.last_name,
        u1_0.first_name,
        u1_0.role,
        u1_0.status,
        u1_0.phone,
        u1_0.ville 
    from
        users u1_0 
    where
        u1_0.id=?
2026-05-20 12:45:10.151 [http-nio-0.0.0.0-8080-exec-7] DEBUG org.hibernate.SQL - 
    select
        u1_0.id,
        u1_0.address,
        u1_0.admin_notes,
        u1_0.avatar_url,
        u1_0.bio,
        u1_0.preferred_category,
        u1_0.created_at,
        u1_0.email,
        u1_0.google_id,
        u1_0.kyc_status,
        u1_0.password,
        u1_0.last_name,
        u1_0.first_name,
        u1_0.role,
        u1_0.status,
        u1_0.phone,
        u1_0.ville 
    from
        users u1_0 
    where
        u1_0.id=?
2026-05-20 12:45:10.157 [http-nio-0.0.0.0-8080-exec-7] DEBUG o.s.orm.jpa.JpaTransactionManager - Initiating transaction commit
2026-05-20 12:45:10.162 [http-nio-0.0.0.0-8080-exec-7] DEBUG o.s.orm.jpa.JpaTransactionManager - Committing JPA transaction on EntityManager [SessionImpl(1096994138<open>)]
2026-05-20 12:45:10.165 [http-nio-0.0.0.0-8080-exec-7] DEBUG o.s.orm.jpa.JpaTransactionManager - Not closing pre-bound JPA EntityManager after transaction
2026-05-20 12:45:10.169 [http-nio-0.0.0.0-8080-exec-7] DEBUG o.s.o.j.s.OpenEntityManagerInViewInterceptor - Closing JPA EntityManager in OpenEntityManagerInViewInterceptor
2026-05-20 12:45:10.170 [http-nio-0.0.0.0-8080-exec-4] DEBUG o.s.o.j.s.OpenEntityManagerInViewInterceptor - Closing JPA EntityManager in OpenEntityManagerInViewInterceptor
2026-05-20 12:45:10.196 [http-nio-0.0.0.0-8080-exec-6] DEBUG o.s.o.j.s.OpenEntityManagerInViewInterceptor - Opening JPA EntityManager in OpenEntityManagerInViewInterceptor
2026-05-20 12:45:10.196 [http-nio-0.0.0.0-8080-exec-9] DEBUG o.s.o.j.s.OpenEntityManagerInViewInterceptor - Opening JPA EntityManager in OpenEntityManagerInViewInterceptor
2026-05-20 12:45:10.200 [http-nio-0.0.0.0-8080-exec-9] DEBUG org.hibernate.SQL - 
    select
        count(i1_0.id) 
    from
        interactions i1_0 
    left join
        projects p1_0 
            on p1_0.id=i1_0.project_id 
    where
        p1_0.id=? 
        and i1_0.type=?
2026-05-20 12:45:10.200 [http-nio-0.0.0.0-8080-exec-9] DEBUG org.hibernate.SQL - 
    select
        count(i1_0.id) 
    from
        interactions i1_0 
    left join
        projects p1_0 
            on p1_0.id=i1_0.project_id 
    where
        p1_0.id=? 
        and i1_0.type=?
2026-05-20 12:45:10.203 [http-nio-0.0.0.0-8080-exec-6] DEBUG org.hibernate.SQL - 
    select
        count(i1_0.id) 
    from
        interactions i1_0 
    left join
        projects p1_0 
            on p1_0.id=i1_0.project_id 
    where
        p1_0.id=? 
        and i1_0.type=?
2026-05-20 12:45:10.203 [http-nio-0.0.0.0-8080-exec-6] DEBUG org.hibernate.SQL - 
    select
        count(i1_0.id) 
    from
        interactions i1_0 
    left join
        projects p1_0 
            on p1_0.id=i1_0.project_id 
    where
        p1_0.id=? 
        and i1_0.type=?
2026-05-20 12:45:10.212 [http-nio-0.0.0.0-8080-exec-9] DEBUG org.hibernate.SQL - 
    select
        count(i1_0.id) 
    from
        interactions i1_0 
    left join
        projects p1_0 
            on p1_0.id=i1_0.project_id 
    where
        p1_0.id=? 
        and i1_0.type=?
2026-05-20 12:45:10.212 [http-nio-0.0.0.0-8080-exec-9] DEBUG org.hibernate.SQL - 
    select
        count(i1_0.id) 
    from
        interactions i1_0 
    left join
        projects p1_0 
            on p1_0.id=i1_0.project_id 
    where
        p1_0.id=? 
        and i1_0.type=?
2026-05-20 12:45:10.214 [http-nio-0.0.0.0-8080-exec-6] DEBUG org.hibernate.SQL - 
    select
        count(i1_0.id) 
    from
        interactions i1_0 
    left join
        projects p1_0 
            on p1_0.id=i1_0.project_id 
    where
        p1_0.id=? 
        and i1_0.type=?
2026-05-20 12:45:10.214 [http-nio-0.0.0.0-8080-exec-6] DEBUG org.hibernate.SQL - 
    select
        count(i1_0.id) 
    from
        interactions i1_0 
    left join
        projects p1_0 
            on p1_0.id=i1_0.project_id 
    where
        p1_0.id=? 
        and i1_0.type=?
2026-05-20 12:45:10.219 [http-nio-0.0.0.0-8080-exec-9] DEBUG org.hibernate.SQL - 
    select
        c1_0.id,
        c1_0.contenu,
        c1_0.created_at,
        c1_0.project_id,
        c1_0.user_id 
    from
        comments c1_0 
    left join
        projects p1_0 
            on p1_0.id=c1_0.project_id 
    where
        p1_0.id=? 
    order by
        c1_0.created_at desc
2026-05-20 12:45:10.219 [http-nio-0.0.0.0-8080-exec-9] DEBUG org.hibernate.SQL - 
    select
        c1_0.id,
        c1_0.contenu,
        c1_0.created_at,
        c1_0.project_id,
        c1_0.user_id 
    from
        comments c1_0 
    left join
        projects p1_0 
            on p1_0.id=c1_0.project_id 
    where
        p1_0.id=? 
    order by
        c1_0.created_at desc
2026-05-20 12:45:10.222 [http-nio-0.0.0.0-8080-exec-6] DEBUG org.hibernate.SQL - 
    select
        c1_0.id,
        c1_0.contenu,
        c1_0.created_at,
        c1_0.project_id,
        c1_0.user_id 
    from
        comments c1_0 
    left join
        projects p1_0 
            on p1_0.id=c1_0.project_id 
    where
        p1_0.id=? 
    order by
        c1_0.created_at desc
2026-05-20 12:45:10.222 [http-nio-0.0.0.0-8080-exec-6] DEBUG org.hibernate.SQL - 
    select
        c1_0.id,
        c1_0.contenu,
        c1_0.created_at,
        c1_0.project_id,
        c1_0.user_id 
    from
        comments c1_0 
    left join
        projects p1_0 
            on p1_0.id=c1_0.project_id 
    where
        p1_0.id=? 
    order by
        c1_0.created_at desc
2026-05-20 12:45:10.228 [http-nio-0.0.0.0-8080-exec-9] DEBUG org.hibernate.SQL - 
    select
        p1_0.id,
        p1_0.admin_notes,
        p1_0.all_or_nothing,
        p1_0.categorie,
        p1_0.created_at,
        p1_0.start_date,
        p1_0.end_date,
        p1_0.description,
        p1_0.cover_image,
        p1_0.localisation,
        p1_0.current_amount,
        p1_0.investors_count,
        p1_0.funding_goal,
        p1_0.equity_percentage,
        p1_0.owner_id,
        p2_0.id,
        p2_0.address,
        p2_0.admin_notes,
        p2_0.avatar_url,
        p2_0.bio,
        p2_0.preferred_category,
        p2_0.created_at,
        p2_0.email,
        p2_0.google_id,
        p2_0.kyc_status,
        p2_0.password,
        p2_0.last_name,
        p2_0.first_name,
        p2_0.role,
        p2_0.status,
        p2_0.phone,
        p2_0.ville,
        p1_0.status,
        p1_0.suspension_deadline,
        p1_0.interest_rate,
        p1_0.titre,
        p1_0.funding_type 
    from
        projects p1_0 
    join
        users p2_0 
            on p2_0.id=p1_0.owner_id 
    where
        p1_0.id=?
2026-05-20 12:45:10.228 [http-nio-0.0.0.0-8080-exec-9] DEBUG org.hibernate.SQL - 
    select
        p1_0.id,
        p1_0.admin_notes,
        p1_0.all_or_nothing,
        p1_0.categorie,
        p1_0.created_at,
        p1_0.start_date,
        p1_0.end_date,
        p1_0.description,
        p1_0.cover_image,
        p1_0.localisation,
        p1_0.current_amount,
        p1_0.investors_count,
        p1_0.funding_goal,
        p1_0.equity_percentage,
        p1_0.owner_id,
        p2_0.id,
        p2_0.address,
        p2_0.admin_notes,
        p2_0.avatar_url,
        p2_0.bio,
        p2_0.preferred_category,
        p2_0.created_at,
        p2_0.email,
        p2_0.google_id,
        p2_0.kyc_status,
        p2_0.password,
        p2_0.last_name,
        p2_0.first_name,
        p2_0.role,
        p2_0.status,
        p2_0.phone,
        p2_0.ville,
        p1_0.status,
        p1_0.suspension_deadline,
        p1_0.interest_rate,
        p1_0.titre,
        p1_0.funding_type 
    from
        projects p1_0 
    join
        users p2_0 
            on p2_0.id=p1_0.owner_id 
    where
        p1_0.id=?
2026-05-20 12:45:10.236 [http-nio-0.0.0.0-8080-exec-6] DEBUG org.hibernate.SQL - 
    select
        p1_0.id,
        p1_0.admin_notes,
        p1_0.all_or_nothing,
        p1_0.categorie,
        p1_0.created_at,
        p1_0.start_date,
        p1_0.end_date,
        p1_0.description,
        p1_0.cover_image,
        p1_0.localisation,
        p1_0.current_amount,
        p1_0.investors_count,
        p1_0.funding_goal,
        p1_0.equity_percentage,
        p1_0.owner_id,
        p2_0.id,
        p2_0.address,
        p2_0.admin_notes,
        p2_0.avatar_url,
        p2_0.bio,
        p2_0.preferred_category,
        p2_0.created_at,
        p2_0.email,
        p2_0.google_id,
        p2_0.kyc_status,
        p2_0.password,
        p2_0.last_name,
        p2_0.first_name,
        p2_0.role,
        p2_0.status,
        p2_0.phone,
        p2_0.ville,
        p1_0.status,
        p1_0.suspension_deadline,
        p1_0.interest_rate,
        p1_0.titre,
        p1_0.funding_type 
    from
        projects p1_0 
    join
        users p2_0 
            on p2_0.id=p1_0.owner_id 
    where
        p1_0.id=?
2026-05-20 12:45:10.236 [http-nio-0.0.0.0-8080-exec-6] DEBUG org.hibernate.SQL - 
    select
        p1_0.id,
        p1_0.admin_notes,
        p1_0.all_or_nothing,
        p1_0.categorie,
        p1_0.created_at,
        p1_0.start_date,
        p1_0.end_date,
        p1_0.description,
        p1_0.cover_image,
        p1_0.localisation,
        p1_0.current_amount,
        p1_0.investors_count,
        p1_0.funding_goal,
        p1_0.equity_percentage,
        p1_0.owner_id,
        p2_0.id,
        p2_0.address,
        p2_0.admin_notes,
        p2_0.avatar_url,
        p2_0.bio,
        p2_0.preferred_category,
        p2_0.created_at,
        p2_0.email,
        p2_0.google_id,
        p2_0.kyc_status,
        p2_0.password,
        p2_0.last_name,
        p2_0.first_name,
        p2_0.role,
        p2_0.status,
        p2_0.phone,
        p2_0.ville,
        p1_0.status,
        p1_0.suspension_deadline,
        p1_0.interest_rate,
        p1_0.titre,
        p1_0.funding_type 
    from
        projects p1_0 
    join
        users p2_0 
            on p2_0.id=p1_0.owner_id 
    where
        p1_0.id=?
2026-05-20 12:45:10.246 [http-nio-0.0.0.0-8080-exec-9] DEBUG org.hibernate.SQL - 
    select
        u1_0.id,
        u1_0.address,
        u1_0.admin_notes,
        u1_0.avatar_url,
        u1_0.bio,
        u1_0.preferred_category,
        u1_0.created_at,
        u1_0.email,
        u1_0.google_id,
        u1_0.kyc_status,
        u1_0.password,
        u1_0.last_name,
        u1_0.first_name,
        u1_0.role,
        u1_0.status,
        u1_0.phone,
        u1_0.ville 
    from
        users u1_0 
    where
        u1_0.id=?
2026-05-20 12:45:10.246 [http-nio-0.0.0.0-8080-exec-9] DEBUG org.hibernate.SQL - 
    select
        u1_0.id,
        u1_0.address,
        u1_0.admin_notes,
        u1_0.avatar_url,
        u1_0.bio,
        u1_0.preferred_category,
        u1_0.created_at,
        u1_0.email,
        u1_0.google_id,
        u1_0.kyc_status,
        u1_0.password,
        u1_0.last_name,
        u1_0.first_name,
        u1_0.role,
        u1_0.status,
        u1_0.phone,
        u1_0.ville 
    from
        users u1_0 
    where
        u1_0.id=?
2026-05-20 12:45:10.283 [http-nio-0.0.0.0-8080-exec-6] DEBUG o.s.o.j.s.OpenEntityManagerInViewInterceptor - Closing JPA EntityManager in OpenEntityManagerInViewInterceptor
2026-05-20 12:45:10.287 [http-nio-0.0.0.0-8080-exec-9] DEBUG o.s.o.j.s.OpenEntityManagerInViewInterceptor - Closing JPA EntityManager in OpenEntityManagerInViewInterceptor
2026-05-20 12:45:10.403 [http-nio-0.0.0.0-8080-exec-1] DEBUG o.s.o.j.s.OpenEntityManagerInViewInterceptor - Opening JPA EntityManager in OpenEntityManagerInViewInterceptor
2026-05-20 12:45:10.420 [http-nio-0.0.0.0-8080-exec-2] DEBUG o.s.o.j.s.OpenEntityManagerInViewInterceptor - Opening JPA EntityManager in OpenEntityManagerInViewInterceptor
2026-05-20 12:45:10.434 [http-nio-0.0.0.0-8080-exec-1] DEBUG org.hibernate.SQL - 
    select
        count(i1_0.id) 
    from
        interactions i1_0 
    left join
        projects p1_0 
            on p1_0.id=i1_0.project_id 
    where
        p1_0.id=? 
        and i1_0.type=?
2026-05-20 12:45:10.434 [http-nio-0.0.0.0-8080-exec-1] DEBUG org.hibernate.SQL - 
    select
        count(i1_0.id) 
    from
        interactions i1_0 
    left join
        projects p1_0 
            on p1_0.id=i1_0.project_id 
    where
        p1_0.id=? 
        and i1_0.type=?
2026-05-20 12:45:10.454 [http-nio-0.0.0.0-8080-exec-2] DEBUG org.hibernate.SQL - 
    select
        count(i1_0.id) 
    from
        interactions i1_0 
    left join
        projects p1_0 
            on p1_0.id=i1_0.project_id 
    where
        p1_0.id=? 
        and i1_0.type=?
2026-05-20 12:45:10.454 [http-nio-0.0.0.0-8080-exec-2] DEBUG org.hibernate.SQL - 
    select
        count(i1_0.id) 
    from
        interactions i1_0 
    left join
        projects p1_0 
            on p1_0.id=i1_0.project_id 
    where
        p1_0.id=? 
        and i1_0.type=?
2026-05-20 12:45:10.468 [http-nio-0.0.0.0-8080-exec-1] DEBUG org.hibernate.SQL - 
    select
        count(i1_0.id) 
    from
        interactions i1_0 
    left join
        projects p1_0 
            on p1_0.id=i1_0.project_id 
    where
        p1_0.id=? 
        and i1_0.type=?
2026-05-20 12:45:10.468 [http-nio-0.0.0.0-8080-exec-1] DEBUG org.hibernate.SQL - 
    select
        count(i1_0.id) 
    from
        interactions i1_0 
    left join
        projects p1_0 
            on p1_0.id=i1_0.project_id 
    where
        p1_0.id=? 
        and i1_0.type=?
2026-05-20 12:45:10.514 [http-nio-0.0.0.0-8080-exec-2] DEBUG org.hibernate.SQL - 
    select
        count(i1_0.id) 
    from
        interactions i1_0 
    left join
        projects p1_0 
            on p1_0.id=i1_0.project_id 
    where
        p1_0.id=? 
        and i1_0.type=?
2026-05-20 12:45:10.514 [http-nio-0.0.0.0-8080-exec-2] DEBUG org.hibernate.SQL - 
    select
        count(i1_0.id) 
    from
        interactions i1_0 
    left join
        projects p1_0 
            on p1_0.id=i1_0.project_id 
    where
        p1_0.id=? 
        and i1_0.type=?
2026-05-20 12:45:10.514 [http-nio-0.0.0.0-8080-exec-1] DEBUG org.hibernate.SQL - 
    select
        c1_0.id,
        c1_0.contenu,
        c1_0.created_at,
        c1_0.project_id,
        c1_0.user_id 
    from
        comments c1_0 
    left join
        projects p1_0 
            on p1_0.id=c1_0.project_id 
    where
        p1_0.id=? 
    order by
        c1_0.created_at desc
2026-05-20 12:45:10.514 [http-nio-0.0.0.0-8080-exec-1] DEBUG org.hibernate.SQL - 
    select
        c1_0.id,
        c1_0.contenu,
        c1_0.created_at,
        c1_0.project_id,
        c1_0.user_id 
    from
        comments c1_0 
    left join
        projects p1_0 
            on p1_0.id=c1_0.project_id 
    where
        p1_0.id=? 
    order by
        c1_0.created_at desc
2026-05-20 12:45:10.553 [http-nio-0.0.0.0-8080-exec-2] DEBUG org.hibernate.SQL - 
    select
        c1_0.id,
        c1_0.contenu,
        c1_0.created_at,
        c1_0.project_id,
        c1_0.user_id 
    from
        comments c1_0 
    left join
        projects p1_0 
            on p1_0.id=c1_0.project_id 
    where
        p1_0.id=? 
    order by
        c1_0.created_at desc
2026-05-20 12:45:10.553 [http-nio-0.0.0.0-8080-exec-2] DEBUG org.hibernate.SQL - 
    select
        c1_0.id,
        c1_0.contenu,
        c1_0.created_at,
        c1_0.project_id,
        c1_0.user_id 
    from
        comments c1_0 
    left join
        projects p1_0 
            on p1_0.id=c1_0.project_id 
    where
        p1_0.id=? 
    order by
        c1_0.created_at desc
2026-05-20 12:45:10.567 [http-nio-0.0.0.0-8080-exec-1] DEBUG o.s.o.j.s.OpenEntityManagerInViewInterceptor - Closing JPA EntityManager in OpenEntityManagerInViewInterceptor
2026-05-20 12:45:10.570 [http-nio-0.0.0.0-8080-exec-2] DEBUG org.hibernate.SQL - 
    select
        p1_0.id,
        p1_0.admin_notes,
        p1_0.all_or_nothing,
        p1_0.categorie,
        p1_0.created_at,
        p1_0.start_date,
        p1_0.end_date,
        p1_0.description,
        p1_0.cover_image,
        p1_0.localisation,
        p1_0.current_amount,
        p1_0.investors_count,
        p1_0.funding_goal,
        p1_0.equity_percentage,
        p1_0.owner_id,
        p2_0.id,
        p2_0.address,
        p2_0.admin_notes,
        p2_0.avatar_url,
        p2_0.bio,
        p2_0.preferred_category,
        p2_0.created_at,
        p2_0.email,
        p2_0.google_id,
        p2_0.kyc_status,
        p2_0.password,
        p2_0.last_name,
        p2_0.first_name,
        p2_0.role,
        p2_0.status,
        p2_0.phone,
        p2_0.ville,
        p1_0.status,
        p1_0.suspension_deadline,
        p1_0.interest_rate,
        p1_0.titre,
        p1_0.funding_type 
    from
        projects p1_0 
    join
        users p2_0 
            on p2_0.id=p1_0.owner_id 
    where
        p1_0.id=?
2026-05-20 12:45:10.570 [http-nio-0.0.0.0-8080-exec-2] DEBUG org.hibernate.SQL - 
    select
        p1_0.id,
        p1_0.admin_notes,
        p1_0.all_or_nothing,
        p1_0.categorie,
        p1_0.created_at,
        p1_0.start_date,
        p1_0.end_date,
        p1_0.description,
        p1_0.cover_image,
        p1_0.localisation,
        p1_0.current_amount,
        p1_0.investors_count,
        p1_0.funding_goal,
        p1_0.equity_percentage,
        p1_0.owner_id,
        p2_0.id,
        p2_0.address,
        p2_0.admin_notes,
        p2_0.avatar_url,
        p2_0.bio,
        p2_0.preferred_category,
        p2_0.created_at,
        p2_0.email,
        p2_0.google_id,
        p2_0.kyc_status,
        p2_0.password,
        p2_0.last_name,
        p2_0.first_name,
        p2_0.role,
        p2_0.status,
        p2_0.phone,
        p2_0.ville,
        p1_0.status,
        p1_0.suspension_deadline,
        p1_0.interest_rate,
        p1_0.titre,
        p1_0.funding_type 
    from
        projects p1_0 
    join
        users p2_0 
            on p2_0.id=p1_0.owner_id 
    where
        p1_0.id=?
2026-05-20 12:45:10.587 [http-nio-0.0.0.0-8080-exec-2] DEBUG org.hibernate.SQL - 
    select
        u1_0.id,
        u1_0.address,
        u1_0.admin_notes,
        u1_0.avatar_url,
        u1_0.bio,
        u1_0.preferred_category,
        u1_0.created_at,
        u1_0.email,
        u1_0.google_id,
        u1_0.kyc_status,
        u1_0.password,
        u1_0.last_name,
        u1_0.first_name,
        u1_0.role,
        u1_0.status,
        u1_0.phone,
        u1_0.ville 
    from
        users u1_0 
    where
        u1_0.id=?
2026-05-20 12:45:10.587 [http-nio-0.0.0.0-8080-exec-2] DEBUG org.hibernate.SQL - 
    select
        u1_0.id,
        u1_0.address,
        u1_0.admin_notes,
        u1_0.avatar_url,
        u1_0.bio,
        u1_0.preferred_category,
        u1_0.created_at,
        u1_0.email,
        u1_0.google_id,
        u1_0.kyc_status,
        u1_0.password,
        u1_0.last_name,
        u1_0.first_name,
        u1_0.role,
        u1_0.status,
        u1_0.phone,
        u1_0.ville 
    from
        users u1_0 
    where
        u1_0.id=?
2026-05-20 12:45:10.604 [http-nio-0.0.0.0-8080-exec-2] DEBUG o.s.o.j.s.OpenEntityManagerInViewInterceptor - Closing JPA EntityManager in OpenEntityManagerInViewInterceptor
2026-05-20 12:45:10.651 [http-nio-0.0.0.0-8080-exec-10] DEBUG o.s.o.j.s.OpenEntityManagerInViewInterceptor - Opening JPA EntityManager in OpenEntityManagerInViewInterceptor
2026-05-20 12:45:10.662 [http-nio-0.0.0.0-8080-exec-10] DEBUG org.hibernate.SQL - 
    select
        count(i1_0.id) 
    from
        interactions i1_0 
    left join
        projects p1_0 
            on p1_0.id=i1_0.project_id 
    where
        p1_0.id=? 
        and i1_0.type=?
2026-05-20 12:45:10.662 [http-nio-0.0.0.0-8080-exec-10] DEBUG org.hibernate.SQL - 
    select
        count(i1_0.id) 
    from
        interactions i1_0 
    left join
        projects p1_0 
            on p1_0.id=i1_0.project_id 
    where
        p1_0.id=? 
        and i1_0.type=?
2026-05-20 12:45:10.678 [http-nio-0.0.0.0-8080-exec-10] DEBUG org.hibernate.SQL - 
    select
        count(i1_0.id) 
    from
        interactions i1_0 
    left join
        projects p1_0 
            on p1_0.id=i1_0.project_id 
    where
        p1_0.id=? 
        and i1_0.type=?
2026-05-20 12:45:10.678 [http-nio-0.0.0.0-8080-exec-10] DEBUG org.hibernate.SQL - 
    select
        count(i1_0.id) 
    from
        interactions i1_0 
    left join
        projects p1_0 
            on p1_0.id=i1_0.project_id 
    where
        p1_0.id=? 
        and i1_0.type=?
2026-05-20 12:45:10.694 [http-nio-0.0.0.0-8080-exec-10] DEBUG org.hibernate.SQL - 
    select
        c1_0.id,
        c1_0.contenu,
        c1_0.created_at,
        c1_0.project_id,
        c1_0.user_id 
    from
        comments c1_0 
    left join
        projects p1_0 
            on p1_0.id=c1_0.project_id 
    where
        p1_0.id=? 
    order by
        c1_0.created_at desc
2026-05-20 12:45:10.694 [http-nio-0.0.0.0-8080-exec-10] DEBUG org.hibernate.SQL - 
    select
        c1_0.id,
        c1_0.contenu,
        c1_0.created_at,
        c1_0.project_id,
        c1_0.user_id 
    from
        comments c1_0 
    left join
        projects p1_0 
            on p1_0.id=c1_0.project_id 
    where
        p1_0.id=? 
    order by
        c1_0.created_at desc
2026-05-20 12:45:10.698 [http-nio-0.0.0.0-8080-exec-10] DEBUG org.hibernate.SQL - 
    select
        p1_0.id,
        p1_0.admin_notes,
        p1_0.all_or_nothing,
        p1_0.categorie,
        p1_0.created_at,
        p1_0.start_date,
        p1_0.end_date,
        p1_0.description,
        p1_0.cover_image,
        p1_0.localisation,
        p1_0.current_amount,
        p1_0.investors_count,
        p1_0.funding_goal,
        p1_0.equity_percentage,
        p1_0.owner_id,
        p2_0.id,
        p2_0.address,
        p2_0.admin_notes,
        p2_0.avatar_url,
        p2_0.bio,
        p2_0.preferred_category,
        p2_0.created_at,
        p2_0.email,
        p2_0.google_id,
        p2_0.kyc_status,
        p2_0.password,
        p2_0.last_name,
        p2_0.first_name,
        p2_0.role,
        p2_0.status,
        p2_0.phone,
        p2_0.ville,
        p1_0.status,
        p1_0.suspension_deadline,
        p1_0.interest_rate,
        p1_0.titre,
        p1_0.funding_type 
    from
        projects p1_0 
    join
        users p2_0 
            on p2_0.id=p1_0.owner_id 
    where
        p1_0.id=?
2026-05-20 12:45:10.698 [http-nio-0.0.0.0-8080-exec-10] DEBUG org.hibernate.SQL - 
    select
        p1_0.id,
        p1_0.admin_notes,
        p1_0.all_or_nothing,
        p1_0.categorie,
        p1_0.created_at,
        p1_0.start_date,
        p1_0.end_date,
        p1_0.description,
        p1_0.cover_image,
        p1_0.localisation,
        p1_0.current_amount,
        p1_0.investors_count,
        p1_0.funding_goal,
        p1_0.equity_percentage,
        p1_0.owner_id,
        p2_0.id,
        p2_0.address,
        p2_0.admin_notes,
        p2_0.avatar_url,
        p2_0.bio,
        p2_0.preferred_category,
        p2_0.created_at,
        p2_0.email,
        p2_0.google_id,
        p2_0.kyc_status,
        p2_0.password,
        p2_0.last_name,
        p2_0.first_name,
        p2_0.role,
        p2_0.status,
        p2_0.phone,
        p2_0.ville,
        p1_0.status,
        p1_0.suspension_deadline,
        p1_0.interest_rate,
        p1_0.titre,
        p1_0.funding_type 
    from
        projects p1_0 
    join
        users p2_0 
            on p2_0.id=p1_0.owner_id 
    where
        p1_0.id=?
2026-05-20 12:45:10.719 [http-nio-0.0.0.0-8080-exec-10] DEBUG o.s.o.j.s.OpenEntityManagerInViewInterceptor - Closing JPA EntityManager in OpenEntityManagerInViewInterceptor
2026-05-20 12:45:10.802 [http-nio-0.0.0.0-8080-exec-8] DEBUG o.s.o.j.s.OpenEntityManagerInViewInterceptor - Opening JPA EntityManager in OpenEntityManagerInViewInterceptor
2026-05-20 12:45:10.801 [http-nio-0.0.0.0-8080-exec-3] DEBUG o.s.o.j.s.OpenEntityManagerInViewInterceptor - Opening JPA EntityManager in OpenEntityManagerInViewInterceptor
2026-05-20 12:45:10.814 [http-nio-0.0.0.0-8080-exec-3] DEBUG org.hibernate.SQL - 
    select
        count(i1_0.id) 
    from
        interactions i1_0 
    left join
        projects p1_0 
            on p1_0.id=i1_0.project_id 
    where
        p1_0.id=? 
        and i1_0.type=?
2026-05-20 12:45:10.814 [http-nio-0.0.0.0-8080-exec-3] DEBUG org.hibernate.SQL - 
    select
        count(i1_0.id) 
    from
        interactions i1_0 
    left join
        projects p1_0 
            on p1_0.id=i1_0.project_id 
    where
        p1_0.id=? 
        and i1_0.type=?
2026-05-20 12:45:10.828 [http-nio-0.0.0.0-8080-exec-8] DEBUG org.hibernate.SQL - 
    select
        count(i1_0.id) 
    from
        interactions i1_0 
    left join
        projects p1_0 
            on p1_0.id=i1_0.project_id 
    where
        p1_0.id=? 
        and i1_0.type=?
2026-05-20 12:45:10.828 [http-nio-0.0.0.0-8080-exec-8] DEBUG org.hibernate.SQL - 
    select
        count(i1_0.id) 
    from
        interactions i1_0 
    left join
        projects p1_0 
            on p1_0.id=i1_0.project_id 
    where
        p1_0.id=? 
        and i1_0.type=?
2026-05-20 12:45:10.833 [http-nio-0.0.0.0-8080-exec-3] DEBUG org.hibernate.SQL - 
    select
        count(i1_0.id) 
    from
        interactions i1_0 
    left join
        projects p1_0 
            on p1_0.id=i1_0.project_id 
    where
        p1_0.id=? 
        and i1_0.type=?
2026-05-20 12:45:10.833 [http-nio-0.0.0.0-8080-exec-3] DEBUG org.hibernate.SQL - 
    select
        count(i1_0.id) 
    from
        interactions i1_0 
    left join
        projects p1_0 
            on p1_0.id=i1_0.project_id 
    where
        p1_0.id=? 
        and i1_0.type=?
2026-05-20 12:45:10.847 [http-nio-0.0.0.0-8080-exec-8] DEBUG org.hibernate.SQL - 
    select
        count(i1_0.id) 
    from
        interactions i1_0 
    left join
        projects p1_0 
            on p1_0.id=i1_0.project_id 
    where
        p1_0.id=? 
        and i1_0.type=?
2026-05-20 12:45:10.847 [http-nio-0.0.0.0-8080-exec-8] DEBUG org.hibernate.SQL - 
    select
        count(i1_0.id) 
    from
        interactions i1_0 
    left join
        projects p1_0 
            on p1_0.id=i1_0.project_id 
    where
        p1_0.id=? 
        and i1_0.type=?
2026-05-20 12:45:10.849 [http-nio-0.0.0.0-8080-exec-3] DEBUG org.hibernate.SQL - 
    select
        c1_0.id,
        c1_0.contenu,
        c1_0.created_at,
        c1_0.project_id,
        c1_0.user_id 
    from
        comments c1_0 
    left join
        projects p1_0 
            on p1_0.id=c1_0.project_id 
    where
        p1_0.id=? 
    order by
        c1_0.created_at desc
2026-05-20 12:45:10.849 [http-nio-0.0.0.0-8080-exec-3] DEBUG org.hibernate.SQL - 
    select
        c1_0.id,
        c1_0.contenu,
        c1_0.created_at,
        c1_0.project_id,
        c1_0.user_id 
    from
        comments c1_0 
    left join
        projects p1_0 
            on p1_0.id=c1_0.project_id 
    where
        p1_0.id=? 
    order by
        c1_0.created_at desc
2026-05-20 12:45:10.867 [http-nio-0.0.0.0-8080-exec-8] DEBUG org.hibernate.SQL - 
    select
        c1_0.id,
        c1_0.contenu,
        c1_0.created_at,
        c1_0.project_id,
        c1_0.user_id 
    from
        comments c1_0 
    left join
        projects p1_0 
            on p1_0.id=c1_0.project_id 
    where
        p1_0.id=? 
    order by
        c1_0.created_at desc
2026-05-20 12:45:10.867 [http-nio-0.0.0.0-8080-exec-8] DEBUG org.hibernate.SQL - 
    select
        c1_0.id,
        c1_0.contenu,
        c1_0.created_at,
        c1_0.project_id,
        c1_0.user_id 
    from
        comments c1_0 
    left join
        projects p1_0 
            on p1_0.id=c1_0.project_id 
    where
        p1_0.id=? 
    order by
        c1_0.created_at desc
2026-05-20 12:45:10.871 [http-nio-0.0.0.0-8080-exec-3] DEBUG o.s.o.j.s.OpenEntityManagerInViewInterceptor - Closing JPA EntityManager in OpenEntityManagerInViewInterceptor
2026-05-20 12:45:10.873 [http-nio-0.0.0.0-8080-exec-8] DEBUG org.hibernate.SQL - 
    select
        p1_0.id,
        p1_0.admin_notes,
        p1_0.all_or_nothing,
        p1_0.categorie,
        p1_0.created_at,
        p1_0.start_date,
        p1_0.end_date,
        p1_0.description,
        p1_0.cover_image,
        p1_0.localisation,
        p1_0.current_amount,
        p1_0.investors_count,
        p1_0.funding_goal,
        p1_0.equity_percentage,
        p1_0.owner_id,
        p2_0.id,
        p2_0.address,
        p2_0.admin_notes,
        p2_0.avatar_url,
        p2_0.bio,
        p2_0.preferred_category,
        p2_0.created_at,
        p2_0.email,
        p2_0.google_id,
        p2_0.kyc_status,
        p2_0.password,
        p2_0.last_name,
        p2_0.first_name,
        p2_0.role,
        p2_0.status,
        p2_0.phone,
        p2_0.ville,
        p1_0.status,
        p1_0.suspension_deadline,
        p1_0.interest_rate,
        p1_0.titre,
        p1_0.funding_type 
    from
        projects p1_0 
    join
        users p2_0 
            on p2_0.id=p1_0.owner_id 
    where
        p1_0.id=?
2026-05-20 12:45:10.873 [http-nio-0.0.0.0-8080-exec-8] DEBUG org.hibernate.SQL - 
    select
        p1_0.id,
        p1_0.admin_notes,
        p1_0.all_or_nothing,
        p1_0.categorie,
        p1_0.created_at,
        p1_0.start_date,
        p1_0.end_date,
        p1_0.description,
        p1_0.cover_image,
        p1_0.localisation,
        p1_0.current_amount,
        p1_0.investors_count,
        p1_0.funding_goal,
        p1_0.equity_percentage,
        p1_0.owner_id,
        p2_0.id,
        p2_0.address,
        p2_0.admin_notes,
        p2_0.avatar_url,
        p2_0.bio,
        p2_0.preferred_category,
        p2_0.created_at,
        p2_0.email,
        p2_0.google_id,
        p2_0.kyc_status,
        p2_0.password,
        p2_0.last_name,
        p2_0.first_name,
        p2_0.role,
        p2_0.status,
        p2_0.phone,
        p2_0.ville,
        p1_0.status,
        p1_0.suspension_deadline,
        p1_0.interest_rate,
        p1_0.titre,
        p1_0.funding_type 
    from
        projects p1_0 
    join
        users p2_0 
            on p2_0.id=p1_0.owner_id 
    where
        p1_0.id=?
2026-05-20 12:45:10.899 [http-nio-0.0.0.0-8080-exec-8] DEBUG org.hibernate.SQL - 
    select
        u1_0.id,
        u1_0.address,
        u1_0.admin_notes,
        u1_0.avatar_url,
        u1_0.bio,
        u1_0.preferred_category,
        u1_0.created_at,
        u1_0.email,
        u1_0.google_id,
        u1_0.kyc_status,
        u1_0.password,
        u1_0.last_name,
        u1_0.first_name,
        u1_0.role,
        u1_0.status,
        u1_0.phone,
        u1_0.ville 
    from
        users u1_0 
    where
        u1_0.id=?
2026-05-20 12:45:10.899 [http-nio-0.0.0.0-8080-exec-8] DEBUG org.hibernate.SQL - 
    select
        u1_0.id,
        u1_0.address,
        u1_0.admin_notes,
        u1_0.avatar_url,
        u1_0.bio,
        u1_0.preferred_category,
        u1_0.created_at,
        u1_0.email,
        u1_0.google_id,
        u1_0.kyc_status,
        u1_0.password,
        u1_0.last_name,
        u1_0.first_name,
        u1_0.role,
        u1_0.status,
        u1_0.phone,
        u1_0.ville 
    from
        users u1_0 
    where
        u1_0.id=?
2026-05-20 12:45:10.935 [http-nio-0.0.0.0-8080-exec-8] DEBUG o.s.o.j.s.OpenEntityManagerInViewInterceptor - Closing JPA EntityManager in OpenEntityManagerInViewInterceptor
2026-05-20 12:45:10.998 [http-nio-0.0.0.0-8080-exec-5] DEBUG o.s.o.j.s.OpenEntityManagerInViewInterceptor - Opening JPA EntityManager in OpenEntityManagerInViewInterceptor
2026-05-20 12:45:11.017 [http-nio-0.0.0.0-8080-exec-5] DEBUG org.hibernate.SQL - 
    select
        count(i1_0.id) 
    from
        interactions i1_0 
    left join
        projects p1_0 
            on p1_0.id=i1_0.project_id 
    where
        p1_0.id=? 
        and i1_0.type=?
2026-05-20 12:45:11.017 [http-nio-0.0.0.0-8080-exec-5] DEBUG org.hibernate.SQL - 
    select
        count(i1_0.id) 
    from
        interactions i1_0 
    left join
        projects p1_0 
            on p1_0.id=i1_0.project_id 
    where
        p1_0.id=? 
        and i1_0.type=?
2026-05-20 12:45:11.050 [http-nio-0.0.0.0-8080-exec-5] DEBUG org.hibernate.SQL - 
    select
        count(i1_0.id) 
    from
        interactions i1_0 
    left join
        projects p1_0 
            on p1_0.id=i1_0.project_id 
    where
        p1_0.id=? 
        and i1_0.type=?
2026-05-20 12:45:11.050 [http-nio-0.0.0.0-8080-exec-5] DEBUG org.hibernate.SQL - 
    select
        count(i1_0.id) 
    from
        interactions i1_0 
    left join
        projects p1_0 
            on p1_0.id=i1_0.project_id 
    where
        p1_0.id=? 
        and i1_0.type=?
2026-05-20 12:45:11.093 [http-nio-0.0.0.0-8080-exec-5] DEBUG org.hibernate.SQL - 
    select
        c1_0.id,
        c1_0.contenu,
        c1_0.created_at,
        c1_0.project_id,
        c1_0.user_id 
    from
        comments c1_0 
    left join
        projects p1_0 
            on p1_0.id=c1_0.project_id 
    where
        p1_0.id=? 
    order by
        c1_0.created_at desc
2026-05-20 12:45:11.093 [http-nio-0.0.0.0-8080-exec-5] DEBUG org.hibernate.SQL - 
    select
        c1_0.id,
        c1_0.contenu,
        c1_0.created_at,
        c1_0.project_id,
        c1_0.user_id 
    from
        comments c1_0 
    left join
        projects p1_0 
            on p1_0.id=c1_0.project_id 
    where
        p1_0.id=? 
    order by
        c1_0.created_at desc
2026-05-20 12:45:11.111 [http-nio-0.0.0.0-8080-exec-5] DEBUG org.hibernate.SQL - 
    select
        p1_0.id,
        p1_0.admin_notes,
        p1_0.all_or_nothing,
        p1_0.categorie,
        p1_0.created_at,
        p1_0.start_date,
        p1_0.end_date,
        p1_0.description,
        p1_0.cover_image,
        p1_0.localisation,
        p1_0.current_amount,
        p1_0.investors_count,
        p1_0.funding_goal,
        p1_0.equity_percentage,
        p1_0.owner_id,
        p2_0.id,
        p2_0.address,
        p2_0.admin_notes,
        p2_0.avatar_url,
        p2_0.bio,
        p2_0.preferred_category,
        p2_0.created_at,
        p2_0.email,
        p2_0.google_id,
        p2_0.kyc_status,
        p2_0.password,
        p2_0.last_name,
        p2_0.first_name,
        p2_0.role,
        p2_0.status,
        p2_0.phone,
        p2_0.ville,
        p1_0.status,
        p1_0.suspension_deadline,
        p1_0.interest_rate,
        p1_0.titre,
        p1_0.funding_type 
    from
        projects p1_0 
    join
        users p2_0 
            on p2_0.id=p1_0.owner_id 
    where
        p1_0.id=?
2026-05-20 12:45:11.111 [http-nio-0.0.0.0-8080-exec-5] DEBUG org.hibernate.SQL - 
    select
        p1_0.id,
        p1_0.admin_notes,
        p1_0.all_or_nothing,
        p1_0.categorie,
        p1_0.created_at,
        p1_0.start_date,
        p1_0.end_date,
        p1_0.description,
        p1_0.cover_image,
        p1_0.localisation,
        p1_0.current_amount,
        p1_0.investors_count,
        p1_0.funding_goal,
        p1_0.equity_percentage,
        p1_0.owner_id,
        p2_0.id,
        p2_0.address,
        p2_0.admin_notes,
        p2_0.avatar_url,
        p2_0.bio,
        p2_0.preferred_category,
        p2_0.created_at,
        p2_0.email,
        p2_0.google_id,
        p2_0.kyc_status,
        p2_0.password,
        p2_0.last_name,
        p2_0.first_name,
        p2_0.role,
        p2_0.status,
        p2_0.phone,
        p2_0.ville,
        p1_0.status,
        p1_0.suspension_deadline,
        p1_0.interest_rate,
        p1_0.titre,
        p1_0.funding_type 
    from
        projects p1_0 
    join
        users p2_0 
            on p2_0.id=p1_0.owner_id 
    where
        p1_0.id=?
2026-05-20 12:45:11.164 [http-nio-0.0.0.0-8080-exec-5] DEBUG o.s.o.j.s.OpenEntityManagerInViewInterceptor - Closing JPA EntityManager in OpenEntityManagerInViewInterceptor
2026-05-20 12:45:12.814 [http-nio-0.0.0.0-8080-exec-7] DEBUG o.s.o.j.s.OpenEntityManagerInViewInterceptor - Opening JPA EntityManager in OpenEntityManagerInViewInterceptor
2026-05-20 12:45:12.816 [http-nio-0.0.0.0-8080-exec-7] DEBUG o.s.orm.jpa.JpaTransactionManager - Found thread-bound EntityManager [SessionImpl(2010506921<open>)] for JPA transaction
2026-05-20 12:45:12.816 [http-nio-0.0.0.0-8080-exec-7] DEBUG o.s.orm.jpa.JpaTransactionManager - Creating new transaction with name [org.springframework.data.jpa.repository.support.SimpleJpaRepository.findAll]: PROPAGATION_REQUIRED,ISOLATION_DEFAULT,readOnly
2026-05-20 12:45:12.819 [http-nio-0.0.0.0-8080-exec-7] DEBUG o.s.orm.jpa.JpaTransactionManager - Exposing JPA transaction as JDBC [org.springframework.orm.jpa.vendor.HibernateJpaDialect$HibernateConnectionHandle@7552431a]
2026-05-20 12:45:12.823 [http-nio-0.0.0.0-8080-exec-7] DEBUG org.hibernate.SQL - 
    select
        p1_0.id,
        p1_0.admin_notes,
        p1_0.all_or_nothing,
        p1_0.categorie,
        p1_0.created_at,
        p1_0.start_date,
        p1_0.end_date,
        p1_0.description,
        p1_0.cover_image,
        p1_0.localisation,
        p1_0.current_amount,
        p1_0.investors_count,
        p1_0.funding_goal,
        p1_0.equity_percentage,
        p1_0.owner_id,
        p1_0.status,
        p1_0.suspension_deadline,
        p1_0.interest_rate,
        p1_0.titre,
        p1_0.funding_type 
    from
        projects p1_0
2026-05-20 12:45:12.823 [http-nio-0.0.0.0-8080-exec-7] DEBUG org.hibernate.SQL - 
    select
        p1_0.id,
        p1_0.admin_notes,
        p1_0.all_or_nothing,
        p1_0.categorie,
        p1_0.created_at,
        p1_0.start_date,
        p1_0.end_date,
        p1_0.description,
        p1_0.cover_image,
        p1_0.localisation,
        p1_0.current_amount,
        p1_0.investors_count,
        p1_0.funding_goal,
        p1_0.equity_percentage,
        p1_0.owner_id,
        p1_0.status,
        p1_0.suspension_deadline,
        p1_0.interest_rate,
        p1_0.titre,
        p1_0.funding_type 
    from
        projects p1_0
2026-05-20 12:45:12.829 [http-nio-0.0.0.0-8080-exec-7] DEBUG org.hibernate.SQL - 
    select
        u1_0.id,
        u1_0.address,
        u1_0.admin_notes,
        u1_0.avatar_url,
        u1_0.bio,
        u1_0.preferred_category,
        u1_0.created_at,
        u1_0.email,
        u1_0.google_id,
        u1_0.kyc_status,
        u1_0.password,
        u1_0.last_name,
        u1_0.first_name,
        u1_0.role,
        u1_0.status,
        u1_0.phone,
        u1_0.ville 
    from
        users u1_0 
    where
        u1_0.id=?
2026-05-20 12:45:12.829 [http-nio-0.0.0.0-8080-exec-7] DEBUG org.hibernate.SQL - 
    select
        u1_0.id,
        u1_0.address,
        u1_0.admin_notes,
        u1_0.avatar_url,
        u1_0.bio,
        u1_0.preferred_category,
        u1_0.created_at,
        u1_0.email,
        u1_0.google_id,
        u1_0.kyc_status,
        u1_0.password,
        u1_0.last_name,
        u1_0.first_name,
        u1_0.role,
        u1_0.status,
        u1_0.phone,
        u1_0.ville 
    from
        users u1_0 
    where
        u1_0.id=?
2026-05-20 12:45:12.832 [http-nio-0.0.0.0-8080-exec-7] DEBUG o.s.orm.jpa.JpaTransactionManager - Initiating transaction commit
2026-05-20 12:45:12.832 [http-nio-0.0.0.0-8080-exec-7] DEBUG o.s.orm.jpa.JpaTransactionManager - Committing JPA transaction on EntityManager [SessionImpl(2010506921<open>)]
2026-05-20 12:45:12.834 [http-nio-0.0.0.0-8080-exec-7] DEBUG o.s.orm.jpa.JpaTransactionManager - Not closing pre-bound JPA EntityManager after transaction
2026-05-20 12:45:12.836 [http-nio-0.0.0.0-8080-exec-7] DEBUG o.s.o.j.s.OpenEntityManagerInViewInterceptor - Closing JPA EntityManager in OpenEntityManagerInViewInterceptor
2026-05-20 12:45:12.932 [http-nio-0.0.0.0-8080-exec-6] DEBUG o.s.o.j.s.OpenEntityManagerInViewInterceptor - Opening JPA EntityManager in OpenEntityManagerInViewInterceptor
2026-05-20 12:45:12.932 [http-nio-0.0.0.0-8080-exec-9] DEBUG o.s.o.j.s.OpenEntityManagerInViewInterceptor - Opening JPA EntityManager in OpenEntityManagerInViewInterceptor
2026-05-20 12:45:12.934 [http-nio-0.0.0.0-8080-exec-4] DEBUG o.s.o.j.s.OpenEntityManagerInViewInterceptor - Opening JPA EntityManager in OpenEntityManagerInViewInterceptor
2026-05-20 12:45:12.950 [http-nio-0.0.0.0-8080-exec-6] DEBUG org.hibernate.SQL - 
    select
        count(i1_0.id) 
    from
        interactions i1_0 
    left join
        projects p1_0 
            on p1_0.id=i1_0.project_id 
    where
        p1_0.id=? 
        and i1_0.type=?
2026-05-20 12:45:12.950 [http-nio-0.0.0.0-8080-exec-6] DEBUG org.hibernate.SQL - 
    select
        count(i1_0.id) 
    from
        interactions i1_0 
    left join
        projects p1_0 
            on p1_0.id=i1_0.project_id 
    where
        p1_0.id=? 
        and i1_0.type=?
2026-05-20 12:45:12.950 [http-nio-0.0.0.0-8080-exec-9] DEBUG org.hibernate.SQL - 
    select
        count(i1_0.id) 
    from
        interactions i1_0 
    left join
        projects p1_0 
            on p1_0.id=i1_0.project_id 
    where
        p1_0.id=? 
        and i1_0.type=?
2026-05-20 12:45:12.950 [http-nio-0.0.0.0-8080-exec-9] DEBUG org.hibernate.SQL - 
    select
        count(i1_0.id) 
    from
        interactions i1_0 
    left join
        projects p1_0 
            on p1_0.id=i1_0.project_id 
    where
        p1_0.id=? 
        and i1_0.type=?
2026-05-20 12:45:12.966 [http-nio-0.0.0.0-8080-exec-4] DEBUG org.hibernate.SQL - 
    select
        count(i1_0.id) 
    from
        interactions i1_0 
    left join
        projects p1_0 
            on p1_0.id=i1_0.project_id 
    where
        p1_0.id=? 
        and i1_0.type=?
2026-05-20 12:45:12.966 [http-nio-0.0.0.0-8080-exec-9] DEBUG org.hibernate.SQL - 
    select
        count(i1_0.id) 
    from
        interactions i1_0 
    left join
        projects p1_0 
            on p1_0.id=i1_0.project_id 
    where
        p1_0.id=? 
        and i1_0.type=?
2026-05-20 12:45:12.966 [http-nio-0.0.0.0-8080-exec-9] DEBUG org.hibernate.SQL - 
    select
        count(i1_0.id) 
    from
        interactions i1_0 
    left join
        projects p1_0 
            on p1_0.id=i1_0.project_id 
    where
        p1_0.id=? 
        and i1_0.type=?
2026-05-20 12:45:12.966 [http-nio-0.0.0.0-8080-exec-4] DEBUG org.hibernate.SQL - 
    select
        count(i1_0.id) 
    from
        interactions i1_0 
    left join
        projects p1_0 
            on p1_0.id=i1_0.project_id 
    where
        p1_0.id=? 
        and i1_0.type=?
2026-05-20 12:45:12.968 [http-nio-0.0.0.0-8080-exec-6] DEBUG org.hibernate.SQL - 
    select
        count(i1_0.id) 
    from
        interactions i1_0 
    left join
        projects p1_0 
            on p1_0.id=i1_0.project_id 
    where
        p1_0.id=? 
        and i1_0.type=?
2026-05-20 12:45:12.968 [http-nio-0.0.0.0-8080-exec-6] DEBUG org.hibernate.SQL - 
    select
        count(i1_0.id) 
    from
        interactions i1_0 
    left join
        projects p1_0 
            on p1_0.id=i1_0.project_id 
    where
        p1_0.id=? 
        and i1_0.type=?
2026-05-20 12:45:13.002 [http-nio-0.0.0.0-8080-exec-9] DEBUG org.hibernate.SQL - 
    select
        c1_0.id,
        c1_0.contenu,
        c1_0.created_at,
        c1_0.project_id,
        c1_0.user_id 
    from
        comments c1_0 
    left join
        projects p1_0 
            on p1_0.id=c1_0.project_id 
    where
        p1_0.id=? 
    order by
        c1_0.created_at desc
2026-05-20 12:45:13.002 [http-nio-0.0.0.0-8080-exec-9] DEBUG org.hibernate.SQL - 
    select
        c1_0.id,
        c1_0.contenu,
        c1_0.created_at,
        c1_0.project_id,
        c1_0.user_id 
    from
        comments c1_0 
    left join
        projects p1_0 
            on p1_0.id=c1_0.project_id 
    where
        p1_0.id=? 
    order by
        c1_0.created_at desc
2026-05-20 12:45:13.018 [http-nio-0.0.0.0-8080-exec-6] DEBUG org.hibernate.SQL - 
    select
        c1_0.id,
        c1_0.contenu,
        c1_0.created_at,
        c1_0.project_id,
        c1_0.user_id 
    from
        comments c1_0 
    left join
        projects p1_0 
            on p1_0.id=c1_0.project_id 
    where
        p1_0.id=? 
    order by
        c1_0.created_at desc
2026-05-20 12:45:13.018 [http-nio-0.0.0.0-8080-exec-6] DEBUG org.hibernate.SQL - 
    select
        c1_0.id,
        c1_0.contenu,
        c1_0.created_at,
        c1_0.project_id,
        c1_0.user_id 
    from
        comments c1_0 
    left join
        projects p1_0 
            on p1_0.id=c1_0.project_id 
    where
        p1_0.id=? 
    order by
        c1_0.created_at desc
2026-05-20 12:45:13.035 [http-nio-0.0.0.0-8080-exec-9] DEBUG org.hibernate.SQL - 
    select
        p1_0.id,
        p1_0.admin_notes,
        p1_0.all_or_nothing,
        p1_0.categorie,
        p1_0.created_at,
        p1_0.start_date,
        p1_0.end_date,
        p1_0.description,
        p1_0.cover_image,
        p1_0.localisation,
        p1_0.current_amount,
        p1_0.investors_count,
        p1_0.funding_goal,
        p1_0.equity_percentage,
        p1_0.owner_id,
        p2_0.id,
        p2_0.address,
        p2_0.admin_notes,
        p2_0.avatar_url,
        p2_0.bio,
        p2_0.preferred_category,
        p2_0.created_at,
        p2_0.email,
        p2_0.google_id,
        p2_0.kyc_status,
        p2_0.password,
        p2_0.last_name,
        p2_0.first_name,
        p2_0.role,
        p2_0.status,
        p2_0.phone,
        p2_0.ville,
        p1_0.status,
        p1_0.suspension_deadline,
        p1_0.interest_rate,
        p1_0.titre,
        p1_0.funding_type 
    from
        projects p1_0 
    join
        users p2_0 
            on p2_0.id=p1_0.owner_id 
    where
        p1_0.id=?
2026-05-20 12:45:13.035 [http-nio-0.0.0.0-8080-exec-9] DEBUG org.hibernate.SQL - 
    select
        p1_0.id,
        p1_0.admin_notes,
        p1_0.all_or_nothing,
        p1_0.categorie,
        p1_0.created_at,
        p1_0.start_date,
        p1_0.end_date,
        p1_0.description,
        p1_0.cover_image,
        p1_0.localisation,
        p1_0.current_amount,
        p1_0.investors_count,
        p1_0.funding_goal,
        p1_0.equity_percentage,
        p1_0.owner_id,
        p2_0.id,
        p2_0.address,
        p2_0.admin_notes,
        p2_0.avatar_url,
        p2_0.bio,
        p2_0.preferred_category,
        p2_0.created_at,
        p2_0.email,
        p2_0.google_id,
        p2_0.kyc_status,
        p2_0.password,
        p2_0.last_name,
        p2_0.first_name,
        p2_0.role,
        p2_0.status,
        p2_0.phone,
        p2_0.ville,
        p1_0.status,
        p1_0.suspension_deadline,
        p1_0.interest_rate,
        p1_0.titre,
        p1_0.funding_type 
    from
        projects p1_0 
    join
        users p2_0 
            on p2_0.id=p1_0.owner_id 
    where
        p1_0.id=?
2026-05-20 12:45:13.036 [http-nio-0.0.0.0-8080-exec-4] DEBUG org.hibernate.SQL - 
    select
        count(i1_0.id) 
    from
        interactions i1_0 
    left join
        projects p1_0 
            on p1_0.id=i1_0.project_id 
    where
        p1_0.id=? 
        and i1_0.type=?
2026-05-20 12:45:13.036 [http-nio-0.0.0.0-8080-exec-4] DEBUG org.hibernate.SQL - 
    select
        count(i1_0.id) 
    from
        interactions i1_0 
    left join
        projects p1_0 
            on p1_0.id=i1_0.project_id 
    where
        p1_0.id=? 
        and i1_0.type=?
2026-05-20 12:45:13.040 [http-nio-0.0.0.0-8080-exec-6] DEBUG org.hibernate.SQL - 
    select
        p1_0.id,
        p1_0.admin_notes,
        p1_0.all_or_nothing,
        p1_0.categorie,
        p1_0.created_at,
        p1_0.start_date,
        p1_0.end_date,
        p1_0.description,
        p1_0.cover_image,
        p1_0.localisation,
        p1_0.current_amount,
        p1_0.investors_count,
        p1_0.funding_goal,
        p1_0.equity_percentage,
        p1_0.owner_id,
        p2_0.id,
        p2_0.address,
        p2_0.admin_notes,
        p2_0.avatar_url,
        p2_0.bio,
        p2_0.preferred_category,
        p2_0.created_at,
        p2_0.email,
        p2_0.google_id,
        p2_0.kyc_status,
        p2_0.password,
        p2_0.last_name,
        p2_0.first_name,
        p2_0.role,
        p2_0.status,
        p2_0.phone,
        p2_0.ville,
        p1_0.status,
        p1_0.suspension_deadline,
        p1_0.interest_rate,
        p1_0.titre,
        p1_0.funding_type 
    from
        projects p1_0 
    join
        users p2_0 
            on p2_0.id=p1_0.owner_id 
    where
        p1_0.id=?
2026-05-20 12:45:13.040 [http-nio-0.0.0.0-8080-exec-6] DEBUG org.hibernate.SQL - 
    select
        p1_0.id,
        p1_0.admin_notes,
        p1_0.all_or_nothing,
        p1_0.categorie,
        p1_0.created_at,
        p1_0.start_date,
        p1_0.end_date,
        p1_0.description,
        p1_0.cover_image,
        p1_0.localisation,
        p1_0.current_amount,
        p1_0.investors_count,
        p1_0.funding_goal,
        p1_0.equity_percentage,
        p1_0.owner_id,
        p2_0.id,
        p2_0.address,
        p2_0.admin_notes,
        p2_0.avatar_url,
        p2_0.bio,
        p2_0.preferred_category,
        p2_0.created_at,
        p2_0.email,
        p2_0.google_id,
        p2_0.kyc_status,
        p2_0.password,
        p2_0.last_name,
        p2_0.first_name,
        p2_0.role,
        p2_0.status,
        p2_0.phone,
        p2_0.ville,
        p1_0.status,
        p1_0.suspension_deadline,
        p1_0.interest_rate,
        p1_0.titre,
        p1_0.funding_type 
    from
        projects p1_0 
    join
        users p2_0 
            on p2_0.id=p1_0.owner_id 
    where
        p1_0.id=?
2026-05-20 12:45:13.061 [http-nio-0.0.0.0-8080-exec-6] DEBUG org.hibernate.SQL - 
    select
        u1_0.id,
        u1_0.address,
        u1_0.admin_notes,
        u1_0.avatar_url,
        u1_0.bio,
        u1_0.preferred_category,
        u1_0.created_at,
        u1_0.email,
        u1_0.google_id,
        u1_0.kyc_status,
        u1_0.password,
        u1_0.last_name,
        u1_0.first_name,
        u1_0.role,
        u1_0.status,
        u1_0.phone,
        u1_0.ville 
    from
        users u1_0 
    where
        u1_0.id=?
2026-05-20 12:45:13.061 [http-nio-0.0.0.0-8080-exec-6] DEBUG org.hibernate.SQL - 
    select
        u1_0.id,
        u1_0.address,
        u1_0.admin_notes,
        u1_0.avatar_url,
        u1_0.bio,
        u1_0.preferred_category,
        u1_0.created_at,
        u1_0.email,
        u1_0.google_id,
        u1_0.kyc_status,
        u1_0.password,
        u1_0.last_name,
        u1_0.first_name,
        u1_0.role,
        u1_0.status,
        u1_0.phone,
        u1_0.ville 
    from
        users u1_0 
    where
        u1_0.id=?
2026-05-20 12:45:13.085 [http-nio-0.0.0.0-8080-exec-4] DEBUG org.hibernate.SQL - 
    select
        c1_0.id,
        c1_0.contenu,
        c1_0.created_at,
        c1_0.project_id,
        c1_0.user_id 
    from
        comments c1_0 
    left join
        projects p1_0 
            on p1_0.id=c1_0.project_id 
    where
        p1_0.id=? 
    order by
        c1_0.created_at desc
2026-05-20 12:45:13.085 [http-nio-0.0.0.0-8080-exec-4] DEBUG org.hibernate.SQL - 
    select
        c1_0.id,
        c1_0.contenu,
        c1_0.created_at,
        c1_0.project_id,
        c1_0.user_id 
    from
        comments c1_0 
    left join
        projects p1_0 
            on p1_0.id=c1_0.project_id 
    where
        p1_0.id=? 
    order by
        c1_0.created_at desc
2026-05-20 12:45:13.094 [http-nio-0.0.0.0-8080-exec-9] DEBUG o.s.o.j.s.OpenEntityManagerInViewInterceptor - Closing JPA EntityManager in OpenEntityManagerInViewInterceptor
2026-05-20 12:45:13.100 [http-nio-0.0.0.0-8080-exec-6] DEBUG o.s.o.j.s.OpenEntityManagerInViewInterceptor - Closing JPA EntityManager in OpenEntityManagerInViewInterceptor
2026-05-20 12:45:13.113 [http-nio-0.0.0.0-8080-exec-4] DEBUG o.s.o.j.s.OpenEntityManagerInViewInterceptor - Closing JPA EntityManager in OpenEntityManagerInViewInterceptor
2026-05-20 12:45:13.131 [http-nio-0.0.0.0-8080-exec-1] DEBUG o.s.o.j.s.OpenEntityManagerInViewInterceptor - Opening JPA EntityManager in OpenEntityManagerInViewInterceptor
2026-05-20 12:45:13.132 [http-nio-0.0.0.0-8080-exec-2] DEBUG o.s.o.j.s.OpenEntityManagerInViewInterceptor - Opening JPA EntityManager in OpenEntityManagerInViewInterceptor
2026-05-20 12:45:13.141 [http-nio-0.0.0.0-8080-exec-1] DEBUG org.hibernate.SQL - 
    select
        count(i1_0.id) 
    from
        interactions i1_0 
    left join
        projects p1_0 
            on p1_0.id=i1_0.project_id 
    where
        p1_0.id=? 
        and i1_0.type=?
2026-05-20 12:45:13.141 [http-nio-0.0.0.0-8080-exec-1] DEBUG org.hibernate.SQL - 
    select
        count(i1_0.id) 
    from
        interactions i1_0 
    left join
        projects p1_0 
            on p1_0.id=i1_0.project_id 
    where
        p1_0.id=? 
        and i1_0.type=?
2026-05-20 12:45:13.144 [http-nio-0.0.0.0-8080-exec-2] DEBUG org.hibernate.SQL - 
    select
        count(i1_0.id) 
    from
        interactions i1_0 
    left join
        projects p1_0 
            on p1_0.id=i1_0.project_id 
    where
        p1_0.id=? 
        and i1_0.type=?
2026-05-20 12:45:13.144 [http-nio-0.0.0.0-8080-exec-2] DEBUG org.hibernate.SQL - 
    select
        count(i1_0.id) 
    from
        interactions i1_0 
    left join
        projects p1_0 
            on p1_0.id=i1_0.project_id 
    where
        p1_0.id=? 
        and i1_0.type=?
2026-05-20 12:45:13.144 [http-nio-0.0.0.0-8080-exec-10] DEBUG o.s.o.j.s.OpenEntityManagerInViewInterceptor - Opening JPA EntityManager in OpenEntityManagerInViewInterceptor
2026-05-20 12:45:13.150 [http-nio-0.0.0.0-8080-exec-2] DEBUG org.hibernate.SQL - 
    select
        count(i1_0.id) 
    from
        interactions i1_0 
    left join
        projects p1_0 
            on p1_0.id=i1_0.project_id 
    where
        p1_0.id=? 
        and i1_0.type=?
2026-05-20 12:45:13.150 [http-nio-0.0.0.0-8080-exec-2] DEBUG org.hibernate.SQL - 
    select
        count(i1_0.id) 
    from
        interactions i1_0 
    left join
        projects p1_0 
            on p1_0.id=i1_0.project_id 
    where
        p1_0.id=? 
        and i1_0.type=?
2026-05-20 12:45:13.150 [http-nio-0.0.0.0-8080-exec-10] DEBUG org.hibernate.SQL - 
    select
        count(i1_0.id) 
    from
        interactions i1_0 
    left join
        projects p1_0 
            on p1_0.id=i1_0.project_id 
    where
        p1_0.id=? 
        and i1_0.type=?
2026-05-20 12:45:13.150 [http-nio-0.0.0.0-8080-exec-10] DEBUG org.hibernate.SQL - 
    select
        count(i1_0.id) 
    from
        interactions i1_0 
    left join
        projects p1_0 
            on p1_0.id=i1_0.project_id 
    where
        p1_0.id=? 
        and i1_0.type=?
2026-05-20 12:45:13.157 [http-nio-0.0.0.0-8080-exec-1] DEBUG org.hibernate.SQL - 
    select
        count(i1_0.id) 
    from
        interactions i1_0 
    left join
        projects p1_0 
            on p1_0.id=i1_0.project_id 
    where
        p1_0.id=? 
        and i1_0.type=?
2026-05-20 12:45:13.157 [http-nio-0.0.0.0-8080-exec-1] DEBUG org.hibernate.SQL - 
    select
        count(i1_0.id) 
    from
        interactions i1_0 
    left join
        projects p1_0 
            on p1_0.id=i1_0.project_id 
    where
        p1_0.id=? 
        and i1_0.type=?
2026-05-20 12:45:13.161 [http-nio-0.0.0.0-8080-exec-2] DEBUG org.hibernate.SQL - 
    select
        c1_0.id,
        c1_0.contenu,
        c1_0.created_at,
        c1_0.project_id,
        c1_0.user_id 
    from
        comments c1_0 
    left join
        projects p1_0 
            on p1_0.id=c1_0.project_id 
    where
        p1_0.id=? 
    order by
        c1_0.created_at desc
2026-05-20 12:45:13.161 [http-nio-0.0.0.0-8080-exec-2] DEBUG org.hibernate.SQL - 
    select
        c1_0.id,
        c1_0.contenu,
        c1_0.created_at,
        c1_0.project_id,
        c1_0.user_id 
    from
        comments c1_0 
    left join
        projects p1_0 
            on p1_0.id=c1_0.project_id 
    where
        p1_0.id=? 
    order by
        c1_0.created_at desc
2026-05-20 12:45:13.162 [http-nio-0.0.0.0-8080-exec-10] DEBUG org.hibernate.SQL - 
    select
        count(i1_0.id) 
    from
        interactions i1_0 
    left join
        projects p1_0 
            on p1_0.id=i1_0.project_id 
    where
        p1_0.id=? 
        and i1_0.type=?
2026-05-20 12:45:13.162 [http-nio-0.0.0.0-8080-exec-10] DEBUG org.hibernate.SQL - 
    select
        count(i1_0.id) 
    from
        interactions i1_0 
    left join
        projects p1_0 
            on p1_0.id=i1_0.project_id 
    where
        p1_0.id=? 
        and i1_0.type=?
2026-05-20 12:45:13.165 [http-nio-0.0.0.0-8080-exec-2] DEBUG org.hibernate.SQL - 
    select
        p1_0.id,
        p1_0.admin_notes,
        p1_0.all_or_nothing,
        p1_0.categorie,
        p1_0.created_at,
        p1_0.start_date,
        p1_0.end_date,
        p1_0.description,
        p1_0.cover_image,
        p1_0.localisation,
        p1_0.current_amount,
        p1_0.investors_count,
        p1_0.funding_goal,
        p1_0.equity_percentage,
        p1_0.owner_id,
        p2_0.id,
        p2_0.address,
        p2_0.admin_notes,
        p2_0.avatar_url,
        p2_0.bio,
        p2_0.preferred_category,
        p2_0.created_at,
        p2_0.email,
        p2_0.google_id,
        p2_0.kyc_status,
        p2_0.password,
        p2_0.last_name,
        p2_0.first_name,
        p2_0.role,
        p2_0.status,
        p2_0.phone,
        p2_0.ville,
        p1_0.status,
        p1_0.suspension_deadline,
        p1_0.interest_rate,
        p1_0.titre,
        p1_0.funding_type 
    from
        projects p1_0 
    join
        users p2_0 
            on p2_0.id=p1_0.owner_id 
    where
        p1_0.id=?
2026-05-20 12:45:13.165 [http-nio-0.0.0.0-8080-exec-2] DEBUG org.hibernate.SQL - 
    select
        p1_0.id,
        p1_0.admin_notes,
        p1_0.all_or_nothing,
        p1_0.categorie,
        p1_0.created_at,
        p1_0.start_date,
        p1_0.end_date,
        p1_0.description,
        p1_0.cover_image,
        p1_0.localisation,
        p1_0.current_amount,
        p1_0.investors_count,
        p1_0.funding_goal,
        p1_0.equity_percentage,
        p1_0.owner_id,
        p2_0.id,
        p2_0.address,
        p2_0.admin_notes,
        p2_0.avatar_url,
        p2_0.bio,
        p2_0.preferred_category,
        p2_0.created_at,
        p2_0.email,
        p2_0.google_id,
        p2_0.kyc_status,
        p2_0.password,
        p2_0.last_name,
        p2_0.first_name,
        p2_0.role,
        p2_0.status,
        p2_0.phone,
        p2_0.ville,
        p1_0.status,
        p1_0.suspension_deadline,
        p1_0.interest_rate,
        p1_0.titre,
        p1_0.funding_type 
    from
        projects p1_0 
    join
        users p2_0 
            on p2_0.id=p1_0.owner_id 
    where
        p1_0.id=?
2026-05-20 12:45:13.165 [http-nio-0.0.0.0-8080-exec-1] DEBUG org.hibernate.SQL - 
    select
        c1_0.id,
        c1_0.contenu,
        c1_0.created_at,
        c1_0.project_id,
        c1_0.user_id 
    from
        comments c1_0 
    left join
        projects p1_0 
            on p1_0.id=c1_0.project_id 
    where
        p1_0.id=? 
    order by
        c1_0.created_at desc
2026-05-20 12:45:13.165 [http-nio-0.0.0.0-8080-exec-1] DEBUG org.hibernate.SQL - 
    select
        c1_0.id,
        c1_0.contenu,
        c1_0.created_at,
        c1_0.project_id,
        c1_0.user_id 
    from
        comments c1_0 
    left join
        projects p1_0 
            on p1_0.id=c1_0.project_id 
    where
        p1_0.id=? 
    order by
        c1_0.created_at desc
2026-05-20 12:45:13.170 [http-nio-0.0.0.0-8080-exec-2] DEBUG org.hibernate.SQL - 
    select
        u1_0.id,
        u1_0.address,
        u1_0.admin_notes,
        u1_0.avatar_url,
        u1_0.bio,
        u1_0.preferred_category,
        u1_0.created_at,
        u1_0.email,
        u1_0.google_id,
        u1_0.kyc_status,
        u1_0.password,
        u1_0.last_name,
        u1_0.first_name,
        u1_0.role,
        u1_0.status,
        u1_0.phone,
        u1_0.ville 
    from
        users u1_0 
    where
        u1_0.id=?
2026-05-20 12:45:13.170 [http-nio-0.0.0.0-8080-exec-2] DEBUG org.hibernate.SQL - 
    select
        u1_0.id,
        u1_0.address,
        u1_0.admin_notes,
        u1_0.avatar_url,
        u1_0.bio,
        u1_0.preferred_category,
        u1_0.created_at,
        u1_0.email,
        u1_0.google_id,
        u1_0.kyc_status,
        u1_0.password,
        u1_0.last_name,
        u1_0.first_name,
        u1_0.role,
        u1_0.status,
        u1_0.phone,
        u1_0.ville 
    from
        users u1_0 
    where
        u1_0.id=?
2026-05-20 12:45:13.173 [http-nio-0.0.0.0-8080-exec-1] DEBUG org.hibernate.SQL - 
    select
        p1_0.id,
        p1_0.admin_notes,
        p1_0.all_or_nothing,
        p1_0.categorie,
        p1_0.created_at,
        p1_0.start_date,
        p1_0.end_date,
        p1_0.description,
        p1_0.cover_image,
        p1_0.localisation,
        p1_0.current_amount,
        p1_0.investors_count,
        p1_0.funding_goal,
        p1_0.equity_percentage,
        p1_0.owner_id,
        p2_0.id,
        p2_0.address,
        p2_0.admin_notes,
        p2_0.avatar_url,
        p2_0.bio,
        p2_0.preferred_category,
        p2_0.created_at,
        p2_0.email,
        p2_0.google_id,
        p2_0.kyc_status,
        p2_0.password,
        p2_0.last_name,
        p2_0.first_name,
        p2_0.role,
        p2_0.status,
        p2_0.phone,
        p2_0.ville,
        p1_0.status,
        p1_0.suspension_deadline,
        p1_0.interest_rate,
        p1_0.titre,
        p1_0.funding_type 
    from
        projects p1_0 
    join
        users p2_0 
            on p2_0.id=p1_0.owner_id 
    where
        p1_0.id=?
2026-05-20 12:45:13.173 [http-nio-0.0.0.0-8080-exec-1] DEBUG org.hibernate.SQL - 
    select
        p1_0.id,
        p1_0.admin_notes,
        p1_0.all_or_nothing,
        p1_0.categorie,
        p1_0.created_at,
        p1_0.start_date,
        p1_0.end_date,
        p1_0.description,
        p1_0.cover_image,
        p1_0.localisation,
        p1_0.current_amount,
        p1_0.investors_count,
        p1_0.funding_goal,
        p1_0.equity_percentage,
        p1_0.owner_id,
        p2_0.id,
        p2_0.address,
        p2_0.admin_notes,
        p2_0.avatar_url,
        p2_0.bio,
        p2_0.preferred_category,
        p2_0.created_at,
        p2_0.email,
        p2_0.google_id,
        p2_0.kyc_status,
        p2_0.password,
        p2_0.last_name,
        p2_0.first_name,
        p2_0.role,
        p2_0.status,
        p2_0.phone,
        p2_0.ville,
        p1_0.status,
        p1_0.suspension_deadline,
        p1_0.interest_rate,
        p1_0.titre,
        p1_0.funding_type 
    from
        projects p1_0 
    join
        users p2_0 
            on p2_0.id=p1_0.owner_id 
    where
        p1_0.id=?
2026-05-20 12:45:13.180 [http-nio-0.0.0.0-8080-exec-10] DEBUG org.hibernate.SQL - 
    select
        c1_0.id,
        c1_0.contenu,
        c1_0.created_at,
        c1_0.project_id,
        c1_0.user_id 
    from
        comments c1_0 
    left join
        projects p1_0 
            on p1_0.id=c1_0.project_id 
    where
        p1_0.id=? 
    order by
        c1_0.created_at desc
2026-05-20 12:45:13.180 [http-nio-0.0.0.0-8080-exec-10] DEBUG org.hibernate.SQL - 
    select
        c1_0.id,
        c1_0.contenu,
        c1_0.created_at,
        c1_0.project_id,
        c1_0.user_id 
    from
        comments c1_0 
    left join
        projects p1_0 
            on p1_0.id=c1_0.project_id 
    where
        p1_0.id=? 
    order by
        c1_0.created_at desc
2026-05-20 12:45:13.195 [http-nio-0.0.0.0-8080-exec-2] DEBUG o.s.o.j.s.OpenEntityManagerInViewInterceptor - Closing JPA EntityManager in OpenEntityManagerInViewInterceptor
2026-05-20 12:45:13.195 [http-nio-0.0.0.0-8080-exec-1] DEBUG o.s.o.j.s.OpenEntityManagerInViewInterceptor - Closing JPA EntityManager in OpenEntityManagerInViewInterceptor
2026-05-20 12:45:13.196 [http-nio-0.0.0.0-8080-exec-10] DEBUG o.s.o.j.s.OpenEntityManagerInViewInterceptor - Closing JPA EntityManager in OpenEntityManagerInViewInterceptor
2026-05-20 12:45:13.251 [http-nio-0.0.0.0-8080-exec-3] DEBUG o.s.o.j.s.OpenEntityManagerInViewInterceptor - Opening JPA EntityManager in OpenEntityManagerInViewInterceptor
2026-05-20 12:45:13.252 [http-nio-0.0.0.0-8080-exec-3] DEBUG o.s.orm.jpa.JpaTransactionManager - Found thread-bound EntityManager [SessionImpl(671351937<open>)] for JPA transaction
2026-05-20 12:45:13.252 [http-nio-0.0.0.0-8080-exec-3] DEBUG o.s.orm.jpa.JpaTransactionManager - Creating new transaction with name [org.springframework.data.jpa.repository.support.SimpleJpaRepository.findAll]: PROPAGATION_REQUIRED,ISOLATION_DEFAULT,readOnly
2026-05-20 12:45:13.255 [http-nio-0.0.0.0-8080-exec-3] DEBUG o.s.orm.jpa.JpaTransactionManager - Exposing JPA transaction as JDBC [org.springframework.orm.jpa.vendor.HibernateJpaDialect$HibernateConnectionHandle@2be53de4]
2026-05-20 12:45:13.260 [http-nio-0.0.0.0-8080-exec-3] DEBUG org.hibernate.SQL - 
    select
        p1_0.id,
        p1_0.admin_notes,
        p1_0.all_or_nothing,
        p1_0.categorie,
        p1_0.created_at,
        p1_0.start_date,
        p1_0.end_date,
        p1_0.description,
        p1_0.cover_image,
        p1_0.localisation,
        p1_0.current_amount,
        p1_0.investors_count,
        p1_0.funding_goal,
        p1_0.equity_percentage,
        p1_0.owner_id,
        p1_0.status,
        p1_0.suspension_deadline,
        p1_0.interest_rate,
        p1_0.titre,
        p1_0.funding_type 
    from
        projects p1_0
2026-05-20 12:45:13.260 [http-nio-0.0.0.0-8080-exec-3] DEBUG org.hibernate.SQL - 
    select
        p1_0.id,
        p1_0.admin_notes,
        p1_0.all_or_nothing,
        p1_0.categorie,
        p1_0.created_at,
        p1_0.start_date,
        p1_0.end_date,
        p1_0.description,
        p1_0.cover_image,
        p1_0.localisation,
        p1_0.current_amount,
        p1_0.investors_count,
        p1_0.funding_goal,
        p1_0.equity_percentage,
        p1_0.owner_id,
        p1_0.status,
        p1_0.suspension_deadline,
        p1_0.interest_rate,
        p1_0.titre,
        p1_0.funding_type 
    from
        projects p1_0
2026-05-20 12:45:13.263 [http-nio-0.0.0.0-8080-exec-3] DEBUG org.hibernate.SQL - 
    select
        u1_0.id,
        u1_0.address,
        u1_0.admin_notes,
        u1_0.avatar_url,
        u1_0.bio,
        u1_0.preferred_category,
        u1_0.created_at,
        u1_0.email,
        u1_0.google_id,
        u1_0.kyc_status,
        u1_0.password,
        u1_0.last_name,
        u1_0.first_name,
        u1_0.role,
        u1_0.status,
        u1_0.phone,
        u1_0.ville 
    from
        users u1_0 
    where
        u1_0.id=?
2026-05-20 12:45:13.263 [http-nio-0.0.0.0-8080-exec-3] DEBUG org.hibernate.SQL - 
    select
        u1_0.id,
        u1_0.address,
        u1_0.admin_notes,
        u1_0.avatar_url,
        u1_0.bio,
        u1_0.preferred_category,
        u1_0.created_at,
        u1_0.email,
        u1_0.google_id,
        u1_0.kyc_status,
        u1_0.password,
        u1_0.last_name,
        u1_0.first_name,
        u1_0.role,
        u1_0.status,
        u1_0.phone,
        u1_0.ville 
    from
        users u1_0 
    where
        u1_0.id=?
2026-05-20 12:45:13.268 [http-nio-0.0.0.0-8080-exec-3] DEBUG o.s.orm.jpa.JpaTransactionManager - Initiating transaction commit
2026-05-20 12:45:13.268 [http-nio-0.0.0.0-8080-exec-3] DEBUG o.s.orm.jpa.JpaTransactionManager - Committing JPA transaction on EntityManager [SessionImpl(671351937<open>)]
2026-05-20 12:45:13.270 [http-nio-0.0.0.0-8080-exec-8] DEBUG o.s.o.j.s.OpenEntityManagerInViewInterceptor - Opening JPA EntityManager in OpenEntityManagerInViewInterceptor
2026-05-20 12:45:13.270 [http-nio-0.0.0.0-8080-exec-3] DEBUG o.s.orm.jpa.JpaTransactionManager - Not closing pre-bound JPA EntityManager after transaction
2026-05-20 12:45:13.294 [http-nio-0.0.0.0-8080-exec-8] DEBUG o.s.orm.jpa.JpaTransactionManager - Found thread-bound EntityManager [SessionImpl(671671014<open>)] for JPA transaction
2026-05-20 12:45:13.295 [http-nio-0.0.0.0-8080-exec-8] DEBUG o.s.orm.jpa.JpaTransactionManager - Creating new transaction with name [org.springframework.data.jpa.repository.support.SimpleJpaRepository.findAll]: PROPAGATION_REQUIRED,ISOLATION_DEFAULT,readOnly
2026-05-20 12:45:13.296 [http-nio-0.0.0.0-8080-exec-3] DEBUG o.s.o.j.s.OpenEntityManagerInViewInterceptor - Closing JPA EntityManager in OpenEntityManagerInViewInterceptor
2026-05-20 12:45:13.296 [http-nio-0.0.0.0-8080-exec-8] DEBUG o.s.orm.jpa.JpaTransactionManager - Exposing JPA transaction as JDBC [org.springframework.orm.jpa.vendor.HibernateJpaDialect$HibernateConnectionHandle@1a76e521]
2026-05-20 12:45:13.298 [http-nio-0.0.0.0-8080-exec-8] DEBUG org.hibernate.SQL - 
    select
        p1_0.id,
        p1_0.admin_notes,
        p1_0.all_or_nothing,
        p1_0.categorie,
        p1_0.created_at,
        p1_0.start_date,
        p1_0.end_date,
        p1_0.description,
        p1_0.cover_image,
        p1_0.localisation,
        p1_0.current_amount,
        p1_0.investors_count,
        p1_0.funding_goal,
        p1_0.equity_percentage,
        p1_0.owner_id,
        p1_0.status,
        p1_0.suspension_deadline,
        p1_0.interest_rate,
        p1_0.titre,
        p1_0.funding_type 
    from
        projects p1_0
2026-05-20 12:45:13.298 [http-nio-0.0.0.0-8080-exec-8] DEBUG org.hibernate.SQL - 
    select
        p1_0.id,
        p1_0.admin_notes,
        p1_0.all_or_nothing,
        p1_0.categorie,
        p1_0.created_at,
        p1_0.start_date,
        p1_0.end_date,
        p1_0.description,
        p1_0.cover_image,
        p1_0.localisation,
        p1_0.current_amount,
        p1_0.investors_count,
        p1_0.funding_goal,
        p1_0.equity_percentage,
        p1_0.owner_id,
        p1_0.status,
        p1_0.suspension_deadline,
        p1_0.interest_rate,
        p1_0.titre,
        p1_0.funding_type 
    from
        projects p1_0
2026-05-20 12:45:13.300 [http-nio-0.0.0.0-8080-exec-8] DEBUG org.hibernate.SQL - 
    select
        u1_0.id,
        u1_0.address,
        u1_0.admin_notes,
        u1_0.avatar_url,
        u1_0.bio,
        u1_0.preferred_category,
        u1_0.created_at,
        u1_0.email,
        u1_0.google_id,
        u1_0.kyc_status,
        u1_0.password,
        u1_0.last_name,
        u1_0.first_name,
        u1_0.role,
        u1_0.status,
        u1_0.phone,
        u1_0.ville 
    from
        users u1_0 
    where
        u1_0.id=?
2026-05-20 12:45:13.300 [http-nio-0.0.0.0-8080-exec-8] DEBUG org.hibernate.SQL - 
    select
        u1_0.id,
        u1_0.address,
        u1_0.admin_notes,
        u1_0.avatar_url,
        u1_0.bio,
        u1_0.preferred_category,
        u1_0.created_at,
        u1_0.email,
        u1_0.google_id,
        u1_0.kyc_status,
        u1_0.password,
        u1_0.last_name,
        u1_0.first_name,
        u1_0.role,
        u1_0.status,
        u1_0.phone,
        u1_0.ville 
    from
        users u1_0 
    where
        u1_0.id=?
2026-05-20 12:45:13.304 [http-nio-0.0.0.0-8080-exec-8] DEBUG o.s.orm.jpa.JpaTransactionManager - Initiating transaction commit
2026-05-20 12:45:13.313 [http-nio-0.0.0.0-8080-exec-8] DEBUG o.s.orm.jpa.JpaTransactionManager - Committing JPA transaction on EntityManager [SessionImpl(671671014<open>)]
2026-05-20 12:45:13.316 [http-nio-0.0.0.0-8080-exec-8] DEBUG o.s.orm.jpa.JpaTransactionManager - Not closing pre-bound JPA EntityManager after transaction
2026-05-20 12:45:13.351 [http-nio-0.0.0.0-8080-exec-8] DEBUG o.s.o.j.s.OpenEntityManagerInViewInterceptor - Closing JPA EntityManager in OpenEntityManagerInViewInterceptor
2026-05-20 12:45:13.433 [http-nio-0.0.0.0-8080-exec-5] DEBUG o.s.o.j.s.OpenEntityManagerInViewInterceptor - Opening JPA EntityManager in OpenEntityManagerInViewInterceptor
2026-05-20 12:45:13.444 [http-nio-0.0.0.0-8080-exec-5] DEBUG org.hibernate.SQL - 
    select
        count(i1_0.id) 
    from
        interactions i1_0 
    left join
        projects p1_0 
            on p1_0.id=i1_0.project_id 
    where
        p1_0.id=? 
        and i1_0.type=?
2026-05-20 12:45:13.444 [http-nio-0.0.0.0-8080-exec-5] DEBUG org.hibernate.SQL - 
    select
        count(i1_0.id) 
    from
        interactions i1_0 
    left join
        projects p1_0 
            on p1_0.id=i1_0.project_id 
    where
        p1_0.id=? 
        and i1_0.type=?
2026-05-20 12:45:13.447 [http-nio-0.0.0.0-8080-exec-7] DEBUG o.s.o.j.s.OpenEntityManagerInViewInterceptor - Opening JPA EntityManager in OpenEntityManagerInViewInterceptor
2026-05-20 12:45:13.448 [http-nio-0.0.0.0-8080-exec-5] DEBUG org.hibernate.SQL - 
    select
        count(i1_0.id) 
    from
        interactions i1_0 
    left join
        projects p1_0 
            on p1_0.id=i1_0.project_id 
    where
        p1_0.id=? 
        and i1_0.type=?
2026-05-20 12:45:13.448 [http-nio-0.0.0.0-8080-exec-5] DEBUG org.hibernate.SQL - 
    select
        count(i1_0.id) 
    from
        interactions i1_0 
    left join
        projects p1_0 
            on p1_0.id=i1_0.project_id 
    where
        p1_0.id=? 
        and i1_0.type=?
2026-05-20 12:45:13.449 [http-nio-0.0.0.0-8080-exec-7] DEBUG o.s.orm.jpa.JpaTransactionManager - Found thread-bound EntityManager [SessionImpl(1765777886<open>)] for JPA transaction
2026-05-20 12:45:13.449 [http-nio-0.0.0.0-8080-exec-7] DEBUG o.s.orm.jpa.JpaTransactionManager - Creating new transaction with name [org.springframework.data.jpa.repository.support.SimpleJpaRepository.findAll]: PROPAGATION_REQUIRED,ISOLATION_DEFAULT,readOnly
2026-05-20 12:45:13.451 [http-nio-0.0.0.0-8080-exec-7] DEBUG o.s.orm.jpa.JpaTransactionManager - Exposing JPA transaction as JDBC [org.springframework.orm.jpa.vendor.HibernateJpaDialect$HibernateConnectionHandle@28688aa8]
2026-05-20 12:45:13.452 [http-nio-0.0.0.0-8080-exec-5] DEBUG org.hibernate.SQL - 
    select
        c1_0.id,
        c1_0.contenu,
        c1_0.created_at,
        c1_0.project_id,
        c1_0.user_id 
    from
        comments c1_0 
    left join
        projects p1_0 
            on p1_0.id=c1_0.project_id 
    where
        p1_0.id=? 
    order by
        c1_0.created_at desc
2026-05-20 12:45:13.452 [http-nio-0.0.0.0-8080-exec-7] DEBUG org.hibernate.SQL - 
    select
        p1_0.id,
        p1_0.admin_notes,
        p1_0.all_or_nothing,
        p1_0.categorie,
        p1_0.created_at,
        p1_0.start_date,
        p1_0.end_date,
        p1_0.description,
        p1_0.cover_image,
        p1_0.localisation,
        p1_0.current_amount,
        p1_0.investors_count,
        p1_0.funding_goal,
        p1_0.equity_percentage,
        p1_0.owner_id,
        p1_0.status,
        p1_0.suspension_deadline,
        p1_0.interest_rate,
        p1_0.titre,
        p1_0.funding_type 
    from
        projects p1_0
2026-05-20 12:45:13.452 [http-nio-0.0.0.0-8080-exec-5] DEBUG org.hibernate.SQL - 
    select
        c1_0.id,
        c1_0.contenu,
        c1_0.created_at,
        c1_0.project_id,
        c1_0.user_id 
    from
        comments c1_0 
    left join
        projects p1_0 
            on p1_0.id=c1_0.project_id 
    where
        p1_0.id=? 
    order by
        c1_0.created_at desc
2026-05-20 12:45:13.452 [http-nio-0.0.0.0-8080-exec-7] DEBUG org.hibernate.SQL - 
    select
        p1_0.id,
        p1_0.admin_notes,
        p1_0.all_or_nothing,
        p1_0.categorie,
        p1_0.created_at,
        p1_0.start_date,
        p1_0.end_date,
        p1_0.description,
        p1_0.cover_image,
        p1_0.localisation,
        p1_0.current_amount,
        p1_0.investors_count,
        p1_0.funding_goal,
        p1_0.equity_percentage,
        p1_0.owner_id,
        p1_0.status,
        p1_0.suspension_deadline,
        p1_0.interest_rate,
        p1_0.titre,
        p1_0.funding_type 
    from
        projects p1_0
2026-05-20 12:45:13.458 [http-nio-0.0.0.0-8080-exec-7] DEBUG org.hibernate.SQL - 
    select
        u1_0.id,
        u1_0.address,
        u1_0.admin_notes,
        u1_0.avatar_url,
        u1_0.bio,
        u1_0.preferred_category,
        u1_0.created_at,
        u1_0.email,
        u1_0.google_id,
        u1_0.kyc_status,
        u1_0.password,
        u1_0.last_name,
        u1_0.first_name,
        u1_0.role,
        u1_0.status,
        u1_0.phone,
        u1_0.ville 
    from
        users u1_0 
    where
        u1_0.id=?
2026-05-20 12:45:13.458 [http-nio-0.0.0.0-8080-exec-7] DEBUG org.hibernate.SQL - 
    select
        u1_0.id,
        u1_0.address,
        u1_0.admin_notes,
        u1_0.avatar_url,
        u1_0.bio,
        u1_0.preferred_category,
        u1_0.created_at,
        u1_0.email,
        u1_0.google_id,
        u1_0.kyc_status,
        u1_0.password,
        u1_0.last_name,
        u1_0.first_name,
        u1_0.role,
        u1_0.status,
        u1_0.phone,
        u1_0.ville 
    from
        users u1_0 
    where
        u1_0.id=?
2026-05-20 12:45:13.462 [http-nio-0.0.0.0-8080-exec-5] DEBUG org.hibernate.SQL - 
    select
        p1_0.id,
        p1_0.admin_notes,
        p1_0.all_or_nothing,
        p1_0.categorie,
        p1_0.created_at,
        p1_0.start_date,
        p1_0.end_date,
        p1_0.description,
        p1_0.cover_image,
        p1_0.localisation,
        p1_0.current_amount,
        p1_0.investors_count,
        p1_0.funding_goal,
        p1_0.equity_percentage,
        p1_0.owner_id,
        p2_0.id,
        p2_0.address,
        p2_0.admin_notes,
        p2_0.avatar_url,
        p2_0.bio,
        p2_0.preferred_category,
        p2_0.created_at,
        p2_0.email,
        p2_0.google_id,
        p2_0.kyc_status,
        p2_0.password,
        p2_0.last_name,
        p2_0.first_name,
        p2_0.role,
        p2_0.status,
        p2_0.phone,
        p2_0.ville,
        p1_0.status,
        p1_0.suspension_deadline,
        p1_0.interest_rate,
        p1_0.titre,
        p1_0.funding_type 
    from
        projects p1_0 
    join
        users p2_0 
            on p2_0.id=p1_0.owner_id 
    where
        p1_0.id=?
2026-05-20 12:45:13.462 [http-nio-0.0.0.0-8080-exec-5] DEBUG org.hibernate.SQL - 
    select
        p1_0.id,
        p1_0.admin_notes,
        p1_0.all_or_nothing,
        p1_0.categorie,
        p1_0.created_at,
        p1_0.start_date,
        p1_0.end_date,
        p1_0.description,
        p1_0.cover_image,
        p1_0.localisation,
        p1_0.current_amount,
        p1_0.investors_count,
        p1_0.funding_goal,
        p1_0.equity_percentage,
        p1_0.owner_id,
        p2_0.id,
        p2_0.address,
        p2_0.admin_notes,
        p2_0.avatar_url,
        p2_0.bio,
        p2_0.preferred_category,
        p2_0.created_at,
        p2_0.email,
        p2_0.google_id,
        p2_0.kyc_status,
        p2_0.password,
        p2_0.last_name,
        p2_0.first_name,
        p2_0.role,
        p2_0.status,
        p2_0.phone,
        p2_0.ville,
        p1_0.status,
        p1_0.suspension_deadline,
        p1_0.interest_rate,
        p1_0.titre,
        p1_0.funding_type 
    from
        projects p1_0 
    join
        users p2_0 
            on p2_0.id=p1_0.owner_id 
    where
        p1_0.id=?
2026-05-20 12:45:13.464 [http-nio-0.0.0.0-8080-exec-7] DEBUG o.s.orm.jpa.JpaTransactionManager - Initiating transaction commit
2026-05-20 12:45:13.465 [http-nio-0.0.0.0-8080-exec-7] DEBUG o.s.orm.jpa.JpaTransactionManager - Committing JPA transaction on EntityManager [SessionImpl(1765777886<open>)]
2026-05-20 12:45:13.466 [http-nio-0.0.0.0-8080-exec-5] DEBUG org.hibernate.SQL - 
    select
        u1_0.id,
        u1_0.address,
        u1_0.admin_notes,
        u1_0.avatar_url,
        u1_0.bio,
        u1_0.preferred_category,
        u1_0.created_at,
        u1_0.email,
        u1_0.google_id,
        u1_0.kyc_status,
        u1_0.password,
        u1_0.last_name,
        u1_0.first_name,
        u1_0.role,
        u1_0.status,
        u1_0.phone,
        u1_0.ville 
    from
        users u1_0 
    where
        u1_0.id=?
2026-05-20 12:45:13.466 [http-nio-0.0.0.0-8080-exec-5] DEBUG org.hibernate.SQL - 
    select
        u1_0.id,
        u1_0.address,
        u1_0.admin_notes,
        u1_0.avatar_url,
        u1_0.bio,
        u1_0.preferred_category,
        u1_0.created_at,
        u1_0.email,
        u1_0.google_id,
        u1_0.kyc_status,
        u1_0.password,
        u1_0.last_name,
        u1_0.first_name,
        u1_0.role,
        u1_0.status,
        u1_0.phone,
        u1_0.ville 
    from
        users u1_0 
    where
        u1_0.id=?
2026-05-20 12:45:13.468 [http-nio-0.0.0.0-8080-exec-7] DEBUG o.s.orm.jpa.JpaTransactionManager - Not closing pre-bound JPA EntityManager after transaction
2026-05-20 12:45:13.477 [http-nio-0.0.0.0-8080-exec-7] DEBUG o.s.o.j.s.OpenEntityManagerInViewInterceptor - Closing JPA EntityManager in OpenEntityManagerInViewInterceptor
2026-05-20 12:45:13.479 [http-nio-0.0.0.0-8080-exec-5] DEBUG o.s.o.j.s.OpenEntityManagerInViewInterceptor - Closing JPA EntityManager in OpenEntityManagerInViewInterceptor
2026-05-20 12:45:13.495 [http-nio-0.0.0.0-8080-exec-9] DEBUG o.s.o.j.s.OpenEntityManagerInViewInterceptor - Opening JPA EntityManager in OpenEntityManagerInViewInterceptor
2026-05-20 12:45:13.501 [http-nio-0.0.0.0-8080-exec-9] DEBUG org.hibernate.SQL - 
    select
        count(i1_0.id) 
    from
        interactions i1_0 
    left join
        projects p1_0 
            on p1_0.id=i1_0.project_id 
    where
        p1_0.id=? 
        and i1_0.type=?
2026-05-20 12:45:13.501 [http-nio-0.0.0.0-8080-exec-9] DEBUG org.hibernate.SQL - 
    select
        count(i1_0.id) 
    from
        interactions i1_0 
    left join
        projects p1_0 
            on p1_0.id=i1_0.project_id 
    where
        p1_0.id=? 
        and i1_0.type=?
2026-05-20 12:45:13.518 [http-nio-0.0.0.0-8080-exec-9] DEBUG org.hibernate.SQL - 
    select
        count(i1_0.id) 
    from
        interactions i1_0 
    left join
        projects p1_0 
            on p1_0.id=i1_0.project_id 
    where
        p1_0.id=? 
        and i1_0.type=?
2026-05-20 12:45:13.518 [http-nio-0.0.0.0-8080-exec-9] DEBUG org.hibernate.SQL - 
    select
        count(i1_0.id) 
    from
        interactions i1_0 
    left join
        projects p1_0 
            on p1_0.id=i1_0.project_id 
    where
        p1_0.id=? 
        and i1_0.type=?
2026-05-20 12:45:13.533 [http-nio-0.0.0.0-8080-exec-9] DEBUG org.hibernate.SQL - 
    select
        c1_0.id,
        c1_0.contenu,
        c1_0.created_at,
        c1_0.project_id,
        c1_0.user_id 
    from
        comments c1_0 
    left join
        projects p1_0 
            on p1_0.id=c1_0.project_id 
    where
        p1_0.id=? 
    order by
        c1_0.created_at desc
2026-05-20 12:45:13.533 [http-nio-0.0.0.0-8080-exec-9] DEBUG org.hibernate.SQL - 
    select
        c1_0.id,
        c1_0.contenu,
        c1_0.created_at,
        c1_0.project_id,
        c1_0.user_id 
    from
        comments c1_0 
    left join
        projects p1_0 
            on p1_0.id=c1_0.project_id 
    where
        p1_0.id=? 
    order by
        c1_0.created_at desc
2026-05-20 12:45:13.548 [http-nio-0.0.0.0-8080-exec-9] DEBUG org.hibernate.SQL - 
    select
        p1_0.id,
        p1_0.admin_notes,
        p1_0.all_or_nothing,
        p1_0.categorie,
        p1_0.created_at,
        p1_0.start_date,
        p1_0.end_date,
        p1_0.description,
        p1_0.cover_image,
        p1_0.localisation,
        p1_0.current_amount,
        p1_0.investors_count,
        p1_0.funding_goal,
        p1_0.equity_percentage,
        p1_0.owner_id,
        p2_0.id,
        p2_0.address,
        p2_0.admin_notes,
        p2_0.avatar_url,
        p2_0.bio,
        p2_0.preferred_category,
        p2_0.created_at,
        p2_0.email,
        p2_0.google_id,
        p2_0.kyc_status,
        p2_0.password,
        p2_0.last_name,
        p2_0.first_name,
        p2_0.role,
        p2_0.status,
        p2_0.phone,
        p2_0.ville,
        p1_0.status,
        p1_0.suspension_deadline,
        p1_0.interest_rate,
        p1_0.titre,
        p1_0.funding_type 
    from
        projects p1_0 
    join
        users p2_0 
            on p2_0.id=p1_0.owner_id 
    where
        p1_0.id=?
2026-05-20 12:45:13.548 [http-nio-0.0.0.0-8080-exec-9] DEBUG org.hibernate.SQL - 
    select
        p1_0.id,
        p1_0.admin_notes,
        p1_0.all_or_nothing,
        p1_0.categorie,
        p1_0.created_at,
        p1_0.start_date,
        p1_0.end_date,
        p1_0.description,
        p1_0.cover_image,
        p1_0.localisation,
        p1_0.current_amount,
        p1_0.investors_count,
        p1_0.funding_goal,
        p1_0.equity_percentage,
        p1_0.owner_id,
        p2_0.id,
        p2_0.address,
        p2_0.admin_notes,
        p2_0.avatar_url,
        p2_0.bio,
        p2_0.preferred_category,
        p2_0.created_at,
        p2_0.email,
        p2_0.google_id,
        p2_0.kyc_status,
        p2_0.password,
        p2_0.last_name,
        p2_0.first_name,
        p2_0.role,
        p2_0.status,
        p2_0.phone,
        p2_0.ville,
        p1_0.status,
        p1_0.suspension_deadline,
        p1_0.interest_rate,
        p1_0.titre,
        p1_0.funding_type 
    from
        projects p1_0 
    join
        users p2_0 
            on p2_0.id=p1_0.owner_id 
    where
        p1_0.id=?
2026-05-20 12:45:13.554 [http-nio-0.0.0.0-8080-exec-9] DEBUG org.hibernate.SQL - 
    select
        u1_0.id,
        u1_0.address,
        u1_0.admin_notes,
        u1_0.avatar_url,
        u1_0.bio,
        u1_0.preferred_category,
        u1_0.created_at,
        u1_0.email,
        u1_0.google_id,
        u1_0.kyc_status,
        u1_0.password,
        u1_0.last_name,
        u1_0.first_name,
        u1_0.role,
        u1_0.status,
        u1_0.phone,
        u1_0.ville 
    from
        users u1_0 
    where
        u1_0.id=?
2026-05-20 12:45:13.554 [http-nio-0.0.0.0-8080-exec-9] DEBUG org.hibernate.SQL - 
    select
        u1_0.id,
        u1_0.address,
        u1_0.admin_notes,
        u1_0.avatar_url,
        u1_0.bio,
        u1_0.preferred_category,
        u1_0.created_at,
        u1_0.email,
        u1_0.google_id,
        u1_0.kyc_status,
        u1_0.password,
        u1_0.last_name,
        u1_0.first_name,
        u1_0.role,
        u1_0.status,
        u1_0.phone,
        u1_0.ville 
    from
        users u1_0 
    where
        u1_0.id=?
2026-05-20 12:45:13.568 [http-nio-0.0.0.0-8080-exec-9] DEBUG o.s.o.j.s.OpenEntityManagerInViewInterceptor - Closing JPA EntityManager in OpenEntityManagerInViewInterceptor
2026-05-20 12:45:13.584 [http-nio-0.0.0.0-8080-exec-6] DEBUG o.s.o.j.s.OpenEntityManagerInViewInterceptor - Opening JPA EntityManager in OpenEntityManagerInViewInterceptor
2026-05-20 12:45:13.585 [http-nio-0.0.0.0-8080-exec-4] DEBUG o.s.o.j.s.OpenEntityManagerInViewInterceptor - Opening JPA EntityManager in OpenEntityManagerInViewInterceptor
2026-05-20 12:45:13.585 [http-nio-0.0.0.0-8080-exec-6] DEBUG o.s.orm.jpa.JpaTransactionManager - Found thread-bound EntityManager [SessionImpl(544451093<open>)] for JPA transaction
2026-05-20 12:45:13.585 [http-nio-0.0.0.0-8080-exec-6] DEBUG o.s.orm.jpa.JpaTransactionManager - Creating new transaction with name [org.springframework.data.jpa.repository.support.SimpleJpaRepository.findAll]: PROPAGATION_REQUIRED,ISOLATION_DEFAULT,readOnly
2026-05-20 12:45:13.586 [http-nio-0.0.0.0-8080-exec-6] DEBUG o.s.orm.jpa.JpaTransactionManager - Exposing JPA transaction as JDBC [org.springframework.orm.jpa.vendor.HibernateJpaDialect$HibernateConnectionHandle@23e9e007]
2026-05-20 12:45:13.591 [http-nio-0.0.0.0-8080-exec-6] DEBUG org.hibernate.SQL - 
    select
        p1_0.id,
        p1_0.admin_notes,
        p1_0.all_or_nothing,
        p1_0.categorie,
        p1_0.created_at,
        p1_0.start_date,
        p1_0.end_date,
        p1_0.description,
        p1_0.cover_image,
        p1_0.localisation,
        p1_0.current_amount,
        p1_0.investors_count,
        p1_0.funding_goal,
        p1_0.equity_percentage,
        p1_0.owner_id,
        p1_0.status,
        p1_0.suspension_deadline,
        p1_0.interest_rate,
        p1_0.titre,
        p1_0.funding_type 
    from
        projects p1_0
2026-05-20 12:45:13.591 [http-nio-0.0.0.0-8080-exec-6] DEBUG org.hibernate.SQL - 
    select
        p1_0.id,
        p1_0.admin_notes,
        p1_0.all_or_nothing,
        p1_0.categorie,
        p1_0.created_at,
        p1_0.start_date,
        p1_0.end_date,
        p1_0.description,
        p1_0.cover_image,
        p1_0.localisation,
        p1_0.current_amount,
        p1_0.investors_count,
        p1_0.funding_goal,
        p1_0.equity_percentage,
        p1_0.owner_id,
        p1_0.status,
        p1_0.suspension_deadline,
        p1_0.interest_rate,
        p1_0.titre,
        p1_0.funding_type 
    from
        projects p1_0
2026-05-20 12:45:13.596 [http-nio-0.0.0.0-8080-exec-4] DEBUG org.hibernate.SQL - 
    select
        count(i1_0.id) 
    from
        interactions i1_0 
    left join
        projects p1_0 
            on p1_0.id=i1_0.project_id 
    where
        p1_0.id=? 
        and i1_0.type=?
2026-05-20 12:45:13.596 [http-nio-0.0.0.0-8080-exec-4] DEBUG org.hibernate.SQL - 
    select
        count(i1_0.id) 
    from
        interactions i1_0 
    left join
        projects p1_0 
            on p1_0.id=i1_0.project_id 
    where
        p1_0.id=? 
        and i1_0.type=?
2026-05-20 12:45:13.597 [http-nio-0.0.0.0-8080-exec-6] DEBUG org.hibernate.SQL - 
    select
        u1_0.id,
        u1_0.address,
        u1_0.admin_notes,
        u1_0.avatar_url,
        u1_0.bio,
        u1_0.preferred_category,
        u1_0.created_at,
        u1_0.email,
        u1_0.google_id,
        u1_0.kyc_status,
        u1_0.password,
        u1_0.last_name,
        u1_0.first_name,
        u1_0.role,
        u1_0.status,
        u1_0.phone,
        u1_0.ville 
    from
        users u1_0 
    where
        u1_0.id=?
2026-05-20 12:45:13.597 [http-nio-0.0.0.0-8080-exec-6] DEBUG org.hibernate.SQL - 
    select
        u1_0.id,
        u1_0.address,
        u1_0.admin_notes,
        u1_0.avatar_url,
        u1_0.bio,
        u1_0.preferred_category,
        u1_0.created_at,
        u1_0.email,
        u1_0.google_id,
        u1_0.kyc_status,
        u1_0.password,
        u1_0.last_name,
        u1_0.first_name,
        u1_0.role,
        u1_0.status,
        u1_0.phone,
        u1_0.ville 
    from
        users u1_0 
    where
        u1_0.id=?
2026-05-20 12:45:13.601 [http-nio-0.0.0.0-8080-exec-6] DEBUG o.s.orm.jpa.JpaTransactionManager - Initiating transaction commit
2026-05-20 12:45:13.602 [http-nio-0.0.0.0-8080-exec-4] DEBUG org.hibernate.SQL - 
    select
        count(i1_0.id) 
    from
        interactions i1_0 
    left join
        projects p1_0 
            on p1_0.id=i1_0.project_id 
    where
        p1_0.id=? 
        and i1_0.type=?
2026-05-20 12:45:13.602 [http-nio-0.0.0.0-8080-exec-4] DEBUG org.hibernate.SQL - 
    select
        count(i1_0.id) 
    from
        interactions i1_0 
    left join
        projects p1_0 
            on p1_0.id=i1_0.project_id 
    where
        p1_0.id=? 
        and i1_0.type=?
2026-05-20 12:45:13.602 [http-nio-0.0.0.0-8080-exec-6] DEBUG o.s.orm.jpa.JpaTransactionManager - Committing JPA transaction on EntityManager [SessionImpl(544451093<open>)]
2026-05-20 12:45:13.606 [http-nio-0.0.0.0-8080-exec-6] DEBUG o.s.orm.jpa.JpaTransactionManager - Not closing pre-bound JPA EntityManager after transaction
2026-05-20 12:45:13.612 [http-nio-0.0.0.0-8080-exec-4] DEBUG org.hibernate.SQL - 
    select
        c1_0.id,
        c1_0.contenu,
        c1_0.created_at,
        c1_0.project_id,
        c1_0.user_id 
    from
        comments c1_0 
    left join
        projects p1_0 
            on p1_0.id=c1_0.project_id 
    where
        p1_0.id=? 
    order by
        c1_0.created_at desc
2026-05-20 12:45:13.612 [http-nio-0.0.0.0-8080-exec-4] DEBUG org.hibernate.SQL - 
    select
        c1_0.id,
        c1_0.contenu,
        c1_0.created_at,
        c1_0.project_id,
        c1_0.user_id 
    from
        comments c1_0 
    left join
        projects p1_0 
            on p1_0.id=c1_0.project_id 
    where
        p1_0.id=? 
    order by
        c1_0.created_at desc
2026-05-20 12:45:13.615 [http-nio-0.0.0.0-8080-exec-4] DEBUG org.hibernate.SQL - 
    select
        p1_0.id,
        p1_0.admin_notes,
        p1_0.all_or_nothing,
        p1_0.categorie,
        p1_0.created_at,
        p1_0.start_date,
        p1_0.end_date,
        p1_0.description,
        p1_0.cover_image,
        p1_0.localisation,
        p1_0.current_amount,
        p1_0.investors_count,
        p1_0.funding_goal,
        p1_0.equity_percentage,
        p1_0.owner_id,
        p2_0.id,
        p2_0.address,
        p2_0.admin_notes,
        p2_0.avatar_url,
        p2_0.bio,
        p2_0.preferred_category,
        p2_0.created_at,
        p2_0.email,
        p2_0.google_id,
        p2_0.kyc_status,
        p2_0.password,
        p2_0.last_name,
        p2_0.first_name,
        p2_0.role,
        p2_0.status,
        p2_0.phone,
        p2_0.ville,
        p1_0.status,
        p1_0.suspension_deadline,
        p1_0.interest_rate,
        p1_0.titre,
        p1_0.funding_type 
    from
        projects p1_0 
    join
        users p2_0 
            on p2_0.id=p1_0.owner_id 
    where
        p1_0.id=?
2026-05-20 12:45:13.615 [http-nio-0.0.0.0-8080-exec-4] DEBUG org.hibernate.SQL - 
    select
        p1_0.id,
        p1_0.admin_notes,
        p1_0.all_or_nothing,
        p1_0.categorie,
        p1_0.created_at,
        p1_0.start_date,
        p1_0.end_date,
        p1_0.description,
        p1_0.cover_image,
        p1_0.localisation,
        p1_0.current_amount,
        p1_0.investors_count,
        p1_0.funding_goal,
        p1_0.equity_percentage,
        p1_0.owner_id,
        p2_0.id,
        p2_0.address,
        p2_0.admin_notes,
        p2_0.avatar_url,
        p2_0.bio,
        p2_0.preferred_category,
        p2_0.created_at,
        p2_0.email,
        p2_0.google_id,
        p2_0.kyc_status,
        p2_0.password,
        p2_0.last_name,
        p2_0.first_name,
        p2_0.role,
        p2_0.status,
        p2_0.phone,
        p2_0.ville,
        p1_0.status,
        p1_0.suspension_deadline,
        p1_0.interest_rate,
        p1_0.titre,
        p1_0.funding_type 
    from
        projects p1_0 
    join
        users p2_0 
            on p2_0.id=p1_0.owner_id 
    where
        p1_0.id=?
2026-05-20 12:45:13.616 [http-nio-0.0.0.0-8080-exec-6] DEBUG o.s.o.j.s.OpenEntityManagerInViewInterceptor - Closing JPA EntityManager in OpenEntityManagerInViewInterceptor
2026-05-20 12:45:13.621 [http-nio-0.0.0.0-8080-exec-4] DEBUG org.hibernate.SQL - 
    select
        u1_0.id,
        u1_0.address,
        u1_0.admin_notes,
        u1_0.avatar_url,
        u1_0.bio,
        u1_0.preferred_category,
        u1_0.created_at,
        u1_0.email,
        u1_0.google_id,
        u1_0.kyc_status,
        u1_0.password,
        u1_0.last_name,
        u1_0.first_name,
        u1_0.role,
        u1_0.status,
        u1_0.phone,
        u1_0.ville 
    from
        users u1_0 
    where
        u1_0.id=?
2026-05-20 12:45:13.621 [http-nio-0.0.0.0-8080-exec-4] DEBUG org.hibernate.SQL - 
    select
        u1_0.id,
        u1_0.address,
        u1_0.admin_notes,
        u1_0.avatar_url,
        u1_0.bio,
        u1_0.preferred_category,
        u1_0.created_at,
        u1_0.email,
        u1_0.google_id,
        u1_0.kyc_status,
        u1_0.password,
        u1_0.last_name,
        u1_0.first_name,
        u1_0.role,
        u1_0.status,
        u1_0.phone,
        u1_0.ville 
    from
        users u1_0 
    where
        u1_0.id=?
2026-05-20 12:45:13.632 [http-nio-0.0.0.0-8080-exec-4] DEBUG o.s.o.j.s.OpenEntityManagerInViewInterceptor - Closing JPA EntityManager in OpenEntityManagerInViewInterceptor
2026-05-20 12:45:13.649 [http-nio-0.0.0.0-8080-exec-2] DEBUG o.s.o.j.s.OpenEntityManagerInViewInterceptor - Opening JPA EntityManager in OpenEntityManagerInViewInterceptor
2026-05-20 12:45:13.653 [http-nio-0.0.0.0-8080-exec-2] DEBUG org.hibernate.SQL - 
    select
        count(i1_0.id) 
    from
        interactions i1_0 
    left join
        projects p1_0 
            on p1_0.id=i1_0.project_id 
    where
        p1_0.id=? 
        and i1_0.type=?
2026-05-20 12:45:13.653 [http-nio-0.0.0.0-8080-exec-2] DEBUG org.hibernate.SQL - 
    select
        count(i1_0.id) 
    from
        interactions i1_0 
    left join
        projects p1_0 
            on p1_0.id=i1_0.project_id 
    where
        p1_0.id=? 
        and i1_0.type=?
2026-05-20 12:45:13.667 [http-nio-0.0.0.0-8080-exec-2] DEBUG org.hibernate.SQL - 
    select
        count(i1_0.id) 
    from
        interactions i1_0 
    left join
        projects p1_0 
            on p1_0.id=i1_0.project_id 
    where
        p1_0.id=? 
        and i1_0.type=?
2026-05-20 12:45:13.667 [http-nio-0.0.0.0-8080-exec-2] DEBUG org.hibernate.SQL - 
    select
        count(i1_0.id) 
    from
        interactions i1_0 
    left join
        projects p1_0 
            on p1_0.id=i1_0.project_id 
    where
        p1_0.id=? 
        and i1_0.type=?
2026-05-20 12:45:13.674 [http-nio-0.0.0.0-8080-exec-2] DEBUG org.hibernate.SQL - 
    select
        c1_0.id,
        c1_0.contenu,
        c1_0.created_at,
        c1_0.project_id,
        c1_0.user_id 
    from
        comments c1_0 
    left join
        projects p1_0 
            on p1_0.id=c1_0.project_id 
    where
        p1_0.id=? 
    order by
        c1_0.created_at desc
2026-05-20 12:45:13.674 [http-nio-0.0.0.0-8080-exec-2] DEBUG org.hibernate.SQL - 
    select
        c1_0.id,
        c1_0.contenu,
        c1_0.created_at,
        c1_0.project_id,
        c1_0.user_id 
    from
        comments c1_0 
    left join
        projects p1_0 
            on p1_0.id=c1_0.project_id 
    where
        p1_0.id=? 
    order by
        c1_0.created_at desc
2026-05-20 12:45:13.682 [http-nio-0.0.0.0-8080-exec-2] DEBUG org.hibernate.SQL - 
    select
        p1_0.id,
        p1_0.admin_notes,
        p1_0.all_or_nothing,
        p1_0.categorie,
        p1_0.created_at,
        p1_0.start_date,
        p1_0.end_date,
        p1_0.description,
        p1_0.cover_image,
        p1_0.localisation,
        p1_0.current_amount,
        p1_0.investors_count,
        p1_0.funding_goal,
        p1_0.equity_percentage,
        p1_0.owner_id,
        p2_0.id,
        p2_0.address,
        p2_0.admin_notes,
        p2_0.avatar_url,
        p2_0.bio,
        p2_0.preferred_category,
        p2_0.created_at,
        p2_0.email,
        p2_0.google_id,
        p2_0.kyc_status,
        p2_0.password,
        p2_0.last_name,
        p2_0.first_name,
        p2_0.role,
        p2_0.status,
        p2_0.phone,
        p2_0.ville,
        p1_0.status,
        p1_0.suspension_deadline,
        p1_0.interest_rate,
        p1_0.titre,
        p1_0.funding_type 
    from
        projects p1_0 
    join
        users p2_0 
            on p2_0.id=p1_0.owner_id 
    where
        p1_0.id=?
2026-05-20 12:45:13.682 [http-nio-0.0.0.0-8080-exec-2] DEBUG org.hibernate.SQL - 
    select
        p1_0.id,
        p1_0.admin_notes,
        p1_0.all_or_nothing,
        p1_0.categorie,
        p1_0.created_at,
        p1_0.start_date,
        p1_0.end_date,
        p1_0.description,
        p1_0.cover_image,
        p1_0.localisation,
        p1_0.current_amount,
        p1_0.investors_count,
        p1_0.funding_goal,
        p1_0.equity_percentage,
        p1_0.owner_id,
        p2_0.id,
        p2_0.address,
        p2_0.admin_notes,
        p2_0.avatar_url,
        p2_0.bio,
        p2_0.preferred_category,
        p2_0.created_at,
        p2_0.email,
        p2_0.google_id,
        p2_0.kyc_status,
        p2_0.password,
        p2_0.last_name,
        p2_0.first_name,
        p2_0.role,
        p2_0.status,
        p2_0.phone,
        p2_0.ville,
        p1_0.status,
        p1_0.suspension_deadline,
        p1_0.interest_rate,
        p1_0.titre,
        p1_0.funding_type 
    from
        projects p1_0 
    join
        users p2_0 
            on p2_0.id=p1_0.owner_id 
    where
        p1_0.id=?
2026-05-20 12:45:13.685 [http-nio-0.0.0.0-8080-exec-2] DEBUG org.hibernate.SQL - 
    select
        u1_0.id,
        u1_0.address,
        u1_0.admin_notes,
        u1_0.avatar_url,
        u1_0.bio,
        u1_0.preferred_category,
        u1_0.created_at,
        u1_0.email,
        u1_0.google_id,
        u1_0.kyc_status,
        u1_0.password,
        u1_0.last_name,
        u1_0.first_name,
        u1_0.role,
        u1_0.status,
        u1_0.phone,
        u1_0.ville 
    from
        users u1_0 
    where
        u1_0.id=?
2026-05-20 12:45:13.685 [http-nio-0.0.0.0-8080-exec-2] DEBUG org.hibernate.SQL - 
    select
        u1_0.id,
        u1_0.address,
        u1_0.admin_notes,
        u1_0.avatar_url,
        u1_0.bio,
        u1_0.preferred_category,
        u1_0.created_at,
        u1_0.email,
        u1_0.google_id,
        u1_0.kyc_status,
        u1_0.password,
        u1_0.last_name,
        u1_0.first_name,
        u1_0.role,
        u1_0.status,
        u1_0.phone,
        u1_0.ville 
    from
        users u1_0 
    where
        u1_0.id=?
2026-05-20 12:45:13.698 [http-nio-0.0.0.0-8080-exec-2] DEBUG o.s.o.j.s.OpenEntityManagerInViewInterceptor - Closing JPA EntityManager in OpenEntityManagerInViewInterceptor
2026-05-20 12:45:13.714 [http-nio-0.0.0.0-8080-exec-1] DEBUG o.s.o.j.s.OpenEntityManagerInViewInterceptor - Opening JPA EntityManager in OpenEntityManagerInViewInterceptor
2026-05-20 12:45:13.717 [http-nio-0.0.0.0-8080-exec-1] DEBUG org.hibernate.SQL - 
    select
        count(i1_0.id) 
    from
        interactions i1_0 
    left join
        projects p1_0 
            on p1_0.id=i1_0.project_id 
    where
        p1_0.id=? 
        and i1_0.type=?
2026-05-20 12:45:13.717 [http-nio-0.0.0.0-8080-exec-1] DEBUG org.hibernate.SQL - 
    select
        count(i1_0.id) 
    from
        interactions i1_0 
    left join
        projects p1_0 
            on p1_0.id=i1_0.project_id 
    where
        p1_0.id=? 
        and i1_0.type=?
2026-05-20 12:45:13.728 [http-nio-0.0.0.0-8080-exec-1] DEBUG org.hibernate.SQL - 
    select
        count(i1_0.id) 
    from
        interactions i1_0 
    left join
        projects p1_0 
            on p1_0.id=i1_0.project_id 
    where
        p1_0.id=? 
        and i1_0.type=?
2026-05-20 12:45:13.728 [http-nio-0.0.0.0-8080-exec-1] DEBUG org.hibernate.SQL - 
    select
        count(i1_0.id) 
    from
        interactions i1_0 
    left join
        projects p1_0 
            on p1_0.id=i1_0.project_id 
    where
        p1_0.id=? 
        and i1_0.type=?
2026-05-20 12:45:13.734 [http-nio-0.0.0.0-8080-exec-1] DEBUG org.hibernate.SQL - 
    select
        c1_0.id,
        c1_0.contenu,
        c1_0.created_at,
        c1_0.project_id,
        c1_0.user_id 
    from
        comments c1_0 
    left join
        projects p1_0 
            on p1_0.id=c1_0.project_id 
    where
        p1_0.id=? 
    order by
        c1_0.created_at desc
2026-05-20 12:45:13.734 [http-nio-0.0.0.0-8080-exec-1] DEBUG org.hibernate.SQL - 
    select
        c1_0.id,
        c1_0.contenu,
        c1_0.created_at,
        c1_0.project_id,
        c1_0.user_id 
    from
        comments c1_0 
    left join
        projects p1_0 
            on p1_0.id=c1_0.project_id 
    where
        p1_0.id=? 
    order by
        c1_0.created_at desc
2026-05-20 12:45:13.736 [http-nio-0.0.0.0-8080-exec-1] DEBUG org.hibernate.SQL - 
    select
        p1_0.id,
        p1_0.admin_notes,
        p1_0.all_or_nothing,
        p1_0.categorie,
        p1_0.created_at,
        p1_0.start_date,
        p1_0.end_date,
        p1_0.description,
        p1_0.cover_image,
        p1_0.localisation,
        p1_0.current_amount,
        p1_0.investors_count,
        p1_0.funding_goal,
        p1_0.equity_percentage,
        p1_0.owner_id,
        p2_0.id,
        p2_0.address,
        p2_0.admin_notes,
        p2_0.avatar_url,
        p2_0.bio,
        p2_0.preferred_category,
        p2_0.created_at,
        p2_0.email,
        p2_0.google_id,
        p2_0.kyc_status,
        p2_0.password,
        p2_0.last_name,
        p2_0.first_name,
        p2_0.role,
        p2_0.status,
        p2_0.phone,
        p2_0.ville,
        p1_0.status,
        p1_0.suspension_deadline,
        p1_0.interest_rate,
        p1_0.titre,
        p1_0.funding_type 
    from
        projects p1_0 
    join
        users p2_0 
            on p2_0.id=p1_0.owner_id 
    where
        p1_0.id=?
2026-05-20 12:45:13.736 [http-nio-0.0.0.0-8080-exec-1] DEBUG org.hibernate.SQL - 
    select
        p1_0.id,
        p1_0.admin_notes,
        p1_0.all_or_nothing,
        p1_0.categorie,
        p1_0.created_at,
        p1_0.start_date,
        p1_0.end_date,
        p1_0.description,
        p1_0.cover_image,
        p1_0.localisation,
        p1_0.current_amount,
        p1_0.investors_count,
        p1_0.funding_goal,
        p1_0.equity_percentage,
        p1_0.owner_id,
        p2_0.id,
        p2_0.address,
        p2_0.admin_notes,
        p2_0.avatar_url,
        p2_0.bio,
        p2_0.preferred_category,
        p2_0.created_at,
        p2_0.email,
        p2_0.google_id,
        p2_0.kyc_status,
        p2_0.password,
        p2_0.last_name,
        p2_0.first_name,
        p2_0.role,
        p2_0.status,
        p2_0.phone,
        p2_0.ville,
        p1_0.status,
        p1_0.suspension_deadline,
        p1_0.interest_rate,
        p1_0.titre,
        p1_0.funding_type 
    from
        projects p1_0 
    join
        users p2_0 
            on p2_0.id=p1_0.owner_id 
    where
        p1_0.id=?
2026-05-20 12:45:13.747 [http-nio-0.0.0.0-8080-exec-1] DEBUG org.hibernate.SQL - 
    select
        u1_0.id,
        u1_0.address,
        u1_0.admin_notes,
        u1_0.avatar_url,
        u1_0.bio,
        u1_0.preferred_category,
        u1_0.created_at,
        u1_0.email,
        u1_0.google_id,
        u1_0.kyc_status,
        u1_0.password,
        u1_0.last_name,
        u1_0.first_name,
        u1_0.role,
        u1_0.status,
        u1_0.phone,
        u1_0.ville 
    from
        users u1_0 
    where
        u1_0.id=?
2026-05-20 12:45:13.747 [http-nio-0.0.0.0-8080-exec-1] DEBUG org.hibernate.SQL - 
    select
        u1_0.id,
        u1_0.address,
        u1_0.admin_notes,
        u1_0.avatar_url,
        u1_0.bio,
        u1_0.preferred_category,
        u1_0.created_at,
        u1_0.email,
        u1_0.google_id,
        u1_0.kyc_status,
        u1_0.password,
        u1_0.last_name,
        u1_0.first_name,
        u1_0.role,
        u1_0.status,
        u1_0.phone,
        u1_0.ville 
    from
        users u1_0 
    where
        u1_0.id=?
2026-05-20 12:45:13.753 [http-nio-0.0.0.0-8080-exec-1] DEBUG o.s.o.j.s.OpenEntityManagerInViewInterceptor - Closing JPA EntityManager in OpenEntityManagerInViewInterceptor
2026-05-20 12:45:13.796 [http-nio-0.0.0.0-8080-exec-10] DEBUG o.s.o.j.s.OpenEntityManagerInViewInterceptor - Opening JPA EntityManager in OpenEntityManagerInViewInterceptor
2026-05-20 12:45:13.799 [http-nio-0.0.0.0-8080-exec-10] DEBUG org.hibernate.SQL - 
    select
        count(i1_0.id) 
    from
        interactions i1_0 
    left join
        projects p1_0 
            on p1_0.id=i1_0.project_id 
    where
        p1_0.id=? 
        and i1_0.type=?
2026-05-20 12:45:13.799 [http-nio-0.0.0.0-8080-exec-10] DEBUG org.hibernate.SQL - 
    select
        count(i1_0.id) 
    from
        interactions i1_0 
    left join
        projects p1_0 
            on p1_0.id=i1_0.project_id 
    where
        p1_0.id=? 
        and i1_0.type=?
2026-05-20 12:45:13.803 [http-nio-0.0.0.0-8080-exec-10] DEBUG org.hibernate.SQL - 
    select
        count(i1_0.id) 
    from
        interactions i1_0 
    left join
        projects p1_0 
            on p1_0.id=i1_0.project_id 
    where
        p1_0.id=? 
        and i1_0.type=?
2026-05-20 12:45:13.803 [http-nio-0.0.0.0-8080-exec-10] DEBUG org.hibernate.SQL - 
    select
        count(i1_0.id) 
    from
        interactions i1_0 
    left join
        projects p1_0 
            on p1_0.id=i1_0.project_id 
    where
        p1_0.id=? 
        and i1_0.type=?
2026-05-20 12:45:13.815 [http-nio-0.0.0.0-8080-exec-10] DEBUG org.hibernate.SQL - 
    select
        c1_0.id,
        c1_0.contenu,
        c1_0.created_at,
        c1_0.project_id,
        c1_0.user_id 
    from
        comments c1_0 
    left join
        projects p1_0 
            on p1_0.id=c1_0.project_id 
    where
        p1_0.id=? 
    order by
        c1_0.created_at desc
2026-05-20 12:45:13.815 [http-nio-0.0.0.0-8080-exec-10] DEBUG org.hibernate.SQL - 
    select
        c1_0.id,
        c1_0.contenu,
        c1_0.created_at,
        c1_0.project_id,
        c1_0.user_id 
    from
        comments c1_0 
    left join
        projects p1_0 
            on p1_0.id=c1_0.project_id 
    where
        p1_0.id=? 
    order by
        c1_0.created_at desc
2026-05-20 12:45:13.818 [http-nio-0.0.0.0-8080-exec-10] DEBUG org.hibernate.SQL - 
    select
        p1_0.id,
        p1_0.admin_notes,
        p1_0.all_or_nothing,
        p1_0.categorie,
        p1_0.created_at,
        p1_0.start_date,
        p1_0.end_date,
        p1_0.description,
        p1_0.cover_image,
        p1_0.localisation,
        p1_0.current_amount,
        p1_0.investors_count,
        p1_0.funding_goal,
        p1_0.equity_percentage,
        p1_0.owner_id,
        p2_0.id,
        p2_0.address,
        p2_0.admin_notes,
        p2_0.avatar_url,
        p2_0.bio,
        p2_0.preferred_category,
        p2_0.created_at,
        p2_0.email,
        p2_0.google_id,
        p2_0.kyc_status,
        p2_0.password,
        p2_0.last_name,
        p2_0.first_name,
        p2_0.role,
        p2_0.status,
        p2_0.phone,
        p2_0.ville,
        p1_0.status,
        p1_0.suspension_deadline,
        p1_0.interest_rate,
        p1_0.titre,
        p1_0.funding_type 
    from
        projects p1_0 
    join
        users p2_0 
            on p2_0.id=p1_0.owner_id 
    where
        p1_0.id=?
2026-05-20 12:45:13.818 [http-nio-0.0.0.0-8080-exec-10] DEBUG org.hibernate.SQL - 
    select
        p1_0.id,
        p1_0.admin_notes,
        p1_0.all_or_nothing,
        p1_0.categorie,
        p1_0.created_at,
        p1_0.start_date,
        p1_0.end_date,
        p1_0.description,
        p1_0.cover_image,
        p1_0.localisation,
        p1_0.current_amount,
        p1_0.investors_count,
        p1_0.funding_goal,
        p1_0.equity_percentage,
        p1_0.owner_id,
        p2_0.id,
        p2_0.address,
        p2_0.admin_notes,
        p2_0.avatar_url,
        p2_0.bio,
        p2_0.preferred_category,
        p2_0.created_at,
        p2_0.email,
        p2_0.google_id,
        p2_0.kyc_status,
        p2_0.password,
        p2_0.last_name,
        p2_0.first_name,
        p2_0.role,
        p2_0.status,
        p2_0.phone,
        p2_0.ville,
        p1_0.status,
        p1_0.suspension_deadline,
        p1_0.interest_rate,
        p1_0.titre,
        p1_0.funding_type 
    from
        projects p1_0 
    join
        users p2_0 
            on p2_0.id=p1_0.owner_id 
    where
        p1_0.id=?
2026-05-20 12:45:13.821 [http-nio-0.0.0.0-8080-exec-10] DEBUG org.hibernate.SQL - 
    select
        u1_0.id,
        u1_0.address,
        u1_0.admin_notes,
        u1_0.avatar_url,
        u1_0.bio,
        u1_0.preferred_category,
        u1_0.created_at,
        u1_0.email,
        u1_0.google_id,
        u1_0.kyc_status,
        u1_0.password,
        u1_0.last_name,
        u1_0.first_name,
        u1_0.role,
        u1_0.status,
        u1_0.phone,
        u1_0.ville 
    from
        users u1_0 
    where
        u1_0.id=?
2026-05-20 12:45:13.821 [http-nio-0.0.0.0-8080-exec-10] DEBUG org.hibernate.SQL - 
    select
        u1_0.id,
        u1_0.address,
        u1_0.admin_notes,
        u1_0.avatar_url,
        u1_0.bio,
        u1_0.preferred_category,
        u1_0.created_at,
        u1_0.email,
        u1_0.google_id,
        u1_0.kyc_status,
        u1_0.password,
        u1_0.last_name,
        u1_0.first_name,
        u1_0.role,
        u1_0.status,
        u1_0.phone,
        u1_0.ville 
    from
        users u1_0 
    where
        u1_0.id=?
2026-05-20 12:45:13.834 [http-nio-0.0.0.0-8080-exec-10] DEBUG o.s.o.j.s.OpenEntityManagerInViewInterceptor - Closing JPA EntityManager in OpenEntityManagerInViewInterceptor
2026-05-20 12:45:15.401 [http-nio-0.0.0.0-8080-exec-3] DEBUG o.s.o.j.s.OpenEntityManagerInViewInterceptor - Opening JPA EntityManager in OpenEntityManagerInViewInterceptor
2026-05-20 12:45:15.402 [http-nio-0.0.0.0-8080-exec-3] DEBUG o.s.orm.jpa.JpaTransactionManager - Found thread-bound EntityManager [SessionImpl(1757246839<open>)] for JPA transaction
2026-05-20 12:45:15.402 [http-nio-0.0.0.0-8080-exec-3] DEBUG o.s.orm.jpa.JpaTransactionManager - Creating new transaction with name [org.springframework.data.jpa.repository.support.SimpleJpaRepository.findAll]: PROPAGATION_REQUIRED,ISOLATION_DEFAULT,readOnly
2026-05-20 12:45:15.407 [http-nio-0.0.0.0-8080-exec-3] DEBUG o.s.orm.jpa.JpaTransactionManager - Exposing JPA transaction as JDBC [org.springframework.orm.jpa.vendor.HibernateJpaDialect$HibernateConnectionHandle@7441509e]
2026-05-20 12:45:15.409 [http-nio-0.0.0.0-8080-exec-3] DEBUG org.hibernate.SQL - 
    select
        p1_0.id,
        p1_0.admin_notes,
        p1_0.all_or_nothing,
        p1_0.categorie,
        p1_0.created_at,
        p1_0.start_date,
        p1_0.end_date,
        p1_0.description,
        p1_0.cover_image,
        p1_0.localisation,
        p1_0.current_amount,
        p1_0.investors_count,
        p1_0.funding_goal,
        p1_0.equity_percentage,
        p1_0.owner_id,
        p1_0.status,
        p1_0.suspension_deadline,
        p1_0.interest_rate,
        p1_0.titre,
        p1_0.funding_type 
    from
        projects p1_0
2026-05-20 12:45:15.409 [http-nio-0.0.0.0-8080-exec-3] DEBUG org.hibernate.SQL - 
    select
        p1_0.id,
        p1_0.admin_notes,
        p1_0.all_or_nothing,
        p1_0.categorie,
        p1_0.created_at,
        p1_0.start_date,
        p1_0.end_date,
        p1_0.description,
        p1_0.cover_image,
        p1_0.localisation,
        p1_0.current_amount,
        p1_0.investors_count,
        p1_0.funding_goal,
        p1_0.equity_percentage,
        p1_0.owner_id,
        p1_0.status,
        p1_0.suspension_deadline,
        p1_0.interest_rate,
        p1_0.titre,
        p1_0.funding_type 
    from
        projects p1_0
2026-05-20 12:45:15.412 [http-nio-0.0.0.0-8080-exec-3] DEBUG org.hibernate.SQL - 
    select
        u1_0.id,
        u1_0.address,
        u1_0.admin_notes,
        u1_0.avatar_url,
        u1_0.bio,
        u1_0.preferred_category,
        u1_0.created_at,
        u1_0.email,
        u1_0.google_id,
        u1_0.kyc_status,
        u1_0.password,
        u1_0.last_name,
        u1_0.first_name,
        u1_0.role,
        u1_0.status,
        u1_0.phone,
        u1_0.ville 
    from
        users u1_0 
    where
        u1_0.id=?
2026-05-20 12:45:15.412 [http-nio-0.0.0.0-8080-exec-3] DEBUG org.hibernate.SQL - 
    select
        u1_0.id,
        u1_0.address,
        u1_0.admin_notes,
        u1_0.avatar_url,
        u1_0.bio,
        u1_0.preferred_category,
        u1_0.created_at,
        u1_0.email,
        u1_0.google_id,
        u1_0.kyc_status,
        u1_0.password,
        u1_0.last_name,
        u1_0.first_name,
        u1_0.role,
        u1_0.status,
        u1_0.phone,
        u1_0.ville 
    from
        users u1_0 
    where
        u1_0.id=?
2026-05-20 12:45:15.417 [http-nio-0.0.0.0-8080-exec-3] DEBUG o.s.orm.jpa.JpaTransactionManager - Initiating transaction commit
2026-05-20 12:45:15.417 [http-nio-0.0.0.0-8080-exec-3] DEBUG o.s.orm.jpa.JpaTransactionManager - Committing JPA transaction on EntityManager [SessionImpl(1757246839<open>)]
2026-05-20 12:45:15.419 [http-nio-0.0.0.0-8080-exec-3] DEBUG o.s.orm.jpa.JpaTransactionManager - Not closing pre-bound JPA EntityManager after transaction
2026-05-20 12:45:15.424 [http-nio-0.0.0.0-8080-exec-3] DEBUG o.s.o.j.s.OpenEntityManagerInViewInterceptor - Closing JPA EntityManager in OpenEntityManagerInViewInterceptor
2026-05-20 12:45:15.466 [http-nio-0.0.0.0-8080-exec-8] DEBUG o.s.o.j.s.OpenEntityManagerInViewInterceptor - Opening JPA EntityManager in OpenEntityManagerInViewInterceptor
2026-05-20 12:45:15.470 [http-nio-0.0.0.0-8080-exec-8] DEBUG org.hibernate.SQL - 
    select
        count(i1_0.id) 
    from
        interactions i1_0 
    left join
        projects p1_0 
            on p1_0.id=i1_0.project_id 
    where
        p1_0.id=? 
        and i1_0.type=?
2026-05-20 12:45:15.470 [http-nio-0.0.0.0-8080-exec-8] DEBUG org.hibernate.SQL - 
    select
        count(i1_0.id) 
    from
        interactions i1_0 
    left join
        projects p1_0 
            on p1_0.id=i1_0.project_id 
    where
        p1_0.id=? 
        and i1_0.type=?
2026-05-20 12:45:15.485 [http-nio-0.0.0.0-8080-exec-8] DEBUG org.hibernate.SQL - 
    select
        count(i1_0.id) 
    from
        interactions i1_0 
    left join
        projects p1_0 
            on p1_0.id=i1_0.project_id 
    where
        p1_0.id=? 
        and i1_0.type=?
2026-05-20 12:45:15.485 [http-nio-0.0.0.0-8080-exec-8] DEBUG org.hibernate.SQL - 
    select
        count(i1_0.id) 
    from
        interactions i1_0 
    left join
        projects p1_0 
            on p1_0.id=i1_0.project_id 
    where
        p1_0.id=? 
        and i1_0.type=?
2026-05-20 12:45:15.503 [http-nio-0.0.0.0-8080-exec-8] DEBUG org.hibernate.SQL - 
    select
        c1_0.id,
        c1_0.contenu,
        c1_0.created_at,
        c1_0.project_id,
        c1_0.user_id 
    from
        comments c1_0 
    left join
        projects p1_0 
            on p1_0.id=c1_0.project_id 
    where
        p1_0.id=? 
    order by
        c1_0.created_at desc
2026-05-20 12:45:15.503 [http-nio-0.0.0.0-8080-exec-8] DEBUG org.hibernate.SQL - 
    select
        c1_0.id,
        c1_0.contenu,
        c1_0.created_at,
        c1_0.project_id,
        c1_0.user_id 
    from
        comments c1_0 
    left join
        projects p1_0 
            on p1_0.id=c1_0.project_id 
    where
        p1_0.id=? 
    order by
        c1_0.created_at desc
2026-05-20 12:45:15.516 [http-nio-0.0.0.0-8080-exec-8] DEBUG org.hibernate.SQL - 
    select
        p1_0.id,
        p1_0.admin_notes,
        p1_0.all_or_nothing,
        p1_0.categorie,
        p1_0.created_at,
        p1_0.start_date,
        p1_0.end_date,
        p1_0.description,
        p1_0.cover_image,
        p1_0.localisation,
        p1_0.current_amount,
        p1_0.investors_count,
        p1_0.funding_goal,
        p1_0.equity_percentage,
        p1_0.owner_id,
        p2_0.id,
        p2_0.address,
        p2_0.admin_notes,
        p2_0.avatar_url,
        p2_0.bio,
        p2_0.preferred_category,
        p2_0.created_at,
        p2_0.email,
        p2_0.google_id,
        p2_0.kyc_status,
        p2_0.password,
        p2_0.last_name,
        p2_0.first_name,
        p2_0.role,
        p2_0.status,
        p2_0.phone,
        p2_0.ville,
        p1_0.status,
        p1_0.suspension_deadline,
        p1_0.interest_rate,
        p1_0.titre,
        p1_0.funding_type 
    from
        projects p1_0 
    join
        users p2_0 
            on p2_0.id=p1_0.owner_id 
    where
        p1_0.id=?
2026-05-20 12:45:15.516 [http-nio-0.0.0.0-8080-exec-8] DEBUG org.hibernate.SQL - 
    select
        p1_0.id,
        p1_0.admin_notes,
        p1_0.all_or_nothing,
        p1_0.categorie,
        p1_0.created_at,
        p1_0.start_date,
        p1_0.end_date,
        p1_0.description,
        p1_0.cover_image,
        p1_0.localisation,
        p1_0.current_amount,
        p1_0.investors_count,
        p1_0.funding_goal,
        p1_0.equity_percentage,
        p1_0.owner_id,
        p2_0.id,
        p2_0.address,
        p2_0.admin_notes,
        p2_0.avatar_url,
        p2_0.bio,
        p2_0.preferred_category,
        p2_0.created_at,
        p2_0.email,
        p2_0.google_id,
        p2_0.kyc_status,
        p2_0.password,
        p2_0.last_name,
        p2_0.first_name,
        p2_0.role,
        p2_0.status,
        p2_0.phone,
        p2_0.ville,
        p1_0.status,
        p1_0.suspension_deadline,
        p1_0.interest_rate,
        p1_0.titre,
        p1_0.funding_type 
    from
        projects p1_0 
    join
        users p2_0 
            on p2_0.id=p1_0.owner_id 
    where
        p1_0.id=?
2026-05-20 12:45:15.519 [http-nio-0.0.0.0-8080-exec-8] DEBUG org.hibernate.SQL - 
    select
        u1_0.id,
        u1_0.address,
        u1_0.admin_notes,
        u1_0.avatar_url,
        u1_0.bio,
        u1_0.preferred_category,
        u1_0.created_at,
        u1_0.email,
        u1_0.google_id,
        u1_0.kyc_status,
        u1_0.password,
        u1_0.last_name,
        u1_0.first_name,
        u1_0.role,
        u1_0.status,
        u1_0.phone,
        u1_0.ville 
    from
        users u1_0 
    where
        u1_0.id=?
2026-05-20 12:45:15.519 [http-nio-0.0.0.0-8080-exec-8] DEBUG org.hibernate.SQL - 
    select
        u1_0.id,
        u1_0.address,
        u1_0.admin_notes,
        u1_0.avatar_url,
        u1_0.bio,
        u1_0.preferred_category,
        u1_0.created_at,
        u1_0.email,
        u1_0.google_id,
        u1_0.kyc_status,
        u1_0.password,
        u1_0.last_name,
        u1_0.first_name,
        u1_0.role,
        u1_0.status,
        u1_0.phone,
        u1_0.ville 
    from
        users u1_0 
    where
        u1_0.id=?
2026-05-20 12:45:15.535 [http-nio-0.0.0.0-8080-exec-8] DEBUG o.s.o.j.s.OpenEntityManagerInViewInterceptor - Closing JPA EntityManager in OpenEntityManagerInViewInterceptor
2026-05-20 12:45:15.566 [http-nio-0.0.0.0-8080-exec-7] DEBUG o.s.o.j.s.OpenEntityManagerInViewInterceptor - Opening JPA EntityManager in OpenEntityManagerInViewInterceptor
2026-05-20 12:45:15.579 [http-nio-0.0.0.0-8080-exec-7] DEBUG org.hibernate.SQL - 
    select
        count(i1_0.id) 
    from
        interactions i1_0 
    left join
        projects p1_0 
            on p1_0.id=i1_0.project_id 
    where
        p1_0.id=? 
        and i1_0.type=?
2026-05-20 12:45:15.579 [http-nio-0.0.0.0-8080-exec-7] DEBUG org.hibernate.SQL - 
    select
        count(i1_0.id) 
    from
        interactions i1_0 
    left join
        projects p1_0 
            on p1_0.id=i1_0.project_id 
    where
        p1_0.id=? 
        and i1_0.type=?
2026-05-20 12:45:15.593 [http-nio-0.0.0.0-8080-exec-7] DEBUG org.hibernate.SQL - 
    select
        count(i1_0.id) 
    from
        interactions i1_0 
    left join
        projects p1_0 
            on p1_0.id=i1_0.project_id 
    where
        p1_0.id=? 
        and i1_0.type=?
2026-05-20 12:45:15.593 [http-nio-0.0.0.0-8080-exec-7] DEBUG org.hibernate.SQL - 
    select
        count(i1_0.id) 
    from
        interactions i1_0 
    left join
        projects p1_0 
            on p1_0.id=i1_0.project_id 
    where
        p1_0.id=? 
        and i1_0.type=?
2026-05-20 12:45:15.602 [http-nio-0.0.0.0-8080-exec-7] DEBUG org.hibernate.SQL - 
    select
        c1_0.id,
        c1_0.contenu,
        c1_0.created_at,
        c1_0.project_id,
        c1_0.user_id 
    from
        comments c1_0 
    left join
        projects p1_0 
            on p1_0.id=c1_0.project_id 
    where
        p1_0.id=? 
    order by
        c1_0.created_at desc
2026-05-20 12:45:15.602 [http-nio-0.0.0.0-8080-exec-7] DEBUG org.hibernate.SQL - 
    select
        c1_0.id,
        c1_0.contenu,
        c1_0.created_at,
        c1_0.project_id,
        c1_0.user_id 
    from
        comments c1_0 
    left join
        projects p1_0 
            on p1_0.id=c1_0.project_id 
    where
        p1_0.id=? 
    order by
        c1_0.created_at desc
2026-05-20 12:45:15.610 [http-nio-0.0.0.0-8080-exec-7] DEBUG org.hibernate.SQL - 
    select
        p1_0.id,
        p1_0.admin_notes,
        p1_0.all_or_nothing,
        p1_0.categorie,
        p1_0.created_at,
        p1_0.start_date,
        p1_0.end_date,
        p1_0.description,
        p1_0.cover_image,
        p1_0.localisation,
        p1_0.current_amount,
        p1_0.investors_count,
        p1_0.funding_goal,
        p1_0.equity_percentage,
        p1_0.owner_id,
        p2_0.id,
        p2_0.address,
        p2_0.admin_notes,
        p2_0.avatar_url,
        p2_0.bio,
        p2_0.preferred_category,
        p2_0.created_at,
        p2_0.email,
        p2_0.google_id,
        p2_0.kyc_status,
        p2_0.password,
        p2_0.last_name,
        p2_0.first_name,
        p2_0.role,
        p2_0.status,
        p2_0.phone,
        p2_0.ville,
        p1_0.status,
        p1_0.suspension_deadline,
        p1_0.interest_rate,
        p1_0.titre,
        p1_0.funding_type 
    from
        projects p1_0 
    join
        users p2_0 
            on p2_0.id=p1_0.owner_id 
    where
        p1_0.id=?
2026-05-20 12:45:15.610 [http-nio-0.0.0.0-8080-exec-7] DEBUG org.hibernate.SQL - 
    select
        p1_0.id,
        p1_0.admin_notes,
        p1_0.all_or_nothing,
        p1_0.categorie,
        p1_0.created_at,
        p1_0.start_date,
        p1_0.end_date,
        p1_0.description,
        p1_0.cover_image,
        p1_0.localisation,
        p1_0.current_amount,
        p1_0.investors_count,
        p1_0.funding_goal,
        p1_0.equity_percentage,
        p1_0.owner_id,
        p2_0.id,
        p2_0.address,
        p2_0.admin_notes,
        p2_0.avatar_url,
        p2_0.bio,
        p2_0.preferred_category,
        p2_0.created_at,
        p2_0.email,
        p2_0.google_id,
        p2_0.kyc_status,
        p2_0.password,
        p2_0.last_name,
        p2_0.first_name,
        p2_0.role,
        p2_0.status,
        p2_0.phone,
        p2_0.ville,
        p1_0.status,
        p1_0.suspension_deadline,
        p1_0.interest_rate,
        p1_0.titre,
        p1_0.funding_type 
    from
        projects p1_0 
    join
        users p2_0 
            on p2_0.id=p1_0.owner_id 
    where
        p1_0.id=?
2026-05-20 12:45:15.619 [http-nio-0.0.0.0-8080-exec-7] DEBUG org.hibernate.SQL - 
    select
        u1_0.id,
        u1_0.address,
        u1_0.admin_notes,
        u1_0.avatar_url,
        u1_0.bio,
        u1_0.preferred_category,
        u1_0.created_at,
        u1_0.email,
        u1_0.google_id,
        u1_0.kyc_status,
        u1_0.password,
        u1_0.last_name,
        u1_0.first_name,
        u1_0.role,
        u1_0.status,
        u1_0.phone,
        u1_0.ville 
    from
        users u1_0 
    where
        u1_0.id=?
2026-05-20 12:45:15.619 [http-nio-0.0.0.0-8080-exec-7] DEBUG org.hibernate.SQL - 
    select
        u1_0.id,
        u1_0.address,
        u1_0.admin_notes,
        u1_0.avatar_url,
        u1_0.bio,
        u1_0.preferred_category,
        u1_0.created_at,
        u1_0.email,
        u1_0.google_id,
        u1_0.kyc_status,
        u1_0.password,
        u1_0.last_name,
        u1_0.first_name,
        u1_0.role,
        u1_0.status,
        u1_0.phone,
        u1_0.ville 
    from
        users u1_0 
    where
        u1_0.id=?
2026-05-20 12:45:15.634 [http-nio-0.0.0.0-8080-exec-7] DEBUG o.s.o.j.s.OpenEntityManagerInViewInterceptor - Closing JPA EntityManager in OpenEntityManagerInViewInterceptor
2026-05-20 12:45:16.017 [http-nio-0.0.0.0-8080-exec-5] DEBUG o.s.o.j.s.OpenEntityManagerInViewInterceptor - Opening JPA EntityManager in OpenEntityManagerInViewInterceptor
2026-05-20 12:45:16.019 [http-nio-0.0.0.0-8080-exec-5] DEBUG o.s.orm.jpa.JpaTransactionManager - Found thread-bound EntityManager [SessionImpl(906627745<open>)] for JPA transaction
2026-05-20 12:45:16.019 [http-nio-0.0.0.0-8080-exec-5] DEBUG o.s.orm.jpa.JpaTransactionManager - Creating new transaction with name [org.springframework.data.jpa.repository.support.SimpleJpaRepository.findAll]: PROPAGATION_REQUIRED,ISOLATION_DEFAULT,readOnly
2026-05-20 12:45:16.027 [http-nio-0.0.0.0-8080-exec-5] DEBUG o.s.orm.jpa.JpaTransactionManager - Exposing JPA transaction as JDBC [org.springframework.orm.jpa.vendor.HibernateJpaDialect$HibernateConnectionHandle@2bef914e]
2026-05-20 12:45:16.029 [http-nio-0.0.0.0-8080-exec-5] DEBUG org.hibernate.SQL - 
    select
        p1_0.id,
        p1_0.admin_notes,
        p1_0.all_or_nothing,
        p1_0.categorie,
        p1_0.created_at,
        p1_0.start_date,
        p1_0.end_date,
        p1_0.description,
        p1_0.cover_image,
        p1_0.localisation,
        p1_0.current_amount,
        p1_0.investors_count,
        p1_0.funding_goal,
        p1_0.equity_percentage,
        p1_0.owner_id,
        p1_0.status,
        p1_0.suspension_deadline,
        p1_0.interest_rate,
        p1_0.titre,
        p1_0.funding_type 
    from
        projects p1_0
2026-05-20 12:45:16.029 [http-nio-0.0.0.0-8080-exec-5] DEBUG org.hibernate.SQL - 
    select
        p1_0.id,
        p1_0.admin_notes,
        p1_0.all_or_nothing,
        p1_0.categorie,
        p1_0.created_at,
        p1_0.start_date,
        p1_0.end_date,
        p1_0.description,
        p1_0.cover_image,
        p1_0.localisation,
        p1_0.current_amount,
        p1_0.investors_count,
        p1_0.funding_goal,
        p1_0.equity_percentage,
        p1_0.owner_id,
        p1_0.status,
        p1_0.suspension_deadline,
        p1_0.interest_rate,
        p1_0.titre,
        p1_0.funding_type 
    from
        projects p1_0
2026-05-20 12:45:16.031 [http-nio-0.0.0.0-8080-exec-9] DEBUG o.s.o.j.s.OpenEntityManagerInViewInterceptor - Opening JPA EntityManager in OpenEntityManagerInViewInterceptor
2026-05-20 12:45:16.031 [http-nio-0.0.0.0-8080-exec-6] DEBUG o.s.o.j.s.OpenEntityManagerInViewInterceptor - Opening JPA EntityManager in OpenEntityManagerInViewInterceptor
2026-05-20 12:45:16.032 [http-nio-0.0.0.0-8080-exec-5] DEBUG org.hibernate.SQL - 
    select
        u1_0.id,
        u1_0.address,
        u1_0.admin_notes,
        u1_0.avatar_url,
        u1_0.bio,
        u1_0.preferred_category,
        u1_0.created_at,
        u1_0.email,
        u1_0.google_id,
        u1_0.kyc_status,
        u1_0.password,
        u1_0.last_name,
        u1_0.first_name,
        u1_0.role,
        u1_0.status,
        u1_0.phone,
        u1_0.ville 
    from
        users u1_0 
    where
        u1_0.id=?
2026-05-20 12:45:16.032 [http-nio-0.0.0.0-8080-exec-5] DEBUG org.hibernate.SQL - 
    select
        u1_0.id,
        u1_0.address,
        u1_0.admin_notes,
        u1_0.avatar_url,
        u1_0.bio,
        u1_0.preferred_category,
        u1_0.created_at,
        u1_0.email,
        u1_0.google_id,
        u1_0.kyc_status,
        u1_0.password,
        u1_0.last_name,
        u1_0.first_name,
        u1_0.role,
        u1_0.status,
        u1_0.phone,
        u1_0.ville 
    from
        users u1_0 
    where
        u1_0.id=?
2026-05-20 12:45:16.042 [http-nio-0.0.0.0-8080-exec-5] DEBUG o.s.orm.jpa.JpaTransactionManager - Initiating transaction commit
2026-05-20 12:45:16.046 [http-nio-0.0.0.0-8080-exec-5] DEBUG o.s.orm.jpa.JpaTransactionManager - Committing JPA transaction on EntityManager [SessionImpl(906627745<open>)]
2026-05-20 12:45:16.046 [http-nio-0.0.0.0-8080-exec-9] DEBUG o.s.orm.jpa.JpaTransactionManager - Found thread-bound EntityManager [SessionImpl(727315840<open>)] for JPA transaction
2026-05-20 12:45:16.047 [http-nio-0.0.0.0-8080-exec-9] DEBUG o.s.orm.jpa.JpaTransactionManager - Creating new transaction with name [org.springframework.data.jpa.repository.support.SimpleJpaRepository.findAll]: PROPAGATION_REQUIRED,ISOLATION_DEFAULT,readOnly
2026-05-20 12:45:16.047 [http-nio-0.0.0.0-8080-exec-6] DEBUG o.s.orm.jpa.JpaTransactionManager - Found thread-bound EntityManager [SessionImpl(1769791158<open>)] for JPA transaction
2026-05-20 12:45:16.048 [http-nio-0.0.0.0-8080-exec-5] DEBUG o.s.orm.jpa.JpaTransactionManager - Not closing pre-bound JPA EntityManager after transaction
2026-05-20 12:45:16.048 [http-nio-0.0.0.0-8080-exec-9] DEBUG o.s.orm.jpa.JpaTransactionManager - Exposing JPA transaction as JDBC [org.springframework.orm.jpa.vendor.HibernateJpaDialect$HibernateConnectionHandle@e39c787]
2026-05-20 12:45:16.048 [http-nio-0.0.0.0-8080-exec-6] DEBUG o.s.orm.jpa.JpaTransactionManager - Creating new transaction with name [org.springframework.data.jpa.repository.support.SimpleJpaRepository.findAll]: PROPAGATION_REQUIRED,ISOLATION_DEFAULT,readOnly
2026-05-20 12:45:16.050 [http-nio-0.0.0.0-8080-exec-6] DEBUG o.s.orm.jpa.JpaTransactionManager - Exposing JPA transaction as JDBC [org.springframework.orm.jpa.vendor.HibernateJpaDialect$HibernateConnectionHandle@15879785]
2026-05-20 12:45:16.053 [http-nio-0.0.0.0-8080-exec-9] DEBUG org.hibernate.SQL - 
    select
        p1_0.id,
        p1_0.admin_notes,
        p1_0.all_or_nothing,
        p1_0.categorie,
        p1_0.created_at,
        p1_0.start_date,
        p1_0.end_date,
        p1_0.description,
        p1_0.cover_image,
        p1_0.localisation,
        p1_0.current_amount,
        p1_0.investors_count,
        p1_0.funding_goal,
        p1_0.equity_percentage,
        p1_0.owner_id,
        p1_0.status,
        p1_0.suspension_deadline,
        p1_0.interest_rate,
        p1_0.titre,
        p1_0.funding_type 
    from
        projects p1_0
2026-05-20 12:45:16.053 [http-nio-0.0.0.0-8080-exec-9] DEBUG org.hibernate.SQL - 
    select
        p1_0.id,
        p1_0.admin_notes,
        p1_0.all_or_nothing,
        p1_0.categorie,
        p1_0.created_at,
        p1_0.start_date,
        p1_0.end_date,
        p1_0.description,
        p1_0.cover_image,
        p1_0.localisation,
        p1_0.current_amount,
        p1_0.investors_count,
        p1_0.funding_goal,
        p1_0.equity_percentage,
        p1_0.owner_id,
        p1_0.status,
        p1_0.suspension_deadline,
        p1_0.interest_rate,
        p1_0.titre,
        p1_0.funding_type 
    from
        projects p1_0
2026-05-20 12:45:16.057 [http-nio-0.0.0.0-8080-exec-5] DEBUG o.s.o.j.s.OpenEntityManagerInViewInterceptor - Closing JPA EntityManager in OpenEntityManagerInViewInterceptor
2026-05-20 12:45:16.058 [http-nio-0.0.0.0-8080-exec-6] DEBUG org.hibernate.SQL - 
    select
        p1_0.id,
        p1_0.admin_notes,
        p1_0.all_or_nothing,
        p1_0.categorie,
        p1_0.created_at,
        p1_0.start_date,
        p1_0.end_date,
        p1_0.description,
        p1_0.cover_image,
        p1_0.localisation,
        p1_0.current_amount,
        p1_0.investors_count,
        p1_0.funding_goal,
        p1_0.equity_percentage,
        p1_0.owner_id,
        p1_0.status,
        p1_0.suspension_deadline,
        p1_0.interest_rate,
        p1_0.titre,
        p1_0.funding_type 
    from
        projects p1_0
2026-05-20 12:45:16.058 [http-nio-0.0.0.0-8080-exec-6] DEBUG org.hibernate.SQL - 
    select
        p1_0.id,
        p1_0.admin_notes,
        p1_0.all_or_nothing,
        p1_0.categorie,
        p1_0.created_at,
        p1_0.start_date,
        p1_0.end_date,
        p1_0.description,
        p1_0.cover_image,
        p1_0.localisation,
        p1_0.current_amount,
        p1_0.investors_count,
        p1_0.funding_goal,
        p1_0.equity_percentage,
        p1_0.owner_id,
        p1_0.status,
        p1_0.suspension_deadline,
        p1_0.interest_rate,
        p1_0.titre,
        p1_0.funding_type 
    from
        projects p1_0
2026-05-20 12:45:16.062 [http-nio-0.0.0.0-8080-exec-9] DEBUG org.hibernate.SQL - 
    select
        u1_0.id,
        u1_0.address,
        u1_0.admin_notes,
        u1_0.avatar_url,
        u1_0.bio,
        u1_0.preferred_category,
        u1_0.created_at,
        u1_0.email,
        u1_0.google_id,
        u1_0.kyc_status,
        u1_0.password,
        u1_0.last_name,
        u1_0.first_name,
        u1_0.role,
        u1_0.status,
        u1_0.phone,
        u1_0.ville 
    from
        users u1_0 
    where
        u1_0.id=?
2026-05-20 12:45:16.062 [http-nio-0.0.0.0-8080-exec-9] DEBUG org.hibernate.SQL - 
    select
        u1_0.id,
        u1_0.address,
        u1_0.admin_notes,
        u1_0.avatar_url,
        u1_0.bio,
        u1_0.preferred_category,
        u1_0.created_at,
        u1_0.email,
        u1_0.google_id,
        u1_0.kyc_status,
        u1_0.password,
        u1_0.last_name,
        u1_0.first_name,
        u1_0.role,
        u1_0.status,
        u1_0.phone,
        u1_0.ville 
    from
        users u1_0 
    where
        u1_0.id=?
2026-05-20 12:45:16.064 [http-nio-0.0.0.0-8080-exec-6] DEBUG org.hibernate.SQL - 
    select
        u1_0.id,
        u1_0.address,
        u1_0.admin_notes,
        u1_0.avatar_url,
        u1_0.bio,
        u1_0.preferred_category,
        u1_0.created_at,
        u1_0.email,
        u1_0.google_id,
        u1_0.kyc_status,
        u1_0.password,
        u1_0.last_name,
        u1_0.first_name,
        u1_0.role,
        u1_0.status,
        u1_0.phone,
        u1_0.ville 
    from
        users u1_0 
    where
        u1_0.id=?
2026-05-20 12:45:16.064 [http-nio-0.0.0.0-8080-exec-6] DEBUG org.hibernate.SQL - 
    select
        u1_0.id,
        u1_0.address,
        u1_0.admin_notes,
        u1_0.avatar_url,
        u1_0.bio,
        u1_0.preferred_category,
        u1_0.created_at,
        u1_0.email,
        u1_0.google_id,
        u1_0.kyc_status,
        u1_0.password,
        u1_0.last_name,
        u1_0.first_name,
        u1_0.role,
        u1_0.status,
        u1_0.phone,
        u1_0.ville 
    from
        users u1_0 
    where
        u1_0.id=?
2026-05-20 12:45:16.067 [http-nio-0.0.0.0-8080-exec-9] DEBUG o.s.orm.jpa.JpaTransactionManager - Initiating transaction commit
2026-05-20 12:45:16.067 [http-nio-0.0.0.0-8080-exec-9] DEBUG o.s.orm.jpa.JpaTransactionManager - Committing JPA transaction on EntityManager [SessionImpl(727315840<open>)]
2026-05-20 12:45:16.068 [http-nio-0.0.0.0-8080-exec-6] DEBUG o.s.orm.jpa.JpaTransactionManager - Initiating transaction commit
2026-05-20 12:45:16.068 [http-nio-0.0.0.0-8080-exec-6] DEBUG o.s.orm.jpa.JpaTransactionManager - Committing JPA transaction on EntityManager [SessionImpl(1769791158<open>)]
2026-05-20 12:45:16.069 [http-nio-0.0.0.0-8080-exec-9] DEBUG o.s.orm.jpa.JpaTransactionManager - Not closing pre-bound JPA EntityManager after transaction
2026-05-20 12:45:16.074 [http-nio-0.0.0.0-8080-exec-6] DEBUG o.s.orm.jpa.JpaTransactionManager - Not closing pre-bound JPA EntityManager after transaction
2026-05-20 12:45:16.079 [http-nio-0.0.0.0-8080-exec-6] DEBUG o.s.o.j.s.OpenEntityManagerInViewInterceptor - Closing JPA EntityManager in OpenEntityManagerInViewInterceptor
2026-05-20 12:45:16.079 [http-nio-0.0.0.0-8080-exec-9] DEBUG o.s.o.j.s.OpenEntityManagerInViewInterceptor - Closing JPA EntityManager in OpenEntityManagerInViewInterceptor
2026-05-20 12:45:16.095 [http-nio-0.0.0.0-8080-exec-4] DEBUG o.s.o.j.s.OpenEntityManagerInViewInterceptor - Opening JPA EntityManager in OpenEntityManagerInViewInterceptor
2026-05-20 12:45:16.098 [http-nio-0.0.0.0-8080-exec-4] DEBUG o.s.orm.jpa.JpaTransactionManager - Found thread-bound EntityManager [SessionImpl(968008841<open>)] for JPA transaction
2026-05-20 12:45:16.098 [http-nio-0.0.0.0-8080-exec-4] DEBUG o.s.orm.jpa.JpaTransactionManager - Creating new transaction with name [org.springframework.data.jpa.repository.support.SimpleJpaRepository.findAll]: PROPAGATION_REQUIRED,ISOLATION_DEFAULT,readOnly
2026-05-20 12:45:16.100 [http-nio-0.0.0.0-8080-exec-4] DEBUG o.s.orm.jpa.JpaTransactionManager - Exposing JPA transaction as JDBC [org.springframework.orm.jpa.vendor.HibernateJpaDialect$HibernateConnectionHandle@7f47bb4a]
2026-05-20 12:45:16.102 [http-nio-0.0.0.0-8080-exec-4] DEBUG org.hibernate.SQL - 
    select
        p1_0.id,
        p1_0.admin_notes,
        p1_0.all_or_nothing,
        p1_0.categorie,
        p1_0.created_at,
        p1_0.start_date,
        p1_0.end_date,
        p1_0.description,
        p1_0.cover_image,
        p1_0.localisation,
        p1_0.current_amount,
        p1_0.investors_count,
        p1_0.funding_goal,
        p1_0.equity_percentage,
        p1_0.owner_id,
        p1_0.status,
        p1_0.suspension_deadline,
        p1_0.interest_rate,
        p1_0.titre,
        p1_0.funding_type 
    from
        projects p1_0
2026-05-20 12:45:16.102 [http-nio-0.0.0.0-8080-exec-4] DEBUG org.hibernate.SQL - 
    select
        p1_0.id,
        p1_0.admin_notes,
        p1_0.all_or_nothing,
        p1_0.categorie,
        p1_0.created_at,
        p1_0.start_date,
        p1_0.end_date,
        p1_0.description,
        p1_0.cover_image,
        p1_0.localisation,
        p1_0.current_amount,
        p1_0.investors_count,
        p1_0.funding_goal,
        p1_0.equity_percentage,
        p1_0.owner_id,
        p1_0.status,
        p1_0.suspension_deadline,
        p1_0.interest_rate,
        p1_0.titre,
        p1_0.funding_type 
    from
        projects p1_0
2026-05-20 12:45:16.106 [http-nio-0.0.0.0-8080-exec-4] DEBUG org.hibernate.SQL - 
    select
        u1_0.id,
        u1_0.address,
        u1_0.admin_notes,
        u1_0.avatar_url,
        u1_0.bio,
        u1_0.preferred_category,
        u1_0.created_at,
        u1_0.email,
        u1_0.google_id,
        u1_0.kyc_status,
        u1_0.password,
        u1_0.last_name,
        u1_0.first_name,
        u1_0.role,
        u1_0.status,
        u1_0.phone,
        u1_0.ville 
    from
        users u1_0 
    where
        u1_0.id=?
2026-05-20 12:45:16.106 [http-nio-0.0.0.0-8080-exec-4] DEBUG org.hibernate.SQL - 
    select
        u1_0.id,
        u1_0.address,
        u1_0.admin_notes,
        u1_0.avatar_url,
        u1_0.bio,
        u1_0.preferred_category,
        u1_0.created_at,
        u1_0.email,
        u1_0.google_id,
        u1_0.kyc_status,
        u1_0.password,
        u1_0.last_name,
        u1_0.first_name,
        u1_0.role,
        u1_0.status,
        u1_0.phone,
        u1_0.ville 
    from
        users u1_0 
    where
        u1_0.id=?
2026-05-20 12:45:16.112 [http-nio-0.0.0.0-8080-exec-4] DEBUG o.s.orm.jpa.JpaTransactionManager - Initiating transaction commit
2026-05-20 12:45:16.112 [http-nio-0.0.0.0-8080-exec-4] DEBUG o.s.orm.jpa.JpaTransactionManager - Committing JPA transaction on EntityManager [SessionImpl(968008841<open>)]
2026-05-20 12:45:16.114 [http-nio-0.0.0.0-8080-exec-4] DEBUG o.s.orm.jpa.JpaTransactionManager - Not closing pre-bound JPA EntityManager after transaction
2026-05-20 12:45:16.118 [http-nio-0.0.0.0-8080-exec-4] DEBUG o.s.o.j.s.OpenEntityManagerInViewInterceptor - Closing JPA EntityManager in OpenEntityManagerInViewInterceptor
2026-05-20 12:45:16.837 [http-nio-0.0.0.0-8080-exec-2] DEBUG o.s.o.j.s.OpenEntityManagerInViewInterceptor - Opening JPA EntityManager in OpenEntityManagerInViewInterceptor
2026-05-20 12:45:16.843 [http-nio-0.0.0.0-8080-exec-10] DEBUG o.s.o.j.s.OpenEntityManagerInViewInterceptor - Opening JPA EntityManager in OpenEntityManagerInViewInterceptor
2026-05-20 12:45:16.845 [http-nio-0.0.0.0-8080-exec-1] DEBUG o.s.o.j.s.OpenEntityManagerInViewInterceptor - Opening JPA EntityManager in OpenEntityManagerInViewInterceptor
2026-05-20 12:45:16.870 [http-nio-0.0.0.0-8080-exec-2] DEBUG org.hibernate.SQL - 
    select
        count(i1_0.id) 
    from
        interactions i1_0 
    left join
        projects p1_0 
            on p1_0.id=i1_0.project_id 
    where
        p1_0.id=? 
        and i1_0.type=?
2026-05-20 12:45:16.870 [http-nio-0.0.0.0-8080-exec-2] DEBUG org.hibernate.SQL - 
    select
        count(i1_0.id) 
    from
        interactions i1_0 
    left join
        projects p1_0 
            on p1_0.id=i1_0.project_id 
    where
        p1_0.id=? 
        and i1_0.type=?
2026-05-20 12:45:16.894 [http-nio-0.0.0.0-8080-exec-1] DEBUG org.hibernate.SQL - 
    select
        count(i1_0.id) 
    from
        interactions i1_0 
    left join
        projects p1_0 
            on p1_0.id=i1_0.project_id 
    where
        p1_0.id=? 
        and i1_0.type=?
2026-05-20 12:45:16.894 [http-nio-0.0.0.0-8080-exec-1] DEBUG org.hibernate.SQL - 
    select
        count(i1_0.id) 
    from
        interactions i1_0 
    left join
        projects p1_0 
            on p1_0.id=i1_0.project_id 
    where
        p1_0.id=? 
        and i1_0.type=?
2026-05-20 12:45:16.897 [http-nio-0.0.0.0-8080-exec-10] DEBUG org.hibernate.SQL - 
    select
        count(i1_0.id) 
    from
        interactions i1_0 
    left join
        projects p1_0 
            on p1_0.id=i1_0.project_id 
    where
        p1_0.id=? 
        and i1_0.type=?
2026-05-20 12:45:16.897 [http-nio-0.0.0.0-8080-exec-10] DEBUG org.hibernate.SQL - 
    select
        count(i1_0.id) 
    from
        interactions i1_0 
    left join
        projects p1_0 
            on p1_0.id=i1_0.project_id 
    where
        p1_0.id=? 
        and i1_0.type=?
2026-05-20 12:45:16.947 [http-nio-0.0.0.0-8080-exec-10] DEBUG org.hibernate.SQL - 
    select
        count(i1_0.id) 
    from
        interactions i1_0 
    left join
        projects p1_0 
            on p1_0.id=i1_0.project_id 
    where
        p1_0.id=? 
        and i1_0.type=?
2026-05-20 12:45:16.947 [http-nio-0.0.0.0-8080-exec-10] DEBUG org.hibernate.SQL - 
    select
        count(i1_0.id) 
    from
        interactions i1_0 
    left join
        projects p1_0 
            on p1_0.id=i1_0.project_id 
    where
        p1_0.id=? 
        and i1_0.type=?
2026-05-20 12:45:16.933 [http-nio-0.0.0.0-8080-exec-2] DEBUG org.hibernate.SQL - 
    select
        count(i1_0.id) 
    from
        interactions i1_0 
    left join
        projects p1_0 
            on p1_0.id=i1_0.project_id 
    where
        p1_0.id=? 
        and i1_0.type=?
2026-05-20 12:45:16.933 [http-nio-0.0.0.0-8080-exec-2] DEBUG org.hibernate.SQL - 
    select
        count(i1_0.id) 
    from
        interactions i1_0 
    left join
        projects p1_0 
            on p1_0.id=i1_0.project_id 
    where
        p1_0.id=? 
        and i1_0.type=?
2026-05-20 12:45:16.950 [http-nio-0.0.0.0-8080-exec-1] DEBUG org.hibernate.SQL - 
    select
        count(i1_0.id) 
    from
        interactions i1_0 
    left join
        projects p1_0 
            on p1_0.id=i1_0.project_id 
    where
        p1_0.id=? 
        and i1_0.type=?
2026-05-20 12:45:16.950 [http-nio-0.0.0.0-8080-exec-1] DEBUG org.hibernate.SQL - 
    select
        count(i1_0.id) 
    from
        interactions i1_0 
    left join
        projects p1_0 
            on p1_0.id=i1_0.project_id 
    where
        p1_0.id=? 
        and i1_0.type=?
2026-05-20 12:45:16.983 [http-nio-0.0.0.0-8080-exec-2] DEBUG org.hibernate.SQL - 
    select
        c1_0.id,
        c1_0.contenu,
        c1_0.created_at,
        c1_0.project_id,
        c1_0.user_id 
    from
        comments c1_0 
    left join
        projects p1_0 
            on p1_0.id=c1_0.project_id 
    where
        p1_0.id=? 
    order by
        c1_0.created_at desc
2026-05-20 12:45:16.983 [http-nio-0.0.0.0-8080-exec-2] DEBUG org.hibernate.SQL - 
    select
        c1_0.id,
        c1_0.contenu,
        c1_0.created_at,
        c1_0.project_id,
        c1_0.user_id 
    from
        comments c1_0 
    left join
        projects p1_0 
            on p1_0.id=c1_0.project_id 
    where
        p1_0.id=? 
    order by
        c1_0.created_at desc
2026-05-20 12:45:16.985 [http-nio-0.0.0.0-8080-exec-10] DEBUG org.hibernate.SQL - 
    select
        c1_0.id,
        c1_0.contenu,
        c1_0.created_at,
        c1_0.project_id,
        c1_0.user_id 
    from
        comments c1_0 
    left join
        projects p1_0 
            on p1_0.id=c1_0.project_id 
    where
        p1_0.id=? 
    order by
        c1_0.created_at desc
2026-05-20 12:45:16.985 [http-nio-0.0.0.0-8080-exec-10] DEBUG org.hibernate.SQL - 
    select
        c1_0.id,
        c1_0.contenu,
        c1_0.created_at,
        c1_0.project_id,
        c1_0.user_id 
    from
        comments c1_0 
    left join
        projects p1_0 
            on p1_0.id=c1_0.project_id 
    where
        p1_0.id=? 
    order by
        c1_0.created_at desc
2026-05-20 12:45:17.007 [http-nio-0.0.0.0-8080-exec-10] DEBUG org.hibernate.SQL - 
    select
        p1_0.id,
        p1_0.admin_notes,
        p1_0.all_or_nothing,
        p1_0.categorie,
        p1_0.created_at,
        p1_0.start_date,
        p1_0.end_date,
        p1_0.description,
        p1_0.cover_image,
        p1_0.localisation,
        p1_0.current_amount,
        p1_0.investors_count,
        p1_0.funding_goal,
        p1_0.equity_percentage,
        p1_0.owner_id,
        p2_0.id,
        p2_0.address,
        p2_0.admin_notes,
        p2_0.avatar_url,
        p2_0.bio,
        p2_0.preferred_category,
        p2_0.created_at,
        p2_0.email,
        p2_0.google_id,
        p2_0.kyc_status,
        p2_0.password,
        p2_0.last_name,
        p2_0.first_name,
        p2_0.role,
        p2_0.status,
        p2_0.phone,
        p2_0.ville,
        p1_0.status,
        p1_0.suspension_deadline,
        p1_0.interest_rate,
        p1_0.titre,
        p1_0.funding_type 
    from
        projects p1_0 
    join
        users p2_0 
            on p2_0.id=p1_0.owner_id 
    where
        p1_0.id=?
2026-05-20 12:45:17.007 [http-nio-0.0.0.0-8080-exec-10] DEBUG org.hibernate.SQL - 
    select
        p1_0.id,
        p1_0.admin_notes,
        p1_0.all_or_nothing,
        p1_0.categorie,
        p1_0.created_at,
        p1_0.start_date,
        p1_0.end_date,
        p1_0.description,
        p1_0.cover_image,
        p1_0.localisation,
        p1_0.current_amount,
        p1_0.investors_count,
        p1_0.funding_goal,
        p1_0.equity_percentage,
        p1_0.owner_id,
        p2_0.id,
        p2_0.address,
        p2_0.admin_notes,
        p2_0.avatar_url,
        p2_0.bio,
        p2_0.preferred_category,
        p2_0.created_at,
        p2_0.email,
        p2_0.google_id,
        p2_0.kyc_status,
        p2_0.password,
        p2_0.last_name,
        p2_0.first_name,
        p2_0.role,
        p2_0.status,
        p2_0.phone,
        p2_0.ville,
        p1_0.status,
        p1_0.suspension_deadline,
        p1_0.interest_rate,
        p1_0.titre,
        p1_0.funding_type 
    from
        projects p1_0 
    join
        users p2_0 
            on p2_0.id=p1_0.owner_id 
    where
        p1_0.id=?
2026-05-20 12:45:17.012 [http-nio-0.0.0.0-8080-exec-1] DEBUG org.hibernate.SQL - 
    select
        c1_0.id,
        c1_0.contenu,
        c1_0.created_at,
        c1_0.project_id,
        c1_0.user_id 
    from
        comments c1_0 
    left join
        projects p1_0 
            on p1_0.id=c1_0.project_id 
    where
        p1_0.id=? 
    order by
        c1_0.created_at desc
2026-05-20 12:45:17.012 [http-nio-0.0.0.0-8080-exec-1] DEBUG org.hibernate.SQL - 
    select
        c1_0.id,
        c1_0.contenu,
        c1_0.created_at,
        c1_0.project_id,
        c1_0.user_id 
    from
        comments c1_0 
    left join
        projects p1_0 
            on p1_0.id=c1_0.project_id 
    where
        p1_0.id=? 
    order by
        c1_0.created_at desc
2026-05-20 12:45:17.014 [http-nio-0.0.0.0-8080-exec-2] DEBUG o.s.o.j.s.OpenEntityManagerInViewInterceptor - Closing JPA EntityManager in OpenEntityManagerInViewInterceptor
2026-05-20 12:45:17.034 [http-nio-0.0.0.0-8080-exec-1] DEBUG org.hibernate.SQL - 
    select
        p1_0.id,
        p1_0.admin_notes,
        p1_0.all_or_nothing,
        p1_0.categorie,
        p1_0.created_at,
        p1_0.start_date,
        p1_0.end_date,
        p1_0.description,
        p1_0.cover_image,
        p1_0.localisation,
        p1_0.current_amount,
        p1_0.investors_count,
        p1_0.funding_goal,
        p1_0.equity_percentage,
        p1_0.owner_id,
        p2_0.id,
        p2_0.address,
        p2_0.admin_notes,
        p2_0.avatar_url,
        p2_0.bio,
        p2_0.preferred_category,
        p2_0.created_at,
        p2_0.email,
        p2_0.google_id,
        p2_0.kyc_status,
        p2_0.password,
        p2_0.last_name,
        p2_0.first_name,
        p2_0.role,
        p2_0.status,
        p2_0.phone,
        p2_0.ville,
        p1_0.status,
        p1_0.suspension_deadline,
        p1_0.interest_rate,
        p1_0.titre,
        p1_0.funding_type 
    from
        projects p1_0 
    join
        users p2_0 
            on p2_0.id=p1_0.owner_id 
    where
        p1_0.id=?
2026-05-20 12:45:17.034 [http-nio-0.0.0.0-8080-exec-1] DEBUG org.hibernate.SQL - 
    select
        p1_0.id,
        p1_0.admin_notes,
        p1_0.all_or_nothing,
        p1_0.categorie,
        p1_0.created_at,
        p1_0.start_date,
        p1_0.end_date,
        p1_0.description,
        p1_0.cover_image,
        p1_0.localisation,
        p1_0.current_amount,
        p1_0.investors_count,
        p1_0.funding_goal,
        p1_0.equity_percentage,
        p1_0.owner_id,
        p2_0.id,
        p2_0.address,
        p2_0.admin_notes,
        p2_0.avatar_url,
        p2_0.bio,
        p2_0.preferred_category,
        p2_0.created_at,
        p2_0.email,
        p2_0.google_id,
        p2_0.kyc_status,
        p2_0.password,
        p2_0.last_name,
        p2_0.first_name,
        p2_0.role,
        p2_0.status,
        p2_0.phone,
        p2_0.ville,
        p1_0.status,
        p1_0.suspension_deadline,
        p1_0.interest_rate,
        p1_0.titre,
        p1_0.funding_type 
    from
        projects p1_0 
    join
        users p2_0 
            on p2_0.id=p1_0.owner_id 
    where
        p1_0.id=?
2026-05-20 12:45:17.065 [http-nio-0.0.0.0-8080-exec-10] DEBUG o.s.o.j.s.OpenEntityManagerInViewInterceptor - Closing JPA EntityManager in OpenEntityManagerInViewInterceptor
2026-05-20 12:45:17.077 [http-nio-0.0.0.0-8080-exec-1] DEBUG org.hibernate.SQL - 
    select
        u1_0.id,
        u1_0.address,
        u1_0.admin_notes,
        u1_0.avatar_url,
        u1_0.bio,
        u1_0.preferred_category,
        u1_0.created_at,
        u1_0.email,
        u1_0.google_id,
        u1_0.kyc_status,
        u1_0.password,
        u1_0.last_name,
        u1_0.first_name,
        u1_0.role,
        u1_0.status,
        u1_0.phone,
        u1_0.ville 
    from
        users u1_0 
    where
        u1_0.id=?
2026-05-20 12:45:17.077 [http-nio-0.0.0.0-8080-exec-1] DEBUG org.hibernate.SQL - 
    select
        u1_0.id,
        u1_0.address,
        u1_0.admin_notes,
        u1_0.avatar_url,
        u1_0.bio,
        u1_0.preferred_category,
        u1_0.created_at,
        u1_0.email,
        u1_0.google_id,
        u1_0.kyc_status,
        u1_0.password,
        u1_0.last_name,
        u1_0.first_name,
        u1_0.role,
        u1_0.status,
        u1_0.phone,
        u1_0.ville 
    from
        users u1_0 
    where
        u1_0.id=?
2026-05-20 12:45:17.109 [http-nio-0.0.0.0-8080-exec-1] DEBUG o.s.o.j.s.OpenEntityManagerInViewInterceptor - Closing JPA EntityManager in OpenEntityManagerInViewInterceptor
2026-05-20 12:45:17.162 [http-nio-0.0.0.0-8080-exec-8] DEBUG o.s.o.j.s.OpenEntityManagerInViewInterceptor - Opening JPA EntityManager in OpenEntityManagerInViewInterceptor
2026-05-20 12:45:17.168 [http-nio-0.0.0.0-8080-exec-3] DEBUG o.s.o.j.s.OpenEntityManagerInViewInterceptor - Opening JPA EntityManager in OpenEntityManagerInViewInterceptor
2026-05-20 12:45:17.199 [http-nio-0.0.0.0-8080-exec-8] DEBUG org.hibernate.SQL - 
    select
        count(i1_0.id) 
    from
        interactions i1_0 
    left join
        projects p1_0 
            on p1_0.id=i1_0.project_id 
    where
        p1_0.id=? 
        and i1_0.type=?
2026-05-20 12:45:17.199 [http-nio-0.0.0.0-8080-exec-8] DEBUG org.hibernate.SQL - 
    select
        count(i1_0.id) 
    from
        interactions i1_0 
    left join
        projects p1_0 
            on p1_0.id=i1_0.project_id 
    where
        p1_0.id=? 
        and i1_0.type=?
2026-05-20 12:45:17.200 [http-nio-0.0.0.0-8080-exec-7] DEBUG o.s.o.j.s.OpenEntityManagerInViewInterceptor - Opening JPA EntityManager in OpenEntityManagerInViewInterceptor
2026-05-20 12:45:17.200 [http-nio-0.0.0.0-8080-exec-3] DEBUG org.hibernate.SQL - 
    select
        count(i1_0.id) 
    from
        interactions i1_0 
    left join
        projects p1_0 
            on p1_0.id=i1_0.project_id 
    where
        p1_0.id=? 
        and i1_0.type=?
2026-05-20 12:45:17.200 [http-nio-0.0.0.0-8080-exec-3] DEBUG org.hibernate.SQL - 
    select
        count(i1_0.id) 
    from
        interactions i1_0 
    left join
        projects p1_0 
            on p1_0.id=i1_0.project_id 
    where
        p1_0.id=? 
        and i1_0.type=?
2026-05-20 12:45:17.217 [http-nio-0.0.0.0-8080-exec-8] DEBUG org.hibernate.SQL - 
    select
        count(i1_0.id) 
    from
        interactions i1_0 
    left join
        projects p1_0 
            on p1_0.id=i1_0.project_id 
    where
        p1_0.id=? 
        and i1_0.type=?
2026-05-20 12:45:17.217 [http-nio-0.0.0.0-8080-exec-8] DEBUG org.hibernate.SQL - 
    select
        count(i1_0.id) 
    from
        interactions i1_0 
    left join
        projects p1_0 
            on p1_0.id=i1_0.project_id 
    where
        p1_0.id=? 
        and i1_0.type=?
2026-05-20 12:45:17.232 [http-nio-0.0.0.0-8080-exec-3] DEBUG org.hibernate.SQL - 
    select
        count(i1_0.id) 
    from
        interactions i1_0 
    left join
        projects p1_0 
            on p1_0.id=i1_0.project_id 
    where
        p1_0.id=? 
        and i1_0.type=?
2026-05-20 12:45:17.232 [http-nio-0.0.0.0-8080-exec-3] DEBUG org.hibernate.SQL - 
    select
        count(i1_0.id) 
    from
        interactions i1_0 
    left join
        projects p1_0 
            on p1_0.id=i1_0.project_id 
    where
        p1_0.id=? 
        and i1_0.type=?
2026-05-20 12:45:17.234 [http-nio-0.0.0.0-8080-exec-8] DEBUG org.hibernate.SQL - 
    select
        c1_0.id,
        c1_0.contenu,
        c1_0.created_at,
        c1_0.project_id,
        c1_0.user_id 
    from
        comments c1_0 
    left join
        projects p1_0 
            on p1_0.id=c1_0.project_id 
    where
        p1_0.id=? 
    order by
        c1_0.created_at desc
2026-05-20 12:45:17.234 [http-nio-0.0.0.0-8080-exec-8] DEBUG org.hibernate.SQL - 
    select
        c1_0.id,
        c1_0.contenu,
        c1_0.created_at,
        c1_0.project_id,
        c1_0.user_id 
    from
        comments c1_0 
    left join
        projects p1_0 
            on p1_0.id=c1_0.project_id 
    where
        p1_0.id=? 
    order by
        c1_0.created_at desc
2026-05-20 12:45:17.234 [http-nio-0.0.0.0-8080-exec-7] DEBUG org.hibernate.SQL - 
    select
        count(i1_0.id) 
    from
        interactions i1_0 
    left join
        projects p1_0 
            on p1_0.id=i1_0.project_id 
    where
        p1_0.id=? 
        and i1_0.type=?
2026-05-20 12:45:17.234 [http-nio-0.0.0.0-8080-exec-7] DEBUG org.hibernate.SQL - 
    select
        count(i1_0.id) 
    from
        interactions i1_0 
    left join
        projects p1_0 
            on p1_0.id=i1_0.project_id 
    where
        p1_0.id=? 
        and i1_0.type=?
2026-05-20 12:45:17.238 [http-nio-0.0.0.0-8080-exec-8] DEBUG org.hibernate.SQL - 
    select
        p1_0.id,
        p1_0.admin_notes,
        p1_0.all_or_nothing,
        p1_0.categorie,
        p1_0.created_at,
        p1_0.start_date,
        p1_0.end_date,
        p1_0.description,
        p1_0.cover_image,
        p1_0.localisation,
        p1_0.current_amount,
        p1_0.investors_count,
        p1_0.funding_goal,
        p1_0.equity_percentage,
        p1_0.owner_id,
        p2_0.id,
        p2_0.address,
        p2_0.admin_notes,
        p2_0.avatar_url,
        p2_0.bio,
        p2_0.preferred_category,
        p2_0.created_at,
        p2_0.email,
        p2_0.google_id,
        p2_0.kyc_status,
        p2_0.password,
        p2_0.last_name,
        p2_0.first_name,
        p2_0.role,
        p2_0.status,
        p2_0.phone,
        p2_0.ville,
        p1_0.status,
        p1_0.suspension_deadline,
        p1_0.interest_rate,
        p1_0.titre,
        p1_0.funding_type 
    from
        projects p1_0 
    join
        users p2_0 
            on p2_0.id=p1_0.owner_id 
    where
        p1_0.id=?
2026-05-20 12:45:17.238 [http-nio-0.0.0.0-8080-exec-8] DEBUG org.hibernate.SQL - 
    select
        p1_0.id,
        p1_0.admin_notes,
        p1_0.all_or_nothing,
        p1_0.categorie,
        p1_0.created_at,
        p1_0.start_date,
        p1_0.end_date,
        p1_0.description,
        p1_0.cover_image,
        p1_0.localisation,
        p1_0.current_amount,
        p1_0.investors_count,
        p1_0.funding_goal,
        p1_0.equity_percentage,
        p1_0.owner_id,
        p2_0.id,
        p2_0.address,
        p2_0.admin_notes,
        p2_0.avatar_url,
        p2_0.bio,
        p2_0.preferred_category,
        p2_0.created_at,
        p2_0.email,
        p2_0.google_id,
        p2_0.kyc_status,
        p2_0.password,
        p2_0.last_name,
        p2_0.first_name,
        p2_0.role,
        p2_0.status,
        p2_0.phone,
        p2_0.ville,
        p1_0.status,
        p1_0.suspension_deadline,
        p1_0.interest_rate,
        p1_0.titre,
        p1_0.funding_type 
    from
        projects p1_0 
    join
        users p2_0 
            on p2_0.id=p1_0.owner_id 
    where
        p1_0.id=?
2026-05-20 12:45:17.243 [http-nio-0.0.0.0-8080-exec-3] DEBUG org.hibernate.SQL - 
    select
        c1_0.id,
        c1_0.contenu,
        c1_0.created_at,
        c1_0.project_id,
        c1_0.user_id 
    from
        comments c1_0 
    left join
        projects p1_0 
            on p1_0.id=c1_0.project_id 
    where
        p1_0.id=? 
    order by
        c1_0.created_at desc
2026-05-20 12:45:17.243 [http-nio-0.0.0.0-8080-exec-3] DEBUG org.hibernate.SQL - 
    select
        c1_0.id,
        c1_0.contenu,
        c1_0.created_at,
        c1_0.project_id,
        c1_0.user_id 
    from
        comments c1_0 
    left join
        projects p1_0 
            on p1_0.id=c1_0.project_id 
    where
        p1_0.id=? 
    order by
        c1_0.created_at desc
2026-05-20 12:45:17.249 [http-nio-0.0.0.0-8080-exec-7] DEBUG org.hibernate.SQL - 
    select
        count(i1_0.id) 
    from
        interactions i1_0 
    left join
        projects p1_0 
            on p1_0.id=i1_0.project_id 
    where
        p1_0.id=? 
        and i1_0.type=?
2026-05-20 12:45:17.249 [http-nio-0.0.0.0-8080-exec-7] DEBUG org.hibernate.SQL - 
    select
        count(i1_0.id) 
    from
        interactions i1_0 
    left join
        projects p1_0 
            on p1_0.id=i1_0.project_id 
    where
        p1_0.id=? 
        and i1_0.type=?
2026-05-20 12:45:17.250 [http-nio-0.0.0.0-8080-exec-3] DEBUG o.s.o.j.s.OpenEntityManagerInViewInterceptor - Closing JPA EntityManager in OpenEntityManagerInViewInterceptor
2026-05-20 12:45:17.263 [http-nio-0.0.0.0-8080-exec-8] DEBUG o.s.o.j.s.OpenEntityManagerInViewInterceptor - Closing JPA EntityManager in OpenEntityManagerInViewInterceptor
2026-05-20 12:45:17.264 [http-nio-0.0.0.0-8080-exec-7] DEBUG org.hibernate.SQL - 
    select
        c1_0.id,
        c1_0.contenu,
        c1_0.created_at,
        c1_0.project_id,
        c1_0.user_id 
    from
        comments c1_0 
    left join
        projects p1_0 
            on p1_0.id=c1_0.project_id 
    where
        p1_0.id=? 
    order by
        c1_0.created_at desc
2026-05-20 12:45:17.264 [http-nio-0.0.0.0-8080-exec-7] DEBUG org.hibernate.SQL - 
    select
        c1_0.id,
        c1_0.contenu,
        c1_0.created_at,
        c1_0.project_id,
        c1_0.user_id 
    from
        comments c1_0 
    left join
        projects p1_0 
            on p1_0.id=c1_0.project_id 
    where
        p1_0.id=? 
    order by
        c1_0.created_at desc
2026-05-20 12:45:17.276 [http-nio-0.0.0.0-8080-exec-7] DEBUG org.hibernate.SQL - 
    select
        p1_0.id,
        p1_0.admin_notes,
        p1_0.all_or_nothing,
        p1_0.categorie,
        p1_0.created_at,
        p1_0.start_date,
        p1_0.end_date,
        p1_0.description,
        p1_0.cover_image,
        p1_0.localisation,
        p1_0.current_amount,
        p1_0.investors_count,
        p1_0.funding_goal,
        p1_0.equity_percentage,
        p1_0.owner_id,
        p2_0.id,
        p2_0.address,
        p2_0.admin_notes,
        p2_0.avatar_url,
        p2_0.bio,
        p2_0.preferred_category,
        p2_0.created_at,
        p2_0.email,
        p2_0.google_id,
        p2_0.kyc_status,
        p2_0.password,
        p2_0.last_name,
        p2_0.first_name,
        p2_0.role,
        p2_0.status,
        p2_0.phone,
        p2_0.ville,
        p1_0.status,
        p1_0.suspension_deadline,
        p1_0.interest_rate,
        p1_0.titre,
        p1_0.funding_type 
    from
        projects p1_0 
    join
        users p2_0 
            on p2_0.id=p1_0.owner_id 
    where
        p1_0.id=?
2026-05-20 12:45:17.276 [http-nio-0.0.0.0-8080-exec-7] DEBUG org.hibernate.SQL - 
    select
        p1_0.id,
        p1_0.admin_notes,
        p1_0.all_or_nothing,
        p1_0.categorie,
        p1_0.created_at,
        p1_0.start_date,
        p1_0.end_date,
        p1_0.description,
        p1_0.cover_image,
        p1_0.localisation,
        p1_0.current_amount,
        p1_0.investors_count,
        p1_0.funding_goal,
        p1_0.equity_percentage,
        p1_0.owner_id,
        p2_0.id,
        p2_0.address,
        p2_0.admin_notes,
        p2_0.avatar_url,
        p2_0.bio,
        p2_0.preferred_category,
        p2_0.created_at,
        p2_0.email,
        p2_0.google_id,
        p2_0.kyc_status,
        p2_0.password,
        p2_0.last_name,
        p2_0.first_name,
        p2_0.role,
        p2_0.status,
        p2_0.phone,
        p2_0.ville,
        p1_0.status,
        p1_0.suspension_deadline,
        p1_0.interest_rate,
        p1_0.titre,
        p1_0.funding_type 
    from
        projects p1_0 
    join
        users p2_0 
            on p2_0.id=p1_0.owner_id 
    where
        p1_0.id=?
2026-05-20 12:45:17.283 [http-nio-0.0.0.0-8080-exec-7] DEBUG org.hibernate.SQL - 
    select
        u1_0.id,
        u1_0.address,
        u1_0.admin_notes,
        u1_0.avatar_url,
        u1_0.bio,
        u1_0.preferred_category,
        u1_0.created_at,
        u1_0.email,
        u1_0.google_id,
        u1_0.kyc_status,
        u1_0.password,
        u1_0.last_name,
        u1_0.first_name,
        u1_0.role,
        u1_0.status,
        u1_0.phone,
        u1_0.ville 
    from
        users u1_0 
    where
        u1_0.id=?
2026-05-20 12:45:17.283 [http-nio-0.0.0.0-8080-exec-7] DEBUG org.hibernate.SQL - 
    select
        u1_0.id,
        u1_0.address,
        u1_0.admin_notes,
        u1_0.avatar_url,
        u1_0.bio,
        u1_0.preferred_category,
        u1_0.created_at,
        u1_0.email,
        u1_0.google_id,
        u1_0.kyc_status,
        u1_0.password,
        u1_0.last_name,
        u1_0.first_name,
        u1_0.role,
        u1_0.status,
        u1_0.phone,
        u1_0.ville 
    from
        users u1_0 
    where
        u1_0.id=?
2026-05-20 12:45:17.301 [http-nio-0.0.0.0-8080-exec-7] DEBUG o.s.o.j.s.OpenEntityManagerInViewInterceptor - Closing JPA EntityManager in OpenEntityManagerInViewInterceptor
2026-05-20 12:45:26.098 [http-nio-0.0.0.0-8080-exec-6] DEBUG o.s.o.j.s.OpenEntityManagerInViewInterceptor - Opening JPA EntityManager in OpenEntityManagerInViewInterceptor
2026-05-20 12:45:26.099 [http-nio-0.0.0.0-8080-exec-5] DEBUG o.s.o.j.s.OpenEntityManagerInViewInterceptor - Opening JPA EntityManager in OpenEntityManagerInViewInterceptor
2026-05-20 12:45:26.113 [http-nio-0.0.0.0-8080-exec-6] DEBUG org.hibernate.SQL - 
    select
        count(i1_0.id) 
    from
        interactions i1_0 
    left join
        projects p1_0 
            on p1_0.id=i1_0.project_id 
    where
        p1_0.id=? 
        and i1_0.type=?
2026-05-20 12:45:26.113 [http-nio-0.0.0.0-8080-exec-5] DEBUG org.hibernate.SQL - 
    select
        count(i1_0.id) 
    from
        interactions i1_0 
    left join
        projects p1_0 
            on p1_0.id=i1_0.project_id 
    where
        p1_0.id=? 
        and i1_0.type=?
2026-05-20 12:45:26.113 [http-nio-0.0.0.0-8080-exec-5] DEBUG org.hibernate.SQL - 
    select
        count(i1_0.id) 
    from
        interactions i1_0 
    left join
        projects p1_0 
            on p1_0.id=i1_0.project_id 
    where
        p1_0.id=? 
        and i1_0.type=?
2026-05-20 12:45:26.113 [http-nio-0.0.0.0-8080-exec-6] DEBUG org.hibernate.SQL - 
    select
        count(i1_0.id) 
    from
        interactions i1_0 
    left join
        projects p1_0 
            on p1_0.id=i1_0.project_id 
    where
        p1_0.id=? 
        and i1_0.type=?
2026-05-20 12:45:26.118 [http-nio-0.0.0.0-8080-exec-6] DEBUG org.hibernate.SQL - 
    select
        count(i1_0.id) 
    from
        interactions i1_0 
    left join
        projects p1_0 
            on p1_0.id=i1_0.project_id 
    where
        p1_0.id=? 
        and i1_0.type=?
2026-05-20 12:45:26.118 [http-nio-0.0.0.0-8080-exec-6] DEBUG org.hibernate.SQL - 
    select
        count(i1_0.id) 
    from
        interactions i1_0 
    left join
        projects p1_0 
            on p1_0.id=i1_0.project_id 
    where
        p1_0.id=? 
        and i1_0.type=?
2026-05-20 12:45:26.118 [http-nio-0.0.0.0-8080-exec-5] DEBUG org.hibernate.SQL - 
    select
        count(i1_0.id) 
    from
        interactions i1_0 
    left join
        projects p1_0 
            on p1_0.id=i1_0.project_id 
    where
        p1_0.id=? 
        and i1_0.type=?
2026-05-20 12:45:26.118 [http-nio-0.0.0.0-8080-exec-5] DEBUG org.hibernate.SQL - 
    select
        count(i1_0.id) 
    from
        interactions i1_0 
    left join
        projects p1_0 
            on p1_0.id=i1_0.project_id 
    where
        p1_0.id=? 
        and i1_0.type=?
2026-05-20 12:45:26.126 [http-nio-0.0.0.0-8080-exec-6] DEBUG org.hibernate.SQL - 
    select
        c1_0.id,
        c1_0.contenu,
        c1_0.created_at,
        c1_0.project_id,
        c1_0.user_id 
    from
        comments c1_0 
    left join
        projects p1_0 
            on p1_0.id=c1_0.project_id 
    where
        p1_0.id=? 
    order by
        c1_0.created_at desc
2026-05-20 12:45:26.126 [http-nio-0.0.0.0-8080-exec-6] DEBUG org.hibernate.SQL - 
    select
        c1_0.id,
        c1_0.contenu,
        c1_0.created_at,
        c1_0.project_id,
        c1_0.user_id 
    from
        comments c1_0 
    left join
        projects p1_0 
            on p1_0.id=c1_0.project_id 
    where
        p1_0.id=? 
    order by
        c1_0.created_at desc
2026-05-20 12:45:26.129 [http-nio-0.0.0.0-8080-exec-5] DEBUG org.hibernate.SQL - 
    select
        c1_0.id,
        c1_0.contenu,
        c1_0.created_at,
        c1_0.project_id,
        c1_0.user_id 
    from
        comments c1_0 
    left join
        projects p1_0 
            on p1_0.id=c1_0.project_id 
    where
        p1_0.id=? 
    order by
        c1_0.created_at desc
2026-05-20 12:45:26.129 [http-nio-0.0.0.0-8080-exec-5] DEBUG org.hibernate.SQL - 
    select
        c1_0.id,
        c1_0.contenu,
        c1_0.created_at,
        c1_0.project_id,
        c1_0.user_id 
    from
        comments c1_0 
    left join
        projects p1_0 
            on p1_0.id=c1_0.project_id 
    where
        p1_0.id=? 
    order by
        c1_0.created_at desc
2026-05-20 12:45:26.130 [http-nio-0.0.0.0-8080-exec-6] DEBUG o.s.o.j.s.OpenEntityManagerInViewInterceptor - Closing JPA EntityManager in OpenEntityManagerInViewInterceptor
2026-05-20 12:45:26.131 [http-nio-0.0.0.0-8080-exec-5] DEBUG org.hibernate.SQL - 
    select
        p1_0.id,
        p1_0.admin_notes,
        p1_0.all_or_nothing,
        p1_0.categorie,
        p1_0.created_at,
        p1_0.start_date,
        p1_0.end_date,
        p1_0.description,
        p1_0.cover_image,
        p1_0.localisation,
        p1_0.current_amount,
        p1_0.investors_count,
        p1_0.funding_goal,
        p1_0.equity_percentage,
        p1_0.owner_id,
        p2_0.id,
        p2_0.address,
        p2_0.admin_notes,
        p2_0.avatar_url,
        p2_0.bio,
        p2_0.preferred_category,
        p2_0.created_at,
        p2_0.email,
        p2_0.google_id,
        p2_0.kyc_status,
        p2_0.password,
        p2_0.last_name,
        p2_0.first_name,
        p2_0.role,
        p2_0.status,
        p2_0.phone,
        p2_0.ville,
        p1_0.status,
        p1_0.suspension_deadline,
        p1_0.interest_rate,
        p1_0.titre,
        p1_0.funding_type 
    from
        projects p1_0 
    join
        users p2_0 
            on p2_0.id=p1_0.owner_id 
    where
        p1_0.id=?
2026-05-20 12:45:26.131 [http-nio-0.0.0.0-8080-exec-5] DEBUG org.hibernate.SQL - 
    select
        p1_0.id,
        p1_0.admin_notes,
        p1_0.all_or_nothing,
        p1_0.categorie,
        p1_0.created_at,
        p1_0.start_date,
        p1_0.end_date,
        p1_0.description,
        p1_0.cover_image,
        p1_0.localisation,
        p1_0.current_amount,
        p1_0.investors_count,
        p1_0.funding_goal,
        p1_0.equity_percentage,
        p1_0.owner_id,
        p2_0.id,
        p2_0.address,
        p2_0.admin_notes,
        p2_0.avatar_url,
        p2_0.bio,
        p2_0.preferred_category,
        p2_0.created_at,
        p2_0.email,
        p2_0.google_id,
        p2_0.kyc_status,
        p2_0.password,
        p2_0.last_name,
        p2_0.first_name,
        p2_0.role,
        p2_0.status,
        p2_0.phone,
        p2_0.ville,
        p1_0.status,
        p1_0.suspension_deadline,
        p1_0.interest_rate,
        p1_0.titre,
        p1_0.funding_type 
    from
        projects p1_0 
    join
        users p2_0 
            on p2_0.id=p1_0.owner_id 
    where
        p1_0.id=?
2026-05-20 12:45:26.134 [http-nio-0.0.0.0-8080-exec-5] DEBUG org.hibernate.SQL - 
    select
        u1_0.id,
        u1_0.address,
        u1_0.admin_notes,
        u1_0.avatar_url,
        u1_0.bio,
        u1_0.preferred_category,
        u1_0.created_at,
        u1_0.email,
        u1_0.google_id,
        u1_0.kyc_status,
        u1_0.password,
        u1_0.last_name,
        u1_0.first_name,
        u1_0.role,
        u1_0.status,
        u1_0.phone,
        u1_0.ville 
    from
        users u1_0 
    where
        u1_0.id=?
2026-05-20 12:45:26.134 [http-nio-0.0.0.0-8080-exec-5] DEBUG org.hibernate.SQL - 
    select
        u1_0.id,
        u1_0.address,
        u1_0.admin_notes,
        u1_0.avatar_url,
        u1_0.bio,
        u1_0.preferred_category,
        u1_0.created_at,
        u1_0.email,
        u1_0.google_id,
        u1_0.kyc_status,
        u1_0.password,
        u1_0.last_name,
        u1_0.first_name,
        u1_0.role,
        u1_0.status,
        u1_0.phone,
        u1_0.ville 
    from
        users u1_0 
    where
        u1_0.id=?
2026-05-20 12:45:26.146 [http-nio-0.0.0.0-8080-exec-5] DEBUG o.s.o.j.s.OpenEntityManagerInViewInterceptor - Closing JPA EntityManager in OpenEntityManagerInViewInterceptor
2026-05-20 12:45:32.775 [http-nio-0.0.0.0-8080-exec-9] DEBUG o.s.o.j.s.OpenEntityManagerInViewInterceptor - Opening JPA EntityManager in OpenEntityManagerInViewInterceptor
2026-05-20 12:45:32.778 [http-nio-0.0.0.0-8080-exec-4] DEBUG o.s.o.j.s.OpenEntityManagerInViewInterceptor - Opening JPA EntityManager in OpenEntityManagerInViewInterceptor
2026-05-20 12:45:32.790 [http-nio-0.0.0.0-8080-exec-9] DEBUG org.hibernate.SQL - 
    select
        count(i1_0.id) 
    from
        interactions i1_0 
    left join
        projects p1_0 
            on p1_0.id=i1_0.project_id 
    where
        p1_0.id=? 
        and i1_0.type=?
2026-05-20 12:45:32.790 [http-nio-0.0.0.0-8080-exec-9] DEBUG org.hibernate.SQL - 
    select
        count(i1_0.id) 
    from
        interactions i1_0 
    left join
        projects p1_0 
            on p1_0.id=i1_0.project_id 
    where
        p1_0.id=? 
        and i1_0.type=?
2026-05-20 12:45:32.792 [http-nio-0.0.0.0-8080-exec-4] DEBUG org.hibernate.SQL - 
    select
        count(i1_0.id) 
    from
        interactions i1_0 
    left join
        projects p1_0 
            on p1_0.id=i1_0.project_id 
    where
        p1_0.id=? 
        and i1_0.type=?
2026-05-20 12:45:32.792 [http-nio-0.0.0.0-8080-exec-4] DEBUG org.hibernate.SQL - 
    select
        count(i1_0.id) 
    from
        interactions i1_0 
    left join
        projects p1_0 
            on p1_0.id=i1_0.project_id 
    where
        p1_0.id=? 
        and i1_0.type=?
2026-05-20 12:45:32.794 [http-nio-0.0.0.0-8080-exec-9] DEBUG org.hibernate.SQL - 
    select
        count(i1_0.id) 
    from
        interactions i1_0 
    left join
        projects p1_0 
            on p1_0.id=i1_0.project_id 
    where
        p1_0.id=? 
        and i1_0.type=?
2026-05-20 12:45:32.794 [http-nio-0.0.0.0-8080-exec-9] DEBUG org.hibernate.SQL - 
    select
        count(i1_0.id) 
    from
        interactions i1_0 
    left join
        projects p1_0 
            on p1_0.id=i1_0.project_id 
    where
        p1_0.id=? 
        and i1_0.type=?
2026-05-20 12:45:32.796 [http-nio-0.0.0.0-8080-exec-4] DEBUG org.hibernate.SQL - 
    select
        count(i1_0.id) 
    from
        interactions i1_0 
    left join
        projects p1_0 
            on p1_0.id=i1_0.project_id 
    where
        p1_0.id=? 
        and i1_0.type=?
2026-05-20 12:45:32.796 [http-nio-0.0.0.0-8080-exec-4] DEBUG org.hibernate.SQL - 
    select
        count(i1_0.id) 
    from
        interactions i1_0 
    left join
        projects p1_0 
            on p1_0.id=i1_0.project_id 
    where
        p1_0.id=? 
        and i1_0.type=?
2026-05-20 12:45:32.799 [http-nio-0.0.0.0-8080-exec-9] DEBUG org.hibernate.SQL - 
    select
        c1_0.id,
        c1_0.contenu,
        c1_0.created_at,
        c1_0.project_id,
        c1_0.user_id 
    from
        comments c1_0 
    left join
        projects p1_0 
            on p1_0.id=c1_0.project_id 
    where
        p1_0.id=? 
    order by
        c1_0.created_at desc
2026-05-20 12:45:32.799 [http-nio-0.0.0.0-8080-exec-9] DEBUG org.hibernate.SQL - 
    select
        c1_0.id,
        c1_0.contenu,
        c1_0.created_at,
        c1_0.project_id,
        c1_0.user_id 
    from
        comments c1_0 
    left join
        projects p1_0 
            on p1_0.id=c1_0.project_id 
    where
        p1_0.id=? 
    order by
        c1_0.created_at desc
2026-05-20 12:45:32.800 [http-nio-0.0.0.0-8080-exec-4] DEBUG org.hibernate.SQL - 
    select
        c1_0.id,
        c1_0.contenu,
        c1_0.created_at,
        c1_0.project_id,
        c1_0.user_id 
    from
        comments c1_0 
    left join
        projects p1_0 
            on p1_0.id=c1_0.project_id 
    where
        p1_0.id=? 
    order by
        c1_0.created_at desc
2026-05-20 12:45:32.800 [http-nio-0.0.0.0-8080-exec-4] DEBUG org.hibernate.SQL - 
    select
        c1_0.id,
        c1_0.contenu,
        c1_0.created_at,
        c1_0.project_id,
        c1_0.user_id 
    from
        comments c1_0 
    left join
        projects p1_0 
            on p1_0.id=c1_0.project_id 
    where
        p1_0.id=? 
    order by
        c1_0.created_at desc
2026-05-20 12:45:32.802 [http-nio-0.0.0.0-8080-exec-9] DEBUG org.hibernate.SQL - 
    select
        p1_0.id,
        p1_0.admin_notes,
        p1_0.all_or_nothing,
        p1_0.categorie,
        p1_0.created_at,
        p1_0.start_date,
        p1_0.end_date,
        p1_0.description,
        p1_0.cover_image,
        p1_0.localisation,
        p1_0.current_amount,
        p1_0.investors_count,
        p1_0.funding_goal,
        p1_0.equity_percentage,
        p1_0.owner_id,
        p2_0.id,
        p2_0.address,
        p2_0.admin_notes,
        p2_0.avatar_url,
        p2_0.bio,
        p2_0.preferred_category,
        p2_0.created_at,
        p2_0.email,
        p2_0.google_id,
        p2_0.kyc_status,
        p2_0.password,
        p2_0.last_name,
        p2_0.first_name,
        p2_0.role,
        p2_0.status,
        p2_0.phone,
        p2_0.ville,
        p1_0.status,
        p1_0.suspension_deadline,
        p1_0.interest_rate,
        p1_0.titre,
        p1_0.funding_type 
    from
        projects p1_0 
    join
        users p2_0 
            on p2_0.id=p1_0.owner_id 
    where
        p1_0.id=?
2026-05-20 12:45:32.802 [http-nio-0.0.0.0-8080-exec-9] DEBUG org.hibernate.SQL - 
    select
        p1_0.id,
        p1_0.admin_notes,
        p1_0.all_or_nothing,
        p1_0.categorie,
        p1_0.created_at,
        p1_0.start_date,
        p1_0.end_date,
        p1_0.description,
        p1_0.cover_image,
        p1_0.localisation,
        p1_0.current_amount,
        p1_0.investors_count,
        p1_0.funding_goal,
        p1_0.equity_percentage,
        p1_0.owner_id,
        p2_0.id,
        p2_0.address,
        p2_0.admin_notes,
        p2_0.avatar_url,
        p2_0.bio,
        p2_0.preferred_category,
        p2_0.created_at,
        p2_0.email,
        p2_0.google_id,
        p2_0.kyc_status,
        p2_0.password,
        p2_0.last_name,
        p2_0.first_name,
        p2_0.role,
        p2_0.status,
        p2_0.phone,
        p2_0.ville,
        p1_0.status,
        p1_0.suspension_deadline,
        p1_0.interest_rate,
        p1_0.titre,
        p1_0.funding_type 
    from
        projects p1_0 
    join
        users p2_0 
            on p2_0.id=p1_0.owner_id 
    where
        p1_0.id=?
2026-05-20 12:45:32.803 [http-nio-0.0.0.0-8080-exec-4] DEBUG org.hibernate.SQL - 
    select
        p1_0.id,
        p1_0.admin_notes,
        p1_0.all_or_nothing,
        p1_0.categorie,
        p1_0.created_at,
        p1_0.start_date,
        p1_0.end_date,
        p1_0.description,
        p1_0.cover_image,
        p1_0.localisation,
        p1_0.current_amount,
        p1_0.investors_count,
        p1_0.funding_goal,
        p1_0.equity_percentage,
        p1_0.owner_id,
        p2_0.id,
        p2_0.address,
        p2_0.admin_notes,
        p2_0.avatar_url,
        p2_0.bio,
        p2_0.preferred_category,
        p2_0.created_at,
        p2_0.email,
        p2_0.google_id,
        p2_0.kyc_status,
        p2_0.password,
        p2_0.last_name,
        p2_0.first_name,
        p2_0.role,
        p2_0.status,
        p2_0.phone,
        p2_0.ville,
        p1_0.status,
        p1_0.suspension_deadline,
        p1_0.interest_rate,
        p1_0.titre,
        p1_0.funding_type 
    from
        projects p1_0 
    join
        users p2_0 
            on p2_0.id=p1_0.owner_id 
    where
        p1_0.id=?
2026-05-20 12:45:32.803 [http-nio-0.0.0.0-8080-exec-4] DEBUG org.hibernate.SQL - 
    select
        p1_0.id,
        p1_0.admin_notes,
        p1_0.all_or_nothing,
        p1_0.categorie,
        p1_0.created_at,
        p1_0.start_date,
        p1_0.end_date,
        p1_0.description,
        p1_0.cover_image,
        p1_0.localisation,
        p1_0.current_amount,
        p1_0.investors_count,
        p1_0.funding_goal,
        p1_0.equity_percentage,
        p1_0.owner_id,
        p2_0.id,
        p2_0.address,
        p2_0.admin_notes,
        p2_0.avatar_url,
        p2_0.bio,
        p2_0.preferred_category,
        p2_0.created_at,
        p2_0.email,
        p2_0.google_id,
        p2_0.kyc_status,
        p2_0.password,
        p2_0.last_name,
        p2_0.first_name,
        p2_0.role,
        p2_0.status,
        p2_0.phone,
        p2_0.ville,
        p1_0.status,
        p1_0.suspension_deadline,
        p1_0.interest_rate,
        p1_0.titre,
        p1_0.funding_type 
    from
        projects p1_0 
    join
        users p2_0 
            on p2_0.id=p1_0.owner_id 
    where
        p1_0.id=?
2026-05-20 12:45:32.807 [http-nio-0.0.0.0-8080-exec-9] DEBUG org.hibernate.SQL - 
    select
        u1_0.id,
        u1_0.address,
        u1_0.admin_notes,
        u1_0.avatar_url,
        u1_0.bio,
        u1_0.preferred_category,
        u1_0.created_at,
        u1_0.email,
        u1_0.google_id,
        u1_0.kyc_status,
        u1_0.password,
        u1_0.last_name,
        u1_0.first_name,
        u1_0.role,
        u1_0.status,
        u1_0.phone,
        u1_0.ville 
    from
        users u1_0 
    where
        u1_0.id=?
2026-05-20 12:45:32.807 [http-nio-0.0.0.0-8080-exec-9] DEBUG org.hibernate.SQL - 
    select
        u1_0.id,
        u1_0.address,
        u1_0.admin_notes,
        u1_0.avatar_url,
        u1_0.bio,
        u1_0.preferred_category,
        u1_0.created_at,
        u1_0.email,
        u1_0.google_id,
        u1_0.kyc_status,
        u1_0.password,
        u1_0.last_name,
        u1_0.first_name,
        u1_0.role,
        u1_0.status,
        u1_0.phone,
        u1_0.ville 
    from
        users u1_0 
    where
        u1_0.id=?
2026-05-20 12:45:32.810 [http-nio-0.0.0.0-8080-exec-4] DEBUG o.s.o.j.s.OpenEntityManagerInViewInterceptor - Closing JPA EntityManager in OpenEntityManagerInViewInterceptor
2026-05-20 12:45:32.812 [http-nio-0.0.0.0-8080-exec-9] DEBUG o.s.o.j.s.OpenEntityManagerInViewInterceptor - Closing JPA EntityManager in OpenEntityManagerInViewInterceptor
2026-05-20 12:45:35.379 [http-nio-0.0.0.0-8080-exec-2] DEBUG o.s.o.j.s.OpenEntityManagerInViewInterceptor - Opening JPA EntityManager in OpenEntityManagerInViewInterceptor
2026-05-20 12:45:35.382 [http-nio-0.0.0.0-8080-exec-10] DEBUG o.s.o.j.s.OpenEntityManagerInViewInterceptor - Opening JPA EntityManager in OpenEntityManagerInViewInterceptor
2026-05-20 12:45:35.390 [http-nio-0.0.0.0-8080-exec-2] DEBUG org.hibernate.SQL - 
    select
        count(i1_0.id) 
    from
        interactions i1_0 
    left join
        projects p1_0 
            on p1_0.id=i1_0.project_id 
    where
        p1_0.id=? 
        and i1_0.type=?
2026-05-20 12:45:35.390 [http-nio-0.0.0.0-8080-exec-2] DEBUG org.hibernate.SQL - 
    select
        count(i1_0.id) 
    from
        interactions i1_0 
    left join
        projects p1_0 
            on p1_0.id=i1_0.project_id 
    where
        p1_0.id=? 
        and i1_0.type=?
2026-05-20 12:45:35.390 [http-nio-0.0.0.0-8080-exec-10] DEBUG org.hibernate.SQL - 
    select
        count(i1_0.id) 
    from
        interactions i1_0 
    left join
        projects p1_0 
            on p1_0.id=i1_0.project_id 
    where
        p1_0.id=? 
        and i1_0.type=?
2026-05-20 12:45:35.390 [http-nio-0.0.0.0-8080-exec-10] DEBUG org.hibernate.SQL - 
    select
        count(i1_0.id) 
    from
        interactions i1_0 
    left join
        projects p1_0 
            on p1_0.id=i1_0.project_id 
    where
        p1_0.id=? 
        and i1_0.type=?
2026-05-20 12:45:35.394 [http-nio-0.0.0.0-8080-exec-10] DEBUG org.hibernate.SQL - 
    select
        count(i1_0.id) 
    from
        interactions i1_0 
    left join
        projects p1_0 
            on p1_0.id=i1_0.project_id 
    where
        p1_0.id=? 
        and i1_0.type=?
2026-05-20 12:45:35.394 [http-nio-0.0.0.0-8080-exec-2] DEBUG org.hibernate.SQL - 
    select
        count(i1_0.id) 
    from
        interactions i1_0 
    left join
        projects p1_0 
            on p1_0.id=i1_0.project_id 
    where
        p1_0.id=? 
        and i1_0.type=?
2026-05-20 12:45:35.394 [http-nio-0.0.0.0-8080-exec-2] DEBUG org.hibernate.SQL - 
    select
        count(i1_0.id) 
    from
        interactions i1_0 
    left join
        projects p1_0 
            on p1_0.id=i1_0.project_id 
    where
        p1_0.id=? 
        and i1_0.type=?
2026-05-20 12:45:35.394 [http-nio-0.0.0.0-8080-exec-10] DEBUG org.hibernate.SQL - 
    select
        count(i1_0.id) 
    from
        interactions i1_0 
    left join
        projects p1_0 
            on p1_0.id=i1_0.project_id 
    where
        p1_0.id=? 
        and i1_0.type=?
2026-05-20 12:45:35.398 [http-nio-0.0.0.0-8080-exec-2] DEBUG org.hibernate.SQL - 
    select
        c1_0.id,
        c1_0.contenu,
        c1_0.created_at,
        c1_0.project_id,
        c1_0.user_id 
    from
        comments c1_0 
    left join
        projects p1_0 
            on p1_0.id=c1_0.project_id 
    where
        p1_0.id=? 
    order by
        c1_0.created_at desc
2026-05-20 12:45:35.398 [http-nio-0.0.0.0-8080-exec-2] DEBUG org.hibernate.SQL - 
    select
        c1_0.id,
        c1_0.contenu,
        c1_0.created_at,
        c1_0.project_id,
        c1_0.user_id 
    from
        comments c1_0 
    left join
        projects p1_0 
            on p1_0.id=c1_0.project_id 
    where
        p1_0.id=? 
    order by
        c1_0.created_at desc
2026-05-20 12:45:35.398 [http-nio-0.0.0.0-8080-exec-10] DEBUG org.hibernate.SQL - 
    select
        c1_0.id,
        c1_0.contenu,
        c1_0.created_at,
        c1_0.project_id,
        c1_0.user_id 
    from
        comments c1_0 
    left join
        projects p1_0 
            on p1_0.id=c1_0.project_id 
    where
        p1_0.id=? 
    order by
        c1_0.created_at desc
2026-05-20 12:45:35.398 [http-nio-0.0.0.0-8080-exec-10] DEBUG org.hibernate.SQL - 
    select
        c1_0.id,
        c1_0.contenu,
        c1_0.created_at,
        c1_0.project_id,
        c1_0.user_id 
    from
        comments c1_0 
    left join
        projects p1_0 
            on p1_0.id=c1_0.project_id 
    where
        p1_0.id=? 
    order by
        c1_0.created_at desc
2026-05-20 12:45:35.405 [http-nio-0.0.0.0-8080-exec-2] DEBUG org.hibernate.SQL - 
    select
        p1_0.id,
        p1_0.admin_notes,
        p1_0.all_or_nothing,
        p1_0.categorie,
        p1_0.created_at,
        p1_0.start_date,
        p1_0.end_date,
        p1_0.description,
        p1_0.cover_image,
        p1_0.localisation,
        p1_0.current_amount,
        p1_0.investors_count,
        p1_0.funding_goal,
        p1_0.equity_percentage,
        p1_0.owner_id,
        p2_0.id,
        p2_0.address,
        p2_0.admin_notes,
        p2_0.avatar_url,
        p2_0.bio,
        p2_0.preferred_category,
        p2_0.created_at,
        p2_0.email,
        p2_0.google_id,
        p2_0.kyc_status,
        p2_0.password,
        p2_0.last_name,
        p2_0.first_name,
        p2_0.role,
        p2_0.status,
        p2_0.phone,
        p2_0.ville,
        p1_0.status,
        p1_0.suspension_deadline,
        p1_0.interest_rate,
        p1_0.titre,
        p1_0.funding_type 
    from
        projects p1_0 
    join
        users p2_0 
            on p2_0.id=p1_0.owner_id 
    where
        p1_0.id=?
2026-05-20 12:45:35.405 [http-nio-0.0.0.0-8080-exec-2] DEBUG org.hibernate.SQL - 
    select
        p1_0.id,
        p1_0.admin_notes,
        p1_0.all_or_nothing,
        p1_0.categorie,
        p1_0.created_at,
        p1_0.start_date,
        p1_0.end_date,
        p1_0.description,
        p1_0.cover_image,
        p1_0.localisation,
        p1_0.current_amount,
        p1_0.investors_count,
        p1_0.funding_goal,
        p1_0.equity_percentage,
        p1_0.owner_id,
        p2_0.id,
        p2_0.address,
        p2_0.admin_notes,
        p2_0.avatar_url,
        p2_0.bio,
        p2_0.preferred_category,
        p2_0.created_at,
        p2_0.email,
        p2_0.google_id,
        p2_0.kyc_status,
        p2_0.password,
        p2_0.last_name,
        p2_0.first_name,
        p2_0.role,
        p2_0.status,
        p2_0.phone,
        p2_0.ville,
        p1_0.status,
        p1_0.suspension_deadline,
        p1_0.interest_rate,
        p1_0.titre,
        p1_0.funding_type 
    from
        projects p1_0 
    join
        users p2_0 
            on p2_0.id=p1_0.owner_id 
    where
        p1_0.id=?
2026-05-20 12:45:35.408 [http-nio-0.0.0.0-8080-exec-10] DEBUG o.s.o.j.s.OpenEntityManagerInViewInterceptor - Closing JPA EntityManager in OpenEntityManagerInViewInterceptor
2026-05-20 12:45:35.409 [http-nio-0.0.0.0-8080-exec-2] DEBUG org.hibernate.SQL - 
    select
        u1_0.id,
        u1_0.address,
        u1_0.admin_notes,
        u1_0.avatar_url,
        u1_0.bio,
        u1_0.preferred_category,
        u1_0.created_at,
        u1_0.email,
        u1_0.google_id,
        u1_0.kyc_status,
        u1_0.password,
        u1_0.last_name,
        u1_0.first_name,
        u1_0.role,
        u1_0.status,
        u1_0.phone,
        u1_0.ville 
    from
        users u1_0 
    where
        u1_0.id=?
2026-05-20 12:45:35.409 [http-nio-0.0.0.0-8080-exec-2] DEBUG org.hibernate.SQL - 
    select
        u1_0.id,
        u1_0.address,
        u1_0.admin_notes,
        u1_0.avatar_url,
        u1_0.bio,
        u1_0.preferred_category,
        u1_0.created_at,
        u1_0.email,
        u1_0.google_id,
        u1_0.kyc_status,
        u1_0.password,
        u1_0.last_name,
        u1_0.first_name,
        u1_0.role,
        u1_0.status,
        u1_0.phone,
        u1_0.ville 
    from
        users u1_0 
    where
        u1_0.id=?
2026-05-20 12:45:35.414 [http-nio-0.0.0.0-8080-exec-2] DEBUG o.s.o.j.s.OpenEntityManagerInViewInterceptor - Closing JPA EntityManager in OpenEntityManagerInViewInterceptor
2026-05-20 12:45:39.977 [http-nio-0.0.0.0-8080-exec-1] DEBUG o.s.o.j.s.OpenEntityManagerInViewInterceptor - Opening JPA EntityManager in OpenEntityManagerInViewInterceptor
2026-05-20 12:45:39.979 [http-nio-0.0.0.0-8080-exec-3] DEBUG o.s.o.j.s.OpenEntityManagerInViewInterceptor - Opening JPA EntityManager in OpenEntityManagerInViewInterceptor
2026-05-20 12:45:39.998 [http-nio-0.0.0.0-8080-exec-1] DEBUG org.hibernate.SQL - 
    select
        count(i1_0.id) 
    from
        interactions i1_0 
    left join
        projects p1_0 
            on p1_0.id=i1_0.project_id 
    where
        p1_0.id=? 
        and i1_0.type=?
2026-05-20 12:45:39.998 [http-nio-0.0.0.0-8080-exec-1] DEBUG org.hibernate.SQL - 
    select
        count(i1_0.id) 
    from
        interactions i1_0 
    left join
        projects p1_0 
            on p1_0.id=i1_0.project_id 
    where
        p1_0.id=? 
        and i1_0.type=?
2026-05-20 12:45:40.013 [http-nio-0.0.0.0-8080-exec-3] DEBUG org.hibernate.SQL - 
    select
        count(i1_0.id) 
    from
        interactions i1_0 
    left join
        projects p1_0 
            on p1_0.id=i1_0.project_id 
    where
        p1_0.id=? 
        and i1_0.type=?
2026-05-20 12:45:40.013 [http-nio-0.0.0.0-8080-exec-3] DEBUG org.hibernate.SQL - 
    select
        count(i1_0.id) 
    from
        interactions i1_0 
    left join
        projects p1_0 
            on p1_0.id=i1_0.project_id 
    where
        p1_0.id=? 
        and i1_0.type=?
2026-05-20 12:45:40.016 [http-nio-0.0.0.0-8080-exec-1] DEBUG org.hibernate.SQL - 
    select
        count(i1_0.id) 
    from
        interactions i1_0 
    left join
        projects p1_0 
            on p1_0.id=i1_0.project_id 
    where
        p1_0.id=? 
        and i1_0.type=?
2026-05-20 12:45:40.016 [http-nio-0.0.0.0-8080-exec-1] DEBUG org.hibernate.SQL - 
    select
        count(i1_0.id) 
    from
        interactions i1_0 
    left join
        projects p1_0 
            on p1_0.id=i1_0.project_id 
    where
        p1_0.id=? 
        and i1_0.type=?
2026-05-20 12:45:40.023 [http-nio-0.0.0.0-8080-exec-3] DEBUG org.hibernate.SQL - 
    select
        count(i1_0.id) 
    from
        interactions i1_0 
    left join
        projects p1_0 
            on p1_0.id=i1_0.project_id 
    where
        p1_0.id=? 
        and i1_0.type=?
2026-05-20 12:45:40.023 [http-nio-0.0.0.0-8080-exec-3] DEBUG org.hibernate.SQL - 
    select
        count(i1_0.id) 
    from
        interactions i1_0 
    left join
        projects p1_0 
            on p1_0.id=i1_0.project_id 
    where
        p1_0.id=? 
        and i1_0.type=?
2026-05-20 12:45:40.026 [http-nio-0.0.0.0-8080-exec-1] DEBUG org.hibernate.SQL - 
    select
        c1_0.id,
        c1_0.contenu,
        c1_0.created_at,
        c1_0.project_id,
        c1_0.user_id 
    from
        comments c1_0 
    left join
        projects p1_0 
            on p1_0.id=c1_0.project_id 
    where
        p1_0.id=? 
    order by
        c1_0.created_at desc
2026-05-20 12:45:40.026 [http-nio-0.0.0.0-8080-exec-1] DEBUG org.hibernate.SQL - 
    select
        c1_0.id,
        c1_0.contenu,
        c1_0.created_at,
        c1_0.project_id,
        c1_0.user_id 
    from
        comments c1_0 
    left join
        projects p1_0 
            on p1_0.id=c1_0.project_id 
    where
        p1_0.id=? 
    order by
        c1_0.created_at desc
2026-05-20 12:45:40.026 [http-nio-0.0.0.0-8080-exec-3] DEBUG org.hibernate.SQL - 
    select
        c1_0.id,
        c1_0.contenu,
        c1_0.created_at,
        c1_0.project_id,
        c1_0.user_id 
    from
        comments c1_0 
    left join
        projects p1_0 
            on p1_0.id=c1_0.project_id 
    where
        p1_0.id=? 
    order by
        c1_0.created_at desc
2026-05-20 12:45:40.026 [http-nio-0.0.0.0-8080-exec-3] DEBUG org.hibernate.SQL - 
    select
        c1_0.id,
        c1_0.contenu,
        c1_0.created_at,
        c1_0.project_id,
        c1_0.user_id 
    from
        comments c1_0 
    left join
        projects p1_0 
            on p1_0.id=c1_0.project_id 
    where
        p1_0.id=? 
    order by
        c1_0.created_at desc
2026-05-20 12:45:40.029 [http-nio-0.0.0.0-8080-exec-3] DEBUG org.hibernate.SQL - 
    select
        p1_0.id,
        p1_0.admin_notes,
        p1_0.all_or_nothing,
        p1_0.categorie,
        p1_0.created_at,
        p1_0.start_date,
        p1_0.end_date,
        p1_0.description,
        p1_0.cover_image,
        p1_0.localisation,
        p1_0.current_amount,
        p1_0.investors_count,
        p1_0.funding_goal,
        p1_0.equity_percentage,
        p1_0.owner_id,
        p2_0.id,
        p2_0.address,
        p2_0.admin_notes,
        p2_0.avatar_url,
        p2_0.bio,
        p2_0.preferred_category,
        p2_0.created_at,
        p2_0.email,
        p2_0.google_id,
        p2_0.kyc_status,
        p2_0.password,
        p2_0.last_name,
        p2_0.first_name,
        p2_0.role,
        p2_0.status,
        p2_0.phone,
        p2_0.ville,
        p1_0.status,
        p1_0.suspension_deadline,
        p1_0.interest_rate,
        p1_0.titre,
        p1_0.funding_type 
    from
        projects p1_0 
    join
        users p2_0 
            on p2_0.id=p1_0.owner_id 
    where
        p1_0.id=?
2026-05-20 12:45:40.029 [http-nio-0.0.0.0-8080-exec-3] DEBUG org.hibernate.SQL - 
    select
        p1_0.id,
        p1_0.admin_notes,
        p1_0.all_or_nothing,
        p1_0.categorie,
        p1_0.created_at,
        p1_0.start_date,
        p1_0.end_date,
        p1_0.description,
        p1_0.cover_image,
        p1_0.localisation,
        p1_0.current_amount,
        p1_0.investors_count,
        p1_0.funding_goal,
        p1_0.equity_percentage,
        p1_0.owner_id,
        p2_0.id,
        p2_0.address,
        p2_0.admin_notes,
        p2_0.avatar_url,
        p2_0.bio,
        p2_0.preferred_category,
        p2_0.created_at,
        p2_0.email,
        p2_0.google_id,
        p2_0.kyc_status,
        p2_0.password,
        p2_0.last_name,
        p2_0.first_name,
        p2_0.role,
        p2_0.status,
        p2_0.phone,
        p2_0.ville,
        p1_0.status,
        p1_0.suspension_deadline,
        p1_0.interest_rate,
        p1_0.titre,
        p1_0.funding_type 
    from
        projects p1_0 
    join
        users p2_0 
            on p2_0.id=p1_0.owner_id 
    where
        p1_0.id=?
2026-05-20 12:45:40.030 [http-nio-0.0.0.0-8080-exec-1] DEBUG org.hibernate.SQL - 
    select
        p1_0.id,
        p1_0.admin_notes,
        p1_0.all_or_nothing,
        p1_0.categorie,
        p1_0.created_at,
        p1_0.start_date,
        p1_0.end_date,
        p1_0.description,
        p1_0.cover_image,
        p1_0.localisation,
        p1_0.current_amount,
        p1_0.investors_count,
        p1_0.funding_goal,
        p1_0.equity_percentage,
        p1_0.owner_id,
        p2_0.id,
        p2_0.address,
        p2_0.admin_notes,
        p2_0.avatar_url,
        p2_0.bio,
        p2_0.preferred_category,
        p2_0.created_at,
        p2_0.email,
        p2_0.google_id,
        p2_0.kyc_status,
        p2_0.password,
        p2_0.last_name,
        p2_0.first_name,
        p2_0.role,
        p2_0.status,
        p2_0.phone,
        p2_0.ville,
        p1_0.status,
        p1_0.suspension_deadline,
        p1_0.interest_rate,
        p1_0.titre,
        p1_0.funding_type 
    from
        projects p1_0 
    join
        users p2_0 
            on p2_0.id=p1_0.owner_id 
    where
        p1_0.id=?
2026-05-20 12:45:40.030 [http-nio-0.0.0.0-8080-exec-1] DEBUG org.hibernate.SQL - 
    select
        p1_0.id,
        p1_0.admin_notes,
        p1_0.all_or_nothing,
        p1_0.categorie,
        p1_0.created_at,
        p1_0.start_date,
        p1_0.end_date,
        p1_0.description,
        p1_0.cover_image,
        p1_0.localisation,
        p1_0.current_amount,
        p1_0.investors_count,
        p1_0.funding_goal,
        p1_0.equity_percentage,
        p1_0.owner_id,
        p2_0.id,
        p2_0.address,
        p2_0.admin_notes,
        p2_0.avatar_url,
        p2_0.bio,
        p2_0.preferred_category,
        p2_0.created_at,
        p2_0.email,
        p2_0.google_id,
        p2_0.kyc_status,
        p2_0.password,
        p2_0.last_name,
        p2_0.first_name,
        p2_0.role,
        p2_0.status,
        p2_0.phone,
        p2_0.ville,
        p1_0.status,
        p1_0.suspension_deadline,
        p1_0.interest_rate,
        p1_0.titre,
        p1_0.funding_type 
    from
        projects p1_0 
    join
        users p2_0 
            on p2_0.id=p1_0.owner_id 
    where
        p1_0.id=?
2026-05-20 12:45:40.034 [http-nio-0.0.0.0-8080-exec-1] DEBUG org.hibernate.SQL - 
    select
        u1_0.id,
        u1_0.address,
        u1_0.admin_notes,
        u1_0.avatar_url,
        u1_0.bio,
        u1_0.preferred_category,
        u1_0.created_at,
        u1_0.email,
        u1_0.google_id,
        u1_0.kyc_status,
        u1_0.password,
        u1_0.last_name,
        u1_0.first_name,
        u1_0.role,
        u1_0.status,
        u1_0.phone,
        u1_0.ville 
    from
        users u1_0 
    where
        u1_0.id=?
2026-05-20 12:45:40.034 [http-nio-0.0.0.0-8080-exec-1] DEBUG org.hibernate.SQL - 
    select
        u1_0.id,
        u1_0.address,
        u1_0.admin_notes,
        u1_0.avatar_url,
        u1_0.bio,
        u1_0.preferred_category,
        u1_0.created_at,
        u1_0.email,
        u1_0.google_id,
        u1_0.kyc_status,
        u1_0.password,
        u1_0.last_name,
        u1_0.first_name,
        u1_0.role,
        u1_0.status,
        u1_0.phone,
        u1_0.ville 
    from
        users u1_0 
    where
        u1_0.id=?
2026-05-20 12:45:40.040 [http-nio-0.0.0.0-8080-exec-3] DEBUG o.s.o.j.s.OpenEntityManagerInViewInterceptor - Closing JPA EntityManager in OpenEntityManagerInViewInterceptor
2026-05-20 12:45:40.042 [http-nio-0.0.0.0-8080-exec-1] DEBUG o.s.o.j.s.OpenEntityManagerInViewInterceptor - Closing JPA EntityManager in OpenEntityManagerInViewInterceptor
2026-05-20 13:01:29.036 [http-nio-0.0.0.0-8080-exec-3] DEBUG o.s.o.j.s.OpenEntityManagerInViewInterceptor - Opening JPA EntityManager in OpenEntityManagerInViewInterceptor
2026-05-20 13:01:29.044 [http-nio-0.0.0.0-8080-exec-3] DEBUG org.hibernate.SQL - 
    select
        p1_0.id,
        p1_0.admin_notes,
        p1_0.all_or_nothing,
        p1_0.categorie,
        p1_0.created_at,
        p1_0.start_date,
        p1_0.end_date,
        p1_0.description,
        p1_0.cover_image,
        p1_0.localisation,
        p1_0.current_amount,
        p1_0.investors_count,
        p1_0.funding_goal,
        p1_0.equity_percentage,
        p1_0.owner_id,
        p1_0.status,
        p1_0.suspension_deadline,
        p1_0.interest_rate,
        p1_0.titre,
        p1_0.funding_type 
    from
        projects p1_0 
    where
        p1_0.status=? 
        and p1_0.end_date>=?
2026-05-20 13:01:29.044 [http-nio-0.0.0.0-8080-exec-3] DEBUG org.hibernate.SQL - 
    select
        p1_0.id,
        p1_0.admin_notes,
        p1_0.all_or_nothing,
        p1_0.categorie,
        p1_0.created_at,
        p1_0.start_date,
        p1_0.end_date,
        p1_0.description,
        p1_0.cover_image,
        p1_0.localisation,
        p1_0.current_amount,
        p1_0.investors_count,
        p1_0.funding_goal,
        p1_0.equity_percentage,
        p1_0.owner_id,
        p1_0.status,
        p1_0.suspension_deadline,
        p1_0.interest_rate,
        p1_0.titre,
        p1_0.funding_type 
    from
        projects p1_0 
    where
        p1_0.status=? 
        and p1_0.end_date>=?
2026-05-20 13:01:29.066 [http-nio-0.0.0.0-8080-exec-3] DEBUG o.s.o.j.s.OpenEntityManagerInViewInterceptor - Closing JPA EntityManager in OpenEntityManagerInViewInterceptor
2026-05-20 13:01:29.082 [http-nio-0.0.0.0-8080-exec-1] DEBUG o.s.o.j.s.OpenEntityManagerInViewInterceptor - Opening JPA EntityManager in OpenEntityManagerInViewInterceptor
2026-05-20 13:01:29.088 [http-nio-0.0.0.0-8080-exec-1] DEBUG org.hibernate.SQL - 
    select
        p1_0.id,
        p1_0.admin_notes,
        p1_0.all_or_nothing,
        p1_0.categorie,
        p1_0.created_at,
        p1_0.start_date,
        p1_0.end_date,
        p1_0.description,
        p1_0.cover_image,
        p1_0.localisation,
        p1_0.current_amount,
        p1_0.investors_count,
        p1_0.funding_goal,
        p1_0.equity_percentage,
        p1_0.owner_id,
        p1_0.status,
        p1_0.suspension_deadline,
        p1_0.interest_rate,
        p1_0.titre,
        p1_0.funding_type 
    from
        projects p1_0 
    where
        p1_0.status=? 
        and p1_0.end_date>=?
2026-05-20 13:01:29.088 [http-nio-0.0.0.0-8080-exec-1] DEBUG org.hibernate.SQL - 
    select
        p1_0.id,
        p1_0.admin_notes,
        p1_0.all_or_nothing,
        p1_0.categorie,
        p1_0.created_at,
        p1_0.start_date,
        p1_0.end_date,
        p1_0.description,
        p1_0.cover_image,
        p1_0.localisation,
        p1_0.current_amount,
        p1_0.investors_count,
        p1_0.funding_goal,
        p1_0.equity_percentage,
        p1_0.owner_id,
        p1_0.status,
        p1_0.suspension_deadline,
        p1_0.interest_rate,
        p1_0.titre,
        p1_0.funding_type 
    from
        projects p1_0 
    where
        p1_0.status=? 
        and p1_0.end_date>=?
2026-05-20 13:01:29.105 [http-nio-0.0.0.0-8080-exec-1] DEBUG o.s.o.j.s.OpenEntityManagerInViewInterceptor - Closing JPA EntityManager in OpenEntityManagerInViewInterceptor
2026-05-20 13:40:30.008 [http-nio-0.0.0.0-8080-exec-6] DEBUG o.s.o.j.s.OpenEntityManagerInViewInterceptor - Opening JPA EntityManager in OpenEntityManagerInViewInterceptor
2026-05-20 13:40:32.228 [http-nio-0.0.0.0-8080-exec-6] DEBUG org.hibernate.SQL - 
    select
        u1_0.id,
        u1_0.address,
        u1_0.admin_notes,
        u1_0.avatar_url,
        u1_0.bio,
        u1_0.preferred_category,
        u1_0.created_at,
        u1_0.email,
        u1_0.google_id,
        u1_0.kyc_status,
        u1_0.password,
        u1_0.last_name,
        u1_0.first_name,
        u1_0.role,
        u1_0.status,
        u1_0.phone,
        u1_0.ville 
    from
        users u1_0 
    where
        u1_0.email=?
2026-05-20 13:40:32.228 [http-nio-0.0.0.0-8080-exec-6] DEBUG org.hibernate.SQL - 
    select
        u1_0.id,
        u1_0.address,
        u1_0.admin_notes,
        u1_0.avatar_url,
        u1_0.bio,
        u1_0.preferred_category,
        u1_0.created_at,
        u1_0.email,
        u1_0.google_id,
        u1_0.kyc_status,
        u1_0.password,
        u1_0.last_name,
        u1_0.first_name,
        u1_0.role,
        u1_0.status,
        u1_0.phone,
        u1_0.ville 
    from
        users u1_0 
    where
        u1_0.email=?
2026-05-20 13:40:33.518 [http-nio-0.0.0.0-8080-exec-6] DEBUG org.hibernate.SQL - 
    select
        u1_0.id,
        u1_0.address,
        u1_0.admin_notes,
        u1_0.avatar_url,
        u1_0.bio,
        u1_0.preferred_category,
        u1_0.created_at,
        u1_0.email,
        u1_0.google_id,
        u1_0.kyc_status,
        u1_0.password,
        u1_0.last_name,
        u1_0.first_name,
        u1_0.role,
        u1_0.status,
        u1_0.phone,
        u1_0.ville 
    from
        users u1_0 
    where
        u1_0.email=?
2026-05-20 13:40:33.518 [http-nio-0.0.0.0-8080-exec-6] DEBUG org.hibernate.SQL - 
    select
        u1_0.id,
        u1_0.address,
        u1_0.admin_notes,
        u1_0.avatar_url,
        u1_0.bio,
        u1_0.preferred_category,
        u1_0.created_at,
        u1_0.email,
        u1_0.google_id,
        u1_0.kyc_status,
        u1_0.password,
        u1_0.last_name,
        u1_0.first_name,
        u1_0.role,
        u1_0.status,
        u1_0.phone,
        u1_0.ville 
    from
        users u1_0 
    where
        u1_0.email=?
2026-05-20 13:40:34.950 [http-nio-0.0.0.0-8080-exec-6] DEBUG o.s.o.j.s.OpenEntityManagerInViewInterceptor - Closing JPA EntityManager in OpenEntityManagerInViewInterceptor
2026-05-20 13:40:35.890 [http-nio-0.0.0.0-8080-exec-9] DEBUG o.s.o.j.SharedEntityManagerCreator$SharedEntityManagerInvocationHandler - Creating new EntityManager for shared EntityManager invocation
2026-05-20 13:40:35.899 [http-nio-0.0.0.0-8080-exec-9] DEBUG org.hibernate.SQL - 
    select
        u1_0.id,
        u1_0.address,
        u1_0.admin_notes,
        u1_0.avatar_url,
        u1_0.bio,
        u1_0.preferred_category,
        u1_0.created_at,
        u1_0.email,
        u1_0.google_id,
        u1_0.kyc_status,
        u1_0.password,
        u1_0.last_name,
        u1_0.first_name,
        u1_0.role,
        u1_0.status,
        u1_0.phone,
        u1_0.ville 
    from
        users u1_0 
    where
        u1_0.email=?
2026-05-20 13:40:35.899 [http-nio-0.0.0.0-8080-exec-9] DEBUG org.hibernate.SQL - 
    select
        u1_0.id,
        u1_0.address,
        u1_0.admin_notes,
        u1_0.avatar_url,
        u1_0.bio,
        u1_0.preferred_category,
        u1_0.created_at,
        u1_0.email,
        u1_0.google_id,
        u1_0.kyc_status,
        u1_0.password,
        u1_0.last_name,
        u1_0.first_name,
        u1_0.role,
        u1_0.status,
        u1_0.phone,
        u1_0.ville 
    from
        users u1_0 
    where
        u1_0.email=?
2026-05-20 13:40:35.930 [http-nio-0.0.0.0-8080-exec-9] DEBUG o.s.o.j.s.OpenEntityManagerInViewInterceptor - Opening JPA EntityManager in OpenEntityManagerInViewInterceptor
2026-05-20 13:40:36.075 [http-nio-0.0.0.0-8080-exec-9] DEBUG o.s.orm.jpa.JpaTransactionManager - Found thread-bound EntityManager [SessionImpl(1553963996<open>)] for JPA transaction
2026-05-20 13:40:36.076 [http-nio-0.0.0.0-8080-exec-9] DEBUG o.s.orm.jpa.JpaTransactionManager - Creating new transaction with name [org.springframework.data.jpa.repository.support.SimpleJpaRepository.findById]: PROPAGATION_REQUIRED,ISOLATION_DEFAULT,readOnly
2026-05-20 13:40:36.080 [http-nio-0.0.0.0-8080-exec-9] DEBUG o.s.orm.jpa.JpaTransactionManager - Exposing JPA transaction as JDBC [org.springframework.orm.jpa.vendor.HibernateJpaDialect$HibernateConnectionHandle@4ecc58ed]
2026-05-20 13:40:36.095 [http-nio-0.0.0.0-8080-exec-9] DEBUG org.hibernate.SQL - 
    select
        u1_0.id,
        u1_0.address,
        u1_0.admin_notes,
        u1_0.avatar_url,
        u1_0.bio,
        u1_0.preferred_category,
        u1_0.created_at,
        u1_0.email,
        u1_0.google_id,
        u1_0.kyc_status,
        u1_0.password,
        u1_0.last_name,
        u1_0.first_name,
        u1_0.role,
        u1_0.status,
        u1_0.phone,
        u1_0.ville 
    from
        users u1_0 
    where
        u1_0.id=?
2026-05-20 13:40:36.095 [http-nio-0.0.0.0-8080-exec-9] DEBUG org.hibernate.SQL - 
    select
        u1_0.id,
        u1_0.address,
        u1_0.admin_notes,
        u1_0.avatar_url,
        u1_0.bio,
        u1_0.preferred_category,
        u1_0.created_at,
        u1_0.email,
        u1_0.google_id,
        u1_0.kyc_status,
        u1_0.password,
        u1_0.last_name,
        u1_0.first_name,
        u1_0.role,
        u1_0.status,
        u1_0.phone,
        u1_0.ville 
    from
        users u1_0 
    where
        u1_0.id=?
2026-05-20 13:40:36.099 [http-nio-0.0.0.0-8080-exec-9] DEBUG o.s.orm.jpa.JpaTransactionManager - Initiating transaction commit
2026-05-20 13:40:36.099 [http-nio-0.0.0.0-8080-exec-9] DEBUG o.s.orm.jpa.JpaTransactionManager - Committing JPA transaction on EntityManager [SessionImpl(1553963996<open>)]
2026-05-20 13:40:36.104 [http-nio-0.0.0.0-8080-exec-9] DEBUG o.s.orm.jpa.JpaTransactionManager - Not closing pre-bound JPA EntityManager after transaction
2026-05-20 13:40:36.127 [http-nio-0.0.0.0-8080-exec-9] DEBUG org.hibernate.SQL - 
    select
        n1_0.id,
        n1_0.categorie,
        n1_0.created_at,
        n1_0.is_read,
        n1_0.message,
        n1_0.user_id 
    from
        notifications n1_0 
    where
        n1_0.user_id=?
2026-05-20 13:40:36.127 [http-nio-0.0.0.0-8080-exec-9] DEBUG org.hibernate.SQL - 
    select
        n1_0.id,
        n1_0.categorie,
        n1_0.created_at,
        n1_0.is_read,
        n1_0.message,
        n1_0.user_id 
    from
        notifications n1_0 
    where
        n1_0.user_id=?
2026-05-20 13:40:36.159 [http-nio-0.0.0.0-8080-exec-9] DEBUG o.s.o.j.s.OpenEntityManagerInViewInterceptor - Closing JPA EntityManager in OpenEntityManagerInViewInterceptor
2026-05-20 13:40:36.224 [http-nio-0.0.0.0-8080-exec-10] DEBUG o.s.o.j.SharedEntityManagerCreator$SharedEntityManagerInvocationHandler - Creating new EntityManager for shared EntityManager invocation
2026-05-20 13:40:36.227 [http-nio-0.0.0.0-8080-exec-10] DEBUG org.hibernate.SQL - 
    select
        u1_0.id,
        u1_0.address,
        u1_0.admin_notes,
        u1_0.avatar_url,
        u1_0.bio,
        u1_0.preferred_category,
        u1_0.created_at,
        u1_0.email,
        u1_0.google_id,
        u1_0.kyc_status,
        u1_0.password,
        u1_0.last_name,
        u1_0.first_name,
        u1_0.role,
        u1_0.status,
        u1_0.phone,
        u1_0.ville 
    from
        users u1_0 
    where
        u1_0.email=?
2026-05-20 13:40:36.227 [http-nio-0.0.0.0-8080-exec-10] DEBUG org.hibernate.SQL - 
    select
        u1_0.id,
        u1_0.address,
        u1_0.admin_notes,
        u1_0.avatar_url,
        u1_0.bio,
        u1_0.preferred_category,
        u1_0.created_at,
        u1_0.email,
        u1_0.google_id,
        u1_0.kyc_status,
        u1_0.password,
        u1_0.last_name,
        u1_0.first_name,
        u1_0.role,
        u1_0.status,
        u1_0.phone,
        u1_0.ville 
    from
        users u1_0 
    where
        u1_0.email=?
2026-05-20 13:40:36.249 [http-nio-0.0.0.0-8080-exec-10] DEBUG o.s.o.j.s.OpenEntityManagerInViewInterceptor - Opening JPA EntityManager in OpenEntityManagerInViewInterceptor
2026-05-20 13:40:36.257 [http-nio-0.0.0.0-8080-exec-10] DEBUG o.s.orm.jpa.JpaTransactionManager - Found thread-bound EntityManager [SessionImpl(787878345<open>)] for JPA transaction
2026-05-20 13:40:36.257 [http-nio-0.0.0.0-8080-exec-10] DEBUG o.s.orm.jpa.JpaTransactionManager - Creating new transaction with name [org.springframework.data.jpa.repository.support.SimpleJpaRepository.findById]: PROPAGATION_REQUIRED,ISOLATION_DEFAULT,readOnly
2026-05-20 13:40:36.260 [http-nio-0.0.0.0-8080-exec-10] DEBUG o.s.orm.jpa.JpaTransactionManager - Exposing JPA transaction as JDBC [org.springframework.orm.jpa.vendor.HibernateJpaDialect$HibernateConnectionHandle@922d1ef]
2026-05-20 13:40:36.261 [http-nio-0.0.0.0-8080-exec-10] DEBUG org.hibernate.SQL - 
    select
        u1_0.id,
        u1_0.address,
        u1_0.admin_notes,
        u1_0.avatar_url,
        u1_0.bio,
        u1_0.preferred_category,
        u1_0.created_at,
        u1_0.email,
        u1_0.google_id,
        u1_0.kyc_status,
        u1_0.password,
        u1_0.last_name,
        u1_0.first_name,
        u1_0.role,
        u1_0.status,
        u1_0.phone,
        u1_0.ville 
    from
        users u1_0 
    where
        u1_0.id=?
2026-05-20 13:40:36.261 [http-nio-0.0.0.0-8080-exec-10] DEBUG org.hibernate.SQL - 
    select
        u1_0.id,
        u1_0.address,
        u1_0.admin_notes,
        u1_0.avatar_url,
        u1_0.bio,
        u1_0.preferred_category,
        u1_0.created_at,
        u1_0.email,
        u1_0.google_id,
        u1_0.kyc_status,
        u1_0.password,
        u1_0.last_name,
        u1_0.first_name,
        u1_0.role,
        u1_0.status,
        u1_0.phone,
        u1_0.ville 
    from
        users u1_0 
    where
        u1_0.id=?
2026-05-20 13:40:36.265 [http-nio-0.0.0.0-8080-exec-10] DEBUG o.s.orm.jpa.JpaTransactionManager - Initiating transaction commit
2026-05-20 13:40:36.265 [http-nio-0.0.0.0-8080-exec-10] DEBUG o.s.orm.jpa.JpaTransactionManager - Committing JPA transaction on EntityManager [SessionImpl(787878345<open>)]
2026-05-20 13:40:36.267 [http-nio-0.0.0.0-8080-exec-10] DEBUG o.s.orm.jpa.JpaTransactionManager - Not closing pre-bound JPA EntityManager after transaction
2026-05-20 13:40:36.272 [http-nio-0.0.0.0-8080-exec-10] DEBUG org.hibernate.SQL - 
    select
        n1_0.id,
        n1_0.categorie,
        n1_0.created_at,
        n1_0.is_read,
        n1_0.message,
        n1_0.user_id 
    from
        notifications n1_0 
    where
        n1_0.user_id=?
2026-05-20 13:40:36.272 [http-nio-0.0.0.0-8080-exec-10] DEBUG org.hibernate.SQL - 
    select
        n1_0.id,
        n1_0.categorie,
        n1_0.created_at,
        n1_0.is_read,
        n1_0.message,
        n1_0.user_id 
    from
        notifications n1_0 
    where
        n1_0.user_id=?
2026-05-20 13:40:36.277 [http-nio-0.0.0.0-8080-exec-10] DEBUG o.s.o.j.s.OpenEntityManagerInViewInterceptor - Closing JPA EntityManager in OpenEntityManagerInViewInterceptor
2026-05-20 13:40:36.297 [http-nio-0.0.0.0-8080-exec-2] DEBUG o.s.o.j.SharedEntityManagerCreator$SharedEntityManagerInvocationHandler - Creating new EntityManager for shared EntityManager invocation
2026-05-20 13:40:36.299 [http-nio-0.0.0.0-8080-exec-2] DEBUG org.hibernate.SQL - 
    select
        u1_0.id,
        u1_0.address,
        u1_0.admin_notes,
        u1_0.avatar_url,
        u1_0.bio,
        u1_0.preferred_category,
        u1_0.created_at,
        u1_0.email,
        u1_0.google_id,
        u1_0.kyc_status,
        u1_0.password,
        u1_0.last_name,
        u1_0.first_name,
        u1_0.role,
        u1_0.status,
        u1_0.phone,
        u1_0.ville 
    from
        users u1_0 
    where
        u1_0.email=?
2026-05-20 13:40:36.299 [http-nio-0.0.0.0-8080-exec-2] DEBUG org.hibernate.SQL - 
    select
        u1_0.id,
        u1_0.address,
        u1_0.admin_notes,
        u1_0.avatar_url,
        u1_0.bio,
        u1_0.preferred_category,
        u1_0.created_at,
        u1_0.email,
        u1_0.google_id,
        u1_0.kyc_status,
        u1_0.password,
        u1_0.last_name,
        u1_0.first_name,
        u1_0.role,
        u1_0.status,
        u1_0.phone,
        u1_0.ville 
    from
        users u1_0 
    where
        u1_0.email=?
2026-05-20 13:40:36.332 [http-nio-0.0.0.0-8080-exec-2] DEBUG o.s.o.j.s.OpenEntityManagerInViewInterceptor - Opening JPA EntityManager in OpenEntityManagerInViewInterceptor
2026-05-20 13:40:36.344 [http-nio-0.0.0.0-8080-exec-2] DEBUG o.s.orm.jpa.JpaTransactionManager - Found thread-bound EntityManager [SessionImpl(1489046592<open>)] for JPA transaction
2026-05-20 13:40:36.344 [http-nio-0.0.0.0-8080-exec-2] DEBUG o.s.orm.jpa.JpaTransactionManager - Creating new transaction with name [org.springframework.data.jpa.repository.support.SimpleJpaRepository.findById]: PROPAGATION_REQUIRED,ISOLATION_DEFAULT,readOnly
2026-05-20 13:40:36.346 [http-nio-0.0.0.0-8080-exec-2] DEBUG o.s.orm.jpa.JpaTransactionManager - Exposing JPA transaction as JDBC [org.springframework.orm.jpa.vendor.HibernateJpaDialect$HibernateConnectionHandle@51685dd9]
2026-05-20 13:40:36.347 [http-nio-0.0.0.0-8080-exec-2] DEBUG org.hibernate.SQL - 
    select
        u1_0.id,
        u1_0.address,
        u1_0.admin_notes,
        u1_0.avatar_url,
        u1_0.bio,
        u1_0.preferred_category,
        u1_0.created_at,
        u1_0.email,
        u1_0.google_id,
        u1_0.kyc_status,
        u1_0.password,
        u1_0.last_name,
        u1_0.first_name,
        u1_0.role,
        u1_0.status,
        u1_0.phone,
        u1_0.ville 
    from
        users u1_0 
    where
        u1_0.id=?
2026-05-20 13:40:36.347 [http-nio-0.0.0.0-8080-exec-2] DEBUG org.hibernate.SQL - 
    select
        u1_0.id,
        u1_0.address,
        u1_0.admin_notes,
        u1_0.avatar_url,
        u1_0.bio,
        u1_0.preferred_category,
        u1_0.created_at,
        u1_0.email,
        u1_0.google_id,
        u1_0.kyc_status,
        u1_0.password,
        u1_0.last_name,
        u1_0.first_name,
        u1_0.role,
        u1_0.status,
        u1_0.phone,
        u1_0.ville 
    from
        users u1_0 
    where
        u1_0.id=?
2026-05-20 13:40:36.352 [http-nio-0.0.0.0-8080-exec-2] DEBUG o.s.orm.jpa.JpaTransactionManager - Initiating transaction commit
2026-05-20 13:40:36.360 [http-nio-0.0.0.0-8080-exec-2] DEBUG o.s.orm.jpa.JpaTransactionManager - Committing JPA transaction on EntityManager [SessionImpl(1489046592<open>)]
2026-05-20 13:40:36.363 [http-nio-0.0.0.0-8080-exec-2] DEBUG o.s.orm.jpa.JpaTransactionManager - Not closing pre-bound JPA EntityManager after transaction
2026-05-20 13:40:36.367 [http-nio-0.0.0.0-8080-exec-2] DEBUG org.hibernate.SQL - 
    select
        n1_0.id,
        n1_0.categorie,
        n1_0.created_at,
        n1_0.is_read,
        n1_0.message,
        n1_0.user_id 
    from
        notifications n1_0 
    where
        n1_0.user_id=?
2026-05-20 13:40:36.367 [http-nio-0.0.0.0-8080-exec-2] DEBUG org.hibernate.SQL - 
    select
        n1_0.id,
        n1_0.categorie,
        n1_0.created_at,
        n1_0.is_read,
        n1_0.message,
        n1_0.user_id 
    from
        notifications n1_0 
    where
        n1_0.user_id=?
2026-05-20 13:40:36.374 [http-nio-0.0.0.0-8080-exec-2] DEBUG o.s.o.j.s.OpenEntityManagerInViewInterceptor - Closing JPA EntityManager in OpenEntityManagerInViewInterceptor
2026-05-20 13:40:36.416 [http-nio-0.0.0.0-8080-exec-6] DEBUG o.s.o.j.SharedEntityManagerCreator$SharedEntityManagerInvocationHandler - Creating new EntityManager for shared EntityManager invocation
2026-05-20 13:40:36.418 [http-nio-0.0.0.0-8080-exec-6] DEBUG org.hibernate.SQL - 
    select
        u1_0.id,
        u1_0.address,
        u1_0.admin_notes,
        u1_0.avatar_url,
        u1_0.bio,
        u1_0.preferred_category,
        u1_0.created_at,
        u1_0.email,
        u1_0.google_id,
        u1_0.kyc_status,
        u1_0.password,
        u1_0.last_name,
        u1_0.first_name,
        u1_0.role,
        u1_0.status,
        u1_0.phone,
        u1_0.ville 
    from
        users u1_0 
    where
        u1_0.email=?
2026-05-20 13:40:36.418 [http-nio-0.0.0.0-8080-exec-6] DEBUG org.hibernate.SQL - 
    select
        u1_0.id,
        u1_0.address,
        u1_0.admin_notes,
        u1_0.avatar_url,
        u1_0.bio,
        u1_0.preferred_category,
        u1_0.created_at,
        u1_0.email,
        u1_0.google_id,
        u1_0.kyc_status,
        u1_0.password,
        u1_0.last_name,
        u1_0.first_name,
        u1_0.role,
        u1_0.status,
        u1_0.phone,
        u1_0.ville 
    from
        users u1_0 
    where
        u1_0.email=?
2026-05-20 13:40:36.431 [http-nio-0.0.0.0-8080-exec-6] DEBUG o.s.o.j.s.OpenEntityManagerInViewInterceptor - Opening JPA EntityManager in OpenEntityManagerInViewInterceptor
2026-05-20 13:40:36.460 [http-nio-0.0.0.0-8080-exec-6] DEBUG o.s.orm.jpa.JpaTransactionManager - Found thread-bound EntityManager [SessionImpl(172760256<open>)] for JPA transaction
2026-05-20 13:40:36.460 [http-nio-0.0.0.0-8080-exec-6] DEBUG o.s.orm.jpa.JpaTransactionManager - Creating new transaction with name [org.springframework.data.jpa.repository.support.SimpleJpaRepository.findById]: PROPAGATION_REQUIRED,ISOLATION_DEFAULT,readOnly
2026-05-20 13:40:36.461 [http-nio-0.0.0.0-8080-exec-6] DEBUG o.s.orm.jpa.JpaTransactionManager - Exposing JPA transaction as JDBC [org.springframework.orm.jpa.vendor.HibernateJpaDialect$HibernateConnectionHandle@4849845a]
2026-05-20 13:40:36.462 [http-nio-0.0.0.0-8080-exec-6] DEBUG org.hibernate.SQL - 
    select
        u1_0.id,
        u1_0.address,
        u1_0.admin_notes,
        u1_0.avatar_url,
        u1_0.bio,
        u1_0.preferred_category,
        u1_0.created_at,
        u1_0.email,
        u1_0.google_id,
        u1_0.kyc_status,
        u1_0.password,
        u1_0.last_name,
        u1_0.first_name,
        u1_0.role,
        u1_0.status,
        u1_0.phone,
        u1_0.ville 
    from
        users u1_0 
    where
        u1_0.id=?
2026-05-20 13:40:36.462 [http-nio-0.0.0.0-8080-exec-6] DEBUG org.hibernate.SQL - 
    select
        u1_0.id,
        u1_0.address,
        u1_0.admin_notes,
        u1_0.avatar_url,
        u1_0.bio,
        u1_0.preferred_category,
        u1_0.created_at,
        u1_0.email,
        u1_0.google_id,
        u1_0.kyc_status,
        u1_0.password,
        u1_0.last_name,
        u1_0.first_name,
        u1_0.role,
        u1_0.status,
        u1_0.phone,
        u1_0.ville 
    from
        users u1_0 
    where
        u1_0.id=?
2026-05-20 13:40:36.465 [http-nio-0.0.0.0-8080-exec-6] DEBUG o.s.orm.jpa.JpaTransactionManager - Initiating transaction commit
2026-05-20 13:40:36.465 [http-nio-0.0.0.0-8080-exec-6] DEBUG o.s.orm.jpa.JpaTransactionManager - Committing JPA transaction on EntityManager [SessionImpl(172760256<open>)]
2026-05-20 13:40:36.467 [http-nio-0.0.0.0-8080-exec-6] DEBUG o.s.orm.jpa.JpaTransactionManager - Not closing pre-bound JPA EntityManager after transaction
2026-05-20 13:40:36.471 [http-nio-0.0.0.0-8080-exec-6] DEBUG org.hibernate.SQL - 
    select
        n1_0.id,
        n1_0.categorie,
        n1_0.created_at,
        n1_0.is_read,
        n1_0.message,
        n1_0.user_id 
    from
        notifications n1_0 
    where
        n1_0.user_id=?
2026-05-20 13:40:36.471 [http-nio-0.0.0.0-8080-exec-6] DEBUG org.hibernate.SQL - 
    select
        n1_0.id,
        n1_0.categorie,
        n1_0.created_at,
        n1_0.is_read,
        n1_0.message,
        n1_0.user_id 
    from
        notifications n1_0 
    where
        n1_0.user_id=?
2026-05-20 13:40:36.479 [http-nio-0.0.0.0-8080-exec-6] DEBUG o.s.o.j.s.OpenEntityManagerInViewInterceptor - Closing JPA EntityManager in OpenEntityManagerInViewInterceptor
2026-05-20 13:40:36.697 [http-nio-0.0.0.0-8080-exec-3] DEBUG o.s.o.j.SharedEntityManagerCreator$SharedEntityManagerInvocationHandler - Creating new EntityManager for shared EntityManager invocation
2026-05-20 13:40:36.711 [http-nio-0.0.0.0-8080-exec-3] DEBUG org.hibernate.SQL - 
    select
        u1_0.id,
        u1_0.address,
        u1_0.admin_notes,
        u1_0.avatar_url,
        u1_0.bio,
        u1_0.preferred_category,
        u1_0.created_at,
        u1_0.email,
        u1_0.google_id,
        u1_0.kyc_status,
        u1_0.password,
        u1_0.last_name,
        u1_0.first_name,
        u1_0.role,
        u1_0.status,
        u1_0.phone,
        u1_0.ville 
    from
        users u1_0 
    where
        u1_0.email=?
2026-05-20 13:40:36.711 [http-nio-0.0.0.0-8080-exec-3] DEBUG org.hibernate.SQL - 
    select
        u1_0.id,
        u1_0.address,
        u1_0.admin_notes,
        u1_0.avatar_url,
        u1_0.bio,
        u1_0.preferred_category,
        u1_0.created_at,
        u1_0.email,
        u1_0.google_id,
        u1_0.kyc_status,
        u1_0.password,
        u1_0.last_name,
        u1_0.first_name,
        u1_0.role,
        u1_0.status,
        u1_0.phone,
        u1_0.ville 
    from
        users u1_0 
    where
        u1_0.email=?
2026-05-20 13:40:36.742 [http-nio-0.0.0.0-8080-exec-3] DEBUG o.s.o.j.s.OpenEntityManagerInViewInterceptor - Opening JPA EntityManager in OpenEntityManagerInViewInterceptor
2026-05-20 13:40:36.750 [http-nio-0.0.0.0-8080-exec-2] DEBUG o.s.o.j.SharedEntityManagerCreator$SharedEntityManagerInvocationHandler - Creating new EntityManager for shared EntityManager invocation
2026-05-20 13:40:36.750 [http-nio-0.0.0.0-8080-exec-3] DEBUG o.s.orm.jpa.JpaTransactionManager - Found thread-bound EntityManager [SessionImpl(392547737<open>)] for JPA transaction
2026-05-20 13:40:36.751 [http-nio-0.0.0.0-8080-exec-3] DEBUG o.s.orm.jpa.JpaTransactionManager - Creating new transaction with name [org.springframework.data.jpa.repository.support.SimpleJpaRepository.findAll]: PROPAGATION_REQUIRED,ISOLATION_DEFAULT,readOnly
2026-05-20 13:40:36.759 [http-nio-0.0.0.0-8080-exec-3] DEBUG o.s.orm.jpa.JpaTransactionManager - Exposing JPA transaction as JDBC [org.springframework.orm.jpa.vendor.HibernateJpaDialect$HibernateConnectionHandle@6cf2fe72]
2026-05-20 13:40:36.759 [http-nio-0.0.0.0-8080-exec-2] DEBUG org.hibernate.SQL - 
    select
        u1_0.id,
        u1_0.address,
        u1_0.admin_notes,
        u1_0.avatar_url,
        u1_0.bio,
        u1_0.preferred_category,
        u1_0.created_at,
        u1_0.email,
        u1_0.google_id,
        u1_0.kyc_status,
        u1_0.password,
        u1_0.last_name,
        u1_0.first_name,
        u1_0.role,
        u1_0.status,
        u1_0.phone,
        u1_0.ville 
    from
        users u1_0 
    where
        u1_0.email=?
2026-05-20 13:40:36.759 [http-nio-0.0.0.0-8080-exec-2] DEBUG org.hibernate.SQL - 
    select
        u1_0.id,
        u1_0.address,
        u1_0.admin_notes,
        u1_0.avatar_url,
        u1_0.bio,
        u1_0.preferred_category,
        u1_0.created_at,
        u1_0.email,
        u1_0.google_id,
        u1_0.kyc_status,
        u1_0.password,
        u1_0.last_name,
        u1_0.first_name,
        u1_0.role,
        u1_0.status,
        u1_0.phone,
        u1_0.ville 
    from
        users u1_0 
    where
        u1_0.email=?
2026-05-20 13:40:36.763 [http-nio-0.0.0.0-8080-exec-3] DEBUG org.hibernate.SQL - 
    select
        u1_0.id,
        u1_0.address,
        u1_0.admin_notes,
        u1_0.avatar_url,
        u1_0.bio,
        u1_0.preferred_category,
        u1_0.created_at,
        u1_0.email,
        u1_0.google_id,
        u1_0.kyc_status,
        u1_0.password,
        u1_0.last_name,
        u1_0.first_name,
        u1_0.role,
        u1_0.status,
        u1_0.phone,
        u1_0.ville 
    from
        users u1_0
2026-05-20 13:40:36.763 [http-nio-0.0.0.0-8080-exec-3] DEBUG org.hibernate.SQL - 
    select
        u1_0.id,
        u1_0.address,
        u1_0.admin_notes,
        u1_0.avatar_url,
        u1_0.bio,
        u1_0.preferred_category,
        u1_0.created_at,
        u1_0.email,
        u1_0.google_id,
        u1_0.kyc_status,
        u1_0.password,
        u1_0.last_name,
        u1_0.first_name,
        u1_0.role,
        u1_0.status,
        u1_0.phone,
        u1_0.ville 
    from
        users u1_0
2026-05-20 13:40:36.766 [http-nio-0.0.0.0-8080-exec-3] DEBUG o.s.orm.jpa.JpaTransactionManager - Initiating transaction commit
2026-05-20 13:40:36.767 [http-nio-0.0.0.0-8080-exec-3] DEBUG o.s.orm.jpa.JpaTransactionManager - Committing JPA transaction on EntityManager [SessionImpl(392547737<open>)]
2026-05-20 13:40:36.771 [http-nio-0.0.0.0-8080-exec-3] DEBUG o.s.orm.jpa.JpaTransactionManager - Not closing pre-bound JPA EntityManager after transaction
2026-05-20 13:40:36.775 [http-nio-0.0.0.0-8080-exec-2] DEBUG o.s.o.j.s.OpenEntityManagerInViewInterceptor - Opening JPA EntityManager in OpenEntityManagerInViewInterceptor
2026-05-20 13:40:36.777 [http-nio-0.0.0.0-8080-exec-2] DEBUG o.s.orm.jpa.JpaTransactionManager - Found thread-bound EntityManager [SessionImpl(1669695910<open>)] for JPA transaction
2026-05-20 13:40:36.778 [http-nio-0.0.0.0-8080-exec-2] DEBUG o.s.orm.jpa.JpaTransactionManager - Creating new transaction with name [org.springframework.data.jpa.repository.support.SimpleJpaRepository.findAll]: PROPAGATION_REQUIRED,ISOLATION_DEFAULT,readOnly
2026-05-20 13:40:36.780 [http-nio-0.0.0.0-8080-exec-2] DEBUG o.s.orm.jpa.JpaTransactionManager - Exposing JPA transaction as JDBC [org.springframework.orm.jpa.vendor.HibernateJpaDialect$HibernateConnectionHandle@26dddb31]
2026-05-20 13:40:36.783 [http-nio-0.0.0.0-8080-exec-2] DEBUG org.hibernate.SQL - 
    select
        p1_0.id,
        p1_0.admin_notes,
        p1_0.all_or_nothing,
        p1_0.categorie,
        p1_0.created_at,
        p1_0.start_date,
        p1_0.end_date,
        p1_0.description,
        p1_0.cover_image,
        p1_0.localisation,
        p1_0.current_amount,
        p1_0.investors_count,
        p1_0.funding_goal,
        p1_0.equity_percentage,
        p1_0.owner_id,
        p1_0.status,
        p1_0.suspension_deadline,
        p1_0.interest_rate,
        p1_0.titre,
        p1_0.funding_type 
    from
        projects p1_0
2026-05-20 13:40:36.783 [http-nio-0.0.0.0-8080-exec-2] DEBUG org.hibernate.SQL - 
    select
        p1_0.id,
        p1_0.admin_notes,
        p1_0.all_or_nothing,
        p1_0.categorie,
        p1_0.created_at,
        p1_0.start_date,
        p1_0.end_date,
        p1_0.description,
        p1_0.cover_image,
        p1_0.localisation,
        p1_0.current_amount,
        p1_0.investors_count,
        p1_0.funding_goal,
        p1_0.equity_percentage,
        p1_0.owner_id,
        p1_0.status,
        p1_0.suspension_deadline,
        p1_0.interest_rate,
        p1_0.titre,
        p1_0.funding_type 
    from
        projects p1_0
2026-05-20 13:40:36.793 [http-nio-0.0.0.0-8080-exec-2] DEBUG org.hibernate.SQL - 
    select
        u1_0.id,
        u1_0.address,
        u1_0.admin_notes,
        u1_0.avatar_url,
        u1_0.bio,
        u1_0.preferred_category,
        u1_0.created_at,
        u1_0.email,
        u1_0.google_id,
        u1_0.kyc_status,
        u1_0.password,
        u1_0.last_name,
        u1_0.first_name,
        u1_0.role,
        u1_0.status,
        u1_0.phone,
        u1_0.ville 
    from
        users u1_0 
    where
        u1_0.id=?
2026-05-20 13:40:36.793 [http-nio-0.0.0.0-8080-exec-2] DEBUG org.hibernate.SQL - 
    select
        u1_0.id,
        u1_0.address,
        u1_0.admin_notes,
        u1_0.avatar_url,
        u1_0.bio,
        u1_0.preferred_category,
        u1_0.created_at,
        u1_0.email,
        u1_0.google_id,
        u1_0.kyc_status,
        u1_0.password,
        u1_0.last_name,
        u1_0.first_name,
        u1_0.role,
        u1_0.status,
        u1_0.phone,
        u1_0.ville 
    from
        users u1_0 
    where
        u1_0.id=?
2026-05-20 13:40:36.796 [http-nio-0.0.0.0-8080-exec-3] DEBUG o.s.o.j.s.OpenEntityManagerInViewInterceptor - Closing JPA EntityManager in OpenEntityManagerInViewInterceptor
2026-05-20 13:40:36.801 [http-nio-0.0.0.0-8080-exec-2] DEBUG o.s.orm.jpa.JpaTransactionManager - Initiating transaction commit
2026-05-20 13:40:36.808 [http-nio-0.0.0.0-8080-exec-2] DEBUG o.s.orm.jpa.JpaTransactionManager - Committing JPA transaction on EntityManager [SessionImpl(1669695910<open>)]
2026-05-20 13:40:36.810 [http-nio-0.0.0.0-8080-exec-2] DEBUG o.s.orm.jpa.JpaTransactionManager - Not closing pre-bound JPA EntityManager after transaction
2026-05-20 13:40:36.813 [http-nio-0.0.0.0-8080-exec-2] DEBUG o.s.o.j.s.OpenEntityManagerInViewInterceptor - Closing JPA EntityManager in OpenEntityManagerInViewInterceptor
2026-05-20 13:40:36.818 [http-nio-0.0.0.0-8080-exec-7] DEBUG o.s.o.j.SharedEntityManagerCreator$SharedEntityManagerInvocationHandler - Creating new EntityManager for shared EntityManager invocation
2026-05-20 13:40:36.824 [http-nio-0.0.0.0-8080-exec-7] DEBUG org.hibernate.SQL - 
    select
        u1_0.id,
        u1_0.address,
        u1_0.admin_notes,
        u1_0.avatar_url,
        u1_0.bio,
        u1_0.preferred_category,
        u1_0.created_at,
        u1_0.email,
        u1_0.google_id,
        u1_0.kyc_status,
        u1_0.password,
        u1_0.last_name,
        u1_0.first_name,
        u1_0.role,
        u1_0.status,
        u1_0.phone,
        u1_0.ville 
    from
        users u1_0 
    where
        u1_0.email=?
2026-05-20 13:40:36.824 [http-nio-0.0.0.0-8080-exec-7] DEBUG org.hibernate.SQL - 
    select
        u1_0.id,
        u1_0.address,
        u1_0.admin_notes,
        u1_0.avatar_url,
        u1_0.bio,
        u1_0.preferred_category,
        u1_0.created_at,
        u1_0.email,
        u1_0.google_id,
        u1_0.kyc_status,
        u1_0.password,
        u1_0.last_name,
        u1_0.first_name,
        u1_0.role,
        u1_0.status,
        u1_0.phone,
        u1_0.ville 
    from
        users u1_0 
    where
        u1_0.email=?
2026-05-20 13:40:36.878 [http-nio-0.0.0.0-8080-exec-7] DEBUG o.s.o.j.s.OpenEntityManagerInViewInterceptor - Opening JPA EntityManager in OpenEntityManagerInViewInterceptor
2026-05-20 13:40:36.893 [http-nio-0.0.0.0-8080-exec-7] DEBUG o.s.orm.jpa.JpaTransactionManager - Found thread-bound EntityManager [SessionImpl(1581859801<open>)] for JPA transaction
2026-05-20 13:40:36.894 [http-nio-0.0.0.0-8080-exec-7] DEBUG o.s.orm.jpa.JpaTransactionManager - Creating new transaction with name [org.springframework.data.jpa.repository.support.SimpleJpaRepository.findAll]: PROPAGATION_REQUIRED,ISOLATION_DEFAULT,readOnly
2026-05-20 13:40:36.898 [http-nio-0.0.0.0-8080-exec-7] DEBUG o.s.orm.jpa.JpaTransactionManager - Exposing JPA transaction as JDBC [org.springframework.orm.jpa.vendor.HibernateJpaDialect$HibernateConnectionHandle@286294f4]
2026-05-20 13:40:36.906 [http-nio-0.0.0.0-8080-exec-7] DEBUG org.hibernate.SQL - 
    select
        t1_0.id,
        t1_0.amount_xaf,
        t1_0.created_at,
        t1_0.source_amount,
        t1_0.source_currency,
        t1_0.status,
        t1_0.type,
        t1_0.user_id 
    from
        transactions t1_0
2026-05-20 13:40:36.906 [http-nio-0.0.0.0-8080-exec-7] DEBUG org.hibernate.SQL - 
    select
        t1_0.id,
        t1_0.amount_xaf,
        t1_0.created_at,
        t1_0.source_amount,
        t1_0.source_currency,
        t1_0.status,
        t1_0.type,
        t1_0.user_id 
    from
        transactions t1_0
2026-05-20 13:40:36.930 [http-nio-0.0.0.0-8080-exec-7] DEBUG o.s.orm.jpa.JpaTransactionManager - Initiating transaction commit
2026-05-20 13:40:36.931 [http-nio-0.0.0.0-8080-exec-7] DEBUG o.s.orm.jpa.JpaTransactionManager - Committing JPA transaction on EntityManager [SessionImpl(1581859801<open>)]
2026-05-20 13:40:36.933 [http-nio-0.0.0.0-8080-exec-7] DEBUG o.s.orm.jpa.JpaTransactionManager - Not closing pre-bound JPA EntityManager after transaction
2026-05-20 13:40:36.933 [http-nio-0.0.0.0-8080-exec-8] DEBUG o.s.o.j.SharedEntityManagerCreator$SharedEntityManagerInvocationHandler - Creating new EntityManager for shared EntityManager invocation
2026-05-20 13:40:36.937 [http-nio-0.0.0.0-8080-exec-8] DEBUG org.hibernate.SQL - 
    select
        u1_0.id,
        u1_0.address,
        u1_0.admin_notes,
        u1_0.avatar_url,
        u1_0.bio,
        u1_0.preferred_category,
        u1_0.created_at,
        u1_0.email,
        u1_0.google_id,
        u1_0.kyc_status,
        u1_0.password,
        u1_0.last_name,
        u1_0.first_name,
        u1_0.role,
        u1_0.status,
        u1_0.phone,
        u1_0.ville 
    from
        users u1_0 
    where
        u1_0.email=?
2026-05-20 13:40:36.937 [http-nio-0.0.0.0-8080-exec-8] DEBUG org.hibernate.SQL - 
    select
        u1_0.id,
        u1_0.address,
        u1_0.admin_notes,
        u1_0.avatar_url,
        u1_0.bio,
        u1_0.preferred_category,
        u1_0.created_at,
        u1_0.email,
        u1_0.google_id,
        u1_0.kyc_status,
        u1_0.password,
        u1_0.last_name,
        u1_0.first_name,
        u1_0.role,
        u1_0.status,
        u1_0.phone,
        u1_0.ville 
    from
        users u1_0 
    where
        u1_0.email=?
2026-05-20 13:40:36.944 [http-nio-0.0.0.0-8080-exec-7] DEBUG o.s.o.j.s.OpenEntityManagerInViewInterceptor - Closing JPA EntityManager in OpenEntityManagerInViewInterceptor
2026-05-20 13:40:36.950 [http-nio-0.0.0.0-8080-exec-8] DEBUG o.s.o.j.s.OpenEntityManagerInViewInterceptor - Opening JPA EntityManager in OpenEntityManagerInViewInterceptor
2026-05-20 13:40:36.960 [http-nio-0.0.0.0-8080-exec-8] DEBUG o.s.orm.jpa.JpaTransactionManager - Found thread-bound EntityManager [SessionImpl(184385179<open>)] for JPA transaction
2026-05-20 13:40:36.960 [http-nio-0.0.0.0-8080-exec-8] DEBUG o.s.orm.jpa.JpaTransactionManager - Creating new transaction with name [org.springframework.data.jpa.repository.support.SimpleJpaRepository.findAll]: PROPAGATION_REQUIRED,ISOLATION_DEFAULT,readOnly
2026-05-20 13:40:36.961 [http-nio-0.0.0.0-8080-exec-8] DEBUG o.s.orm.jpa.JpaTransactionManager - Exposing JPA transaction as JDBC [org.springframework.orm.jpa.vendor.HibernateJpaDialect$HibernateConnectionHandle@3d1e2ca6]
2026-05-20 13:40:36.963 [http-nio-0.0.0.0-8080-exec-8] DEBUG org.hibernate.SQL - 
    select
        kd1_0.id,
        kd1_0.submitted_at,
        kd1_0.document_url,
        kd1_0.rejection_reason,
        kd1_0.status,
        kd1_0.document_type,
        kd1_0.user_id 
    from
        kyc_documents kd1_0
2026-05-20 13:40:36.963 [http-nio-0.0.0.0-8080-exec-8] DEBUG org.hibernate.SQL - 
    select
        kd1_0.id,
        kd1_0.submitted_at,
        kd1_0.document_url,
        kd1_0.rejection_reason,
        kd1_0.status,
        kd1_0.document_type,
        kd1_0.user_id 
    from
        kyc_documents kd1_0
2026-05-20 13:40:36.966 [http-nio-0.0.0.0-8080-exec-4] DEBUG o.s.o.j.SharedEntityManagerCreator$SharedEntityManagerInvocationHandler - Creating new EntityManager for shared EntityManager invocation
2026-05-20 13:40:36.967 [http-nio-0.0.0.0-8080-exec-5] DEBUG o.s.o.j.SharedEntityManagerCreator$SharedEntityManagerInvocationHandler - Creating new EntityManager for shared EntityManager invocation
2026-05-20 13:40:36.968 [http-nio-0.0.0.0-8080-exec-4] DEBUG org.hibernate.SQL - 
    select
        u1_0.id,
        u1_0.address,
        u1_0.admin_notes,
        u1_0.avatar_url,
        u1_0.bio,
        u1_0.preferred_category,
        u1_0.created_at,
        u1_0.email,
        u1_0.google_id,
        u1_0.kyc_status,
        u1_0.password,
        u1_0.last_name,
        u1_0.first_name,
        u1_0.role,
        u1_0.status,
        u1_0.phone,
        u1_0.ville 
    from
        users u1_0 
    where
        u1_0.email=?
2026-05-20 13:40:36.968 [http-nio-0.0.0.0-8080-exec-4] DEBUG org.hibernate.SQL - 
    select
        u1_0.id,
        u1_0.address,
        u1_0.admin_notes,
        u1_0.avatar_url,
        u1_0.bio,
        u1_0.preferred_category,
        u1_0.created_at,
        u1_0.email,
        u1_0.google_id,
        u1_0.kyc_status,
        u1_0.password,
        u1_0.last_name,
        u1_0.first_name,
        u1_0.role,
        u1_0.status,
        u1_0.phone,
        u1_0.ville 
    from
        users u1_0 
    where
        u1_0.email=?
2026-05-20 13:40:36.969 [http-nio-0.0.0.0-8080-exec-5] DEBUG org.hibernate.SQL - 
    select
        u1_0.id,
        u1_0.address,
        u1_0.admin_notes,
        u1_0.avatar_url,
        u1_0.bio,
        u1_0.preferred_category,
        u1_0.created_at,
        u1_0.email,
        u1_0.google_id,
        u1_0.kyc_status,
        u1_0.password,
        u1_0.last_name,
        u1_0.first_name,
        u1_0.role,
        u1_0.status,
        u1_0.phone,
        u1_0.ville 
    from
        users u1_0 
    where
        u1_0.email=?
2026-05-20 13:40:36.969 [http-nio-0.0.0.0-8080-exec-5] DEBUG org.hibernate.SQL - 
    select
        u1_0.id,
        u1_0.address,
        u1_0.admin_notes,
        u1_0.avatar_url,
        u1_0.bio,
        u1_0.preferred_category,
        u1_0.created_at,
        u1_0.email,
        u1_0.google_id,
        u1_0.kyc_status,
        u1_0.password,
        u1_0.last_name,
        u1_0.first_name,
        u1_0.role,
        u1_0.status,
        u1_0.phone,
        u1_0.ville 
    from
        users u1_0 
    where
        u1_0.email=?
2026-05-20 13:40:36.981 [http-nio-0.0.0.0-8080-exec-4] DEBUG o.s.o.j.s.OpenEntityManagerInViewInterceptor - Opening JPA EntityManager in OpenEntityManagerInViewInterceptor
2026-05-20 13:40:36.982 [http-nio-0.0.0.0-8080-exec-5] DEBUG o.s.o.j.s.OpenEntityManagerInViewInterceptor - Opening JPA EntityManager in OpenEntityManagerInViewInterceptor
2026-05-20 13:40:36.984 [http-nio-0.0.0.0-8080-exec-4] DEBUG o.s.orm.jpa.JpaTransactionManager - Found thread-bound EntityManager [SessionImpl(263540358<open>)] for JPA transaction
2026-05-20 13:40:36.984 [http-nio-0.0.0.0-8080-exec-4] DEBUG o.s.orm.jpa.JpaTransactionManager - Creating new transaction with name [org.springframework.data.jpa.repository.support.SimpleJpaRepository.findAll]: PROPAGATION_REQUIRED,ISOLATION_DEFAULT,readOnly
2026-05-20 13:40:36.985 [http-nio-0.0.0.0-8080-exec-5] DEBUG o.s.orm.jpa.JpaTransactionManager - Found thread-bound EntityManager [SessionImpl(1255184746<open>)] for JPA transaction
2026-05-20 13:40:36.985 [http-nio-0.0.0.0-8080-exec-5] DEBUG o.s.orm.jpa.JpaTransactionManager - Creating new transaction with name [org.springframework.data.jpa.repository.support.SimpleJpaRepository.findAll]: PROPAGATION_REQUIRED,ISOLATION_DEFAULT,readOnly
2026-05-20 13:40:36.987 [http-nio-0.0.0.0-8080-exec-4] DEBUG o.s.orm.jpa.JpaTransactionManager - Exposing JPA transaction as JDBC [org.springframework.orm.jpa.vendor.HibernateJpaDialect$HibernateConnectionHandle@8208062]
2026-05-20 13:40:36.988 [http-nio-0.0.0.0-8080-exec-8] DEBUG org.hibernate.SQL - 
    select
        u1_0.id,
        u1_0.address,
        u1_0.admin_notes,
        u1_0.avatar_url,
        u1_0.bio,
        u1_0.preferred_category,
        u1_0.created_at,
        u1_0.email,
        u1_0.google_id,
        u1_0.kyc_status,
        u1_0.password,
        u1_0.last_name,
        u1_0.first_name,
        u1_0.role,
        u1_0.status,
        u1_0.phone,
        u1_0.ville 
    from
        users u1_0 
    where
        u1_0.id=?
2026-05-20 13:40:36.988 [http-nio-0.0.0.0-8080-exec-8] DEBUG org.hibernate.SQL - 
    select
        u1_0.id,
        u1_0.address,
        u1_0.admin_notes,
        u1_0.avatar_url,
        u1_0.bio,
        u1_0.preferred_category,
        u1_0.created_at,
        u1_0.email,
        u1_0.google_id,
        u1_0.kyc_status,
        u1_0.password,
        u1_0.last_name,
        u1_0.first_name,
        u1_0.role,
        u1_0.status,
        u1_0.phone,
        u1_0.ville 
    from
        users u1_0 
    where
        u1_0.id=?
2026-05-20 13:40:36.990 [http-nio-0.0.0.0-8080-exec-4] DEBUG org.hibernate.SQL - 
    select
        p1_0.id,
        p1_0.admin_notes,
        p1_0.all_or_nothing,
        p1_0.categorie,
        p1_0.created_at,
        p1_0.start_date,
        p1_0.end_date,
        p1_0.description,
        p1_0.cover_image,
        p1_0.localisation,
        p1_0.current_amount,
        p1_0.investors_count,
        p1_0.funding_goal,
        p1_0.equity_percentage,
        p1_0.owner_id,
        p1_0.status,
        p1_0.suspension_deadline,
        p1_0.interest_rate,
        p1_0.titre,
        p1_0.funding_type 
    from
        projects p1_0
2026-05-20 13:40:36.990 [http-nio-0.0.0.0-8080-exec-4] DEBUG org.hibernate.SQL - 
    select
        p1_0.id,
        p1_0.admin_notes,
        p1_0.all_or_nothing,
        p1_0.categorie,
        p1_0.created_at,
        p1_0.start_date,
        p1_0.end_date,
        p1_0.description,
        p1_0.cover_image,
        p1_0.localisation,
        p1_0.current_amount,
        p1_0.investors_count,
        p1_0.funding_goal,
        p1_0.equity_percentage,
        p1_0.owner_id,
        p1_0.status,
        p1_0.suspension_deadline,
        p1_0.interest_rate,
        p1_0.titre,
        p1_0.funding_type 
    from
        projects p1_0
2026-05-20 13:40:36.990 [http-nio-0.0.0.0-8080-exec-5] DEBUG o.s.orm.jpa.JpaTransactionManager - Exposing JPA transaction as JDBC [org.springframework.orm.jpa.vendor.HibernateJpaDialect$HibernateConnectionHandle@70e88a17]
2026-05-20 13:40:36.993 [http-nio-0.0.0.0-8080-exec-5] DEBUG org.hibernate.SQL - 
    select
        u1_0.id,
        u1_0.address,
        u1_0.admin_notes,
        u1_0.avatar_url,
        u1_0.bio,
        u1_0.preferred_category,
        u1_0.created_at,
        u1_0.email,
        u1_0.google_id,
        u1_0.kyc_status,
        u1_0.password,
        u1_0.last_name,
        u1_0.first_name,
        u1_0.role,
        u1_0.status,
        u1_0.phone,
        u1_0.ville 
    from
        users u1_0
2026-05-20 13:40:36.993 [http-nio-0.0.0.0-8080-exec-5] DEBUG org.hibernate.SQL - 
    select
        u1_0.id,
        u1_0.address,
        u1_0.admin_notes,
        u1_0.avatar_url,
        u1_0.bio,
        u1_0.preferred_category,
        u1_0.created_at,
        u1_0.email,
        u1_0.google_id,
        u1_0.kyc_status,
        u1_0.password,
        u1_0.last_name,
        u1_0.first_name,
        u1_0.role,
        u1_0.status,
        u1_0.phone,
        u1_0.ville 
    from
        users u1_0
2026-05-20 13:40:36.993 [http-nio-0.0.0.0-8080-exec-8] DEBUG org.hibernate.SQL - 
    select
        u1_0.id,
        u1_0.address,
        u1_0.admin_notes,
        u1_0.avatar_url,
        u1_0.bio,
        u1_0.preferred_category,
        u1_0.created_at,
        u1_0.email,
        u1_0.google_id,
        u1_0.kyc_status,
        u1_0.password,
        u1_0.last_name,
        u1_0.first_name,
        u1_0.role,
        u1_0.status,
        u1_0.phone,
        u1_0.ville 
    from
        users u1_0 
    where
        u1_0.id=?
2026-05-20 13:40:36.993 [http-nio-0.0.0.0-8080-exec-8] DEBUG org.hibernate.SQL - 
    select
        u1_0.id,
        u1_0.address,
        u1_0.admin_notes,
        u1_0.avatar_url,
        u1_0.bio,
        u1_0.preferred_category,
        u1_0.created_at,
        u1_0.email,
        u1_0.google_id,
        u1_0.kyc_status,
        u1_0.password,
        u1_0.last_name,
        u1_0.first_name,
        u1_0.role,
        u1_0.status,
        u1_0.phone,
        u1_0.ville 
    from
        users u1_0 
    where
        u1_0.id=?
2026-05-20 13:40:36.994 [http-nio-0.0.0.0-8080-exec-4] DEBUG org.hibernate.SQL - 
    select
        u1_0.id,
        u1_0.address,
        u1_0.admin_notes,
        u1_0.avatar_url,
        u1_0.bio,
        u1_0.preferred_category,
        u1_0.created_at,
        u1_0.email,
        u1_0.google_id,
        u1_0.kyc_status,
        u1_0.password,
        u1_0.last_name,
        u1_0.first_name,
        u1_0.role,
        u1_0.status,
        u1_0.phone,
        u1_0.ville 
    from
        users u1_0 
    where
        u1_0.id=?
2026-05-20 13:40:36.994 [http-nio-0.0.0.0-8080-exec-4] DEBUG org.hibernate.SQL - 
    select
        u1_0.id,
        u1_0.address,
        u1_0.admin_notes,
        u1_0.avatar_url,
        u1_0.bio,
        u1_0.preferred_category,
        u1_0.created_at,
        u1_0.email,
        u1_0.google_id,
        u1_0.kyc_status,
        u1_0.password,
        u1_0.last_name,
        u1_0.first_name,
        u1_0.role,
        u1_0.status,
        u1_0.phone,
        u1_0.ville 
    from
        users u1_0 
    where
        u1_0.id=?
2026-05-20 13:40:36.995 [http-nio-0.0.0.0-8080-exec-5] DEBUG o.s.orm.jpa.JpaTransactionManager - Initiating transaction commit
2026-05-20 13:40:36.996 [http-nio-0.0.0.0-8080-exec-5] DEBUG o.s.orm.jpa.JpaTransactionManager - Committing JPA transaction on EntityManager [SessionImpl(1255184746<open>)]
2026-05-20 13:40:36.996 [http-nio-0.0.0.0-8080-exec-8] DEBUG o.s.orm.jpa.JpaTransactionManager - Initiating transaction commit
2026-05-20 13:40:36.998 [http-nio-0.0.0.0-8080-exec-5] DEBUG o.s.orm.jpa.JpaTransactionManager - Not closing pre-bound JPA EntityManager after transaction
2026-05-20 13:40:36.998 [http-nio-0.0.0.0-8080-exec-4] DEBUG o.s.orm.jpa.JpaTransactionManager - Initiating transaction commit
2026-05-20 13:40:36.998 [http-nio-0.0.0.0-8080-exec-8] DEBUG o.s.orm.jpa.JpaTransactionManager - Committing JPA transaction on EntityManager [SessionImpl(184385179<open>)]
2026-05-20 13:40:36.999 [http-nio-0.0.0.0-8080-exec-4] DEBUG o.s.orm.jpa.JpaTransactionManager - Committing JPA transaction on EntityManager [SessionImpl(263540358<open>)]
2026-05-20 13:40:37.001 [http-nio-0.0.0.0-8080-exec-8] DEBUG o.s.orm.jpa.JpaTransactionManager - Not closing pre-bound JPA EntityManager after transaction
2026-05-20 13:40:37.001 [http-nio-0.0.0.0-8080-exec-9] DEBUG o.s.o.j.SharedEntityManagerCreator$SharedEntityManagerInvocationHandler - Creating new EntityManager for shared EntityManager invocation
2026-05-20 13:40:37.002 [http-nio-0.0.0.0-8080-exec-4] DEBUG o.s.orm.jpa.JpaTransactionManager - Not closing pre-bound JPA EntityManager after transaction
2026-05-20 13:40:37.004 [http-nio-0.0.0.0-8080-exec-5] DEBUG o.s.o.j.s.OpenEntityManagerInViewInterceptor - Closing JPA EntityManager in OpenEntityManagerInViewInterceptor
2026-05-20 13:40:37.009 [http-nio-0.0.0.0-8080-exec-9] DEBUG org.hibernate.SQL - 
    select
        u1_0.id,
        u1_0.address,
        u1_0.admin_notes,
        u1_0.avatar_url,
        u1_0.bio,
        u1_0.preferred_category,
        u1_0.created_at,
        u1_0.email,
        u1_0.google_id,
        u1_0.kyc_status,
        u1_0.password,
        u1_0.last_name,
        u1_0.first_name,
        u1_0.role,
        u1_0.status,
        u1_0.phone,
        u1_0.ville 
    from
        users u1_0 
    where
        u1_0.email=?
2026-05-20 13:40:37.009 [http-nio-0.0.0.0-8080-exec-9] DEBUG org.hibernate.SQL - 
    select
        u1_0.id,
        u1_0.address,
        u1_0.admin_notes,
        u1_0.avatar_url,
        u1_0.bio,
        u1_0.preferred_category,
        u1_0.created_at,
        u1_0.email,
        u1_0.google_id,
        u1_0.kyc_status,
        u1_0.password,
        u1_0.last_name,
        u1_0.first_name,
        u1_0.role,
        u1_0.status,
        u1_0.phone,
        u1_0.ville 
    from
        users u1_0 
    where
        u1_0.email=?
2026-05-20 13:40:37.011 [http-nio-0.0.0.0-8080-exec-4] DEBUG o.s.o.j.s.OpenEntityManagerInViewInterceptor - Closing JPA EntityManager in OpenEntityManagerInViewInterceptor
2026-05-20 13:40:37.016 [http-nio-0.0.0.0-8080-exec-8] DEBUG o.s.o.j.s.OpenEntityManagerInViewInterceptor - Closing JPA EntityManager in OpenEntityManagerInViewInterceptor
2026-05-20 13:40:37.017 [http-nio-0.0.0.0-8080-exec-9] DEBUG o.s.o.j.s.OpenEntityManagerInViewInterceptor - Opening JPA EntityManager in OpenEntityManagerInViewInterceptor
2026-05-20 13:40:37.019 [http-nio-0.0.0.0-8080-exec-9] DEBUG o.s.orm.jpa.JpaTransactionManager - Found thread-bound EntityManager [SessionImpl(2075566555<open>)] for JPA transaction
2026-05-20 13:40:37.023 [http-nio-0.0.0.0-8080-exec-9] DEBUG o.s.orm.jpa.JpaTransactionManager - Creating new transaction with name [org.springframework.data.jpa.repository.support.SimpleJpaRepository.findAll]: PROPAGATION_REQUIRED,ISOLATION_DEFAULT,readOnly
2026-05-20 13:40:37.024 [http-nio-0.0.0.0-8080-exec-9] DEBUG o.s.orm.jpa.JpaTransactionManager - Exposing JPA transaction as JDBC [org.springframework.orm.jpa.vendor.HibernateJpaDialect$HibernateConnectionHandle@2f5c87a2]
2026-05-20 13:40:37.026 [http-nio-0.0.0.0-8080-exec-9] DEBUG org.hibernate.SQL - 
    select
        t1_0.id,
        t1_0.amount_xaf,
        t1_0.created_at,
        t1_0.source_amount,
        t1_0.source_currency,
        t1_0.status,
        t1_0.type,
        t1_0.user_id 
    from
        transactions t1_0
2026-05-20 13:40:37.026 [http-nio-0.0.0.0-8080-exec-9] DEBUG org.hibernate.SQL - 
    select
        t1_0.id,
        t1_0.amount_xaf,
        t1_0.created_at,
        t1_0.source_amount,
        t1_0.source_currency,
        t1_0.status,
        t1_0.type,
        t1_0.user_id 
    from
        transactions t1_0
2026-05-20 13:40:37.029 [http-nio-0.0.0.0-8080-exec-9] DEBUG o.s.orm.jpa.JpaTransactionManager - Initiating transaction commit
2026-05-20 13:40:37.037 [http-nio-0.0.0.0-8080-exec-9] DEBUG o.s.orm.jpa.JpaTransactionManager - Committing JPA transaction on EntityManager [SessionImpl(2075566555<open>)]
2026-05-20 13:40:37.038 [http-nio-0.0.0.0-8080-exec-10] DEBUG o.s.o.j.SharedEntityManagerCreator$SharedEntityManagerInvocationHandler - Creating new EntityManager for shared EntityManager invocation
2026-05-20 13:40:37.042 [http-nio-0.0.0.0-8080-exec-9] DEBUG o.s.orm.jpa.JpaTransactionManager - Not closing pre-bound JPA EntityManager after transaction
2026-05-20 13:40:37.045 [http-nio-0.0.0.0-8080-exec-10] DEBUG org.hibernate.SQL - 
    select
        u1_0.id,
        u1_0.address,
        u1_0.admin_notes,
        u1_0.avatar_url,
        u1_0.bio,
        u1_0.preferred_category,
        u1_0.created_at,
        u1_0.email,
        u1_0.google_id,
        u1_0.kyc_status,
        u1_0.password,
        u1_0.last_name,
        u1_0.first_name,
        u1_0.role,
        u1_0.status,
        u1_0.phone,
        u1_0.ville 
    from
        users u1_0 
    where
        u1_0.email=?
2026-05-20 13:40:37.045 [http-nio-0.0.0.0-8080-exec-10] DEBUG org.hibernate.SQL - 
    select
        u1_0.id,
        u1_0.address,
        u1_0.admin_notes,
        u1_0.avatar_url,
        u1_0.bio,
        u1_0.preferred_category,
        u1_0.created_at,
        u1_0.email,
        u1_0.google_id,
        u1_0.kyc_status,
        u1_0.password,
        u1_0.last_name,
        u1_0.first_name,
        u1_0.role,
        u1_0.status,
        u1_0.phone,
        u1_0.ville 
    from
        users u1_0 
    where
        u1_0.email=?
2026-05-20 13:40:37.059 [http-nio-0.0.0.0-8080-exec-9] DEBUG o.s.o.j.s.OpenEntityManagerInViewInterceptor - Closing JPA EntityManager in OpenEntityManagerInViewInterceptor
2026-05-20 13:40:37.064 [http-nio-0.0.0.0-8080-exec-10] DEBUG o.s.o.j.s.OpenEntityManagerInViewInterceptor - Opening JPA EntityManager in OpenEntityManagerInViewInterceptor
2026-05-20 13:40:37.075 [http-nio-0.0.0.0-8080-exec-10] DEBUG o.s.orm.jpa.JpaTransactionManager - Found thread-bound EntityManager [SessionImpl(1023967729<open>)] for JPA transaction
2026-05-20 13:40:37.076 [http-nio-0.0.0.0-8080-exec-10] DEBUG o.s.orm.jpa.JpaTransactionManager - Creating new transaction with name [org.springframework.data.jpa.repository.support.SimpleJpaRepository.findAll]: PROPAGATION_REQUIRED,ISOLATION_DEFAULT,readOnly
2026-05-20 13:40:37.077 [http-nio-0.0.0.0-8080-exec-10] DEBUG o.s.orm.jpa.JpaTransactionManager - Exposing JPA transaction as JDBC [org.springframework.orm.jpa.vendor.HibernateJpaDialect$HibernateConnectionHandle@31519ee4]
2026-05-20 13:40:37.079 [http-nio-0.0.0.0-8080-exec-10] DEBUG org.hibernate.SQL - 
    select
        kd1_0.id,
        kd1_0.submitted_at,
        kd1_0.document_url,
        kd1_0.rejection_reason,
        kd1_0.status,
        kd1_0.document_type,
        kd1_0.user_id 
    from
        kyc_documents kd1_0
2026-05-20 13:40:37.079 [http-nio-0.0.0.0-8080-exec-10] DEBUG org.hibernate.SQL - 
    select
        kd1_0.id,
        kd1_0.submitted_at,
        kd1_0.document_url,
        kd1_0.rejection_reason,
        kd1_0.status,
        kd1_0.document_type,
        kd1_0.user_id 
    from
        kyc_documents kd1_0
2026-05-20 13:40:37.082 [http-nio-0.0.0.0-8080-exec-10] DEBUG org.hibernate.SQL - 
    select
        u1_0.id,
        u1_0.address,
        u1_0.admin_notes,
        u1_0.avatar_url,
        u1_0.bio,
        u1_0.preferred_category,
        u1_0.created_at,
        u1_0.email,
        u1_0.google_id,
        u1_0.kyc_status,
        u1_0.password,
        u1_0.last_name,
        u1_0.first_name,
        u1_0.role,
        u1_0.status,
        u1_0.phone,
        u1_0.ville 
    from
        users u1_0 
    where
        u1_0.id=?
2026-05-20 13:40:37.082 [http-nio-0.0.0.0-8080-exec-10] DEBUG org.hibernate.SQL - 
    select
        u1_0.id,
        u1_0.address,
        u1_0.admin_notes,
        u1_0.avatar_url,
        u1_0.bio,
        u1_0.preferred_category,
        u1_0.created_at,
        u1_0.email,
        u1_0.google_id,
        u1_0.kyc_status,
        u1_0.password,
        u1_0.last_name,
        u1_0.first_name,
        u1_0.role,
        u1_0.status,
        u1_0.phone,
        u1_0.ville 
    from
        users u1_0 
    where
        u1_0.id=?
2026-05-20 13:40:37.087 [http-nio-0.0.0.0-8080-exec-10] DEBUG org.hibernate.SQL - 
    select
        u1_0.id,
        u1_0.address,
        u1_0.admin_notes,
        u1_0.avatar_url,
        u1_0.bio,
        u1_0.preferred_category,
        u1_0.created_at,
        u1_0.email,
        u1_0.google_id,
        u1_0.kyc_status,
        u1_0.password,
        u1_0.last_name,
        u1_0.first_name,
        u1_0.role,
        u1_0.status,
        u1_0.phone,
        u1_0.ville 
    from
        users u1_0 
    where
        u1_0.id=?
2026-05-20 13:40:37.087 [http-nio-0.0.0.0-8080-exec-10] DEBUG org.hibernate.SQL - 
    select
        u1_0.id,
        u1_0.address,
        u1_0.admin_notes,
        u1_0.avatar_url,
        u1_0.bio,
        u1_0.preferred_category,
        u1_0.created_at,
        u1_0.email,
        u1_0.google_id,
        u1_0.kyc_status,
        u1_0.password,
        u1_0.last_name,
        u1_0.first_name,
        u1_0.role,
        u1_0.status,
        u1_0.phone,
        u1_0.ville 
    from
        users u1_0 
    where
        u1_0.id=?
2026-05-20 13:40:37.094 [http-nio-0.0.0.0-8080-exec-10] DEBUG o.s.orm.jpa.JpaTransactionManager - Initiating transaction commit
2026-05-20 13:40:37.096 [http-nio-0.0.0.0-8080-exec-10] DEBUG o.s.orm.jpa.JpaTransactionManager - Committing JPA transaction on EntityManager [SessionImpl(1023967729<open>)]
2026-05-20 13:40:37.098 [http-nio-0.0.0.0-8080-exec-10] DEBUG o.s.orm.jpa.JpaTransactionManager - Not closing pre-bound JPA EntityManager after transaction
2026-05-20 13:40:37.118 [http-nio-0.0.0.0-8080-exec-10] DEBUG o.s.o.j.s.OpenEntityManagerInViewInterceptor - Closing JPA EntityManager in OpenEntityManagerInViewInterceptor
2026-05-20 13:40:52.727 [http-nio-0.0.0.0-8080-exec-7] DEBUG o.s.o.j.SharedEntityManagerCreator$SharedEntityManagerInvocationHandler - Creating new EntityManager for shared EntityManager invocation
2026-05-20 13:40:52.729 [http-nio-0.0.0.0-8080-exec-7] DEBUG org.hibernate.SQL - 
    select
        u1_0.id,
        u1_0.address,
        u1_0.admin_notes,
        u1_0.avatar_url,
        u1_0.bio,
        u1_0.preferred_category,
        u1_0.created_at,
        u1_0.email,
        u1_0.google_id,
        u1_0.kyc_status,
        u1_0.password,
        u1_0.last_name,
        u1_0.first_name,
        u1_0.role,
        u1_0.status,
        u1_0.phone,
        u1_0.ville 
    from
        users u1_0 
    where
        u1_0.email=?
2026-05-20 13:40:52.729 [http-nio-0.0.0.0-8080-exec-7] DEBUG org.hibernate.SQL - 
    select
        u1_0.id,
        u1_0.address,
        u1_0.admin_notes,
        u1_0.avatar_url,
        u1_0.bio,
        u1_0.preferred_category,
        u1_0.created_at,
        u1_0.email,
        u1_0.google_id,
        u1_0.kyc_status,
        u1_0.password,
        u1_0.last_name,
        u1_0.first_name,
        u1_0.role,
        u1_0.status,
        u1_0.phone,
        u1_0.ville 
    from
        users u1_0 
    where
        u1_0.email=?
2026-05-20 13:40:52.757 [http-nio-0.0.0.0-8080-exec-7] DEBUG o.s.o.j.s.OpenEntityManagerInViewInterceptor - Opening JPA EntityManager in OpenEntityManagerInViewInterceptor
2026-05-20 13:40:52.757 [http-nio-0.0.0.0-8080-exec-7] DEBUG o.s.orm.jpa.JpaTransactionManager - Found thread-bound EntityManager [SessionImpl(1042433871<open>)] for JPA transaction
2026-05-20 13:40:52.758 [http-nio-0.0.0.0-8080-exec-7] DEBUG o.s.orm.jpa.JpaTransactionManager - Creating new transaction with name [org.springframework.data.jpa.repository.support.SimpleJpaRepository.findAll]: PROPAGATION_REQUIRED,ISOLATION_DEFAULT,readOnly
2026-05-20 13:40:52.759 [http-nio-0.0.0.0-8080-exec-7] DEBUG o.s.orm.jpa.JpaTransactionManager - Exposing JPA transaction as JDBC [org.springframework.orm.jpa.vendor.HibernateJpaDialect$HibernateConnectionHandle@1fc62b41]
2026-05-20 13:40:52.760 [http-nio-0.0.0.0-8080-exec-7] DEBUG org.hibernate.SQL - 
    select
        p1_0.id,
        p1_0.admin_notes,
        p1_0.all_or_nothing,
        p1_0.categorie,
        p1_0.created_at,
        p1_0.start_date,
        p1_0.end_date,
        p1_0.description,
        p1_0.cover_image,
        p1_0.localisation,
        p1_0.current_amount,
        p1_0.investors_count,
        p1_0.funding_goal,
        p1_0.equity_percentage,
        p1_0.owner_id,
        p1_0.status,
        p1_0.suspension_deadline,
        p1_0.interest_rate,
        p1_0.titre,
        p1_0.funding_type 
    from
        projects p1_0
2026-05-20 13:40:52.760 [http-nio-0.0.0.0-8080-exec-7] DEBUG org.hibernate.SQL - 
    select
        p1_0.id,
        p1_0.admin_notes,
        p1_0.all_or_nothing,
        p1_0.categorie,
        p1_0.created_at,
        p1_0.start_date,
        p1_0.end_date,
        p1_0.description,
        p1_0.cover_image,
        p1_0.localisation,
        p1_0.current_amount,
        p1_0.investors_count,
        p1_0.funding_goal,
        p1_0.equity_percentage,
        p1_0.owner_id,
        p1_0.status,
        p1_0.suspension_deadline,
        p1_0.interest_rate,
        p1_0.titre,
        p1_0.funding_type 
    from
        projects p1_0
2026-05-20 13:40:52.762 [http-nio-0.0.0.0-8080-exec-7] DEBUG org.hibernate.SQL - 
    select
        u1_0.id,
        u1_0.address,
        u1_0.admin_notes,
        u1_0.avatar_url,
        u1_0.bio,
        u1_0.preferred_category,
        u1_0.created_at,
        u1_0.email,
        u1_0.google_id,
        u1_0.kyc_status,
        u1_0.password,
        u1_0.last_name,
        u1_0.first_name,
        u1_0.role,
        u1_0.status,
        u1_0.phone,
        u1_0.ville 
    from
        users u1_0 
    where
        u1_0.id=?
2026-05-20 13:40:52.762 [http-nio-0.0.0.0-8080-exec-7] DEBUG org.hibernate.SQL - 
    select
        u1_0.id,
        u1_0.address,
        u1_0.admin_notes,
        u1_0.avatar_url,
        u1_0.bio,
        u1_0.preferred_category,
        u1_0.created_at,
        u1_0.email,
        u1_0.google_id,
        u1_0.kyc_status,
        u1_0.password,
        u1_0.last_name,
        u1_0.first_name,
        u1_0.role,
        u1_0.status,
        u1_0.phone,
        u1_0.ville 
    from
        users u1_0 
    where
        u1_0.id=?
2026-05-20 13:40:52.764 [http-nio-0.0.0.0-8080-exec-7] DEBUG o.s.orm.jpa.JpaTransactionManager - Initiating transaction commit
2026-05-20 13:40:52.765 [http-nio-0.0.0.0-8080-exec-7] DEBUG o.s.orm.jpa.JpaTransactionManager - Committing JPA transaction on EntityManager [SessionImpl(1042433871<open>)]
2026-05-20 13:40:52.769 [http-nio-0.0.0.0-8080-exec-7] DEBUG o.s.orm.jpa.JpaTransactionManager - Not closing pre-bound JPA EntityManager after transaction
2026-05-20 13:40:52.775 [http-nio-0.0.0.0-8080-exec-7] DEBUG o.s.o.j.s.OpenEntityManagerInViewInterceptor - Closing JPA EntityManager in OpenEntityManagerInViewInterceptor
2026-05-20 13:40:52.780 [http-nio-0.0.0.0-8080-exec-5] DEBUG o.s.o.j.SharedEntityManagerCreator$SharedEntityManagerInvocationHandler - Creating new EntityManager for shared EntityManager invocation
2026-05-20 13:40:52.786 [http-nio-0.0.0.0-8080-exec-5] DEBUG org.hibernate.SQL - 
    select
        u1_0.id,
        u1_0.address,
        u1_0.admin_notes,
        u1_0.avatar_url,
        u1_0.bio,
        u1_0.preferred_category,
        u1_0.created_at,
        u1_0.email,
        u1_0.google_id,
        u1_0.kyc_status,
        u1_0.password,
        u1_0.last_name,
        u1_0.first_name,
        u1_0.role,
        u1_0.status,
        u1_0.phone,
        u1_0.ville 
    from
        users u1_0 
    where
        u1_0.email=?
2026-05-20 13:40:52.786 [http-nio-0.0.0.0-8080-exec-5] DEBUG org.hibernate.SQL - 
    select
        u1_0.id,
        u1_0.address,
        u1_0.admin_notes,
        u1_0.avatar_url,
        u1_0.bio,
        u1_0.preferred_category,
        u1_0.created_at,
        u1_0.email,
        u1_0.google_id,
        u1_0.kyc_status,
        u1_0.password,
        u1_0.last_name,
        u1_0.first_name,
        u1_0.role,
        u1_0.status,
        u1_0.phone,
        u1_0.ville 
    from
        users u1_0 
    where
        u1_0.email=?
2026-05-20 13:40:52.795 [http-nio-0.0.0.0-8080-exec-5] DEBUG o.s.o.j.s.OpenEntityManagerInViewInterceptor - Opening JPA EntityManager in OpenEntityManagerInViewInterceptor
2026-05-20 13:40:52.796 [http-nio-0.0.0.0-8080-exec-5] DEBUG o.s.orm.jpa.JpaTransactionManager - Found thread-bound EntityManager [SessionImpl(1916128075<open>)] for JPA transaction
2026-05-20 13:40:52.797 [http-nio-0.0.0.0-8080-exec-5] DEBUG o.s.orm.jpa.JpaTransactionManager - Creating new transaction with name [org.springframework.data.jpa.repository.support.SimpleJpaRepository.findAll]: PROPAGATION_REQUIRED,ISOLATION_DEFAULT,readOnly
2026-05-20 13:40:52.798 [http-nio-0.0.0.0-8080-exec-5] DEBUG o.s.orm.jpa.JpaTransactionManager - Exposing JPA transaction as JDBC [org.springframework.orm.jpa.vendor.HibernateJpaDialect$HibernateConnectionHandle@6bd8f2d1]
2026-05-20 13:40:52.803 [http-nio-0.0.0.0-8080-exec-5] DEBUG org.hibernate.SQL - 
    select
        p1_0.id,
        p1_0.admin_notes,
        p1_0.all_or_nothing,
        p1_0.categorie,
        p1_0.created_at,
        p1_0.start_date,
        p1_0.end_date,
        p1_0.description,
        p1_0.cover_image,
        p1_0.localisation,
        p1_0.current_amount,
        p1_0.investors_count,
        p1_0.funding_goal,
        p1_0.equity_percentage,
        p1_0.owner_id,
        p1_0.status,
        p1_0.suspension_deadline,
        p1_0.interest_rate,
        p1_0.titre,
        p1_0.funding_type 
    from
        projects p1_0
2026-05-20 13:40:52.803 [http-nio-0.0.0.0-8080-exec-5] DEBUG org.hibernate.SQL - 
    select
        p1_0.id,
        p1_0.admin_notes,
        p1_0.all_or_nothing,
        p1_0.categorie,
        p1_0.created_at,
        p1_0.start_date,
        p1_0.end_date,
        p1_0.description,
        p1_0.cover_image,
        p1_0.localisation,
        p1_0.current_amount,
        p1_0.investors_count,
        p1_0.funding_goal,
        p1_0.equity_percentage,
        p1_0.owner_id,
        p1_0.status,
        p1_0.suspension_deadline,
        p1_0.interest_rate,
        p1_0.titre,
        p1_0.funding_type 
    from
        projects p1_0
2026-05-20 13:40:52.806 [http-nio-0.0.0.0-8080-exec-5] DEBUG org.hibernate.SQL - 
    select
        u1_0.id,
        u1_0.address,
        u1_0.admin_notes,
        u1_0.avatar_url,
        u1_0.bio,
        u1_0.preferred_category,
        u1_0.created_at,
        u1_0.email,
        u1_0.google_id,
        u1_0.kyc_status,
        u1_0.password,
        u1_0.last_name,
        u1_0.first_name,
        u1_0.role,
        u1_0.status,
        u1_0.phone,
        u1_0.ville 
    from
        users u1_0 
    where
        u1_0.id=?
2026-05-20 13:40:52.806 [http-nio-0.0.0.0-8080-exec-5] DEBUG org.hibernate.SQL - 
    select
        u1_0.id,
        u1_0.address,
        u1_0.admin_notes,
        u1_0.avatar_url,
        u1_0.bio,
        u1_0.preferred_category,
        u1_0.created_at,
        u1_0.email,
        u1_0.google_id,
        u1_0.kyc_status,
        u1_0.password,
        u1_0.last_name,
        u1_0.first_name,
        u1_0.role,
        u1_0.status,
        u1_0.phone,
        u1_0.ville 
    from
        users u1_0 
    where
        u1_0.id=?
2026-05-20 13:40:52.809 [http-nio-0.0.0.0-8080-exec-5] DEBUG o.s.orm.jpa.JpaTransactionManager - Initiating transaction commit
2026-05-20 13:40:52.809 [http-nio-0.0.0.0-8080-exec-5] DEBUG o.s.orm.jpa.JpaTransactionManager - Committing JPA transaction on EntityManager [SessionImpl(1916128075<open>)]
2026-05-20 13:40:52.811 [http-nio-0.0.0.0-8080-exec-5] DEBUG o.s.orm.jpa.JpaTransactionManager - Not closing pre-bound JPA EntityManager after transaction
2026-05-20 13:40:52.813 [http-nio-0.0.0.0-8080-exec-5] DEBUG o.s.o.j.s.OpenEntityManagerInViewInterceptor - Closing JPA EntityManager in OpenEntityManagerInViewInterceptor
2026-05-20 13:41:00.770 [http-nio-0.0.0.0-8080-exec-7] DEBUG o.s.o.j.SharedEntityManagerCreator$SharedEntityManagerInvocationHandler - Creating new EntityManager for shared EntityManager invocation
2026-05-20 13:41:00.773 [http-nio-0.0.0.0-8080-exec-7] DEBUG org.hibernate.SQL - 
    select
        u1_0.id,
        u1_0.address,
        u1_0.admin_notes,
        u1_0.avatar_url,
        u1_0.bio,
        u1_0.preferred_category,
        u1_0.created_at,
        u1_0.email,
        u1_0.google_id,
        u1_0.kyc_status,
        u1_0.password,
        u1_0.last_name,
        u1_0.first_name,
        u1_0.role,
        u1_0.status,
        u1_0.phone,
        u1_0.ville 
    from
        users u1_0 
    where
        u1_0.email=?
2026-05-20 13:41:00.773 [http-nio-0.0.0.0-8080-exec-7] DEBUG org.hibernate.SQL - 
    select
        u1_0.id,
        u1_0.address,
        u1_0.admin_notes,
        u1_0.avatar_url,
        u1_0.bio,
        u1_0.preferred_category,
        u1_0.created_at,
        u1_0.email,
        u1_0.google_id,
        u1_0.kyc_status,
        u1_0.password,
        u1_0.last_name,
        u1_0.first_name,
        u1_0.role,
        u1_0.status,
        u1_0.phone,
        u1_0.ville 
    from
        users u1_0 
    where
        u1_0.email=?
2026-05-20 13:41:00.785 [http-nio-0.0.0.0-8080-exec-5] DEBUG o.s.o.j.SharedEntityManagerCreator$SharedEntityManagerInvocationHandler - Creating new EntityManager for shared EntityManager invocation
2026-05-20 13:41:00.786 [http-nio-0.0.0.0-8080-exec-7] DEBUG o.s.o.j.s.OpenEntityManagerInViewInterceptor - Opening JPA EntityManager in OpenEntityManagerInViewInterceptor
2026-05-20 13:41:00.787 [http-nio-0.0.0.0-8080-exec-5] DEBUG org.hibernate.SQL - 
    select
        u1_0.id,
        u1_0.address,
        u1_0.admin_notes,
        u1_0.avatar_url,
        u1_0.bio,
        u1_0.preferred_category,
        u1_0.created_at,
        u1_0.email,
        u1_0.google_id,
        u1_0.kyc_status,
        u1_0.password,
        u1_0.last_name,
        u1_0.first_name,
        u1_0.role,
        u1_0.status,
        u1_0.phone,
        u1_0.ville 
    from
        users u1_0 
    where
        u1_0.email=?
2026-05-20 13:41:00.787 [http-nio-0.0.0.0-8080-exec-5] DEBUG org.hibernate.SQL - 
    select
        u1_0.id,
        u1_0.address,
        u1_0.admin_notes,
        u1_0.avatar_url,
        u1_0.bio,
        u1_0.preferred_category,
        u1_0.created_at,
        u1_0.email,
        u1_0.google_id,
        u1_0.kyc_status,
        u1_0.password,
        u1_0.last_name,
        u1_0.first_name,
        u1_0.role,
        u1_0.status,
        u1_0.phone,
        u1_0.ville 
    from
        users u1_0 
    where
        u1_0.email=?
2026-05-20 13:41:00.788 [http-nio-0.0.0.0-8080-exec-7] DEBUG o.s.orm.jpa.JpaTransactionManager - Found thread-bound EntityManager [SessionImpl(246176763<open>)] for JPA transaction
2026-05-20 13:41:00.789 [http-nio-0.0.0.0-8080-exec-7] DEBUG o.s.orm.jpa.JpaTransactionManager - Creating new transaction with name [org.springframework.data.jpa.repository.support.SimpleJpaRepository.findAll]: PROPAGATION_REQUIRED,ISOLATION_DEFAULT,readOnly
2026-05-20 13:41:00.790 [http-nio-0.0.0.0-8080-exec-7] DEBUG o.s.orm.jpa.JpaTransactionManager - Exposing JPA transaction as JDBC [org.springframework.orm.jpa.vendor.HibernateJpaDialect$HibernateConnectionHandle@5e407a37]
2026-05-20 13:41:00.792 [http-nio-0.0.0.0-8080-exec-7] DEBUG org.hibernate.SQL - 
    select
        u1_0.id,
        u1_0.address,
        u1_0.admin_notes,
        u1_0.avatar_url,
        u1_0.bio,
        u1_0.preferred_category,
        u1_0.created_at,
        u1_0.email,
        u1_0.google_id,
        u1_0.kyc_status,
        u1_0.password,
        u1_0.last_name,
        u1_0.first_name,
        u1_0.role,
        u1_0.status,
        u1_0.phone,
        u1_0.ville 
    from
        users u1_0
2026-05-20 13:41:00.792 [http-nio-0.0.0.0-8080-exec-7] DEBUG org.hibernate.SQL - 
    select
        u1_0.id,
        u1_0.address,
        u1_0.admin_notes,
        u1_0.avatar_url,
        u1_0.bio,
        u1_0.preferred_category,
        u1_0.created_at,
        u1_0.email,
        u1_0.google_id,
        u1_0.kyc_status,
        u1_0.password,
        u1_0.last_name,
        u1_0.first_name,
        u1_0.role,
        u1_0.status,
        u1_0.phone,
        u1_0.ville 
    from
        users u1_0
2026-05-20 13:41:00.795 [http-nio-0.0.0.0-8080-exec-7] DEBUG o.s.orm.jpa.JpaTransactionManager - Initiating transaction commit
2026-05-20 13:41:00.795 [http-nio-0.0.0.0-8080-exec-5] DEBUG o.s.o.j.s.OpenEntityManagerInViewInterceptor - Opening JPA EntityManager in OpenEntityManagerInViewInterceptor
2026-05-20 13:41:00.795 [http-nio-0.0.0.0-8080-exec-7] DEBUG o.s.orm.jpa.JpaTransactionManager - Committing JPA transaction on EntityManager [SessionImpl(246176763<open>)]
2026-05-20 13:41:00.796 [http-nio-0.0.0.0-8080-exec-5] DEBUG o.s.orm.jpa.JpaTransactionManager - Found thread-bound EntityManager [SessionImpl(1037502115<open>)] for JPA transaction
2026-05-20 13:41:00.796 [http-nio-0.0.0.0-8080-exec-5] DEBUG o.s.orm.jpa.JpaTransactionManager - Creating new transaction with name [org.springframework.data.jpa.repository.support.SimpleJpaRepository.findAll]: PROPAGATION_REQUIRED,ISOLATION_DEFAULT,readOnly
2026-05-20 13:41:00.800 [http-nio-0.0.0.0-8080-exec-7] DEBUG o.s.orm.jpa.JpaTransactionManager - Not closing pre-bound JPA EntityManager after transaction
2026-05-20 13:41:00.804 [http-nio-0.0.0.0-8080-exec-5] DEBUG o.s.orm.jpa.JpaTransactionManager - Exposing JPA transaction as JDBC [org.springframework.orm.jpa.vendor.HibernateJpaDialect$HibernateConnectionHandle@108fd777]
2026-05-20 13:41:00.805 [http-nio-0.0.0.0-8080-exec-7] DEBUG o.s.o.j.s.OpenEntityManagerInViewInterceptor - Closing JPA EntityManager in OpenEntityManagerInViewInterceptor
2026-05-20 13:41:00.805 [http-nio-0.0.0.0-8080-exec-5] DEBUG org.hibernate.SQL - 
    select
        p1_0.id,
        p1_0.admin_notes,
        p1_0.all_or_nothing,
        p1_0.categorie,
        p1_0.created_at,
        p1_0.start_date,
        p1_0.end_date,
        p1_0.description,
        p1_0.cover_image,
        p1_0.localisation,
        p1_0.current_amount,
        p1_0.investors_count,
        p1_0.funding_goal,
        p1_0.equity_percentage,
        p1_0.owner_id,
        p1_0.status,
        p1_0.suspension_deadline,
        p1_0.interest_rate,
        p1_0.titre,
        p1_0.funding_type 
    from
        projects p1_0
2026-05-20 13:41:00.805 [http-nio-0.0.0.0-8080-exec-5] DEBUG org.hibernate.SQL - 
    select
        p1_0.id,
        p1_0.admin_notes,
        p1_0.all_or_nothing,
        p1_0.categorie,
        p1_0.created_at,
        p1_0.start_date,
        p1_0.end_date,
        p1_0.description,
        p1_0.cover_image,
        p1_0.localisation,
        p1_0.current_amount,
        p1_0.investors_count,
        p1_0.funding_goal,
        p1_0.equity_percentage,
        p1_0.owner_id,
        p1_0.status,
        p1_0.suspension_deadline,
        p1_0.interest_rate,
        p1_0.titre,
        p1_0.funding_type 
    from
        projects p1_0
2026-05-20 13:41:00.807 [http-nio-0.0.0.0-8080-exec-5] DEBUG org.hibernate.SQL - 
    select
        u1_0.id,
        u1_0.address,
        u1_0.admin_notes,
        u1_0.avatar_url,
        u1_0.bio,
        u1_0.preferred_category,
        u1_0.created_at,
        u1_0.email,
        u1_0.google_id,
        u1_0.kyc_status,
        u1_0.password,
        u1_0.last_name,
        u1_0.first_name,
        u1_0.role,
        u1_0.status,
        u1_0.phone,
        u1_0.ville 
    from
        users u1_0 
    where
        u1_0.id=?
2026-05-20 13:41:00.807 [http-nio-0.0.0.0-8080-exec-5] DEBUG org.hibernate.SQL - 
    select
        u1_0.id,
        u1_0.address,
        u1_0.admin_notes,
        u1_0.avatar_url,
        u1_0.bio,
        u1_0.preferred_category,
        u1_0.created_at,
        u1_0.email,
        u1_0.google_id,
        u1_0.kyc_status,
        u1_0.password,
        u1_0.last_name,
        u1_0.first_name,
        u1_0.role,
        u1_0.status,
        u1_0.phone,
        u1_0.ville 
    from
        users u1_0 
    where
        u1_0.id=?
2026-05-20 13:41:00.811 [http-nio-0.0.0.0-8080-exec-5] DEBUG o.s.orm.jpa.JpaTransactionManager - Initiating transaction commit
2026-05-20 13:41:00.811 [http-nio-0.0.0.0-8080-exec-4] DEBUG o.s.o.j.SharedEntityManagerCreator$SharedEntityManagerInvocationHandler - Creating new EntityManager for shared EntityManager invocation
2026-05-20 13:41:00.811 [http-nio-0.0.0.0-8080-exec-5] DEBUG o.s.orm.jpa.JpaTransactionManager - Committing JPA transaction on EntityManager [SessionImpl(1037502115<open>)]
2026-05-20 13:41:00.813 [http-nio-0.0.0.0-8080-exec-4] DEBUG org.hibernate.SQL - 
    select
        u1_0.id,
        u1_0.address,
        u1_0.admin_notes,
        u1_0.avatar_url,
        u1_0.bio,
        u1_0.preferred_category,
        u1_0.created_at,
        u1_0.email,
        u1_0.google_id,
        u1_0.kyc_status,
        u1_0.password,
        u1_0.last_name,
        u1_0.first_name,
        u1_0.role,
        u1_0.status,
        u1_0.phone,
        u1_0.ville 
    from
        users u1_0 
    where
        u1_0.email=?
2026-05-20 13:41:00.813 [http-nio-0.0.0.0-8080-exec-4] DEBUG org.hibernate.SQL - 
    select
        u1_0.id,
        u1_0.address,
        u1_0.admin_notes,
        u1_0.avatar_url,
        u1_0.bio,
        u1_0.preferred_category,
        u1_0.created_at,
        u1_0.email,
        u1_0.google_id,
        u1_0.kyc_status,
        u1_0.password,
        u1_0.last_name,
        u1_0.first_name,
        u1_0.role,
        u1_0.status,
        u1_0.phone,
        u1_0.ville 
    from
        users u1_0 
    where
        u1_0.email=?
2026-05-20 13:41:00.813 [http-nio-0.0.0.0-8080-exec-5] DEBUG o.s.orm.jpa.JpaTransactionManager - Not closing pre-bound JPA EntityManager after transaction
2026-05-20 13:41:00.821 [http-nio-0.0.0.0-8080-exec-5] DEBUG o.s.o.j.s.OpenEntityManagerInViewInterceptor - Closing JPA EntityManager in OpenEntityManagerInViewInterceptor
2026-05-20 13:41:00.825 [http-nio-0.0.0.0-8080-exec-4] DEBUG o.s.o.j.s.OpenEntityManagerInViewInterceptor - Opening JPA EntityManager in OpenEntityManagerInViewInterceptor
2026-05-20 13:41:00.827 [http-nio-0.0.0.0-8080-exec-4] DEBUG o.s.orm.jpa.JpaTransactionManager - Found thread-bound EntityManager [SessionImpl(1277517232<open>)] for JPA transaction
2026-05-20 13:41:00.827 [http-nio-0.0.0.0-8080-exec-8] DEBUG o.s.o.j.SharedEntityManagerCreator$SharedEntityManagerInvocationHandler - Creating new EntityManager for shared EntityManager invocation
2026-05-20 13:41:00.827 [http-nio-0.0.0.0-8080-exec-4] DEBUG o.s.orm.jpa.JpaTransactionManager - Creating new transaction with name [org.springframework.data.jpa.repository.support.SimpleJpaRepository.findAll]: PROPAGATION_REQUIRED,ISOLATION_DEFAULT,readOnly
2026-05-20 13:41:00.829 [http-nio-0.0.0.0-8080-exec-4] DEBUG o.s.orm.jpa.JpaTransactionManager - Exposing JPA transaction as JDBC [org.springframework.orm.jpa.vendor.HibernateJpaDialect$HibernateConnectionHandle@497b1194]
2026-05-20 13:41:00.830 [http-nio-0.0.0.0-8080-exec-8] DEBUG org.hibernate.SQL - 
    select
        u1_0.id,
        u1_0.address,
        u1_0.admin_notes,
        u1_0.avatar_url,
        u1_0.bio,
        u1_0.preferred_category,
        u1_0.created_at,
        u1_0.email,
        u1_0.google_id,
        u1_0.kyc_status,
        u1_0.password,
        u1_0.last_name,
        u1_0.first_name,
        u1_0.role,
        u1_0.status,
        u1_0.phone,
        u1_0.ville 
    from
        users u1_0 
    where
        u1_0.email=?
2026-05-20 13:41:00.830 [http-nio-0.0.0.0-8080-exec-8] DEBUG org.hibernate.SQL - 
    select
        u1_0.id,
        u1_0.address,
        u1_0.admin_notes,
        u1_0.avatar_url,
        u1_0.bio,
        u1_0.preferred_category,
        u1_0.created_at,
        u1_0.email,
        u1_0.google_id,
        u1_0.kyc_status,
        u1_0.password,
        u1_0.last_name,
        u1_0.first_name,
        u1_0.role,
        u1_0.status,
        u1_0.phone,
        u1_0.ville 
    from
        users u1_0 
    where
        u1_0.email=?
2026-05-20 13:41:00.833 [http-nio-0.0.0.0-8080-exec-4] DEBUG org.hibernate.SQL - 
    select
        t1_0.id,
        t1_0.amount_xaf,
        t1_0.created_at,
        t1_0.source_amount,
        t1_0.source_currency,
        t1_0.status,
        t1_0.type,
        t1_0.user_id 
    from
        transactions t1_0
2026-05-20 13:41:00.833 [http-nio-0.0.0.0-8080-exec-4] DEBUG org.hibernate.SQL - 
    select
        t1_0.id,
        t1_0.amount_xaf,
        t1_0.created_at,
        t1_0.source_amount,
        t1_0.source_currency,
        t1_0.status,
        t1_0.type,
        t1_0.user_id 
    from
        transactions t1_0
2026-05-20 13:41:00.838 [http-nio-0.0.0.0-8080-exec-4] DEBUG o.s.orm.jpa.JpaTransactionManager - Initiating transaction commit
2026-05-20 13:41:00.839 [http-nio-0.0.0.0-8080-exec-4] DEBUG o.s.orm.jpa.JpaTransactionManager - Committing JPA transaction on EntityManager [SessionImpl(1277517232<open>)]
2026-05-20 13:41:00.839 [http-nio-0.0.0.0-8080-exec-9] DEBUG o.s.o.j.SharedEntityManagerCreator$SharedEntityManagerInvocationHandler - Creating new EntityManager for shared EntityManager invocation
2026-05-20 13:41:00.841 [http-nio-0.0.0.0-8080-exec-4] DEBUG o.s.orm.jpa.JpaTransactionManager - Not closing pre-bound JPA EntityManager after transaction
2026-05-20 13:41:00.841 [http-nio-0.0.0.0-8080-exec-9] DEBUG org.hibernate.SQL - 
    select
        u1_0.id,
        u1_0.address,
        u1_0.admin_notes,
        u1_0.avatar_url,
        u1_0.bio,
        u1_0.preferred_category,
        u1_0.created_at,
        u1_0.email,
        u1_0.google_id,
        u1_0.kyc_status,
        u1_0.password,
        u1_0.last_name,
        u1_0.first_name,
        u1_0.role,
        u1_0.status,
        u1_0.phone,
        u1_0.ville 
    from
        users u1_0 
    where
        u1_0.email=?
2026-05-20 13:41:00.841 [http-nio-0.0.0.0-8080-exec-9] DEBUG org.hibernate.SQL - 
    select
        u1_0.id,
        u1_0.address,
        u1_0.admin_notes,
        u1_0.avatar_url,
        u1_0.bio,
        u1_0.preferred_category,
        u1_0.created_at,
        u1_0.email,
        u1_0.google_id,
        u1_0.kyc_status,
        u1_0.password,
        u1_0.last_name,
        u1_0.first_name,
        u1_0.role,
        u1_0.status,
        u1_0.phone,
        u1_0.ville 
    from
        users u1_0 
    where
        u1_0.email=?
2026-05-20 13:41:00.843 [http-nio-0.0.0.0-8080-exec-8] DEBUG o.s.o.j.s.OpenEntityManagerInViewInterceptor - Opening JPA EntityManager in OpenEntityManagerInViewInterceptor
2026-05-20 13:41:00.844 [http-nio-0.0.0.0-8080-exec-4] DEBUG o.s.o.j.s.OpenEntityManagerInViewInterceptor - Closing JPA EntityManager in OpenEntityManagerInViewInterceptor
2026-05-20 13:41:00.853 [http-nio-0.0.0.0-8080-exec-8] DEBUG o.s.orm.jpa.JpaTransactionManager - Found thread-bound EntityManager [SessionImpl(1783036470<open>)] for JPA transaction
2026-05-20 13:41:00.854 [http-nio-0.0.0.0-8080-exec-8] DEBUG o.s.orm.jpa.JpaTransactionManager - Creating new transaction with name [org.springframework.data.jpa.repository.support.SimpleJpaRepository.findAll]: PROPAGATION_REQUIRED,ISOLATION_DEFAULT,readOnly
2026-05-20 13:41:00.855 [http-nio-0.0.0.0-8080-exec-9] DEBUG o.s.o.j.s.OpenEntityManagerInViewInterceptor - Opening JPA EntityManager in OpenEntityManagerInViewInterceptor
2026-05-20 13:41:00.856 [http-nio-0.0.0.0-8080-exec-8] DEBUG o.s.orm.jpa.JpaTransactionManager - Exposing JPA transaction as JDBC [org.springframework.orm.jpa.vendor.HibernateJpaDialect$HibernateConnectionHandle@5302546b]
2026-05-20 13:41:00.857 [http-nio-0.0.0.0-8080-exec-8] DEBUG org.hibernate.SQL - 
    select
        kd1_0.id,
        kd1_0.submitted_at,
        kd1_0.document_url,
        kd1_0.rejection_reason,
        kd1_0.status,
        kd1_0.document_type,
        kd1_0.user_id 
    from
        kyc_documents kd1_0
2026-05-20 13:41:00.857 [http-nio-0.0.0.0-8080-exec-8] DEBUG org.hibernate.SQL - 
    select
        kd1_0.id,
        kd1_0.submitted_at,
        kd1_0.document_url,
        kd1_0.rejection_reason,
        kd1_0.status,
        kd1_0.document_type,
        kd1_0.user_id 
    from
        kyc_documents kd1_0
2026-05-20 13:41:00.858 [http-nio-0.0.0.0-8080-exec-9] DEBUG o.s.orm.jpa.JpaTransactionManager - Found thread-bound EntityManager [SessionImpl(1705409642<open>)] for JPA transaction
2026-05-20 13:41:00.858 [http-nio-0.0.0.0-8080-exec-9] DEBUG o.s.orm.jpa.JpaTransactionManager - Creating new transaction with name [org.springframework.data.jpa.repository.support.SimpleJpaRepository.findAll]: PROPAGATION_REQUIRED,ISOLATION_DEFAULT,readOnly
2026-05-20 13:41:00.860 [http-nio-0.0.0.0-8080-exec-9] DEBUG o.s.orm.jpa.JpaTransactionManager - Exposing JPA transaction as JDBC [org.springframework.orm.jpa.vendor.HibernateJpaDialect$HibernateConnectionHandle@1f3d97bd]
2026-05-20 13:41:00.860 [http-nio-0.0.0.0-8080-exec-8] DEBUG org.hibernate.SQL - 
    select
        u1_0.id,
        u1_0.address,
        u1_0.admin_notes,
        u1_0.avatar_url,
        u1_0.bio,
        u1_0.preferred_category,
        u1_0.created_at,
        u1_0.email,
        u1_0.google_id,
        u1_0.kyc_status,
        u1_0.password,
        u1_0.last_name,
        u1_0.first_name,
        u1_0.role,
        u1_0.status,
        u1_0.phone,
        u1_0.ville 
    from
        users u1_0 
    where
        u1_0.id=?
2026-05-20 13:41:00.860 [http-nio-0.0.0.0-8080-exec-8] DEBUG org.hibernate.SQL - 
    select
        u1_0.id,
        u1_0.address,
        u1_0.admin_notes,
        u1_0.avatar_url,
        u1_0.bio,
        u1_0.preferred_category,
        u1_0.created_at,
        u1_0.email,
        u1_0.google_id,
        u1_0.kyc_status,
        u1_0.password,
        u1_0.last_name,
        u1_0.first_name,
        u1_0.role,
        u1_0.status,
        u1_0.phone,
        u1_0.ville 
    from
        users u1_0 
    where
        u1_0.id=?
2026-05-20 13:41:00.861 [http-nio-0.0.0.0-8080-exec-9] DEBUG org.hibernate.SQL - 
    select
        u1_0.id,
        u1_0.address,
        u1_0.admin_notes,
        u1_0.avatar_url,
        u1_0.bio,
        u1_0.preferred_category,
        u1_0.created_at,
        u1_0.email,
        u1_0.google_id,
        u1_0.kyc_status,
        u1_0.password,
        u1_0.last_name,
        u1_0.first_name,
        u1_0.role,
        u1_0.status,
        u1_0.phone,
        u1_0.ville 
    from
        users u1_0
2026-05-20 13:41:00.861 [http-nio-0.0.0.0-8080-exec-9] DEBUG org.hibernate.SQL - 
    select
        u1_0.id,
        u1_0.address,
        u1_0.admin_notes,
        u1_0.avatar_url,
        u1_0.bio,
        u1_0.preferred_category,
        u1_0.created_at,
        u1_0.email,
        u1_0.google_id,
        u1_0.kyc_status,
        u1_0.password,
        u1_0.last_name,
        u1_0.first_name,
        u1_0.role,
        u1_0.status,
        u1_0.phone,
        u1_0.ville 
    from
        users u1_0
2026-05-20 13:41:00.867 [http-nio-0.0.0.0-8080-exec-8] DEBUG org.hibernate.SQL - 
    select
        u1_0.id,
        u1_0.address,
        u1_0.admin_notes,
        u1_0.avatar_url,
        u1_0.bio,
        u1_0.preferred_category,
        u1_0.created_at,
        u1_0.email,
        u1_0.google_id,
        u1_0.kyc_status,
        u1_0.password,
        u1_0.last_name,
        u1_0.first_name,
        u1_0.role,
        u1_0.status,
        u1_0.phone,
        u1_0.ville 
    from
        users u1_0 
    where
        u1_0.id=?
2026-05-20 13:41:00.867 [http-nio-0.0.0.0-8080-exec-8] DEBUG org.hibernate.SQL - 
    select
        u1_0.id,
        u1_0.address,
        u1_0.admin_notes,
        u1_0.avatar_url,
        u1_0.bio,
        u1_0.preferred_category,
        u1_0.created_at,
        u1_0.email,
        u1_0.google_id,
        u1_0.kyc_status,
        u1_0.password,
        u1_0.last_name,
        u1_0.first_name,
        u1_0.role,
        u1_0.status,
        u1_0.phone,
        u1_0.ville 
    from
        users u1_0 
    where
        u1_0.id=?
2026-05-20 13:41:00.868 [http-nio-0.0.0.0-8080-exec-9] DEBUG o.s.orm.jpa.JpaTransactionManager - Initiating transaction commit
2026-05-20 13:41:00.871 [http-nio-0.0.0.0-8080-exec-9] DEBUG o.s.orm.jpa.JpaTransactionManager - Committing JPA transaction on EntityManager [SessionImpl(1705409642<open>)]
2026-05-20 13:41:00.876 [http-nio-0.0.0.0-8080-exec-8] DEBUG o.s.orm.jpa.JpaTransactionManager - Initiating transaction commit
2026-05-20 13:41:00.876 [http-nio-0.0.0.0-8080-exec-8] DEBUG o.s.orm.jpa.JpaTransactionManager - Committing JPA transaction on EntityManager [SessionImpl(1783036470<open>)]
2026-05-20 13:41:00.877 [http-nio-0.0.0.0-8080-exec-9] DEBUG o.s.orm.jpa.JpaTransactionManager - Not closing pre-bound JPA EntityManager after transaction
2026-05-20 13:41:00.878 [http-nio-0.0.0.0-8080-exec-8] DEBUG o.s.orm.jpa.JpaTransactionManager - Not closing pre-bound JPA EntityManager after transaction
2026-05-20 13:41:00.884 [http-nio-0.0.0.0-8080-exec-8] DEBUG o.s.o.j.s.OpenEntityManagerInViewInterceptor - Closing JPA EntityManager in OpenEntityManagerInViewInterceptor
2026-05-20 13:41:00.890 [http-nio-0.0.0.0-8080-exec-9] DEBUG o.s.o.j.s.OpenEntityManagerInViewInterceptor - Closing JPA EntityManager in OpenEntityManagerInViewInterceptor
2026-05-20 13:41:00.909 [http-nio-0.0.0.0-8080-exec-10] DEBUG o.s.o.j.SharedEntityManagerCreator$SharedEntityManagerInvocationHandler - Creating new EntityManager for shared EntityManager invocation
2026-05-20 13:41:00.911 [http-nio-0.0.0.0-8080-exec-10] DEBUG org.hibernate.SQL - 
    select
        u1_0.id,
        u1_0.address,
        u1_0.admin_notes,
        u1_0.avatar_url,
        u1_0.bio,
        u1_0.preferred_category,
        u1_0.created_at,
        u1_0.email,
        u1_0.google_id,
        u1_0.kyc_status,
        u1_0.password,
        u1_0.last_name,
        u1_0.first_name,
        u1_0.role,
        u1_0.status,
        u1_0.phone,
        u1_0.ville 
    from
        users u1_0 
    where
        u1_0.email=?
2026-05-20 13:41:00.911 [http-nio-0.0.0.0-8080-exec-10] DEBUG org.hibernate.SQL - 
    select
        u1_0.id,
        u1_0.address,
        u1_0.admin_notes,
        u1_0.avatar_url,
        u1_0.bio,
        u1_0.preferred_category,
        u1_0.created_at,
        u1_0.email,
        u1_0.google_id,
        u1_0.kyc_status,
        u1_0.password,
        u1_0.last_name,
        u1_0.first_name,
        u1_0.role,
        u1_0.status,
        u1_0.phone,
        u1_0.ville 
    from
        users u1_0 
    where
        u1_0.email=?
2026-05-20 13:41:00.921 [http-nio-0.0.0.0-8080-exec-10] DEBUG o.s.o.j.s.OpenEntityManagerInViewInterceptor - Opening JPA EntityManager in OpenEntityManagerInViewInterceptor
2026-05-20 13:41:00.923 [http-nio-0.0.0.0-8080-exec-10] DEBUG o.s.orm.jpa.JpaTransactionManager - Found thread-bound EntityManager [SessionImpl(1925692475<open>)] for JPA transaction
2026-05-20 13:41:00.923 [http-nio-0.0.0.0-8080-exec-10] DEBUG o.s.orm.jpa.JpaTransactionManager - Creating new transaction with name [org.springframework.data.jpa.repository.support.SimpleJpaRepository.findAll]: PROPAGATION_REQUIRED,ISOLATION_DEFAULT,readOnly
2026-05-20 13:41:00.925 [http-nio-0.0.0.0-8080-exec-10] DEBUG o.s.orm.jpa.JpaTransactionManager - Exposing JPA transaction as JDBC [org.springframework.orm.jpa.vendor.HibernateJpaDialect$HibernateConnectionHandle@111f7532]
2026-05-20 13:41:00.926 [http-nio-0.0.0.0-8080-exec-6] DEBUG o.s.o.j.SharedEntityManagerCreator$SharedEntityManagerInvocationHandler - Creating new EntityManager for shared EntityManager invocation
2026-05-20 13:41:00.926 [http-nio-0.0.0.0-8080-exec-10] DEBUG org.hibernate.SQL - 
    select
        p1_0.id,
        p1_0.admin_notes,
        p1_0.all_or_nothing,
        p1_0.categorie,
        p1_0.created_at,
        p1_0.start_date,
        p1_0.end_date,
        p1_0.description,
        p1_0.cover_image,
        p1_0.localisation,
        p1_0.current_amount,
        p1_0.investors_count,
        p1_0.funding_goal,
        p1_0.equity_percentage,
        p1_0.owner_id,
        p1_0.status,
        p1_0.suspension_deadline,
        p1_0.interest_rate,
        p1_0.titre,
        p1_0.funding_type 
    from
        projects p1_0
2026-05-20 13:41:00.926 [http-nio-0.0.0.0-8080-exec-10] DEBUG org.hibernate.SQL - 
    select
        p1_0.id,
        p1_0.admin_notes,
        p1_0.all_or_nothing,
        p1_0.categorie,
        p1_0.created_at,
        p1_0.start_date,
        p1_0.end_date,
        p1_0.description,
        p1_0.cover_image,
        p1_0.localisation,
        p1_0.current_amount,
        p1_0.investors_count,
        p1_0.funding_goal,
        p1_0.equity_percentage,
        p1_0.owner_id,
        p1_0.status,
        p1_0.suspension_deadline,
        p1_0.interest_rate,
        p1_0.titre,
        p1_0.funding_type 
    from
        projects p1_0
2026-05-20 13:41:00.928 [http-nio-0.0.0.0-8080-exec-6] DEBUG org.hibernate.SQL - 
    select
        u1_0.id,
        u1_0.address,
        u1_0.admin_notes,
        u1_0.avatar_url,
        u1_0.bio,
        u1_0.preferred_category,
        u1_0.created_at,
        u1_0.email,
        u1_0.google_id,
        u1_0.kyc_status,
        u1_0.password,
        u1_0.last_name,
        u1_0.first_name,
        u1_0.role,
        u1_0.status,
        u1_0.phone,
        u1_0.ville 
    from
        users u1_0 
    where
        u1_0.email=?
2026-05-20 13:41:00.928 [http-nio-0.0.0.0-8080-exec-6] DEBUG org.hibernate.SQL - 
    select
        u1_0.id,
        u1_0.address,
        u1_0.admin_notes,
        u1_0.avatar_url,
        u1_0.bio,
        u1_0.preferred_category,
        u1_0.created_at,
        u1_0.email,
        u1_0.google_id,
        u1_0.kyc_status,
        u1_0.password,
        u1_0.last_name,
        u1_0.first_name,
        u1_0.role,
        u1_0.status,
        u1_0.phone,
        u1_0.ville 
    from
        users u1_0 
    where
        u1_0.email=?
2026-05-20 13:41:00.929 [http-nio-0.0.0.0-8080-exec-10] DEBUG org.hibernate.SQL - 
    select
        u1_0.id,
        u1_0.address,
        u1_0.admin_notes,
        u1_0.avatar_url,
        u1_0.bio,
        u1_0.preferred_category,
        u1_0.created_at,
        u1_0.email,
        u1_0.google_id,
        u1_0.kyc_status,
        u1_0.password,
        u1_0.last_name,
        u1_0.first_name,
        u1_0.role,
        u1_0.status,
        u1_0.phone,
        u1_0.ville 
    from
        users u1_0 
    where
        u1_0.id=?
2026-05-20 13:41:00.929 [http-nio-0.0.0.0-8080-exec-10] DEBUG org.hibernate.SQL - 
    select
        u1_0.id,
        u1_0.address,
        u1_0.admin_notes,
        u1_0.avatar_url,
        u1_0.bio,
        u1_0.preferred_category,
        u1_0.created_at,
        u1_0.email,
        u1_0.google_id,
        u1_0.kyc_status,
        u1_0.password,
        u1_0.last_name,
        u1_0.first_name,
        u1_0.role,
        u1_0.status,
        u1_0.phone,
        u1_0.ville 
    from
        users u1_0 
    where
        u1_0.id=?
2026-05-20 13:41:00.933 [http-nio-0.0.0.0-8080-exec-10] DEBUG o.s.orm.jpa.JpaTransactionManager - Initiating transaction commit
2026-05-20 13:41:00.936 [http-nio-0.0.0.0-8080-exec-10] DEBUG o.s.orm.jpa.JpaTransactionManager - Committing JPA transaction on EntityManager [SessionImpl(1925692475<open>)]
2026-05-20 13:41:00.937 [http-nio-0.0.0.0-8080-exec-1] DEBUG o.s.o.j.SharedEntityManagerCreator$SharedEntityManagerInvocationHandler - Creating new EntityManager for shared EntityManager invocation
2026-05-20 13:41:00.940 [http-nio-0.0.0.0-8080-exec-10] DEBUG o.s.orm.jpa.JpaTransactionManager - Not closing pre-bound JPA EntityManager after transaction
2026-05-20 13:41:00.942 [http-nio-0.0.0.0-8080-exec-1] DEBUG org.hibernate.SQL - 
    select
        u1_0.id,
        u1_0.address,
        u1_0.admin_notes,
        u1_0.avatar_url,
        u1_0.bio,
        u1_0.preferred_category,
        u1_0.created_at,
        u1_0.email,
        u1_0.google_id,
        u1_0.kyc_status,
        u1_0.password,
        u1_0.last_name,
        u1_0.first_name,
        u1_0.role,
        u1_0.status,
        u1_0.phone,
        u1_0.ville 
    from
        users u1_0 
    where
        u1_0.email=?
2026-05-20 13:41:00.942 [http-nio-0.0.0.0-8080-exec-1] DEBUG org.hibernate.SQL - 
    select
        u1_0.id,
        u1_0.address,
        u1_0.admin_notes,
        u1_0.avatar_url,
        u1_0.bio,
        u1_0.preferred_category,
        u1_0.created_at,
        u1_0.email,
        u1_0.google_id,
        u1_0.kyc_status,
        u1_0.password,
        u1_0.last_name,
        u1_0.first_name,
        u1_0.role,
        u1_0.status,
        u1_0.phone,
        u1_0.ville 
    from
        users u1_0 
    where
        u1_0.email=?
2026-05-20 13:41:00.942 [http-nio-0.0.0.0-8080-exec-6] DEBUG o.s.o.j.s.OpenEntityManagerInViewInterceptor - Opening JPA EntityManager in OpenEntityManagerInViewInterceptor
2026-05-20 13:41:00.943 [http-nio-0.0.0.0-8080-exec-10] DEBUG o.s.o.j.s.OpenEntityManagerInViewInterceptor - Closing JPA EntityManager in OpenEntityManagerInViewInterceptor
2026-05-20 13:41:00.945 [http-nio-0.0.0.0-8080-exec-6] DEBUG o.s.orm.jpa.JpaTransactionManager - Found thread-bound EntityManager [SessionImpl(1527613344<open>)] for JPA transaction
2026-05-20 13:41:00.945 [http-nio-0.0.0.0-8080-exec-6] DEBUG o.s.orm.jpa.JpaTransactionManager - Creating new transaction with name [org.springframework.data.jpa.repository.support.SimpleJpaRepository.findAll]: PROPAGATION_REQUIRED,ISOLATION_DEFAULT,readOnly
2026-05-20 13:41:00.948 [http-nio-0.0.0.0-8080-exec-6] DEBUG o.s.orm.jpa.JpaTransactionManager - Exposing JPA transaction as JDBC [org.springframework.orm.jpa.vendor.HibernateJpaDialect$HibernateConnectionHandle@6a5cd31f]
2026-05-20 13:41:00.951 [http-nio-0.0.0.0-8080-exec-6] DEBUG org.hibernate.SQL - 
    select
        t1_0.id,
        t1_0.amount_xaf,
        t1_0.created_at,
        t1_0.source_amount,
        t1_0.source_currency,
        t1_0.status,
        t1_0.type,
        t1_0.user_id 
    from
        transactions t1_0
2026-05-20 13:41:00.951 [http-nio-0.0.0.0-8080-exec-6] DEBUG org.hibernate.SQL - 
    select
        t1_0.id,
        t1_0.amount_xaf,
        t1_0.created_at,
        t1_0.source_amount,
        t1_0.source_currency,
        t1_0.status,
        t1_0.type,
        t1_0.user_id 
    from
        transactions t1_0
2026-05-20 13:41:00.952 [http-nio-0.0.0.0-8080-exec-1] DEBUG o.s.o.j.s.OpenEntityManagerInViewInterceptor - Opening JPA EntityManager in OpenEntityManagerInViewInterceptor
2026-05-20 13:41:00.953 [http-nio-0.0.0.0-8080-exec-6] DEBUG o.s.orm.jpa.JpaTransactionManager - Initiating transaction commit
2026-05-20 13:41:00.954 [http-nio-0.0.0.0-8080-exec-6] DEBUG o.s.orm.jpa.JpaTransactionManager - Committing JPA transaction on EntityManager [SessionImpl(1527613344<open>)]
2026-05-20 13:41:00.955 [http-nio-0.0.0.0-8080-exec-6] DEBUG o.s.orm.jpa.JpaTransactionManager - Not closing pre-bound JPA EntityManager after transaction
2026-05-20 13:41:00.956 [http-nio-0.0.0.0-8080-exec-1] DEBUG o.s.orm.jpa.JpaTransactionManager - Found thread-bound EntityManager [SessionImpl(2092412414<open>)] for JPA transaction
2026-05-20 13:41:00.956 [http-nio-0.0.0.0-8080-exec-1] DEBUG o.s.orm.jpa.JpaTransactionManager - Creating new transaction with name [org.springframework.data.jpa.repository.support.SimpleJpaRepository.findAll]: PROPAGATION_REQUIRED,ISOLATION_DEFAULT,readOnly
2026-05-20 13:41:00.957 [http-nio-0.0.0.0-8080-exec-6] DEBUG o.s.o.j.s.OpenEntityManagerInViewInterceptor - Closing JPA EntityManager in OpenEntityManagerInViewInterceptor
2026-05-20 13:41:00.958 [http-nio-0.0.0.0-8080-exec-1] DEBUG o.s.orm.jpa.JpaTransactionManager - Exposing JPA transaction as JDBC [org.springframework.orm.jpa.vendor.HibernateJpaDialect$HibernateConnectionHandle@68fd3708]
2026-05-20 13:41:00.959 [http-nio-0.0.0.0-8080-exec-1] DEBUG org.hibernate.SQL - 
    select
        kd1_0.id,
        kd1_0.submitted_at,
        kd1_0.document_url,
        kd1_0.rejection_reason,
        kd1_0.status,
        kd1_0.document_type,
        kd1_0.user_id 
    from
        kyc_documents kd1_0
2026-05-20 13:41:00.959 [http-nio-0.0.0.0-8080-exec-1] DEBUG org.hibernate.SQL - 
    select
        kd1_0.id,
        kd1_0.submitted_at,
        kd1_0.document_url,
        kd1_0.rejection_reason,
        kd1_0.status,
        kd1_0.document_type,
        kd1_0.user_id 
    from
        kyc_documents kd1_0
2026-05-20 13:41:00.962 [http-nio-0.0.0.0-8080-exec-1] DEBUG org.hibernate.SQL - 
    select
        u1_0.id,
        u1_0.address,
        u1_0.admin_notes,
        u1_0.avatar_url,
        u1_0.bio,
        u1_0.preferred_category,
        u1_0.created_at,
        u1_0.email,
        u1_0.google_id,
        u1_0.kyc_status,
        u1_0.password,
        u1_0.last_name,
        u1_0.first_name,
        u1_0.role,
        u1_0.status,
        u1_0.phone,
        u1_0.ville 
    from
        users u1_0 
    where
        u1_0.id=?
2026-05-20 13:41:00.962 [http-nio-0.0.0.0-8080-exec-1] DEBUG org.hibernate.SQL - 
    select
        u1_0.id,
        u1_0.address,
        u1_0.admin_notes,
        u1_0.avatar_url,
        u1_0.bio,
        u1_0.preferred_category,
        u1_0.created_at,
        u1_0.email,
        u1_0.google_id,
        u1_0.kyc_status,
        u1_0.password,
        u1_0.last_name,
        u1_0.first_name,
        u1_0.role,
        u1_0.status,
        u1_0.phone,
        u1_0.ville 
    from
        users u1_0 
    where
        u1_0.id=?
2026-05-20 13:41:00.967 [http-nio-0.0.0.0-8080-exec-1] DEBUG org.hibernate.SQL - 
    select
        u1_0.id,
        u1_0.address,
        u1_0.admin_notes,
        u1_0.avatar_url,
        u1_0.bio,
        u1_0.preferred_category,
        u1_0.created_at,
        u1_0.email,
        u1_0.google_id,
        u1_0.kyc_status,
        u1_0.password,
        u1_0.last_name,
        u1_0.first_name,
        u1_0.role,
        u1_0.status,
        u1_0.phone,
        u1_0.ville 
    from
        users u1_0 
    where
        u1_0.id=?
2026-05-20 13:41:00.967 [http-nio-0.0.0.0-8080-exec-1] DEBUG org.hibernate.SQL - 
    select
        u1_0.id,
        u1_0.address,
        u1_0.admin_notes,
        u1_0.avatar_url,
        u1_0.bio,
        u1_0.preferred_category,
        u1_0.created_at,
        u1_0.email,
        u1_0.google_id,
        u1_0.kyc_status,
        u1_0.password,
        u1_0.last_name,
        u1_0.first_name,
        u1_0.role,
        u1_0.status,
        u1_0.phone,
        u1_0.ville 
    from
        users u1_0 
    where
        u1_0.id=?
2026-05-20 13:41:00.972 [http-nio-0.0.0.0-8080-exec-1] DEBUG o.s.orm.jpa.JpaTransactionManager - Initiating transaction commit
2026-05-20 13:41:00.972 [http-nio-0.0.0.0-8080-exec-1] DEBUG o.s.orm.jpa.JpaTransactionManager - Committing JPA transaction on EntityManager [SessionImpl(2092412414<open>)]
2026-05-20 13:41:00.974 [http-nio-0.0.0.0-8080-exec-1] DEBUG o.s.orm.jpa.JpaTransactionManager - Not closing pre-bound JPA EntityManager after transaction
2026-05-20 13:41:00.983 [http-nio-0.0.0.0-8080-exec-1] DEBUG o.s.o.j.s.OpenEntityManagerInViewInterceptor - Closing JPA EntityManager in OpenEntityManagerInViewInterceptor
2026-05-20 13:41:31.339 [http-nio-0.0.0.0-8080-exec-7] DEBUG o.s.o.j.SharedEntityManagerCreator$SharedEntityManagerInvocationHandler - Creating new EntityManager for shared EntityManager invocation
2026-05-20 13:41:31.341 [http-nio-0.0.0.0-8080-exec-7] DEBUG org.hibernate.SQL - 
    select
        u1_0.id,
        u1_0.address,
        u1_0.admin_notes,
        u1_0.avatar_url,
        u1_0.bio,
        u1_0.preferred_category,
        u1_0.created_at,
        u1_0.email,
        u1_0.google_id,
        u1_0.kyc_status,
        u1_0.password,
        u1_0.last_name,
        u1_0.first_name,
        u1_0.role,
        u1_0.status,
        u1_0.phone,
        u1_0.ville 
    from
        users u1_0 
    where
        u1_0.email=?
2026-05-20 13:41:31.341 [http-nio-0.0.0.0-8080-exec-7] DEBUG org.hibernate.SQL - 
    select
        u1_0.id,
        u1_0.address,
        u1_0.admin_notes,
        u1_0.avatar_url,
        u1_0.bio,
        u1_0.preferred_category,
        u1_0.created_at,
        u1_0.email,
        u1_0.google_id,
        u1_0.kyc_status,
        u1_0.password,
        u1_0.last_name,
        u1_0.first_name,
        u1_0.role,
        u1_0.status,
        u1_0.phone,
        u1_0.ville 
    from
        users u1_0 
    where
        u1_0.email=?
2026-05-20 13:41:31.351 [http-nio-0.0.0.0-8080-exec-7] DEBUG o.s.o.j.s.OpenEntityManagerInViewInterceptor - Opening JPA EntityManager in OpenEntityManagerInViewInterceptor
2026-05-20 13:41:31.352 [http-nio-0.0.0.0-8080-exec-7] DEBUG o.s.orm.jpa.JpaTransactionManager - Found thread-bound EntityManager [SessionImpl(6234446<open>)] for JPA transaction
2026-05-20 13:41:31.352 [http-nio-0.0.0.0-8080-exec-7] DEBUG o.s.orm.jpa.JpaTransactionManager - Creating new transaction with name [org.springframework.data.jpa.repository.support.SimpleJpaRepository.findAll]: PROPAGATION_REQUIRED,ISOLATION_DEFAULT,readOnly
2026-05-20 13:41:31.353 [http-nio-0.0.0.0-8080-exec-7] DEBUG o.s.orm.jpa.JpaTransactionManager - Exposing JPA transaction as JDBC [org.springframework.orm.jpa.vendor.HibernateJpaDialect$HibernateConnectionHandle@3febb698]
2026-05-20 13:41:31.355 [http-nio-0.0.0.0-8080-exec-7] DEBUG org.hibernate.SQL - 
    select
        p1_0.id,
        p1_0.admin_notes,
        p1_0.all_or_nothing,
        p1_0.categorie,
        p1_0.created_at,
        p1_0.start_date,
        p1_0.end_date,
        p1_0.description,
        p1_0.cover_image,
        p1_0.localisation,
        p1_0.current_amount,
        p1_0.investors_count,
        p1_0.funding_goal,
        p1_0.equity_percentage,
        p1_0.owner_id,
        p1_0.status,
        p1_0.suspension_deadline,
        p1_0.interest_rate,
        p1_0.titre,
        p1_0.funding_type 
    from
        projects p1_0
2026-05-20 13:41:31.355 [http-nio-0.0.0.0-8080-exec-7] DEBUG org.hibernate.SQL - 
    select
        p1_0.id,
        p1_0.admin_notes,
        p1_0.all_or_nothing,
        p1_0.categorie,
        p1_0.created_at,
        p1_0.start_date,
        p1_0.end_date,
        p1_0.description,
        p1_0.cover_image,
        p1_0.localisation,
        p1_0.current_amount,
        p1_0.investors_count,
        p1_0.funding_goal,
        p1_0.equity_percentage,
        p1_0.owner_id,
        p1_0.status,
        p1_0.suspension_deadline,
        p1_0.interest_rate,
        p1_0.titre,
        p1_0.funding_type 
    from
        projects p1_0
2026-05-20 13:41:31.357 [http-nio-0.0.0.0-8080-exec-7] DEBUG org.hibernate.SQL - 
    select
        u1_0.id,
        u1_0.address,
        u1_0.admin_notes,
        u1_0.avatar_url,
        u1_0.bio,
        u1_0.preferred_category,
        u1_0.created_at,
        u1_0.email,
        u1_0.google_id,
        u1_0.kyc_status,
        u1_0.password,
        u1_0.last_name,
        u1_0.first_name,
        u1_0.role,
        u1_0.status,
        u1_0.phone,
        u1_0.ville 
    from
        users u1_0 
    where
        u1_0.id=?
2026-05-20 13:41:31.357 [http-nio-0.0.0.0-8080-exec-7] DEBUG org.hibernate.SQL - 
    select
        u1_0.id,
        u1_0.address,
        u1_0.admin_notes,
        u1_0.avatar_url,
        u1_0.bio,
        u1_0.preferred_category,
        u1_0.created_at,
        u1_0.email,
        u1_0.google_id,
        u1_0.kyc_status,
        u1_0.password,
        u1_0.last_name,
        u1_0.first_name,
        u1_0.role,
        u1_0.status,
        u1_0.phone,
        u1_0.ville 
    from
        users u1_0 
    where
        u1_0.id=?
2026-05-20 13:41:31.362 [http-nio-0.0.0.0-8080-exec-7] DEBUG o.s.orm.jpa.JpaTransactionManager - Initiating transaction commit
2026-05-20 13:41:31.364 [http-nio-0.0.0.0-8080-exec-7] DEBUG o.s.orm.jpa.JpaTransactionManager - Committing JPA transaction on EntityManager [SessionImpl(6234446<open>)]
2026-05-20 13:41:31.365 [http-nio-0.0.0.0-8080-exec-7] DEBUG o.s.orm.jpa.JpaTransactionManager - Not closing pre-bound JPA EntityManager after transaction
2026-05-20 13:41:31.367 [http-nio-0.0.0.0-8080-exec-7] DEBUG o.s.o.j.s.OpenEntityManagerInViewInterceptor - Closing JPA EntityManager in OpenEntityManagerInViewInterceptor
2026-05-20 13:41:31.372 [http-nio-0.0.0.0-8080-exec-5] DEBUG o.s.o.j.SharedEntityManagerCreator$SharedEntityManagerInvocationHandler - Creating new EntityManager for shared EntityManager invocation
2026-05-20 13:41:31.374 [http-nio-0.0.0.0-8080-exec-5] DEBUG org.hibernate.SQL - 
    select
        u1_0.id,
        u1_0.address,
        u1_0.admin_notes,
        u1_0.avatar_url,
        u1_0.bio,
        u1_0.preferred_category,
        u1_0.created_at,
        u1_0.email,
        u1_0.google_id,
        u1_0.kyc_status,
        u1_0.password,
        u1_0.last_name,
        u1_0.first_name,
        u1_0.role,
        u1_0.status,
        u1_0.phone,
        u1_0.ville 
    from
        users u1_0 
    where
        u1_0.email=?
2026-05-20 13:41:31.374 [http-nio-0.0.0.0-8080-exec-5] DEBUG org.hibernate.SQL - 
    select
        u1_0.id,
        u1_0.address,
        u1_0.admin_notes,
        u1_0.avatar_url,
        u1_0.bio,
        u1_0.preferred_category,
        u1_0.created_at,
        u1_0.email,
        u1_0.google_id,
        u1_0.kyc_status,
        u1_0.password,
        u1_0.last_name,
        u1_0.first_name,
        u1_0.role,
        u1_0.status,
        u1_0.phone,
        u1_0.ville 
    from
        users u1_0 
    where
        u1_0.email=?
2026-05-20 13:41:31.385 [http-nio-0.0.0.0-8080-exec-5] DEBUG o.s.o.j.s.OpenEntityManagerInViewInterceptor - Opening JPA EntityManager in OpenEntityManagerInViewInterceptor
2026-05-20 13:41:31.386 [http-nio-0.0.0.0-8080-exec-5] DEBUG o.s.orm.jpa.JpaTransactionManager - Found thread-bound EntityManager [SessionImpl(70977695<open>)] for JPA transaction
2026-05-20 13:41:31.386 [http-nio-0.0.0.0-8080-exec-5] DEBUG o.s.orm.jpa.JpaTransactionManager - Creating new transaction with name [org.springframework.data.jpa.repository.support.SimpleJpaRepository.findAll]: PROPAGATION_REQUIRED,ISOLATION_DEFAULT,readOnly
2026-05-20 13:41:31.387 [http-nio-0.0.0.0-8080-exec-5] DEBUG o.s.orm.jpa.JpaTransactionManager - Exposing JPA transaction as JDBC [org.springframework.orm.jpa.vendor.HibernateJpaDialect$HibernateConnectionHandle@30225569]
2026-05-20 13:41:31.389 [http-nio-0.0.0.0-8080-exec-5] DEBUG org.hibernate.SQL - 
    select
        p1_0.id,
        p1_0.admin_notes,
        p1_0.all_or_nothing,
        p1_0.categorie,
        p1_0.created_at,
        p1_0.start_date,
        p1_0.end_date,
        p1_0.description,
        p1_0.cover_image,
        p1_0.localisation,
        p1_0.current_amount,
        p1_0.investors_count,
        p1_0.funding_goal,
        p1_0.equity_percentage,
        p1_0.owner_id,
        p1_0.status,
        p1_0.suspension_deadline,
        p1_0.interest_rate,
        p1_0.titre,
        p1_0.funding_type 
    from
        projects p1_0
2026-05-20 13:41:31.389 [http-nio-0.0.0.0-8080-exec-5] DEBUG org.hibernate.SQL - 
    select
        p1_0.id,
        p1_0.admin_notes,
        p1_0.all_or_nothing,
        p1_0.categorie,
        p1_0.created_at,
        p1_0.start_date,
        p1_0.end_date,
        p1_0.description,
        p1_0.cover_image,
        p1_0.localisation,
        p1_0.current_amount,
        p1_0.investors_count,
        p1_0.funding_goal,
        p1_0.equity_percentage,
        p1_0.owner_id,
        p1_0.status,
        p1_0.suspension_deadline,
        p1_0.interest_rate,
        p1_0.titre,
        p1_0.funding_type 
    from
        projects p1_0
2026-05-20 13:41:31.393 [http-nio-0.0.0.0-8080-exec-5] DEBUG org.hibernate.SQL - 
    select
        u1_0.id,
        u1_0.address,
        u1_0.admin_notes,
        u1_0.avatar_url,
        u1_0.bio,
        u1_0.preferred_category,
        u1_0.created_at,
        u1_0.email,
        u1_0.google_id,
        u1_0.kyc_status,
        u1_0.password,
        u1_0.last_name,
        u1_0.first_name,
        u1_0.role,
        u1_0.status,
        u1_0.phone,
        u1_0.ville 
    from
        users u1_0 
    where
        u1_0.id=?
2026-05-20 13:41:31.393 [http-nio-0.0.0.0-8080-exec-5] DEBUG org.hibernate.SQL - 
    select
        u1_0.id,
        u1_0.address,
        u1_0.admin_notes,
        u1_0.avatar_url,
        u1_0.bio,
        u1_0.preferred_category,
        u1_0.created_at,
        u1_0.email,
        u1_0.google_id,
        u1_0.kyc_status,
        u1_0.password,
        u1_0.last_name,
        u1_0.first_name,
        u1_0.role,
        u1_0.status,
        u1_0.phone,
        u1_0.ville 
    from
        users u1_0 
    where
        u1_0.id=?
2026-05-20 13:41:31.396 [http-nio-0.0.0.0-8080-exec-5] DEBUG o.s.orm.jpa.JpaTransactionManager - Initiating transaction commit
2026-05-20 13:41:31.400 [http-nio-0.0.0.0-8080-exec-5] DEBUG o.s.orm.jpa.JpaTransactionManager - Committing JPA transaction on EntityManager [SessionImpl(70977695<open>)]
2026-05-20 13:41:31.402 [http-nio-0.0.0.0-8080-exec-5] DEBUG o.s.orm.jpa.JpaTransactionManager - Not closing pre-bound JPA EntityManager after transaction
2026-05-20 13:41:31.412 [http-nio-0.0.0.0-8080-exec-5] DEBUG o.s.o.j.s.OpenEntityManagerInViewInterceptor - Closing JPA EntityManager in OpenEntityManagerInViewInterceptor
2026-05-20 13:41:36.190 [http-nio-0.0.0.0-8080-exec-8] DEBUG o.s.o.j.SharedEntityManagerCreator$SharedEntityManagerInvocationHandler - Creating new EntityManager for shared EntityManager invocation
2026-05-20 13:41:36.194 [http-nio-0.0.0.0-8080-exec-8] DEBUG org.hibernate.SQL - 
    select
        u1_0.id,
        u1_0.address,
        u1_0.admin_notes,
        u1_0.avatar_url,
        u1_0.bio,
        u1_0.preferred_category,
        u1_0.created_at,
        u1_0.email,
        u1_0.google_id,
        u1_0.kyc_status,
        u1_0.password,
        u1_0.last_name,
        u1_0.first_name,
        u1_0.role,
        u1_0.status,
        u1_0.phone,
        u1_0.ville 
    from
        users u1_0 
    where
        u1_0.email=?
2026-05-20 13:41:36.194 [http-nio-0.0.0.0-8080-exec-8] DEBUG org.hibernate.SQL - 
    select
        u1_0.id,
        u1_0.address,
        u1_0.admin_notes,
        u1_0.avatar_url,
        u1_0.bio,
        u1_0.preferred_category,
        u1_0.created_at,
        u1_0.email,
        u1_0.google_id,
        u1_0.kyc_status,
        u1_0.password,
        u1_0.last_name,
        u1_0.first_name,
        u1_0.role,
        u1_0.status,
        u1_0.phone,
        u1_0.ville 
    from
        users u1_0 
    where
        u1_0.email=?
2026-05-20 13:41:36.203 [http-nio-0.0.0.0-8080-exec-8] DEBUG o.s.o.j.s.OpenEntityManagerInViewInterceptor - Opening JPA EntityManager in OpenEntityManagerInViewInterceptor
2026-05-20 13:41:36.205 [http-nio-0.0.0.0-8080-exec-8] DEBUG o.s.orm.jpa.JpaTransactionManager - Found thread-bound EntityManager [SessionImpl(1090062469<open>)] for JPA transaction
2026-05-20 13:41:36.205 [http-nio-0.0.0.0-8080-exec-8] DEBUG o.s.orm.jpa.JpaTransactionManager - Creating new transaction with name [org.springframework.data.jpa.repository.support.SimpleJpaRepository.findById]: PROPAGATION_REQUIRED,ISOLATION_DEFAULT,readOnly
2026-05-20 13:41:36.207 [http-nio-0.0.0.0-8080-exec-8] DEBUG o.s.orm.jpa.JpaTransactionManager - Exposing JPA transaction as JDBC [org.springframework.orm.jpa.vendor.HibernateJpaDialect$HibernateConnectionHandle@1862d5fa]
2026-05-20 13:41:36.209 [http-nio-0.0.0.0-8080-exec-8] DEBUG org.hibernate.SQL - 
    select
        u1_0.id,
        u1_0.address,
        u1_0.admin_notes,
        u1_0.avatar_url,
        u1_0.bio,
        u1_0.preferred_category,
        u1_0.created_at,
        u1_0.email,
        u1_0.google_id,
        u1_0.kyc_status,
        u1_0.password,
        u1_0.last_name,
        u1_0.first_name,
        u1_0.role,
        u1_0.status,
        u1_0.phone,
        u1_0.ville 
    from
        users u1_0 
    where
        u1_0.id=?
2026-05-20 13:41:36.209 [http-nio-0.0.0.0-8080-exec-8] DEBUG org.hibernate.SQL - 
    select
        u1_0.id,
        u1_0.address,
        u1_0.admin_notes,
        u1_0.avatar_url,
        u1_0.bio,
        u1_0.preferred_category,
        u1_0.created_at,
        u1_0.email,
        u1_0.google_id,
        u1_0.kyc_status,
        u1_0.password,
        u1_0.last_name,
        u1_0.first_name,
        u1_0.role,
        u1_0.status,
        u1_0.phone,
        u1_0.ville 
    from
        users u1_0 
    where
        u1_0.id=?
2026-05-20 13:41:36.212 [http-nio-0.0.0.0-8080-exec-8] DEBUG o.s.orm.jpa.JpaTransactionManager - Initiating transaction commit
2026-05-20 13:41:36.215 [http-nio-0.0.0.0-8080-exec-8] DEBUG o.s.orm.jpa.JpaTransactionManager - Committing JPA transaction on EntityManager [SessionImpl(1090062469<open>)]
2026-05-20 13:41:36.218 [http-nio-0.0.0.0-8080-exec-8] DEBUG o.s.orm.jpa.JpaTransactionManager - Not closing pre-bound JPA EntityManager after transaction
2026-05-20 13:41:36.229 [http-nio-0.0.0.0-8080-exec-8] DEBUG org.hibernate.SQL - 
    select
        n1_0.id,
        n1_0.categorie,
        n1_0.created_at,
        n1_0.is_read,
        n1_0.message,
        n1_0.user_id 
    from
        notifications n1_0 
    where
        n1_0.user_id=?
2026-05-20 13:41:36.229 [http-nio-0.0.0.0-8080-exec-8] DEBUG org.hibernate.SQL - 
    select
        n1_0.id,
        n1_0.categorie,
        n1_0.created_at,
        n1_0.is_read,
        n1_0.message,
        n1_0.user_id 
    from
        notifications n1_0 
    where
        n1_0.user_id=?
2026-05-20 13:41:36.249 [http-nio-0.0.0.0-8080-exec-8] DEBUG o.s.o.j.s.OpenEntityManagerInViewInterceptor - Closing JPA EntityManager in OpenEntityManagerInViewInterceptor
2026-05-20 13:41:40.420 [http-nio-0.0.0.0-8080-exec-6] DEBUG o.s.o.j.SharedEntityManagerCreator$SharedEntityManagerInvocationHandler - Creating new EntityManager for shared EntityManager invocation
2026-05-20 13:41:40.421 [http-nio-0.0.0.0-8080-exec-6] DEBUG org.hibernate.SQL - 
    select
        u1_0.id,
        u1_0.address,
        u1_0.admin_notes,
        u1_0.avatar_url,
        u1_0.bio,
        u1_0.preferred_category,
        u1_0.created_at,
        u1_0.email,
        u1_0.google_id,
        u1_0.kyc_status,
        u1_0.password,
        u1_0.last_name,
        u1_0.first_name,
        u1_0.role,
        u1_0.status,
        u1_0.phone,
        u1_0.ville 
    from
        users u1_0 
    where
        u1_0.email=?
2026-05-20 13:41:40.421 [http-nio-0.0.0.0-8080-exec-6] DEBUG org.hibernate.SQL - 
    select
        u1_0.id,
        u1_0.address,
        u1_0.admin_notes,
        u1_0.avatar_url,
        u1_0.bio,
        u1_0.preferred_category,
        u1_0.created_at,
        u1_0.email,
        u1_0.google_id,
        u1_0.kyc_status,
        u1_0.password,
        u1_0.last_name,
        u1_0.first_name,
        u1_0.role,
        u1_0.status,
        u1_0.phone,
        u1_0.ville 
    from
        users u1_0 
    where
        u1_0.email=?
2026-05-20 13:41:40.433 [http-nio-0.0.0.0-8080-exec-6] DEBUG o.s.o.j.s.OpenEntityManagerInViewInterceptor - Opening JPA EntityManager in OpenEntityManagerInViewInterceptor
2026-05-20 13:41:40.435 [http-nio-0.0.0.0-8080-exec-6] DEBUG o.s.orm.jpa.JpaTransactionManager - Found thread-bound EntityManager [SessionImpl(2140321302<open>)] for JPA transaction
2026-05-20 13:41:40.435 [http-nio-0.0.0.0-8080-exec-6] DEBUG o.s.orm.jpa.JpaTransactionManager - Creating new transaction with name [org.springframework.data.jpa.repository.support.SimpleJpaRepository.findAll]: PROPAGATION_REQUIRED,ISOLATION_DEFAULT,readOnly
2026-05-20 13:41:40.437 [http-nio-0.0.0.0-8080-exec-6] DEBUG o.s.orm.jpa.JpaTransactionManager - Exposing JPA transaction as JDBC [org.springframework.orm.jpa.vendor.HibernateJpaDialect$HibernateConnectionHandle@1c6f0b09]
2026-05-20 13:41:40.438 [http-nio-0.0.0.0-8080-exec-6] DEBUG org.hibernate.SQL - 
    select
        u1_0.id,
        u1_0.address,
        u1_0.admin_notes,
        u1_0.avatar_url,
        u1_0.bio,
        u1_0.preferred_category,
        u1_0.created_at,
        u1_0.email,
        u1_0.google_id,
        u1_0.kyc_status,
        u1_0.password,
        u1_0.last_name,
        u1_0.first_name,
        u1_0.role,
        u1_0.status,
        u1_0.phone,
        u1_0.ville 
    from
        users u1_0
2026-05-20 13:41:40.438 [http-nio-0.0.0.0-8080-exec-6] DEBUG org.hibernate.SQL - 
    select
        u1_0.id,
        u1_0.address,
        u1_0.admin_notes,
        u1_0.avatar_url,
        u1_0.bio,
        u1_0.preferred_category,
        u1_0.created_at,
        u1_0.email,
        u1_0.google_id,
        u1_0.kyc_status,
        u1_0.password,
        u1_0.last_name,
        u1_0.first_name,
        u1_0.role,
        u1_0.status,
        u1_0.phone,
        u1_0.ville 
    from
        users u1_0
2026-05-20 13:41:40.443 [http-nio-0.0.0.0-8080-exec-6] DEBUG o.s.orm.jpa.JpaTransactionManager - Initiating transaction commit
2026-05-20 13:41:40.444 [http-nio-0.0.0.0-8080-exec-6] DEBUG o.s.orm.jpa.JpaTransactionManager - Committing JPA transaction on EntityManager [SessionImpl(2140321302<open>)]
2026-05-20 13:41:40.448 [http-nio-0.0.0.0-8080-exec-6] DEBUG o.s.orm.jpa.JpaTransactionManager - Not closing pre-bound JPA EntityManager after transaction
2026-05-20 13:41:40.450 [http-nio-0.0.0.0-8080-exec-6] DEBUG o.s.o.j.s.OpenEntityManagerInViewInterceptor - Closing JPA EntityManager in OpenEntityManagerInViewInterceptor
2026-05-20 13:41:40.462 [http-nio-0.0.0.0-8080-exec-1] DEBUG o.s.o.j.SharedEntityManagerCreator$SharedEntityManagerInvocationHandler - Creating new EntityManager for shared EntityManager invocation
2026-05-20 13:41:40.464 [http-nio-0.0.0.0-8080-exec-1] DEBUG org.hibernate.SQL - 
    select
        u1_0.id,
        u1_0.address,
        u1_0.admin_notes,
        u1_0.avatar_url,
        u1_0.bio,
        u1_0.preferred_category,
        u1_0.created_at,
        u1_0.email,
        u1_0.google_id,
        u1_0.kyc_status,
        u1_0.password,
        u1_0.last_name,
        u1_0.first_name,
        u1_0.role,
        u1_0.status,
        u1_0.phone,
        u1_0.ville 
    from
        users u1_0 
    where
        u1_0.email=?
2026-05-20 13:41:40.464 [http-nio-0.0.0.0-8080-exec-1] DEBUG org.hibernate.SQL - 
    select
        u1_0.id,
        u1_0.address,
        u1_0.admin_notes,
        u1_0.avatar_url,
        u1_0.bio,
        u1_0.preferred_category,
        u1_0.created_at,
        u1_0.email,
        u1_0.google_id,
        u1_0.kyc_status,
        u1_0.password,
        u1_0.last_name,
        u1_0.first_name,
        u1_0.role,
        u1_0.status,
        u1_0.phone,
        u1_0.ville 
    from
        users u1_0 
    where
        u1_0.email=?
2026-05-20 13:41:40.471 [http-nio-0.0.0.0-8080-exec-1] DEBUG o.s.o.j.s.OpenEntityManagerInViewInterceptor - Opening JPA EntityManager in OpenEntityManagerInViewInterceptor
2026-05-20 13:41:40.479 [http-nio-0.0.0.0-8080-exec-1] DEBUG o.s.orm.jpa.JpaTransactionManager - Found thread-bound EntityManager [SessionImpl(947727224<open>)] for JPA transaction
2026-05-20 13:41:40.479 [http-nio-0.0.0.0-8080-exec-1] DEBUG o.s.orm.jpa.JpaTransactionManager - Creating new transaction with name [org.springframework.data.jpa.repository.support.SimpleJpaRepository.findAll]: PROPAGATION_REQUIRED,ISOLATION_DEFAULT,readOnly
2026-05-20 13:41:40.481 [http-nio-0.0.0.0-8080-exec-1] DEBUG o.s.orm.jpa.JpaTransactionManager - Exposing JPA transaction as JDBC [org.springframework.orm.jpa.vendor.HibernateJpaDialect$HibernateConnectionHandle@31db777e]
2026-05-20 13:41:40.483 [http-nio-0.0.0.0-8080-exec-1] DEBUG org.hibernate.SQL - 
    select
        u1_0.id,
        u1_0.address,
        u1_0.admin_notes,
        u1_0.avatar_url,
        u1_0.bio,
        u1_0.preferred_category,
        u1_0.created_at,
        u1_0.email,
        u1_0.google_id,
        u1_0.kyc_status,
        u1_0.password,
        u1_0.last_name,
        u1_0.first_name,
        u1_0.role,
        u1_0.status,
        u1_0.phone,
        u1_0.ville 
    from
        users u1_0
2026-05-20 13:41:40.483 [http-nio-0.0.0.0-8080-exec-1] DEBUG org.hibernate.SQL - 
    select
        u1_0.id,
        u1_0.address,
        u1_0.admin_notes,
        u1_0.avatar_url,
        u1_0.bio,
        u1_0.preferred_category,
        u1_0.created_at,
        u1_0.email,
        u1_0.google_id,
        u1_0.kyc_status,
        u1_0.password,
        u1_0.last_name,
        u1_0.first_name,
        u1_0.role,
        u1_0.status,
        u1_0.phone,
        u1_0.ville 
    from
        users u1_0
2026-05-20 13:41:40.485 [http-nio-0.0.0.0-8080-exec-1] DEBUG o.s.orm.jpa.JpaTransactionManager - Initiating transaction commit
2026-05-20 13:41:40.486 [http-nio-0.0.0.0-8080-exec-1] DEBUG o.s.orm.jpa.JpaTransactionManager - Committing JPA transaction on EntityManager [SessionImpl(947727224<open>)]
2026-05-20 13:41:40.488 [http-nio-0.0.0.0-8080-exec-1] DEBUG o.s.orm.jpa.JpaTransactionManager - Not closing pre-bound JPA EntityManager after transaction
2026-05-20 13:41:40.492 [http-nio-0.0.0.0-8080-exec-1] DEBUG o.s.o.j.s.OpenEntityManagerInViewInterceptor - Closing JPA EntityManager in OpenEntityManagerInViewInterceptor
2026-05-20 13:41:48.223 [http-nio-0.0.0.0-8080-exec-7] DEBUG o.s.o.j.SharedEntityManagerCreator$SharedEntityManagerInvocationHandler - Creating new EntityManager for shared EntityManager invocation
2026-05-20 13:41:48.232 [http-nio-0.0.0.0-8080-exec-7] DEBUG org.hibernate.SQL - 
    select
        u1_0.id,
        u1_0.address,
        u1_0.admin_notes,
        u1_0.avatar_url,
        u1_0.bio,
        u1_0.preferred_category,
        u1_0.created_at,
        u1_0.email,
        u1_0.google_id,
        u1_0.kyc_status,
        u1_0.password,
        u1_0.last_name,
        u1_0.first_name,
        u1_0.role,
        u1_0.status,
        u1_0.phone,
        u1_0.ville 
    from
        users u1_0 
    where
        u1_0.email=?
2026-05-20 13:41:48.232 [http-nio-0.0.0.0-8080-exec-7] DEBUG org.hibernate.SQL - 
    select
        u1_0.id,
        u1_0.address,
        u1_0.admin_notes,
        u1_0.avatar_url,
        u1_0.bio,
        u1_0.preferred_category,
        u1_0.created_at,
        u1_0.email,
        u1_0.google_id,
        u1_0.kyc_status,
        u1_0.password,
        u1_0.last_name,
        u1_0.first_name,
        u1_0.role,
        u1_0.status,
        u1_0.phone,
        u1_0.ville 
    from
        users u1_0 
    where
        u1_0.email=?
2026-05-20 13:41:48.247 [http-nio-0.0.0.0-8080-exec-7] DEBUG o.s.o.j.s.OpenEntityManagerInViewInterceptor - Opening JPA EntityManager in OpenEntityManagerInViewInterceptor
2026-05-20 13:41:48.249 [http-nio-0.0.0.0-8080-exec-7] DEBUG o.s.orm.jpa.JpaTransactionManager - Found thread-bound EntityManager [SessionImpl(535260510<open>)] for JPA transaction
2026-05-20 13:41:48.249 [http-nio-0.0.0.0-8080-exec-7] DEBUG o.s.orm.jpa.JpaTransactionManager - Creating new transaction with name [org.springframework.data.jpa.repository.support.SimpleJpaRepository.findAll]: PROPAGATION_REQUIRED,ISOLATION_DEFAULT,readOnly
2026-05-20 13:41:48.251 [http-nio-0.0.0.0-8080-exec-7] DEBUG o.s.orm.jpa.JpaTransactionManager - Exposing JPA transaction as JDBC [org.springframework.orm.jpa.vendor.HibernateJpaDialect$HibernateConnectionHandle@2c20550c]
2026-05-20 13:41:48.253 [http-nio-0.0.0.0-8080-exec-7] DEBUG org.hibernate.SQL - 
    select
        kd1_0.id,
        kd1_0.submitted_at,
        kd1_0.document_url,
        kd1_0.rejection_reason,
        kd1_0.status,
        kd1_0.document_type,
        kd1_0.user_id 
    from
        kyc_documents kd1_0
2026-05-20 13:41:48.253 [http-nio-0.0.0.0-8080-exec-7] DEBUG org.hibernate.SQL - 
    select
        kd1_0.id,
        kd1_0.submitted_at,
        kd1_0.document_url,
        kd1_0.rejection_reason,
        kd1_0.status,
        kd1_0.document_type,
        kd1_0.user_id 
    from
        kyc_documents kd1_0
2026-05-20 13:41:48.258 [http-nio-0.0.0.0-8080-exec-7] DEBUG org.hibernate.SQL - 
    select
        u1_0.id,
        u1_0.address,
        u1_0.admin_notes,
        u1_0.avatar_url,
        u1_0.bio,
        u1_0.preferred_category,
        u1_0.created_at,
        u1_0.email,
        u1_0.google_id,
        u1_0.kyc_status,
        u1_0.password,
        u1_0.last_name,
        u1_0.first_name,
        u1_0.role,
        u1_0.status,
        u1_0.phone,
        u1_0.ville 
    from
        users u1_0 
    where
        u1_0.id=?
2026-05-20 13:41:48.258 [http-nio-0.0.0.0-8080-exec-7] DEBUG org.hibernate.SQL - 
    select
        u1_0.id,
        u1_0.address,
        u1_0.admin_notes,
        u1_0.avatar_url,
        u1_0.bio,
        u1_0.preferred_category,
        u1_0.created_at,
        u1_0.email,
        u1_0.google_id,
        u1_0.kyc_status,
        u1_0.password,
        u1_0.last_name,
        u1_0.first_name,
        u1_0.role,
        u1_0.status,
        u1_0.phone,
        u1_0.ville 
    from
        users u1_0 
    where
        u1_0.id=?
2026-05-20 13:41:48.264 [http-nio-0.0.0.0-8080-exec-7] DEBUG org.hibernate.SQL - 
    select
        u1_0.id,
        u1_0.address,
        u1_0.admin_notes,
        u1_0.avatar_url,
        u1_0.bio,
        u1_0.preferred_category,
        u1_0.created_at,
        u1_0.email,
        u1_0.google_id,
        u1_0.kyc_status,
        u1_0.password,
        u1_0.last_name,
        u1_0.first_name,
        u1_0.role,
        u1_0.status,
        u1_0.phone,
        u1_0.ville 
    from
        users u1_0 
    where
        u1_0.id=?
2026-05-20 13:41:48.264 [http-nio-0.0.0.0-8080-exec-7] DEBUG org.hibernate.SQL - 
    select
        u1_0.id,
        u1_0.address,
        u1_0.admin_notes,
        u1_0.avatar_url,
        u1_0.bio,
        u1_0.preferred_category,
        u1_0.created_at,
        u1_0.email,
        u1_0.google_id,
        u1_0.kyc_status,
        u1_0.password,
        u1_0.last_name,
        u1_0.first_name,
        u1_0.role,
        u1_0.status,
        u1_0.phone,
        u1_0.ville 
    from
        users u1_0 
    where
        u1_0.id=?
2026-05-20 13:41:48.265 [http-nio-0.0.0.0-8080-exec-7] DEBUG o.s.orm.jpa.JpaTransactionManager - Initiating transaction commit
2026-05-20 13:41:48.266 [http-nio-0.0.0.0-8080-exec-7] DEBUG o.s.orm.jpa.JpaTransactionManager - Committing JPA transaction on EntityManager [SessionImpl(535260510<open>)]
2026-05-20 13:41:48.267 [http-nio-0.0.0.0-8080-exec-7] DEBUG o.s.orm.jpa.JpaTransactionManager - Not closing pre-bound JPA EntityManager after transaction
2026-05-20 13:41:48.271 [http-nio-0.0.0.0-8080-exec-7] DEBUG o.s.o.j.s.OpenEntityManagerInViewInterceptor - Closing JPA EntityManager in OpenEntityManagerInViewInterceptor
2026-05-20 13:41:48.282 [http-nio-0.0.0.0-8080-exec-5] DEBUG o.s.o.j.SharedEntityManagerCreator$SharedEntityManagerInvocationHandler - Creating new EntityManager for shared EntityManager invocation
2026-05-20 13:41:48.284 [http-nio-0.0.0.0-8080-exec-5] DEBUG org.hibernate.SQL - 
    select
        u1_0.id,
        u1_0.address,
        u1_0.admin_notes,
        u1_0.avatar_url,
        u1_0.bio,
        u1_0.preferred_category,
        u1_0.created_at,
        u1_0.email,
        u1_0.google_id,
        u1_0.kyc_status,
        u1_0.password,
        u1_0.last_name,
        u1_0.first_name,
        u1_0.role,
        u1_0.status,
        u1_0.phone,
        u1_0.ville 
    from
        users u1_0 
    where
        u1_0.email=?
2026-05-20 13:41:48.284 [http-nio-0.0.0.0-8080-exec-5] DEBUG org.hibernate.SQL - 
    select
        u1_0.id,
        u1_0.address,
        u1_0.admin_notes,
        u1_0.avatar_url,
        u1_0.bio,
        u1_0.preferred_category,
        u1_0.created_at,
        u1_0.email,
        u1_0.google_id,
        u1_0.kyc_status,
        u1_0.password,
        u1_0.last_name,
        u1_0.first_name,
        u1_0.role,
        u1_0.status,
        u1_0.phone,
        u1_0.ville 
    from
        users u1_0 
    where
        u1_0.email=?
2026-05-20 13:41:48.297 [http-nio-0.0.0.0-8080-exec-5] DEBUG o.s.o.j.s.OpenEntityManagerInViewInterceptor - Opening JPA EntityManager in OpenEntityManagerInViewInterceptor
2026-05-20 13:41:48.305 [http-nio-0.0.0.0-8080-exec-5] DEBUG o.s.orm.jpa.JpaTransactionManager - Found thread-bound EntityManager [SessionImpl(1871722815<open>)] for JPA transaction
2026-05-20 13:41:48.311 [http-nio-0.0.0.0-8080-exec-5] DEBUG o.s.orm.jpa.JpaTransactionManager - Creating new transaction with name [org.springframework.data.jpa.repository.support.SimpleJpaRepository.findAll]: PROPAGATION_REQUIRED,ISOLATION_DEFAULT,readOnly
2026-05-20 13:41:48.314 [http-nio-0.0.0.0-8080-exec-5] DEBUG o.s.orm.jpa.JpaTransactionManager - Exposing JPA transaction as JDBC [org.springframework.orm.jpa.vendor.HibernateJpaDialect$HibernateConnectionHandle@3d7963d5]
2026-05-20 13:41:48.316 [http-nio-0.0.0.0-8080-exec-5] DEBUG org.hibernate.SQL - 
    select
        kd1_0.id,
        kd1_0.submitted_at,
        kd1_0.document_url,
        kd1_0.rejection_reason,
        kd1_0.status,
        kd1_0.document_type,
        kd1_0.user_id 
    from
        kyc_documents kd1_0
2026-05-20 13:41:48.316 [http-nio-0.0.0.0-8080-exec-5] DEBUG org.hibernate.SQL - 
    select
        kd1_0.id,
        kd1_0.submitted_at,
        kd1_0.document_url,
        kd1_0.rejection_reason,
        kd1_0.status,
        kd1_0.document_type,
        kd1_0.user_id 
    from
        kyc_documents kd1_0
2026-05-20 13:41:48.319 [http-nio-0.0.0.0-8080-exec-5] DEBUG org.hibernate.SQL - 
    select
        u1_0.id,
        u1_0.address,
        u1_0.admin_notes,
        u1_0.avatar_url,
        u1_0.bio,
        u1_0.preferred_category,
        u1_0.created_at,
        u1_0.email,
        u1_0.google_id,
        u1_0.kyc_status,
        u1_0.password,
        u1_0.last_name,
        u1_0.first_name,
        u1_0.role,
        u1_0.status,
        u1_0.phone,
        u1_0.ville 
    from
        users u1_0 
    where
        u1_0.id=?
2026-05-20 13:41:48.319 [http-nio-0.0.0.0-8080-exec-5] DEBUG org.hibernate.SQL - 
    select
        u1_0.id,
        u1_0.address,
        u1_0.admin_notes,
        u1_0.avatar_url,
        u1_0.bio,
        u1_0.preferred_category,
        u1_0.created_at,
        u1_0.email,
        u1_0.google_id,
        u1_0.kyc_status,
        u1_0.password,
        u1_0.last_name,
        u1_0.first_name,
        u1_0.role,
        u1_0.status,
        u1_0.phone,
        u1_0.ville 
    from
        users u1_0 
    where
        u1_0.id=?
2026-05-20 13:41:48.324 [http-nio-0.0.0.0-8080-exec-5] DEBUG org.hibernate.SQL - 
    select
        u1_0.id,
        u1_0.address,
        u1_0.admin_notes,
        u1_0.avatar_url,
        u1_0.bio,
        u1_0.preferred_category,
        u1_0.created_at,
        u1_0.email,
        u1_0.google_id,
        u1_0.kyc_status,
        u1_0.password,
        u1_0.last_name,
        u1_0.first_name,
        u1_0.role,
        u1_0.status,
        u1_0.phone,
        u1_0.ville 
    from
        users u1_0 
    where
        u1_0.id=?
2026-05-20 13:41:48.324 [http-nio-0.0.0.0-8080-exec-5] DEBUG org.hibernate.SQL - 
    select
        u1_0.id,
        u1_0.address,
        u1_0.admin_notes,
        u1_0.avatar_url,
        u1_0.bio,
        u1_0.preferred_category,
        u1_0.created_at,
        u1_0.email,
        u1_0.google_id,
        u1_0.kyc_status,
        u1_0.password,
        u1_0.last_name,
        u1_0.first_name,
        u1_0.role,
        u1_0.status,
        u1_0.phone,
        u1_0.ville 
    from
        users u1_0 
    where
        u1_0.id=?
2026-05-20 13:41:48.329 [http-nio-0.0.0.0-8080-exec-5] DEBUG o.s.orm.jpa.JpaTransactionManager - Initiating transaction commit
2026-05-20 13:41:48.330 [http-nio-0.0.0.0-8080-exec-5] DEBUG o.s.orm.jpa.JpaTransactionManager - Committing JPA transaction on EntityManager [SessionImpl(1871722815<open>)]
2026-05-20 13:41:48.332 [http-nio-0.0.0.0-8080-exec-5] DEBUG o.s.orm.jpa.JpaTransactionManager - Not closing pre-bound JPA EntityManager after transaction
2026-05-20 13:41:48.336 [http-nio-0.0.0.0-8080-exec-5] DEBUG o.s.o.j.s.OpenEntityManagerInViewInterceptor - Closing JPA EntityManager in OpenEntityManagerInViewInterceptor
2026-05-20 13:41:52.945 [http-nio-0.0.0.0-8080-exec-9] DEBUG o.s.o.j.SharedEntityManagerCreator$SharedEntityManagerInvocationHandler - Creating new EntityManager for shared EntityManager invocation
2026-05-20 13:41:52.948 [http-nio-0.0.0.0-8080-exec-9] DEBUG org.hibernate.SQL - 
    select
        u1_0.id,
        u1_0.address,
        u1_0.admin_notes,
        u1_0.avatar_url,
        u1_0.bio,
        u1_0.preferred_category,
        u1_0.created_at,
        u1_0.email,
        u1_0.google_id,
        u1_0.kyc_status,
        u1_0.password,
        u1_0.last_name,
        u1_0.first_name,
        u1_0.role,
        u1_0.status,
        u1_0.phone,
        u1_0.ville 
    from
        users u1_0 
    where
        u1_0.email=?
2026-05-20 13:41:52.948 [http-nio-0.0.0.0-8080-exec-9] DEBUG org.hibernate.SQL - 
    select
        u1_0.id,
        u1_0.address,
        u1_0.admin_notes,
        u1_0.avatar_url,
        u1_0.bio,
        u1_0.preferred_category,
        u1_0.created_at,
        u1_0.email,
        u1_0.google_id,
        u1_0.kyc_status,
        u1_0.password,
        u1_0.last_name,
        u1_0.first_name,
        u1_0.role,
        u1_0.status,
        u1_0.phone,
        u1_0.ville 
    from
        users u1_0 
    where
        u1_0.email=?
2026-05-20 13:41:52.967 [http-nio-0.0.0.0-8080-exec-9] DEBUG o.s.o.j.s.OpenEntityManagerInViewInterceptor - Opening JPA EntityManager in OpenEntityManagerInViewInterceptor
2026-05-20 13:41:52.970 [http-nio-0.0.0.0-8080-exec-9] DEBUG o.s.orm.jpa.JpaTransactionManager - Found thread-bound EntityManager [SessionImpl(1909242246<open>)] for JPA transaction
2026-05-20 13:41:52.970 [http-nio-0.0.0.0-8080-exec-9] DEBUG o.s.orm.jpa.JpaTransactionManager - Creating new transaction with name [org.springframework.data.jpa.repository.support.SimpleJpaRepository.findAll]: PROPAGATION_REQUIRED,ISOLATION_DEFAULT,readOnly
2026-05-20 13:41:52.978 [http-nio-0.0.0.0-8080-exec-9] DEBUG o.s.orm.jpa.JpaTransactionManager - Exposing JPA transaction as JDBC [org.springframework.orm.jpa.vendor.HibernateJpaDialect$HibernateConnectionHandle@6008c5e3]
2026-05-20 13:41:52.981 [http-nio-0.0.0.0-8080-exec-9] DEBUG org.hibernate.SQL - 
    select
        t1_0.id,
        t1_0.amount_xaf,
        t1_0.created_at,
        t1_0.source_amount,
        t1_0.source_currency,
        t1_0.status,
        t1_0.type,
        t1_0.user_id 
    from
        transactions t1_0
2026-05-20 13:41:52.981 [http-nio-0.0.0.0-8080-exec-9] DEBUG org.hibernate.SQL - 
    select
        t1_0.id,
        t1_0.amount_xaf,
        t1_0.created_at,
        t1_0.source_amount,
        t1_0.source_currency,
        t1_0.status,
        t1_0.type,
        t1_0.user_id 
    from
        transactions t1_0
2026-05-20 13:41:52.983 [http-nio-0.0.0.0-8080-exec-9] DEBUG o.s.orm.jpa.JpaTransactionManager - Initiating transaction commit
2026-05-20 13:41:52.983 [http-nio-0.0.0.0-8080-exec-9] DEBUG o.s.orm.jpa.JpaTransactionManager - Committing JPA transaction on EntityManager [SessionImpl(1909242246<open>)]
2026-05-20 13:41:52.986 [http-nio-0.0.0.0-8080-exec-9] DEBUG o.s.orm.jpa.JpaTransactionManager - Not closing pre-bound JPA EntityManager after transaction
2026-05-20 13:41:52.996 [http-nio-0.0.0.0-8080-exec-9] DEBUG o.s.o.j.s.OpenEntityManagerInViewInterceptor - Closing JPA EntityManager in OpenEntityManagerInViewInterceptor
2026-05-20 13:41:53.019 [http-nio-0.0.0.0-8080-exec-10] DEBUG o.s.o.j.SharedEntityManagerCreator$SharedEntityManagerInvocationHandler - Creating new EntityManager for shared EntityManager invocation
2026-05-20 13:41:53.026 [http-nio-0.0.0.0-8080-exec-10] DEBUG org.hibernate.SQL - 
    select
        u1_0.id,
        u1_0.address,
        u1_0.admin_notes,
        u1_0.avatar_url,
        u1_0.bio,
        u1_0.preferred_category,
        u1_0.created_at,
        u1_0.email,
        u1_0.google_id,
        u1_0.kyc_status,
        u1_0.password,
        u1_0.last_name,
        u1_0.first_name,
        u1_0.role,
        u1_0.status,
        u1_0.phone,
        u1_0.ville 
    from
        users u1_0 
    where
        u1_0.email=?
2026-05-20 13:41:53.026 [http-nio-0.0.0.0-8080-exec-10] DEBUG org.hibernate.SQL - 
    select
        u1_0.id,
        u1_0.address,
        u1_0.admin_notes,
        u1_0.avatar_url,
        u1_0.bio,
        u1_0.preferred_category,
        u1_0.created_at,
        u1_0.email,
        u1_0.google_id,
        u1_0.kyc_status,
        u1_0.password,
        u1_0.last_name,
        u1_0.first_name,
        u1_0.role,
        u1_0.status,
        u1_0.phone,
        u1_0.ville 
    from
        users u1_0 
    where
        u1_0.email=?
2026-05-20 13:41:53.049 [http-nio-0.0.0.0-8080-exec-10] DEBUG o.s.o.j.s.OpenEntityManagerInViewInterceptor - Opening JPA EntityManager in OpenEntityManagerInViewInterceptor
2026-05-20 13:41:53.052 [http-nio-0.0.0.0-8080-exec-10] DEBUG o.s.orm.jpa.JpaTransactionManager - Found thread-bound EntityManager [SessionImpl(697195204<open>)] for JPA transaction
2026-05-20 13:41:53.053 [http-nio-0.0.0.0-8080-exec-10] DEBUG o.s.orm.jpa.JpaTransactionManager - Creating new transaction with name [org.springframework.data.jpa.repository.support.SimpleJpaRepository.findAll]: PROPAGATION_REQUIRED,ISOLATION_DEFAULT,readOnly
2026-05-20 13:41:53.056 [http-nio-0.0.0.0-8080-exec-10] DEBUG o.s.orm.jpa.JpaTransactionManager - Exposing JPA transaction as JDBC [org.springframework.orm.jpa.vendor.HibernateJpaDialect$HibernateConnectionHandle@64bf40aa]
2026-05-20 13:41:53.061 [http-nio-0.0.0.0-8080-exec-10] DEBUG org.hibernate.SQL - 
    select
        t1_0.id,
        t1_0.amount_xaf,
        t1_0.created_at,
        t1_0.source_amount,
        t1_0.source_currency,
        t1_0.status,
        t1_0.type,
        t1_0.user_id 
    from
        transactions t1_0
2026-05-20 13:41:53.061 [http-nio-0.0.0.0-8080-exec-10] DEBUG org.hibernate.SQL - 
    select
        t1_0.id,
        t1_0.amount_xaf,
        t1_0.created_at,
        t1_0.source_amount,
        t1_0.source_currency,
        t1_0.status,
        t1_0.type,
        t1_0.user_id 
    from
        transactions t1_0
2026-05-20 13:41:53.064 [http-nio-0.0.0.0-8080-exec-10] DEBUG o.s.orm.jpa.JpaTransactionManager - Initiating transaction commit
2026-05-20 13:41:53.064 [http-nio-0.0.0.0-8080-exec-10] DEBUG o.s.orm.jpa.JpaTransactionManager - Committing JPA transaction on EntityManager [SessionImpl(697195204<open>)]
2026-05-20 13:41:53.066 [http-nio-0.0.0.0-8080-exec-10] DEBUG o.s.orm.jpa.JpaTransactionManager - Not closing pre-bound JPA EntityManager after transaction
2026-05-20 13:41:53.069 [http-nio-0.0.0.0-8080-exec-10] DEBUG o.s.o.j.s.OpenEntityManagerInViewInterceptor - Closing JPA EntityManager in OpenEntityManagerInViewInterceptor
2026-05-20 13:41:57.268 [http-nio-0.0.0.0-8080-exec-3] DEBUG o.s.o.j.SharedEntityManagerCreator$SharedEntityManagerInvocationHandler - Creating new EntityManager for shared EntityManager invocation
2026-05-20 13:41:57.276 [http-nio-0.0.0.0-8080-exec-3] DEBUG org.hibernate.SQL - 
    select
        u1_0.id,
        u1_0.address,
        u1_0.admin_notes,
        u1_0.avatar_url,
        u1_0.bio,
        u1_0.preferred_category,
        u1_0.created_at,
        u1_0.email,
        u1_0.google_id,
        u1_0.kyc_status,
        u1_0.password,
        u1_0.last_name,
        u1_0.first_name,
        u1_0.role,
        u1_0.status,
        u1_0.phone,
        u1_0.ville 
    from
        users u1_0 
    where
        u1_0.email=?
2026-05-20 13:41:57.276 [http-nio-0.0.0.0-8080-exec-3] DEBUG org.hibernate.SQL - 
    select
        u1_0.id,
        u1_0.address,
        u1_0.admin_notes,
        u1_0.avatar_url,
        u1_0.bio,
        u1_0.preferred_category,
        u1_0.created_at,
        u1_0.email,
        u1_0.google_id,
        u1_0.kyc_status,
        u1_0.password,
        u1_0.last_name,
        u1_0.first_name,
        u1_0.role,
        u1_0.status,
        u1_0.phone,
        u1_0.ville 
    from
        users u1_0 
    where
        u1_0.email=?
2026-05-20 13:41:57.293 [http-nio-0.0.0.0-8080-exec-3] DEBUG o.s.o.j.s.OpenEntityManagerInViewInterceptor - Opening JPA EntityManager in OpenEntityManagerInViewInterceptor
2026-05-20 13:41:57.299 [http-nio-0.0.0.0-8080-exec-3] DEBUG o.s.orm.jpa.JpaTransactionManager - Found thread-bound EntityManager [SessionImpl(362706541<open>)] for JPA transaction
2026-05-20 13:41:57.300 [http-nio-0.0.0.0-8080-exec-3] DEBUG o.s.orm.jpa.JpaTransactionManager - Creating new transaction with name [org.springframework.data.jpa.repository.support.SimpleJpaRepository.findAll]: PROPAGATION_REQUIRED,ISOLATION_DEFAULT,readOnly
2026-05-20 13:41:57.301 [http-nio-0.0.0.0-8080-exec-3] DEBUG o.s.orm.jpa.JpaTransactionManager - Exposing JPA transaction as JDBC [org.springframework.orm.jpa.vendor.HibernateJpaDialect$HibernateConnectionHandle@8e70a54]
2026-05-20 13:41:57.310 [http-nio-0.0.0.0-8080-exec-3] DEBUG org.hibernate.SQL - 
    select
        l1_0.id,
        l1_0.accuse_id,
        l1_0.date_creation,
        l1_0.date_resolution,
        l1_0.decision_admin,
        l1_0.description,
        l1_0.plaignant_id,
        l1_0.projet_concerne_id,
        l1_0.statut,
        l1_0.titre,
        l1_0.type 
    from
        litiges l1_0
2026-05-20 13:41:57.310 [http-nio-0.0.0.0-8080-exec-3] DEBUG org.hibernate.SQL - 
    select
        l1_0.id,
        l1_0.accuse_id,
        l1_0.date_creation,
        l1_0.date_resolution,
        l1_0.decision_admin,
        l1_0.description,
        l1_0.plaignant_id,
        l1_0.projet_concerne_id,
        l1_0.statut,
        l1_0.titre,
        l1_0.type 
    from
        litiges l1_0
2026-05-20 13:41:57.567 [http-nio-0.0.0.0-8080-exec-3] DEBUG o.s.orm.jpa.JpaTransactionManager - Initiating transaction commit
2026-05-20 13:41:57.568 [http-nio-0.0.0.0-8080-exec-3] DEBUG o.s.orm.jpa.JpaTransactionManager - Committing JPA transaction on EntityManager [SessionImpl(362706541<open>)]
2026-05-20 13:41:57.569 [http-nio-0.0.0.0-8080-exec-3] DEBUG o.s.orm.jpa.JpaTransactionManager - Not closing pre-bound JPA EntityManager after transaction
2026-05-20 13:41:57.575 [http-nio-0.0.0.0-8080-exec-3] DEBUG o.s.o.j.s.OpenEntityManagerInViewInterceptor - Closing JPA EntityManager in OpenEntityManagerInViewInterceptor
2026-05-20 13:41:57.581 [http-nio-0.0.0.0-8080-exec-2] DEBUG o.s.o.j.SharedEntityManagerCreator$SharedEntityManagerInvocationHandler - Creating new EntityManager for shared EntityManager invocation
2026-05-20 13:41:57.583 [http-nio-0.0.0.0-8080-exec-2] DEBUG org.hibernate.SQL - 
    select
        u1_0.id,
        u1_0.address,
        u1_0.admin_notes,
        u1_0.avatar_url,
        u1_0.bio,
        u1_0.preferred_category,
        u1_0.created_at,
        u1_0.email,
        u1_0.google_id,
        u1_0.kyc_status,
        u1_0.password,
        u1_0.last_name,
        u1_0.first_name,
        u1_0.role,
        u1_0.status,
        u1_0.phone,
        u1_0.ville 
    from
        users u1_0 
    where
        u1_0.email=?
2026-05-20 13:41:57.583 [http-nio-0.0.0.0-8080-exec-2] DEBUG org.hibernate.SQL - 
    select
        u1_0.id,
        u1_0.address,
        u1_0.admin_notes,
        u1_0.avatar_url,
        u1_0.bio,
        u1_0.preferred_category,
        u1_0.created_at,
        u1_0.email,
        u1_0.google_id,
        u1_0.kyc_status,
        u1_0.password,
        u1_0.last_name,
        u1_0.first_name,
        u1_0.role,
        u1_0.status,
        u1_0.phone,
        u1_0.ville 
    from
        users u1_0 
    where
        u1_0.email=?
2026-05-20 13:41:57.594 [http-nio-0.0.0.0-8080-exec-2] DEBUG o.s.o.j.s.OpenEntityManagerInViewInterceptor - Opening JPA EntityManager in OpenEntityManagerInViewInterceptor
2026-05-20 13:41:57.596 [http-nio-0.0.0.0-8080-exec-2] DEBUG o.s.orm.jpa.JpaTransactionManager - Found thread-bound EntityManager [SessionImpl(505371385<open>)] for JPA transaction
2026-05-20 13:41:57.596 [http-nio-0.0.0.0-8080-exec-2] DEBUG o.s.orm.jpa.JpaTransactionManager - Creating new transaction with name [org.springframework.data.jpa.repository.support.SimpleJpaRepository.findAll]: PROPAGATION_REQUIRED,ISOLATION_DEFAULT,readOnly
2026-05-20 13:41:57.598 [http-nio-0.0.0.0-8080-exec-2] DEBUG o.s.orm.jpa.JpaTransactionManager - Exposing JPA transaction as JDBC [org.springframework.orm.jpa.vendor.HibernateJpaDialect$HibernateConnectionHandle@751508ec]
2026-05-20 13:41:57.599 [http-nio-0.0.0.0-8080-exec-2] DEBUG org.hibernate.SQL - 
    select
        l1_0.id,
        l1_0.accuse_id,
        l1_0.date_creation,
        l1_0.date_resolution,
        l1_0.decision_admin,
        l1_0.description,
        l1_0.plaignant_id,
        l1_0.projet_concerne_id,
        l1_0.statut,
        l1_0.titre,
        l1_0.type 
    from
        litiges l1_0
2026-05-20 13:41:57.599 [http-nio-0.0.0.0-8080-exec-2] DEBUG org.hibernate.SQL - 
    select
        l1_0.id,
        l1_0.accuse_id,
        l1_0.date_creation,
        l1_0.date_resolution,
        l1_0.decision_admin,
        l1_0.description,
        l1_0.plaignant_id,
        l1_0.projet_concerne_id,
        l1_0.statut,
        l1_0.titre,
        l1_0.type 
    from
        litiges l1_0
2026-05-20 13:41:57.601 [http-nio-0.0.0.0-8080-exec-2] DEBUG o.s.orm.jpa.JpaTransactionManager - Initiating transaction commit
2026-05-20 13:41:57.601 [http-nio-0.0.0.0-8080-exec-2] DEBUG o.s.orm.jpa.JpaTransactionManager - Committing JPA transaction on EntityManager [SessionImpl(505371385<open>)]
2026-05-20 13:41:57.602 [http-nio-0.0.0.0-8080-exec-2] DEBUG o.s.orm.jpa.JpaTransactionManager - Not closing pre-bound JPA EntityManager after transaction
2026-05-20 13:41:57.606 [http-nio-0.0.0.0-8080-exec-2] DEBUG o.s.o.j.s.OpenEntityManagerInViewInterceptor - Closing JPA EntityManager in OpenEntityManagerInViewInterceptor
2026-05-20 13:42:00.159 [http-nio-0.0.0.0-8080-exec-6] DEBUG o.s.o.j.SharedEntityManagerCreator$SharedEntityManagerInvocationHandler - Creating new EntityManager for shared EntityManager invocation
2026-05-20 13:42:00.161 [http-nio-0.0.0.0-8080-exec-6] DEBUG org.hibernate.SQL - 
    select
        u1_0.id,
        u1_0.address,
        u1_0.admin_notes,
        u1_0.avatar_url,
        u1_0.bio,
        u1_0.preferred_category,
        u1_0.created_at,
        u1_0.email,
        u1_0.google_id,
        u1_0.kyc_status,
        u1_0.password,
        u1_0.last_name,
        u1_0.first_name,
        u1_0.role,
        u1_0.status,
        u1_0.phone,
        u1_0.ville 
    from
        users u1_0 
    where
        u1_0.email=?
2026-05-20 13:42:00.161 [http-nio-0.0.0.0-8080-exec-6] DEBUG org.hibernate.SQL - 
    select
        u1_0.id,
        u1_0.address,
        u1_0.admin_notes,
        u1_0.avatar_url,
        u1_0.bio,
        u1_0.preferred_category,
        u1_0.created_at,
        u1_0.email,
        u1_0.google_id,
        u1_0.kyc_status,
        u1_0.password,
        u1_0.last_name,
        u1_0.first_name,
        u1_0.role,
        u1_0.status,
        u1_0.phone,
        u1_0.ville 
    from
        users u1_0 
    where
        u1_0.email=?
2026-05-20 13:42:00.179 [http-nio-0.0.0.0-8080-exec-1] DEBUG o.s.o.j.SharedEntityManagerCreator$SharedEntityManagerInvocationHandler - Creating new EntityManager for shared EntityManager invocation
2026-05-20 13:42:00.180 [http-nio-0.0.0.0-8080-exec-6] DEBUG o.s.o.j.s.OpenEntityManagerInViewInterceptor - Opening JPA EntityManager in OpenEntityManagerInViewInterceptor
2026-05-20 13:42:00.180 [http-nio-0.0.0.0-8080-exec-3] DEBUG o.s.o.j.SharedEntityManagerCreator$SharedEntityManagerInvocationHandler - Creating new EntityManager for shared EntityManager invocation
2026-05-20 13:42:00.181 [http-nio-0.0.0.0-8080-exec-1] DEBUG org.hibernate.SQL - 
    select
        u1_0.id,
        u1_0.address,
        u1_0.admin_notes,
        u1_0.avatar_url,
        u1_0.bio,
        u1_0.preferred_category,
        u1_0.created_at,
        u1_0.email,
        u1_0.google_id,
        u1_0.kyc_status,
        u1_0.password,
        u1_0.last_name,
        u1_0.first_name,
        u1_0.role,
        u1_0.status,
        u1_0.phone,
        u1_0.ville 
    from
        users u1_0 
    where
        u1_0.email=?
2026-05-20 13:42:00.181 [http-nio-0.0.0.0-8080-exec-1] DEBUG org.hibernate.SQL - 
    select
        u1_0.id,
        u1_0.address,
        u1_0.admin_notes,
        u1_0.avatar_url,
        u1_0.bio,
        u1_0.preferred_category,
        u1_0.created_at,
        u1_0.email,
        u1_0.google_id,
        u1_0.kyc_status,
        u1_0.password,
        u1_0.last_name,
        u1_0.first_name,
        u1_0.role,
        u1_0.status,
        u1_0.phone,
        u1_0.ville 
    from
        users u1_0 
    where
        u1_0.email=?
2026-05-20 13:42:00.182 [http-nio-0.0.0.0-8080-exec-3] DEBUG org.hibernate.SQL - 
    select
        u1_0.id,
        u1_0.address,
        u1_0.admin_notes,
        u1_0.avatar_url,
        u1_0.bio,
        u1_0.preferred_category,
        u1_0.created_at,
        u1_0.email,
        u1_0.google_id,
        u1_0.kyc_status,
        u1_0.password,
        u1_0.last_name,
        u1_0.first_name,
        u1_0.role,
        u1_0.status,
        u1_0.phone,
        u1_0.ville 
    from
        users u1_0 
    where
        u1_0.email=?
2026-05-20 13:42:00.182 [http-nio-0.0.0.0-8080-exec-3] DEBUG org.hibernate.SQL - 
    select
        u1_0.id,
        u1_0.address,
        u1_0.admin_notes,
        u1_0.avatar_url,
        u1_0.bio,
        u1_0.preferred_category,
        u1_0.created_at,
        u1_0.email,
        u1_0.google_id,
        u1_0.kyc_status,
        u1_0.password,
        u1_0.last_name,
        u1_0.first_name,
        u1_0.role,
        u1_0.status,
        u1_0.phone,
        u1_0.ville 
    from
        users u1_0 
    where
        u1_0.email=?
2026-05-20 13:42:00.183 [http-nio-0.0.0.0-8080-exec-6] DEBUG o.s.orm.jpa.JpaTransactionManager - Found thread-bound EntityManager [SessionImpl(1994253485<open>)] for JPA transaction
2026-05-20 13:42:00.184 [http-nio-0.0.0.0-8080-exec-6] DEBUG o.s.orm.jpa.JpaTransactionManager - Creating new transaction with name [org.springframework.data.jpa.repository.support.SimpleJpaRepository.findAll]: PROPAGATION_REQUIRED,ISOLATION_DEFAULT,readOnly
2026-05-20 13:42:00.185 [http-nio-0.0.0.0-8080-exec-6] DEBUG o.s.orm.jpa.JpaTransactionManager - Exposing JPA transaction as JDBC [org.springframework.orm.jpa.vendor.HibernateJpaDialect$HibernateConnectionHandle@59aa4365]
2026-05-20 13:42:00.190 [http-nio-0.0.0.0-8080-exec-6] DEBUG org.hibernate.SQL - 
    select
        u1_0.id,
        u1_0.address,
        u1_0.admin_notes,
        u1_0.avatar_url,
        u1_0.bio,
        u1_0.preferred_category,
        u1_0.created_at,
        u1_0.email,
        u1_0.google_id,
        u1_0.kyc_status,
        u1_0.password,
        u1_0.last_name,
        u1_0.first_name,
        u1_0.role,
        u1_0.status,
        u1_0.phone,
        u1_0.ville 
    from
        users u1_0
2026-05-20 13:42:00.190 [http-nio-0.0.0.0-8080-exec-6] DEBUG org.hibernate.SQL - 
    select
        u1_0.id,
        u1_0.address,
        u1_0.admin_notes,
        u1_0.avatar_url,
        u1_0.bio,
        u1_0.preferred_category,
        u1_0.created_at,
        u1_0.email,
        u1_0.google_id,
        u1_0.kyc_status,
        u1_0.password,
        u1_0.last_name,
        u1_0.first_name,
        u1_0.role,
        u1_0.status,
        u1_0.phone,
        u1_0.ville 
    from
        users u1_0
2026-05-20 13:42:00.195 [http-nio-0.0.0.0-8080-exec-1] DEBUG o.s.o.j.s.OpenEntityManagerInViewInterceptor - Opening JPA EntityManager in OpenEntityManagerInViewInterceptor
2026-05-20 13:42:00.196 [http-nio-0.0.0.0-8080-exec-6] DEBUG o.s.orm.jpa.JpaTransactionManager - Initiating transaction commit
2026-05-20 13:42:00.196 [http-nio-0.0.0.0-8080-exec-6] DEBUG o.s.orm.jpa.JpaTransactionManager - Committing JPA transaction on EntityManager [SessionImpl(1994253485<open>)]
2026-05-20 13:42:00.197 [http-nio-0.0.0.0-8080-exec-1] DEBUG o.s.orm.jpa.JpaTransactionManager - Found thread-bound EntityManager [SessionImpl(1846368919<open>)] for JPA transaction
2026-05-20 13:42:00.198 [http-nio-0.0.0.0-8080-exec-6] DEBUG o.s.orm.jpa.JpaTransactionManager - Not closing pre-bound JPA EntityManager after transaction
2026-05-20 13:42:00.198 [http-nio-0.0.0.0-8080-exec-1] DEBUG o.s.orm.jpa.JpaTransactionManager - Creating new transaction with name [org.springframework.data.jpa.repository.support.SimpleJpaRepository.findAll]: PROPAGATION_REQUIRED,ISOLATION_DEFAULT,readOnly
2026-05-20 13:42:00.208 [http-nio-0.0.0.0-8080-exec-1] DEBUG o.s.orm.jpa.JpaTransactionManager - Exposing JPA transaction as JDBC [org.springframework.orm.jpa.vendor.HibernateJpaDialect$HibernateConnectionHandle@7324854c]
2026-05-20 13:42:00.210 [http-nio-0.0.0.0-8080-exec-1] DEBUG org.hibernate.SQL - 
    select
        t1_0.id,
        t1_0.amount_xaf,
        t1_0.created_at,
        t1_0.source_amount,
        t1_0.source_currency,
        t1_0.status,
        t1_0.type,
        t1_0.user_id 
    from
        transactions t1_0
2026-05-20 13:42:00.210 [http-nio-0.0.0.0-8080-exec-1] DEBUG org.hibernate.SQL - 
    select
        t1_0.id,
        t1_0.amount_xaf,
        t1_0.created_at,
        t1_0.source_amount,
        t1_0.source_currency,
        t1_0.status,
        t1_0.type,
        t1_0.user_id 
    from
        transactions t1_0
2026-05-20 13:42:00.211 [http-nio-0.0.0.0-8080-exec-6] DEBUG o.s.o.j.s.OpenEntityManagerInViewInterceptor - Closing JPA EntityManager in OpenEntityManagerInViewInterceptor
2026-05-20 13:42:00.213 [http-nio-0.0.0.0-8080-exec-1] DEBUG o.s.orm.jpa.JpaTransactionManager - Initiating transaction commit
2026-05-20 13:42:00.214 [http-nio-0.0.0.0-8080-exec-1] DEBUG o.s.orm.jpa.JpaTransactionManager - Committing JPA transaction on EntityManager [SessionImpl(1846368919<open>)]
2026-05-20 13:42:00.216 [http-nio-0.0.0.0-8080-exec-1] DEBUG o.s.orm.jpa.JpaTransactionManager - Not closing pre-bound JPA EntityManager after transaction
2026-05-20 13:42:00.218 [http-nio-0.0.0.0-8080-exec-1] DEBUG o.s.o.j.s.OpenEntityManagerInViewInterceptor - Closing JPA EntityManager in OpenEntityManagerInViewInterceptor
2026-05-20 13:42:00.227 [http-nio-0.0.0.0-8080-exec-2] DEBUG o.s.o.j.SharedEntityManagerCreator$SharedEntityManagerInvocationHandler - Creating new EntityManager for shared EntityManager invocation
2026-05-20 13:42:00.230 [http-nio-0.0.0.0-8080-exec-2] DEBUG org.hibernate.SQL - 
    select
        u1_0.id,
        u1_0.address,
        u1_0.admin_notes,
        u1_0.avatar_url,
        u1_0.bio,
        u1_0.preferred_category,
        u1_0.created_at,
        u1_0.email,
        u1_0.google_id,
        u1_0.kyc_status,
        u1_0.password,
        u1_0.last_name,
        u1_0.first_name,
        u1_0.role,
        u1_0.status,
        u1_0.phone,
        u1_0.ville 
    from
        users u1_0 
    where
        u1_0.email=?
2026-05-20 13:42:00.230 [http-nio-0.0.0.0-8080-exec-2] DEBUG org.hibernate.SQL - 
    select
        u1_0.id,
        u1_0.address,
        u1_0.admin_notes,
        u1_0.avatar_url,
        u1_0.bio,
        u1_0.preferred_category,
        u1_0.created_at,
        u1_0.email,
        u1_0.google_id,
        u1_0.kyc_status,
        u1_0.password,
        u1_0.last_name,
        u1_0.first_name,
        u1_0.role,
        u1_0.status,
        u1_0.phone,
        u1_0.ville 
    from
        users u1_0 
    where
        u1_0.email=?
2026-05-20 13:42:00.245 [http-nio-0.0.0.0-8080-exec-7] DEBUG o.s.o.j.SharedEntityManagerCreator$SharedEntityManagerInvocationHandler - Creating new EntityManager for shared EntityManager invocation
2026-05-20 13:42:00.247 [http-nio-0.0.0.0-8080-exec-7] DEBUG org.hibernate.SQL - 
    select
        u1_0.id,
        u1_0.address,
        u1_0.admin_notes,
        u1_0.avatar_url,
        u1_0.bio,
        u1_0.preferred_category,
        u1_0.created_at,
        u1_0.email,
        u1_0.google_id,
        u1_0.kyc_status,
        u1_0.password,
        u1_0.last_name,
        u1_0.first_name,
        u1_0.role,
        u1_0.status,
        u1_0.phone,
        u1_0.ville 
    from
        users u1_0 
    where
        u1_0.email=?
2026-05-20 13:42:00.247 [http-nio-0.0.0.0-8080-exec-7] DEBUG org.hibernate.SQL - 
    select
        u1_0.id,
        u1_0.address,
        u1_0.admin_notes,
        u1_0.avatar_url,
        u1_0.bio,
        u1_0.preferred_category,
        u1_0.created_at,
        u1_0.email,
        u1_0.google_id,
        u1_0.kyc_status,
        u1_0.password,
        u1_0.last_name,
        u1_0.first_name,
        u1_0.role,
        u1_0.status,
        u1_0.phone,
        u1_0.ville 
    from
        users u1_0 
    where
        u1_0.email=?
2026-05-20 13:42:00.259 [http-nio-0.0.0.0-8080-exec-2] DEBUG o.s.o.j.s.OpenEntityManagerInViewInterceptor - Opening JPA EntityManager in OpenEntityManagerInViewInterceptor
2026-05-20 13:42:00.260 [http-nio-0.0.0.0-8080-exec-3] DEBUG o.s.o.j.s.OpenEntityManagerInViewInterceptor - Opening JPA EntityManager in OpenEntityManagerInViewInterceptor
2026-05-20 13:42:00.262 [http-nio-0.0.0.0-8080-exec-3] DEBUG o.s.orm.jpa.JpaTransactionManager - Found thread-bound EntityManager [SessionImpl(676018639<open>)] for JPA transaction
2026-05-20 13:42:00.262 [http-nio-0.0.0.0-8080-exec-3] DEBUG o.s.orm.jpa.JpaTransactionManager - Creating new transaction with name [org.springframework.data.jpa.repository.support.SimpleJpaRepository.findAll]: PROPAGATION_REQUIRED,ISOLATION_DEFAULT,readOnly
2026-05-20 13:42:00.263 [http-nio-0.0.0.0-8080-exec-2] DEBUG o.s.orm.jpa.JpaTransactionManager - Found thread-bound EntityManager [SessionImpl(471560402<open>)] for JPA transaction
2026-05-20 13:42:00.264 [http-nio-0.0.0.0-8080-exec-2] DEBUG o.s.orm.jpa.JpaTransactionManager - Creating new transaction with name [org.springframework.data.jpa.repository.support.SimpleJpaRepository.findAll]: PROPAGATION_REQUIRED,ISOLATION_DEFAULT,readOnly
2026-05-20 13:42:00.265 [http-nio-0.0.0.0-8080-exec-3] DEBUG o.s.orm.jpa.JpaTransactionManager - Exposing JPA transaction as JDBC [org.springframework.orm.jpa.vendor.HibernateJpaDialect$HibernateConnectionHandle@40ce3d8d]
2026-05-20 13:42:00.266 [http-nio-0.0.0.0-8080-exec-2] DEBUG o.s.orm.jpa.JpaTransactionManager - Exposing JPA transaction as JDBC [org.springframework.orm.jpa.vendor.HibernateJpaDialect$HibernateConnectionHandle@a30da08]
2026-05-20 13:42:00.267 [http-nio-0.0.0.0-8080-exec-3] DEBUG org.hibernate.SQL - 
    select
        p1_0.id,
        p1_0.admin_notes,
        p1_0.all_or_nothing,
        p1_0.categorie,
        p1_0.created_at,
        p1_0.start_date,
        p1_0.end_date,
        p1_0.description,
        p1_0.cover_image,
        p1_0.localisation,
        p1_0.current_amount,
        p1_0.investors_count,
        p1_0.funding_goal,
        p1_0.equity_percentage,
        p1_0.owner_id,
        p1_0.status,
        p1_0.suspension_deadline,
        p1_0.interest_rate,
        p1_0.titre,
        p1_0.funding_type 
    from
        projects p1_0
2026-05-20 13:42:00.267 [http-nio-0.0.0.0-8080-exec-3] DEBUG org.hibernate.SQL - 
    select
        p1_0.id,
        p1_0.admin_notes,
        p1_0.all_or_nothing,
        p1_0.categorie,
        p1_0.created_at,
        p1_0.start_date,
        p1_0.end_date,
        p1_0.description,
        p1_0.cover_image,
        p1_0.localisation,
        p1_0.current_amount,
        p1_0.investors_count,
        p1_0.funding_goal,
        p1_0.equity_percentage,
        p1_0.owner_id,
        p1_0.status,
        p1_0.suspension_deadline,
        p1_0.interest_rate,
        p1_0.titre,
        p1_0.funding_type 
    from
        projects p1_0
2026-05-20 13:42:00.267 [http-nio-0.0.0.0-8080-exec-7] DEBUG o.s.o.j.s.OpenEntityManagerInViewInterceptor - Opening JPA EntityManager in OpenEntityManagerInViewInterceptor
2026-05-20 13:42:00.268 [http-nio-0.0.0.0-8080-exec-2] DEBUG org.hibernate.SQL - 
    select
        u1_0.id,
        u1_0.address,
        u1_0.admin_notes,
        u1_0.avatar_url,
        u1_0.bio,
        u1_0.preferred_category,
        u1_0.created_at,
        u1_0.email,
        u1_0.google_id,
        u1_0.kyc_status,
        u1_0.password,
        u1_0.last_name,
        u1_0.first_name,
        u1_0.role,
        u1_0.status,
        u1_0.phone,
        u1_0.ville 
    from
        users u1_0
2026-05-20 13:42:00.268 [http-nio-0.0.0.0-8080-exec-2] DEBUG org.hibernate.SQL - 
    select
        u1_0.id,
        u1_0.address,
        u1_0.admin_notes,
        u1_0.avatar_url,
        u1_0.bio,
        u1_0.preferred_category,
        u1_0.created_at,
        u1_0.email,
        u1_0.google_id,
        u1_0.kyc_status,
        u1_0.password,
        u1_0.last_name,
        u1_0.first_name,
        u1_0.role,
        u1_0.status,
        u1_0.phone,
        u1_0.ville 
    from
        users u1_0
2026-05-20 13:42:00.276 [http-nio-0.0.0.0-8080-exec-2] DEBUG o.s.orm.jpa.JpaTransactionManager - Initiating transaction commit
2026-05-20 13:42:00.276 [http-nio-0.0.0.0-8080-exec-3] DEBUG org.hibernate.SQL - 
    select
        u1_0.id,
        u1_0.address,
        u1_0.admin_notes,
        u1_0.avatar_url,
        u1_0.bio,
        u1_0.preferred_category,
        u1_0.created_at,
        u1_0.email,
        u1_0.google_id,
        u1_0.kyc_status,
        u1_0.password,
        u1_0.last_name,
        u1_0.first_name,
        u1_0.role,
        u1_0.status,
        u1_0.phone,
        u1_0.ville 
    from
        users u1_0 
    where
        u1_0.id=?
2026-05-20 13:42:00.276 [http-nio-0.0.0.0-8080-exec-3] DEBUG org.hibernate.SQL - 
    select
        u1_0.id,
        u1_0.address,
        u1_0.admin_notes,
        u1_0.avatar_url,
        u1_0.bio,
        u1_0.preferred_category,
        u1_0.created_at,
        u1_0.email,
        u1_0.google_id,
        u1_0.kyc_status,
        u1_0.password,
        u1_0.last_name,
        u1_0.first_name,
        u1_0.role,
        u1_0.status,
        u1_0.phone,
        u1_0.ville 
    from
        users u1_0 
    where
        u1_0.id=?
2026-05-20 13:42:00.278 [http-nio-0.0.0.0-8080-exec-2] DEBUG o.s.orm.jpa.JpaTransactionManager - Committing JPA transaction on EntityManager [SessionImpl(471560402<open>)]
2026-05-20 13:42:00.281 [http-nio-0.0.0.0-8080-exec-2] DEBUG o.s.orm.jpa.JpaTransactionManager - Not closing pre-bound JPA EntityManager after transaction
2026-05-20 13:42:00.283 [http-nio-0.0.0.0-8080-exec-3] DEBUG o.s.orm.jpa.JpaTransactionManager - Initiating transaction commit
2026-05-20 13:42:00.283 [http-nio-0.0.0.0-8080-exec-7] DEBUG o.s.orm.jpa.JpaTransactionManager - Found thread-bound EntityManager [SessionImpl(1353497764<open>)] for JPA transaction
2026-05-20 13:42:00.284 [http-nio-0.0.0.0-8080-exec-3] DEBUG o.s.orm.jpa.JpaTransactionManager - Committing JPA transaction on EntityManager [SessionImpl(676018639<open>)]
2026-05-20 13:42:00.284 [http-nio-0.0.0.0-8080-exec-7] DEBUG o.s.orm.jpa.JpaTransactionManager - Creating new transaction with name [org.springframework.data.jpa.repository.support.SimpleJpaRepository.findAll]: PROPAGATION_REQUIRED,ISOLATION_DEFAULT,readOnly
2026-05-20 13:42:00.290 [http-nio-0.0.0.0-8080-exec-2] DEBUG o.s.o.j.s.OpenEntityManagerInViewInterceptor - Closing JPA EntityManager in OpenEntityManagerInViewInterceptor
2026-05-20 13:42:00.292 [http-nio-0.0.0.0-8080-exec-3] DEBUG o.s.orm.jpa.JpaTransactionManager - Not closing pre-bound JPA EntityManager after transaction
2026-05-20 13:42:00.292 [http-nio-0.0.0.0-8080-exec-7] DEBUG o.s.orm.jpa.JpaTransactionManager - Exposing JPA transaction as JDBC [org.springframework.orm.jpa.vendor.HibernateJpaDialect$HibernateConnectionHandle@19cceb38]
2026-05-20 13:42:00.296 [http-nio-0.0.0.0-8080-exec-7] DEBUG org.hibernate.SQL - 
    select
        t1_0.id,
        t1_0.amount_xaf,
        t1_0.created_at,
        t1_0.source_amount,
        t1_0.source_currency,
        t1_0.status,
        t1_0.type,
        t1_0.user_id 
    from
        transactions t1_0
2026-05-20 13:42:00.296 [http-nio-0.0.0.0-8080-exec-7] DEBUG org.hibernate.SQL - 
    select
        t1_0.id,
        t1_0.amount_xaf,
        t1_0.created_at,
        t1_0.source_amount,
        t1_0.source_currency,
        t1_0.status,
        t1_0.type,
        t1_0.user_id 
    from
        transactions t1_0
2026-05-20 13:42:00.309 [http-nio-0.0.0.0-8080-exec-7] DEBUG o.s.orm.jpa.JpaTransactionManager - Initiating transaction commit
2026-05-20 13:42:00.313 [http-nio-0.0.0.0-8080-exec-7] DEBUG o.s.orm.jpa.JpaTransactionManager - Committing JPA transaction on EntityManager [SessionImpl(1353497764<open>)]
2026-05-20 13:42:00.317 [http-nio-0.0.0.0-8080-exec-3] DEBUG o.s.o.j.s.OpenEntityManagerInViewInterceptor - Closing JPA EntityManager in OpenEntityManagerInViewInterceptor
2026-05-20 13:42:00.318 [http-nio-0.0.0.0-8080-exec-7] DEBUG o.s.orm.jpa.JpaTransactionManager - Not closing pre-bound JPA EntityManager after transaction
2026-05-20 13:42:00.331 [http-nio-0.0.0.0-8080-exec-7] DEBUG o.s.o.j.s.OpenEntityManagerInViewInterceptor - Closing JPA EntityManager in OpenEntityManagerInViewInterceptor
2026-05-20 13:42:00.349 [http-nio-0.0.0.0-8080-exec-5] DEBUG o.s.o.j.SharedEntityManagerCreator$SharedEntityManagerInvocationHandler - Creating new EntityManager for shared EntityManager invocation
2026-05-20 13:42:00.352 [http-nio-0.0.0.0-8080-exec-5] DEBUG org.hibernate.SQL - 
    select
        u1_0.id,
        u1_0.address,
        u1_0.admin_notes,
        u1_0.avatar_url,
        u1_0.bio,
        u1_0.preferred_category,
        u1_0.created_at,
        u1_0.email,
        u1_0.google_id,
        u1_0.kyc_status,
        u1_0.password,
        u1_0.last_name,
        u1_0.first_name,
        u1_0.role,
        u1_0.status,
        u1_0.phone,
        u1_0.ville 
    from
        users u1_0 
    where
        u1_0.email=?
2026-05-20 13:42:00.352 [http-nio-0.0.0.0-8080-exec-5] DEBUG org.hibernate.SQL - 
    select
        u1_0.id,
        u1_0.address,
        u1_0.admin_notes,
        u1_0.avatar_url,
        u1_0.bio,
        u1_0.preferred_category,
        u1_0.created_at,
        u1_0.email,
        u1_0.google_id,
        u1_0.kyc_status,
        u1_0.password,
        u1_0.last_name,
        u1_0.first_name,
        u1_0.role,
        u1_0.status,
        u1_0.phone,
        u1_0.ville 
    from
        users u1_0 
    where
        u1_0.email=?
2026-05-20 13:42:00.368 [http-nio-0.0.0.0-8080-exec-5] DEBUG o.s.o.j.s.OpenEntityManagerInViewInterceptor - Opening JPA EntityManager in OpenEntityManagerInViewInterceptor
2026-05-20 13:42:00.380 [http-nio-0.0.0.0-8080-exec-5] DEBUG o.s.orm.jpa.JpaTransactionManager - Found thread-bound EntityManager [SessionImpl(690522504<open>)] for JPA transaction
2026-05-20 13:42:00.381 [http-nio-0.0.0.0-8080-exec-5] DEBUG o.s.orm.jpa.JpaTransactionManager - Creating new transaction with name [org.springframework.data.jpa.repository.support.SimpleJpaRepository.findAll]: PROPAGATION_REQUIRED,ISOLATION_DEFAULT,readOnly
2026-05-20 13:42:00.383 [http-nio-0.0.0.0-8080-exec-5] DEBUG o.s.orm.jpa.JpaTransactionManager - Exposing JPA transaction as JDBC [org.springframework.orm.jpa.vendor.HibernateJpaDialect$HibernateConnectionHandle@383f756f]
2026-05-20 13:42:00.391 [http-nio-0.0.0.0-8080-exec-5] DEBUG org.hibernate.SQL - 
    select
        p1_0.id,
        p1_0.admin_notes,
        p1_0.all_or_nothing,
        p1_0.categorie,
        p1_0.created_at,
        p1_0.start_date,
        p1_0.end_date,
        p1_0.description,
        p1_0.cover_image,
        p1_0.localisation,
        p1_0.current_amount,
        p1_0.investors_count,
        p1_0.funding_goal,
        p1_0.equity_percentage,
        p1_0.owner_id,
        p1_0.status,
        p1_0.suspension_deadline,
        p1_0.interest_rate,
        p1_0.titre,
        p1_0.funding_type 
    from
        projects p1_0
2026-05-20 13:42:00.391 [http-nio-0.0.0.0-8080-exec-5] DEBUG org.hibernate.SQL - 
    select
        p1_0.id,
        p1_0.admin_notes,
        p1_0.all_or_nothing,
        p1_0.categorie,
        p1_0.created_at,
        p1_0.start_date,
        p1_0.end_date,
        p1_0.description,
        p1_0.cover_image,
        p1_0.localisation,
        p1_0.current_amount,
        p1_0.investors_count,
        p1_0.funding_goal,
        p1_0.equity_percentage,
        p1_0.owner_id,
        p1_0.status,
        p1_0.suspension_deadline,
        p1_0.interest_rate,
        p1_0.titre,
        p1_0.funding_type 
    from
        projects p1_0
2026-05-20 13:42:00.399 [http-nio-0.0.0.0-8080-exec-5] DEBUG org.hibernate.SQL - 
    select
        u1_0.id,
        u1_0.address,
        u1_0.admin_notes,
        u1_0.avatar_url,
        u1_0.bio,
        u1_0.preferred_category,
        u1_0.created_at,
        u1_0.email,
        u1_0.google_id,
        u1_0.kyc_status,
        u1_0.password,
        u1_0.last_name,
        u1_0.first_name,
        u1_0.role,
        u1_0.status,
        u1_0.phone,
        u1_0.ville 
    from
        users u1_0 
    where
        u1_0.id=?
2026-05-20 13:42:00.399 [http-nio-0.0.0.0-8080-exec-5] DEBUG org.hibernate.SQL - 
    select
        u1_0.id,
        u1_0.address,
        u1_0.admin_notes,
        u1_0.avatar_url,
        u1_0.bio,
        u1_0.preferred_category,
        u1_0.created_at,
        u1_0.email,
        u1_0.google_id,
        u1_0.kyc_status,
        u1_0.password,
        u1_0.last_name,
        u1_0.first_name,
        u1_0.role,
        u1_0.status,
        u1_0.phone,
        u1_0.ville 
    from
        users u1_0 
    where
        u1_0.id=?
2026-05-20 13:42:00.411 [http-nio-0.0.0.0-8080-exec-5] DEBUG o.s.orm.jpa.JpaTransactionManager - Initiating transaction commit
2026-05-20 13:42:00.413 [http-nio-0.0.0.0-8080-exec-5] DEBUG o.s.orm.jpa.JpaTransactionManager - Committing JPA transaction on EntityManager [SessionImpl(690522504<open>)]
2026-05-20 13:42:00.416 [http-nio-0.0.0.0-8080-exec-5] DEBUG o.s.orm.jpa.JpaTransactionManager - Not closing pre-bound JPA EntityManager after transaction
2026-05-20 13:42:00.421 [http-nio-0.0.0.0-8080-exec-5] DEBUG o.s.o.j.s.OpenEntityManagerInViewInterceptor - Closing JPA EntityManager in OpenEntityManagerInViewInterceptor
2026-05-20 13:42:06.210 [http-nio-0.0.0.0-8080-exec-10] DEBUG o.s.o.j.SharedEntityManagerCreator$SharedEntityManagerInvocationHandler - Creating new EntityManager for shared EntityManager invocation
2026-05-20 13:42:06.212 [http-nio-0.0.0.0-8080-exec-10] DEBUG org.hibernate.SQL - 
    select
        u1_0.id,
        u1_0.address,
        u1_0.admin_notes,
        u1_0.avatar_url,
        u1_0.bio,
        u1_0.preferred_category,
        u1_0.created_at,
        u1_0.email,
        u1_0.google_id,
        u1_0.kyc_status,
        u1_0.password,
        u1_0.last_name,
        u1_0.first_name,
        u1_0.role,
        u1_0.status,
        u1_0.phone,
        u1_0.ville 
    from
        users u1_0 
    where
        u1_0.email=?
2026-05-20 13:42:06.212 [http-nio-0.0.0.0-8080-exec-10] DEBUG org.hibernate.SQL - 
    select
        u1_0.id,
        u1_0.address,
        u1_0.admin_notes,
        u1_0.avatar_url,
        u1_0.bio,
        u1_0.preferred_category,
        u1_0.created_at,
        u1_0.email,
        u1_0.google_id,
        u1_0.kyc_status,
        u1_0.password,
        u1_0.last_name,
        u1_0.first_name,
        u1_0.role,
        u1_0.status,
        u1_0.phone,
        u1_0.ville 
    from
        users u1_0 
    where
        u1_0.email=?
2026-05-20 13:42:06.221 [http-nio-0.0.0.0-8080-exec-10] DEBUG o.s.o.j.s.OpenEntityManagerInViewInterceptor - Opening JPA EntityManager in OpenEntityManagerInViewInterceptor
2026-05-20 13:42:06.227 [http-nio-0.0.0.0-8080-exec-10] DEBUG o.s.orm.jpa.JpaTransactionManager - Found thread-bound EntityManager [SessionImpl(648446911<open>)] for JPA transaction
2026-05-20 13:42:06.227 [http-nio-0.0.0.0-8080-exec-10] DEBUG o.s.orm.jpa.JpaTransactionManager - Creating new transaction with name [org.springframework.data.jpa.repository.support.SimpleJpaRepository.findAll]: PROPAGATION_REQUIRED,ISOLATION_DEFAULT,readOnly
2026-05-20 13:42:06.228 [http-nio-0.0.0.0-8080-exec-10] DEBUG o.s.orm.jpa.JpaTransactionManager - Exposing JPA transaction as JDBC [org.springframework.orm.jpa.vendor.HibernateJpaDialect$HibernateConnectionHandle@42581411]
2026-05-20 13:42:06.230 [http-nio-0.0.0.0-8080-exec-10] DEBUG org.hibernate.SQL - 
    select
        pc1_0.id,
        pc1_0.config_key,
        pc1_0.config_value,
        pc1_0.description,
        pc1_0.updated_at 
    from
        platform_configs pc1_0
2026-05-20 13:42:06.230 [http-nio-0.0.0.0-8080-exec-10] DEBUG org.hibernate.SQL - 
    select
        pc1_0.id,
        pc1_0.config_key,
        pc1_0.config_value,
        pc1_0.description,
        pc1_0.updated_at 
    from
        platform_configs pc1_0
2026-05-20 13:42:07.396 [http-nio-0.0.0.0-8080-exec-10] DEBUG o.s.orm.jpa.JpaTransactionManager - Initiating transaction commit
2026-05-20 13:42:07.396 [http-nio-0.0.0.0-8080-exec-10] DEBUG o.s.orm.jpa.JpaTransactionManager - Committing JPA transaction on EntityManager [SessionImpl(648446911<open>)]
2026-05-20 13:42:07.398 [http-nio-0.0.0.0-8080-exec-10] DEBUG o.s.orm.jpa.JpaTransactionManager - Not closing pre-bound JPA EntityManager after transaction
2026-05-20 13:42:07.409 [http-nio-0.0.0.0-8080-exec-10] DEBUG o.s.o.j.s.OpenEntityManagerInViewInterceptor - Closing JPA EntityManager in OpenEntityManagerInViewInterceptor
2026-05-20 13:42:07.427 [http-nio-0.0.0.0-8080-exec-9] DEBUG o.s.o.j.SharedEntityManagerCreator$SharedEntityManagerInvocationHandler - Creating new EntityManager for shared EntityManager invocation
2026-05-20 13:42:07.430 [http-nio-0.0.0.0-8080-exec-9] DEBUG org.hibernate.SQL - 
    select
        u1_0.id,
        u1_0.address,
        u1_0.admin_notes,
        u1_0.avatar_url,
        u1_0.bio,
        u1_0.preferred_category,
        u1_0.created_at,
        u1_0.email,
        u1_0.google_id,
        u1_0.kyc_status,
        u1_0.password,
        u1_0.last_name,
        u1_0.first_name,
        u1_0.role,
        u1_0.status,
        u1_0.phone,
        u1_0.ville 
    from
        users u1_0 
    where
        u1_0.email=?
2026-05-20 13:42:07.430 [http-nio-0.0.0.0-8080-exec-9] DEBUG org.hibernate.SQL - 
    select
        u1_0.id,
        u1_0.address,
        u1_0.admin_notes,
        u1_0.avatar_url,
        u1_0.bio,
        u1_0.preferred_category,
        u1_0.created_at,
        u1_0.email,
        u1_0.google_id,
        u1_0.kyc_status,
        u1_0.password,
        u1_0.last_name,
        u1_0.first_name,
        u1_0.role,
        u1_0.status,
        u1_0.phone,
        u1_0.ville 
    from
        users u1_0 
    where
        u1_0.email=?
2026-05-20 13:42:07.446 [http-nio-0.0.0.0-8080-exec-9] DEBUG o.s.o.j.s.OpenEntityManagerInViewInterceptor - Opening JPA EntityManager in OpenEntityManagerInViewInterceptor
2026-05-20 13:42:07.450 [http-nio-0.0.0.0-8080-exec-9] DEBUG o.s.orm.jpa.JpaTransactionManager - Found thread-bound EntityManager [SessionImpl(411049111<open>)] for JPA transaction
2026-05-20 13:42:07.450 [http-nio-0.0.0.0-8080-exec-9] DEBUG o.s.orm.jpa.JpaTransactionManager - Creating new transaction with name [org.springframework.data.jpa.repository.support.SimpleJpaRepository.findAll]: PROPAGATION_REQUIRED,ISOLATION_DEFAULT,readOnly
2026-05-20 13:42:07.456 [http-nio-0.0.0.0-8080-exec-9] DEBUG o.s.orm.jpa.JpaTransactionManager - Exposing JPA transaction as JDBC [org.springframework.orm.jpa.vendor.HibernateJpaDialect$HibernateConnectionHandle@1c4dabd6]
2026-05-20 13:42:07.459 [http-nio-0.0.0.0-8080-exec-9] DEBUG org.hibernate.SQL - 
    select
        pc1_0.id,
        pc1_0.config_key,
        pc1_0.config_value,
        pc1_0.description,
        pc1_0.updated_at 
    from
        platform_configs pc1_0
2026-05-20 13:42:07.459 [http-nio-0.0.0.0-8080-exec-9] DEBUG org.hibernate.SQL - 
    select
        pc1_0.id,
        pc1_0.config_key,
        pc1_0.config_value,
        pc1_0.description,
        pc1_0.updated_at 
    from
        platform_configs pc1_0
2026-05-20 13:42:07.460 [http-nio-0.0.0.0-8080-exec-9] DEBUG o.s.orm.jpa.JpaTransactionManager - Initiating transaction commit
2026-05-20 13:42:07.461 [http-nio-0.0.0.0-8080-exec-9] DEBUG o.s.orm.jpa.JpaTransactionManager - Committing JPA transaction on EntityManager [SessionImpl(411049111<open>)]
2026-05-20 13:42:07.462 [http-nio-0.0.0.0-8080-exec-9] DEBUG o.s.orm.jpa.JpaTransactionManager - Not closing pre-bound JPA EntityManager after transaction
2026-05-20 13:42:07.465 [http-nio-0.0.0.0-8080-exec-9] DEBUG o.s.o.j.s.OpenEntityManagerInViewInterceptor - Closing JPA EntityManager in OpenEntityManagerInViewInterceptor
2026-05-20 13:42:12.888 [http-nio-0.0.0.0-8080-exec-2] DEBUG o.s.o.j.SharedEntityManagerCreator$SharedEntityManagerInvocationHandler - Creating new EntityManager for shared EntityManager invocation
2026-05-20 13:42:12.891 [http-nio-0.0.0.0-8080-exec-2] DEBUG org.hibernate.SQL - 
    select
        u1_0.id,
        u1_0.address,
        u1_0.admin_notes,
        u1_0.avatar_url,
        u1_0.bio,
        u1_0.preferred_category,
        u1_0.created_at,
        u1_0.email,
        u1_0.google_id,
        u1_0.kyc_status,
        u1_0.password,
        u1_0.last_name,
        u1_0.first_name,
        u1_0.role,
        u1_0.status,
        u1_0.phone,
        u1_0.ville 
    from
        users u1_0 
    where
        u1_0.email=?
2026-05-20 13:42:12.891 [http-nio-0.0.0.0-8080-exec-2] DEBUG org.hibernate.SQL - 
    select
        u1_0.id,
        u1_0.address,
        u1_0.admin_notes,
        u1_0.avatar_url,
        u1_0.bio,
        u1_0.preferred_category,
        u1_0.created_at,
        u1_0.email,
        u1_0.google_id,
        u1_0.kyc_status,
        u1_0.password,
        u1_0.last_name,
        u1_0.first_name,
        u1_0.role,
        u1_0.status,
        u1_0.phone,
        u1_0.ville 
    from
        users u1_0 
    where
        u1_0.email=?
2026-05-20 13:42:12.899 [http-nio-0.0.0.0-8080-exec-2] DEBUG o.s.o.j.s.OpenEntityManagerInViewInterceptor - Opening JPA EntityManager in OpenEntityManagerInViewInterceptor
2026-05-20 13:42:12.905 [http-nio-0.0.0.0-8080-exec-2] DEBUG o.s.orm.jpa.JpaTransactionManager - Found thread-bound EntityManager [SessionImpl(748359858<open>)] for JPA transaction
2026-05-20 13:42:12.906 [http-nio-0.0.0.0-8080-exec-2] DEBUG o.s.orm.jpa.JpaTransactionManager - Creating new transaction with name [org.springframework.data.jpa.repository.support.SimpleJpaRepository.findById]: PROPAGATION_REQUIRED,ISOLATION_DEFAULT,readOnly
2026-05-20 13:42:12.907 [http-nio-0.0.0.0-8080-exec-2] DEBUG o.s.orm.jpa.JpaTransactionManager - Exposing JPA transaction as JDBC [org.springframework.orm.jpa.vendor.HibernateJpaDialect$HibernateConnectionHandle@49ff559d]
2026-05-20 13:42:12.908 [http-nio-0.0.0.0-8080-exec-2] DEBUG org.hibernate.SQL - 
    select
        u1_0.id,
        u1_0.address,
        u1_0.admin_notes,
        u1_0.avatar_url,
        u1_0.bio,
        u1_0.preferred_category,
        u1_0.created_at,
        u1_0.email,
        u1_0.google_id,
        u1_0.kyc_status,
        u1_0.password,
        u1_0.last_name,
        u1_0.first_name,
        u1_0.role,
        u1_0.status,
        u1_0.phone,
        u1_0.ville 
    from
        users u1_0 
    where
        u1_0.id=?
2026-05-20 13:42:12.908 [http-nio-0.0.0.0-8080-exec-2] DEBUG org.hibernate.SQL - 
    select
        u1_0.id,
        u1_0.address,
        u1_0.admin_notes,
        u1_0.avatar_url,
        u1_0.bio,
        u1_0.preferred_category,
        u1_0.created_at,
        u1_0.email,
        u1_0.google_id,
        u1_0.kyc_status,
        u1_0.password,
        u1_0.last_name,
        u1_0.first_name,
        u1_0.role,
        u1_0.status,
        u1_0.phone,
        u1_0.ville 
    from
        users u1_0 
    where
        u1_0.id=?
2026-05-20 13:42:12.910 [http-nio-0.0.0.0-8080-exec-2] DEBUG o.s.orm.jpa.JpaTransactionManager - Initiating transaction commit
2026-05-20 13:42:12.911 [http-nio-0.0.0.0-8080-exec-2] DEBUG o.s.orm.jpa.JpaTransactionManager - Committing JPA transaction on EntityManager [SessionImpl(748359858<open>)]
2026-05-20 13:42:12.913 [http-nio-0.0.0.0-8080-exec-2] DEBUG o.s.orm.jpa.JpaTransactionManager - Not closing pre-bound JPA EntityManager after transaction
2026-05-20 13:42:12.924 [http-nio-0.0.0.0-8080-exec-2] DEBUG o.s.o.j.s.OpenEntityManagerInViewInterceptor - Closing JPA EntityManager in OpenEntityManagerInViewInterceptor
2026-05-20 13:42:12.929 [http-nio-0.0.0.0-8080-exec-3] DEBUG o.s.o.j.SharedEntityManagerCreator$SharedEntityManagerInvocationHandler - Creating new EntityManager for shared EntityManager invocation
2026-05-20 13:42:12.932 [http-nio-0.0.0.0-8080-exec-3] DEBUG org.hibernate.SQL - 
    select
        u1_0.id,
        u1_0.address,
        u1_0.admin_notes,
        u1_0.avatar_url,
        u1_0.bio,
        u1_0.preferred_category,
        u1_0.created_at,
        u1_0.email,
        u1_0.google_id,
        u1_0.kyc_status,
        u1_0.password,
        u1_0.last_name,
        u1_0.first_name,
        u1_0.role,
        u1_0.status,
        u1_0.phone,
        u1_0.ville 
    from
        users u1_0 
    where
        u1_0.email=?
2026-05-20 13:42:12.932 [http-nio-0.0.0.0-8080-exec-3] DEBUG org.hibernate.SQL - 
    select
        u1_0.id,
        u1_0.address,
        u1_0.admin_notes,
        u1_0.avatar_url,
        u1_0.bio,
        u1_0.preferred_category,
        u1_0.created_at,
        u1_0.email,
        u1_0.google_id,
        u1_0.kyc_status,
        u1_0.password,
        u1_0.last_name,
        u1_0.first_name,
        u1_0.role,
        u1_0.status,
        u1_0.phone,
        u1_0.ville 
    from
        users u1_0 
    where
        u1_0.email=?
2026-05-20 13:42:12.944 [http-nio-0.0.0.0-8080-exec-3] DEBUG o.s.o.j.s.OpenEntityManagerInViewInterceptor - Opening JPA EntityManager in OpenEntityManagerInViewInterceptor
2026-05-20 13:42:12.945 [http-nio-0.0.0.0-8080-exec-3] DEBUG o.s.orm.jpa.JpaTransactionManager - Found thread-bound EntityManager [SessionImpl(1284281912<open>)] for JPA transaction
2026-05-20 13:42:12.946 [http-nio-0.0.0.0-8080-exec-3] DEBUG o.s.orm.jpa.JpaTransactionManager - Creating new transaction with name [org.springframework.data.jpa.repository.support.SimpleJpaRepository.findById]: PROPAGATION_REQUIRED,ISOLATION_DEFAULT,readOnly
2026-05-20 13:42:12.948 [http-nio-0.0.0.0-8080-exec-3] DEBUG o.s.orm.jpa.JpaTransactionManager - Exposing JPA transaction as JDBC [org.springframework.orm.jpa.vendor.HibernateJpaDialect$HibernateConnectionHandle@41f96fb8]
2026-05-20 13:42:12.949 [http-nio-0.0.0.0-8080-exec-3] DEBUG org.hibernate.SQL - 
    select
        u1_0.id,
        u1_0.address,
        u1_0.admin_notes,
        u1_0.avatar_url,
        u1_0.bio,
        u1_0.preferred_category,
        u1_0.created_at,
        u1_0.email,
        u1_0.google_id,
        u1_0.kyc_status,
        u1_0.password,
        u1_0.last_name,
        u1_0.first_name,
        u1_0.role,
        u1_0.status,
        u1_0.phone,
        u1_0.ville 
    from
        users u1_0 
    where
        u1_0.id=?
2026-05-20 13:42:12.949 [http-nio-0.0.0.0-8080-exec-3] DEBUG org.hibernate.SQL - 
    select
        u1_0.id,
        u1_0.address,
        u1_0.admin_notes,
        u1_0.avatar_url,
        u1_0.bio,
        u1_0.preferred_category,
        u1_0.created_at,
        u1_0.email,
        u1_0.google_id,
        u1_0.kyc_status,
        u1_0.password,
        u1_0.last_name,
        u1_0.first_name,
        u1_0.role,
        u1_0.status,
        u1_0.phone,
        u1_0.ville 
    from
        users u1_0 
    where
        u1_0.id=?
2026-05-20 13:42:12.954 [http-nio-0.0.0.0-8080-exec-3] DEBUG o.s.orm.jpa.JpaTransactionManager - Initiating transaction commit
2026-05-20 13:42:12.955 [http-nio-0.0.0.0-8080-exec-3] DEBUG o.s.orm.jpa.JpaTransactionManager - Committing JPA transaction on EntityManager [SessionImpl(1284281912<open>)]
2026-05-20 13:42:12.957 [http-nio-0.0.0.0-8080-exec-3] DEBUG o.s.orm.jpa.JpaTransactionManager - Not closing pre-bound JPA EntityManager after transaction
2026-05-20 13:42:12.959 [http-nio-0.0.0.0-8080-exec-3] DEBUG o.s.o.j.s.OpenEntityManagerInViewInterceptor - Closing JPA EntityManager in OpenEntityManagerInViewInterceptor
2026-05-20 13:42:16.145 [http-nio-0.0.0.0-8080-exec-2] DEBUG o.s.o.j.SharedEntityManagerCreator$SharedEntityManagerInvocationHandler - Creating new EntityManager for shared EntityManager invocation
2026-05-20 13:42:16.146 [http-nio-0.0.0.0-8080-exec-2] DEBUG org.hibernate.SQL - 
    select
        u1_0.id,
        u1_0.address,
        u1_0.admin_notes,
        u1_0.avatar_url,
        u1_0.bio,
        u1_0.preferred_category,
        u1_0.created_at,
        u1_0.email,
        u1_0.google_id,
        u1_0.kyc_status,
        u1_0.password,
        u1_0.last_name,
        u1_0.first_name,
        u1_0.role,
        u1_0.status,
        u1_0.phone,
        u1_0.ville 
    from
        users u1_0 
    where
        u1_0.email=?
2026-05-20 13:42:16.146 [http-nio-0.0.0.0-8080-exec-2] DEBUG org.hibernate.SQL - 
    select
        u1_0.id,
        u1_0.address,
        u1_0.admin_notes,
        u1_0.avatar_url,
        u1_0.bio,
        u1_0.preferred_category,
        u1_0.created_at,
        u1_0.email,
        u1_0.google_id,
        u1_0.kyc_status,
        u1_0.password,
        u1_0.last_name,
        u1_0.first_name,
        u1_0.role,
        u1_0.status,
        u1_0.phone,
        u1_0.ville 
    from
        users u1_0 
    where
        u1_0.email=?
2026-05-20 13:42:16.215 [http-nio-0.0.0.0-8080-exec-2] DEBUG o.s.o.j.s.OpenEntityManagerInViewInterceptor - Opening JPA EntityManager in OpenEntityManagerInViewInterceptor
2026-05-20 13:42:16.222 [http-nio-0.0.0.0-8080-exec-2] DEBUG o.s.orm.jpa.JpaTransactionManager - Found thread-bound EntityManager [SessionImpl(174744583<open>)] for JPA transaction
2026-05-20 13:42:16.222 [http-nio-0.0.0.0-8080-exec-2] DEBUG o.s.orm.jpa.JpaTransactionManager - Creating new transaction with name [org.springframework.data.jpa.repository.support.SimpleJpaRepository.findAll]: PROPAGATION_REQUIRED,ISOLATION_DEFAULT,readOnly
2026-05-20 13:42:16.223 [http-nio-0.0.0.0-8080-exec-2] DEBUG o.s.orm.jpa.JpaTransactionManager - Exposing JPA transaction as JDBC [org.springframework.orm.jpa.vendor.HibernateJpaDialect$HibernateConnectionHandle@6edfd407]
2026-05-20 13:42:16.224 [http-nio-0.0.0.0-8080-exec-2] DEBUG org.hibernate.SQL - 
    select
        u1_0.id,
        u1_0.address,
        u1_0.admin_notes,
        u1_0.avatar_url,
        u1_0.bio,
        u1_0.preferred_category,
        u1_0.created_at,
        u1_0.email,
        u1_0.google_id,
        u1_0.kyc_status,
        u1_0.password,
        u1_0.last_name,
        u1_0.first_name,
        u1_0.role,
        u1_0.status,
        u1_0.phone,
        u1_0.ville 
    from
        users u1_0
2026-05-20 13:42:16.224 [http-nio-0.0.0.0-8080-exec-2] DEBUG org.hibernate.SQL - 
    select
        u1_0.id,
        u1_0.address,
        u1_0.admin_notes,
        u1_0.avatar_url,
        u1_0.bio,
        u1_0.preferred_category,
        u1_0.created_at,
        u1_0.email,
        u1_0.google_id,
        u1_0.kyc_status,
        u1_0.password,
        u1_0.last_name,
        u1_0.first_name,
        u1_0.role,
        u1_0.status,
        u1_0.phone,
        u1_0.ville 
    from
        users u1_0
2026-05-20 13:42:16.227 [http-nio-0.0.0.0-8080-exec-2] DEBUG o.s.orm.jpa.JpaTransactionManager - Initiating transaction commit
2026-05-20 13:42:16.227 [http-nio-0.0.0.0-8080-exec-2] DEBUG o.s.orm.jpa.JpaTransactionManager - Committing JPA transaction on EntityManager [SessionImpl(174744583<open>)]
2026-05-20 13:42:16.229 [http-nio-0.0.0.0-8080-exec-2] DEBUG o.s.orm.jpa.JpaTransactionManager - Not closing pre-bound JPA EntityManager after transaction
2026-05-20 13:42:16.232 [http-nio-0.0.0.0-8080-exec-2] DEBUG o.s.o.j.s.OpenEntityManagerInViewInterceptor - Closing JPA EntityManager in OpenEntityManagerInViewInterceptor
2026-05-20 13:42:16.246 [http-nio-0.0.0.0-8080-exec-3] DEBUG o.s.o.j.SharedEntityManagerCreator$SharedEntityManagerInvocationHandler - Creating new EntityManager for shared EntityManager invocation
2026-05-20 13:42:16.248 [http-nio-0.0.0.0-8080-exec-3] DEBUG org.hibernate.SQL - 
    select
        u1_0.id,
        u1_0.address,
        u1_0.admin_notes,
        u1_0.avatar_url,
        u1_0.bio,
        u1_0.preferred_category,
        u1_0.created_at,
        u1_0.email,
        u1_0.google_id,
        u1_0.kyc_status,
        u1_0.password,
        u1_0.last_name,
        u1_0.first_name,
        u1_0.role,
        u1_0.status,
        u1_0.phone,
        u1_0.ville 
    from
        users u1_0 
    where
        u1_0.email=?
2026-05-20 13:42:16.248 [http-nio-0.0.0.0-8080-exec-3] DEBUG org.hibernate.SQL - 
    select
        u1_0.id,
        u1_0.address,
        u1_0.admin_notes,
        u1_0.avatar_url,
        u1_0.bio,
        u1_0.preferred_category,
        u1_0.created_at,
        u1_0.email,
        u1_0.google_id,
        u1_0.kyc_status,
        u1_0.password,
        u1_0.last_name,
        u1_0.first_name,
        u1_0.role,
        u1_0.status,
        u1_0.phone,
        u1_0.ville 
    from
        users u1_0 
    where
        u1_0.email=?
2026-05-20 13:42:16.259 [http-nio-0.0.0.0-8080-exec-3] DEBUG o.s.o.j.s.OpenEntityManagerInViewInterceptor - Opening JPA EntityManager in OpenEntityManagerInViewInterceptor
2026-05-20 13:42:16.260 [http-nio-0.0.0.0-8080-exec-3] DEBUG o.s.orm.jpa.JpaTransactionManager - Found thread-bound EntityManager [SessionImpl(198254543<open>)] for JPA transaction
2026-05-20 13:42:16.261 [http-nio-0.0.0.0-8080-exec-3] DEBUG o.s.orm.jpa.JpaTransactionManager - Creating new transaction with name [org.springframework.data.jpa.repository.support.SimpleJpaRepository.findAll]: PROPAGATION_REQUIRED,ISOLATION_DEFAULT,readOnly
2026-05-20 13:42:16.263 [http-nio-0.0.0.0-8080-exec-3] DEBUG o.s.orm.jpa.JpaTransactionManager - Exposing JPA transaction as JDBC [org.springframework.orm.jpa.vendor.HibernateJpaDialect$HibernateConnectionHandle@7f22781]
2026-05-20 13:42:16.265 [http-nio-0.0.0.0-8080-exec-3] DEBUG org.hibernate.SQL - 
    select
        p1_0.id,
        p1_0.admin_notes,
        p1_0.all_or_nothing,
        p1_0.categorie,
        p1_0.created_at,
        p1_0.start_date,
        p1_0.end_date,
        p1_0.description,
        p1_0.cover_image,
        p1_0.localisation,
        p1_0.current_amount,
        p1_0.investors_count,
        p1_0.funding_goal,
        p1_0.equity_percentage,
        p1_0.owner_id,
        p1_0.status,
        p1_0.suspension_deadline,
        p1_0.interest_rate,
        p1_0.titre,
        p1_0.funding_type 
    from
        projects p1_0
2026-05-20 13:42:16.265 [http-nio-0.0.0.0-8080-exec-3] DEBUG org.hibernate.SQL - 
    select
        p1_0.id,
        p1_0.admin_notes,
        p1_0.all_or_nothing,
        p1_0.categorie,
        p1_0.created_at,
        p1_0.start_date,
        p1_0.end_date,
        p1_0.description,
        p1_0.cover_image,
        p1_0.localisation,
        p1_0.current_amount,
        p1_0.investors_count,
        p1_0.funding_goal,
        p1_0.equity_percentage,
        p1_0.owner_id,
        p1_0.status,
        p1_0.suspension_deadline,
        p1_0.interest_rate,
        p1_0.titre,
        p1_0.funding_type 
    from
        projects p1_0
2026-05-20 13:42:16.268 [http-nio-0.0.0.0-8080-exec-3] DEBUG org.hibernate.SQL - 
    select
        u1_0.id,
        u1_0.address,
        u1_0.admin_notes,
        u1_0.avatar_url,
        u1_0.bio,
        u1_0.preferred_category,
        u1_0.created_at,
        u1_0.email,
        u1_0.google_id,
        u1_0.kyc_status,
        u1_0.password,
        u1_0.last_name,
        u1_0.first_name,
        u1_0.role,
        u1_0.status,
        u1_0.phone,
        u1_0.ville 
    from
        users u1_0 
    where
        u1_0.id=?
2026-05-20 13:42:16.268 [http-nio-0.0.0.0-8080-exec-3] DEBUG org.hibernate.SQL - 
    select
        u1_0.id,
        u1_0.address,
        u1_0.admin_notes,
        u1_0.avatar_url,
        u1_0.bio,
        u1_0.preferred_category,
        u1_0.created_at,
        u1_0.email,
        u1_0.google_id,
        u1_0.kyc_status,
        u1_0.password,
        u1_0.last_name,
        u1_0.first_name,
        u1_0.role,
        u1_0.status,
        u1_0.phone,
        u1_0.ville 
    from
        users u1_0 
    where
        u1_0.id=?
2026-05-20 13:42:16.272 [http-nio-0.0.0.0-8080-exec-3] DEBUG o.s.orm.jpa.JpaTransactionManager - Initiating transaction commit
2026-05-20 13:42:16.273 [http-nio-0.0.0.0-8080-exec-3] DEBUG o.s.orm.jpa.JpaTransactionManager - Committing JPA transaction on EntityManager [SessionImpl(198254543<open>)]
2026-05-20 13:42:16.275 [http-nio-0.0.0.0-8080-exec-3] DEBUG o.s.orm.jpa.JpaTransactionManager - Not closing pre-bound JPA EntityManager after transaction
2026-05-20 13:42:16.277 [http-nio-0.0.0.0-8080-exec-3] DEBUG o.s.o.j.s.OpenEntityManagerInViewInterceptor - Closing JPA EntityManager in OpenEntityManagerInViewInterceptor
2026-05-20 13:42:16.277 [http-nio-0.0.0.0-8080-exec-7] DEBUG o.s.o.j.SharedEntityManagerCreator$SharedEntityManagerInvocationHandler - Creating new EntityManager for shared EntityManager invocation
2026-05-20 13:42:16.280 [http-nio-0.0.0.0-8080-exec-7] DEBUG org.hibernate.SQL - 
    select
        u1_0.id,
        u1_0.address,
        u1_0.admin_notes,
        u1_0.avatar_url,
        u1_0.bio,
        u1_0.preferred_category,
        u1_0.created_at,
        u1_0.email,
        u1_0.google_id,
        u1_0.kyc_status,
        u1_0.password,
        u1_0.last_name,
        u1_0.first_name,
        u1_0.role,
        u1_0.status,
        u1_0.phone,
        u1_0.ville 
    from
        users u1_0 
    where
        u1_0.email=?
2026-05-20 13:42:16.280 [http-nio-0.0.0.0-8080-exec-7] DEBUG org.hibernate.SQL - 
    select
        u1_0.id,
        u1_0.address,
        u1_0.admin_notes,
        u1_0.avatar_url,
        u1_0.bio,
        u1_0.preferred_category,
        u1_0.created_at,
        u1_0.email,
        u1_0.google_id,
        u1_0.kyc_status,
        u1_0.password,
        u1_0.last_name,
        u1_0.first_name,
        u1_0.role,
        u1_0.status,
        u1_0.phone,
        u1_0.ville 
    from
        users u1_0 
    where
        u1_0.email=?
2026-05-20 13:42:16.292 [http-nio-0.0.0.0-8080-exec-7] DEBUG o.s.o.j.s.OpenEntityManagerInViewInterceptor - Opening JPA EntityManager in OpenEntityManagerInViewInterceptor
2026-05-20 13:42:16.309 [http-nio-0.0.0.0-8080-exec-7] DEBUG o.s.orm.jpa.JpaTransactionManager - Found thread-bound EntityManager [SessionImpl(613445501<open>)] for JPA transaction
2026-05-20 13:42:16.310 [http-nio-0.0.0.0-8080-exec-7] DEBUG o.s.orm.jpa.JpaTransactionManager - Creating new transaction with name [org.springframework.data.jpa.repository.support.SimpleJpaRepository.findAll]: PROPAGATION_REQUIRED,ISOLATION_DEFAULT,readOnly
2026-05-20 13:42:16.311 [http-nio-0.0.0.0-8080-exec-7] DEBUG o.s.orm.jpa.JpaTransactionManager - Exposing JPA transaction as JDBC [org.springframework.orm.jpa.vendor.HibernateJpaDialect$HibernateConnectionHandle@66674faf]
2026-05-20 13:42:16.312 [http-nio-0.0.0.0-8080-exec-7] DEBUG org.hibernate.SQL - 
    select
        t1_0.id,
        t1_0.amount_xaf,
        t1_0.created_at,
        t1_0.source_amount,
        t1_0.source_currency,
        t1_0.status,
        t1_0.type,
        t1_0.user_id 
    from
        transactions t1_0
2026-05-20 13:42:16.312 [http-nio-0.0.0.0-8080-exec-7] DEBUG org.hibernate.SQL - 
    select
        t1_0.id,
        t1_0.amount_xaf,
        t1_0.created_at,
        t1_0.source_amount,
        t1_0.source_currency,
        t1_0.status,
        t1_0.type,
        t1_0.user_id 
    from
        transactions t1_0
2026-05-20 13:42:16.314 [http-nio-0.0.0.0-8080-exec-7] DEBUG o.s.orm.jpa.JpaTransactionManager - Initiating transaction commit
2026-05-20 13:42:16.315 [http-nio-0.0.0.0-8080-exec-7] DEBUG o.s.orm.jpa.JpaTransactionManager - Committing JPA transaction on EntityManager [SessionImpl(613445501<open>)]
2026-05-20 13:42:16.317 [http-nio-0.0.0.0-8080-exec-7] DEBUG o.s.orm.jpa.JpaTransactionManager - Not closing pre-bound JPA EntityManager after transaction
2026-05-20 13:42:16.323 [http-nio-0.0.0.0-8080-exec-7] DEBUG o.s.o.j.s.OpenEntityManagerInViewInterceptor - Closing JPA EntityManager in OpenEntityManagerInViewInterceptor
2026-05-20 13:42:16.328 [http-nio-0.0.0.0-8080-exec-5] DEBUG o.s.o.j.SharedEntityManagerCreator$SharedEntityManagerInvocationHandler - Creating new EntityManager for shared EntityManager invocation
2026-05-20 13:42:16.330 [http-nio-0.0.0.0-8080-exec-4] DEBUG o.s.o.j.SharedEntityManagerCreator$SharedEntityManagerInvocationHandler - Creating new EntityManager for shared EntityManager invocation
2026-05-20 13:42:16.331 [http-nio-0.0.0.0-8080-exec-4] DEBUG org.hibernate.SQL - 
    select
        u1_0.id,
        u1_0.address,
        u1_0.admin_notes,
        u1_0.avatar_url,
        u1_0.bio,
        u1_0.preferred_category,
        u1_0.created_at,
        u1_0.email,
        u1_0.google_id,
        u1_0.kyc_status,
        u1_0.password,
        u1_0.last_name,
        u1_0.first_name,
        u1_0.role,
        u1_0.status,
        u1_0.phone,
        u1_0.ville 
    from
        users u1_0 
    where
        u1_0.email=?
2026-05-20 13:42:16.331 [http-nio-0.0.0.0-8080-exec-10] DEBUG o.s.o.j.SharedEntityManagerCreator$SharedEntityManagerInvocationHandler - Creating new EntityManager for shared EntityManager invocation
2026-05-20 13:42:16.331 [http-nio-0.0.0.0-8080-exec-5] DEBUG org.hibernate.SQL - 
    select
        u1_0.id,
        u1_0.address,
        u1_0.admin_notes,
        u1_0.avatar_url,
        u1_0.bio,
        u1_0.preferred_category,
        u1_0.created_at,
        u1_0.email,
        u1_0.google_id,
        u1_0.kyc_status,
        u1_0.password,
        u1_0.last_name,
        u1_0.first_name,
        u1_0.role,
        u1_0.status,
        u1_0.phone,
        u1_0.ville 
    from
        users u1_0 
    where
        u1_0.email=?
2026-05-20 13:42:16.331 [http-nio-0.0.0.0-8080-exec-5] DEBUG org.hibernate.SQL - 
    select
        u1_0.id,
        u1_0.address,
        u1_0.admin_notes,
        u1_0.avatar_url,
        u1_0.bio,
        u1_0.preferred_category,
        u1_0.created_at,
        u1_0.email,
        u1_0.google_id,
        u1_0.kyc_status,
        u1_0.password,
        u1_0.last_name,
        u1_0.first_name,
        u1_0.role,
        u1_0.status,
        u1_0.phone,
        u1_0.ville 
    from
        users u1_0 
    where
        u1_0.email=?
2026-05-20 13:42:16.331 [http-nio-0.0.0.0-8080-exec-4] DEBUG org.hibernate.SQL - 
    select
        u1_0.id,
        u1_0.address,
        u1_0.admin_notes,
        u1_0.avatar_url,
        u1_0.bio,
        u1_0.preferred_category,
        u1_0.created_at,
        u1_0.email,
        u1_0.google_id,
        u1_0.kyc_status,
        u1_0.password,
        u1_0.last_name,
        u1_0.first_name,
        u1_0.role,
        u1_0.status,
        u1_0.phone,
        u1_0.ville 
    from
        users u1_0 
    where
        u1_0.email=?
2026-05-20 13:42:16.332 [http-nio-0.0.0.0-8080-exec-10] DEBUG org.hibernate.SQL - 
    select
        u1_0.id,
        u1_0.address,
        u1_0.admin_notes,
        u1_0.avatar_url,
        u1_0.bio,
        u1_0.preferred_category,
        u1_0.created_at,
        u1_0.email,
        u1_0.google_id,
        u1_0.kyc_status,
        u1_0.password,
        u1_0.last_name,
        u1_0.first_name,
        u1_0.role,
        u1_0.status,
        u1_0.phone,
        u1_0.ville 
    from
        users u1_0 
    where
        u1_0.email=?
2026-05-20 13:42:16.332 [http-nio-0.0.0.0-8080-exec-10] DEBUG org.hibernate.SQL - 
    select
        u1_0.id,
        u1_0.address,
        u1_0.admin_notes,
        u1_0.avatar_url,
        u1_0.bio,
        u1_0.preferred_category,
        u1_0.created_at,
        u1_0.email,
        u1_0.google_id,
        u1_0.kyc_status,
        u1_0.password,
        u1_0.last_name,
        u1_0.first_name,
        u1_0.role,
        u1_0.status,
        u1_0.phone,
        u1_0.ville 
    from
        users u1_0 
    where
        u1_0.email=?
2026-05-20 13:42:16.342 [http-nio-0.0.0.0-8080-exec-8] DEBUG o.s.o.j.SharedEntityManagerCreator$SharedEntityManagerInvocationHandler - Creating new EntityManager for shared EntityManager invocation
2026-05-20 13:42:16.346 [http-nio-0.0.0.0-8080-exec-8] DEBUG org.hibernate.SQL - 
    select
        u1_0.id,
        u1_0.address,
        u1_0.admin_notes,
        u1_0.avatar_url,
        u1_0.bio,
        u1_0.preferred_category,
        u1_0.created_at,
        u1_0.email,
        u1_0.google_id,
        u1_0.kyc_status,
        u1_0.password,
        u1_0.last_name,
        u1_0.first_name,
        u1_0.role,
        u1_0.status,
        u1_0.phone,
        u1_0.ville 
    from
        users u1_0 
    where
        u1_0.email=?
2026-05-20 13:42:16.346 [http-nio-0.0.0.0-8080-exec-8] DEBUG org.hibernate.SQL - 
    select
        u1_0.id,
        u1_0.address,
        u1_0.admin_notes,
        u1_0.avatar_url,
        u1_0.bio,
        u1_0.preferred_category,
        u1_0.created_at,
        u1_0.email,
        u1_0.google_id,
        u1_0.kyc_status,
        u1_0.password,
        u1_0.last_name,
        u1_0.first_name,
        u1_0.role,
        u1_0.status,
        u1_0.phone,
        u1_0.ville 
    from
        users u1_0 
    where
        u1_0.email=?
2026-05-20 13:42:16.349 [http-nio-0.0.0.0-8080-exec-4] DEBUG o.s.o.j.s.OpenEntityManagerInViewInterceptor - Opening JPA EntityManager in OpenEntityManagerInViewInterceptor
2026-05-20 13:42:16.349 [http-nio-0.0.0.0-8080-exec-5] DEBUG o.s.o.j.s.OpenEntityManagerInViewInterceptor - Opening JPA EntityManager in OpenEntityManagerInViewInterceptor
2026-05-20 13:42:16.355 [http-nio-0.0.0.0-8080-exec-4] DEBUG o.s.orm.jpa.JpaTransactionManager - Found thread-bound EntityManager [SessionImpl(547503734<open>)] for JPA transaction
2026-05-20 13:42:16.355 [http-nio-0.0.0.0-8080-exec-10] DEBUG o.s.o.j.s.OpenEntityManagerInViewInterceptor - Opening JPA EntityManager in OpenEntityManagerInViewInterceptor
2026-05-20 13:42:16.356 [http-nio-0.0.0.0-8080-exec-4] DEBUG o.s.orm.jpa.JpaTransactionManager - Creating new transaction with name [org.springframework.data.jpa.repository.support.SimpleJpaRepository.findAll]: PROPAGATION_REQUIRED,ISOLATION_DEFAULT,readOnly
2026-05-20 13:42:16.356 [http-nio-0.0.0.0-8080-exec-5] DEBUG o.s.orm.jpa.JpaTransactionManager - Found thread-bound EntityManager [SessionImpl(1379639017<open>)] for JPA transaction
2026-05-20 13:42:16.357 [http-nio-0.0.0.0-8080-exec-5] DEBUG o.s.orm.jpa.JpaTransactionManager - Creating new transaction with name [org.springframework.data.jpa.repository.support.SimpleJpaRepository.findAll]: PROPAGATION_REQUIRED,ISOLATION_DEFAULT,readOnly
2026-05-20 13:42:16.357 [http-nio-0.0.0.0-8080-exec-4] DEBUG o.s.orm.jpa.JpaTransactionManager - Exposing JPA transaction as JDBC [org.springframework.orm.jpa.vendor.HibernateJpaDialect$HibernateConnectionHandle@b35ea31]
2026-05-20 13:42:16.357 [http-nio-0.0.0.0-8080-exec-8] DEBUG o.s.o.j.s.OpenEntityManagerInViewInterceptor - Opening JPA EntityManager in OpenEntityManagerInViewInterceptor
2026-05-20 13:42:16.358 [http-nio-0.0.0.0-8080-exec-10] DEBUG o.s.orm.jpa.JpaTransactionManager - Found thread-bound EntityManager [SessionImpl(1259664714<open>)] for JPA transaction
2026-05-20 13:42:16.359 [http-nio-0.0.0.0-8080-exec-5] DEBUG o.s.orm.jpa.JpaTransactionManager - Exposing JPA transaction as JDBC [org.springframework.orm.jpa.vendor.HibernateJpaDialect$HibernateConnectionHandle@3f9dc20d]
2026-05-20 13:42:16.360 [http-nio-0.0.0.0-8080-exec-10] DEBUG o.s.orm.jpa.JpaTransactionManager - Creating new transaction with name [org.springframework.data.jpa.repository.support.SimpleJpaRepository.findAll]: PROPAGATION_REQUIRED,ISOLATION_DEFAULT,readOnly
2026-05-20 13:42:16.360 [http-nio-0.0.0.0-8080-exec-4] DEBUG org.hibernate.SQL - 
    select
        u1_0.id,
        u1_0.address,
        u1_0.admin_notes,
        u1_0.avatar_url,
        u1_0.bio,
        u1_0.preferred_category,
        u1_0.created_at,
        u1_0.email,
        u1_0.google_id,
        u1_0.kyc_status,
        u1_0.password,
        u1_0.last_name,
        u1_0.first_name,
        u1_0.role,
        u1_0.status,
        u1_0.phone,
        u1_0.ville 
    from
        users u1_0
2026-05-20 13:42:16.360 [http-nio-0.0.0.0-8080-exec-4] DEBUG org.hibernate.SQL - 
    select
        u1_0.id,
        u1_0.address,
        u1_0.admin_notes,
        u1_0.avatar_url,
        u1_0.bio,
        u1_0.preferred_category,
        u1_0.created_at,
        u1_0.email,
        u1_0.google_id,
        u1_0.kyc_status,
        u1_0.password,
        u1_0.last_name,
        u1_0.first_name,
        u1_0.role,
        u1_0.status,
        u1_0.phone,
        u1_0.ville 
    from
        users u1_0
2026-05-20 13:42:16.362 [http-nio-0.0.0.0-8080-exec-5] DEBUG org.hibernate.SQL - 
    select
        kd1_0.id,
        kd1_0.submitted_at,
        kd1_0.document_url,
        kd1_0.rejection_reason,
        kd1_0.status,
        kd1_0.document_type,
        kd1_0.user_id 
    from
        kyc_documents kd1_0
2026-05-20 13:42:16.362 [http-nio-0.0.0.0-8080-exec-5] DEBUG org.hibernate.SQL - 
    select
        kd1_0.id,
        kd1_0.submitted_at,
        kd1_0.document_url,
        kd1_0.rejection_reason,
        kd1_0.status,
        kd1_0.document_type,
        kd1_0.user_id 
    from
        kyc_documents kd1_0
2026-05-20 13:42:16.372 [http-nio-0.0.0.0-8080-exec-4] DEBUG o.s.orm.jpa.JpaTransactionManager - Initiating transaction commit
2026-05-20 13:42:16.373 [http-nio-0.0.0.0-8080-exec-4] DEBUG o.s.orm.jpa.JpaTransactionManager - Committing JPA transaction on EntityManager [SessionImpl(547503734<open>)]
2026-05-20 13:42:16.374 [http-nio-0.0.0.0-8080-exec-10] DEBUG o.s.orm.jpa.JpaTransactionManager - Exposing JPA transaction as JDBC [org.springframework.orm.jpa.vendor.HibernateJpaDialect$HibernateConnectionHandle@5305be4c]
2026-05-20 13:42:16.376 [http-nio-0.0.0.0-8080-exec-8] DEBUG o.s.orm.jpa.JpaTransactionManager - Found thread-bound EntityManager [SessionImpl(113054289<open>)] for JPA transaction
2026-05-20 13:42:16.376 [http-nio-0.0.0.0-8080-exec-4] DEBUG o.s.orm.jpa.JpaTransactionManager - Not closing pre-bound JPA EntityManager after transaction
2026-05-20 13:42:16.377 [http-nio-0.0.0.0-8080-exec-10] DEBUG org.hibernate.SQL - 
    select
        p1_0.id,
        p1_0.admin_notes,
        p1_0.all_or_nothing,
        p1_0.categorie,
        p1_0.created_at,
        p1_0.start_date,
        p1_0.end_date,
        p1_0.description,
        p1_0.cover_image,
        p1_0.localisation,
        p1_0.current_amount,
        p1_0.investors_count,
        p1_0.funding_goal,
        p1_0.equity_percentage,
        p1_0.owner_id,
        p1_0.status,
        p1_0.suspension_deadline,
        p1_0.interest_rate,
        p1_0.titre,
        p1_0.funding_type 
    from
        projects p1_0
2026-05-20 13:42:16.377 [http-nio-0.0.0.0-8080-exec-5] DEBUG org.hibernate.SQL - 
    select
        u1_0.id,
        u1_0.address,
        u1_0.admin_notes,
        u1_0.avatar_url,
        u1_0.bio,
        u1_0.preferred_category,
        u1_0.created_at,
        u1_0.email,
        u1_0.google_id,
        u1_0.kyc_status,
        u1_0.password,
        u1_0.last_name,
        u1_0.first_name,
        u1_0.role,
        u1_0.status,
        u1_0.phone,
        u1_0.ville 
    from
        users u1_0 
    where
        u1_0.id=?
2026-05-20 13:42:16.377 [http-nio-0.0.0.0-8080-exec-10] DEBUG org.hibernate.SQL - 
    select
        p1_0.id,
        p1_0.admin_notes,
        p1_0.all_or_nothing,
        p1_0.categorie,
        p1_0.created_at,
        p1_0.start_date,
        p1_0.end_date,
        p1_0.description,
        p1_0.cover_image,
        p1_0.localisation,
        p1_0.current_amount,
        p1_0.investors_count,
        p1_0.funding_goal,
        p1_0.equity_percentage,
        p1_0.owner_id,
        p1_0.status,
        p1_0.suspension_deadline,
        p1_0.interest_rate,
        p1_0.titre,
        p1_0.funding_type 
    from
        projects p1_0
2026-05-20 13:42:16.377 [http-nio-0.0.0.0-8080-exec-5] DEBUG org.hibernate.SQL - 
    select
        u1_0.id,
        u1_0.address,
        u1_0.admin_notes,
        u1_0.avatar_url,
        u1_0.bio,
        u1_0.preferred_category,
        u1_0.created_at,
        u1_0.email,
        u1_0.google_id,
        u1_0.kyc_status,
        u1_0.password,
        u1_0.last_name,
        u1_0.first_name,
        u1_0.role,
        u1_0.status,
        u1_0.phone,
        u1_0.ville 
    from
        users u1_0 
    where
        u1_0.id=?
2026-05-20 13:42:16.378 [http-nio-0.0.0.0-8080-exec-8] DEBUG o.s.orm.jpa.JpaTransactionManager - Creating new transaction with name [org.springframework.data.jpa.repository.support.SimpleJpaRepository.findAll]: PROPAGATION_REQUIRED,ISOLATION_DEFAULT,readOnly
2026-05-20 13:42:16.381 [http-nio-0.0.0.0-8080-exec-5] DEBUG org.hibernate.SQL - 
    select
        u1_0.id,
        u1_0.address,
        u1_0.admin_notes,
        u1_0.avatar_url,
        u1_0.bio,
        u1_0.preferred_category,
        u1_0.created_at,
        u1_0.email,
        u1_0.google_id,
        u1_0.kyc_status,
        u1_0.password,
        u1_0.last_name,
        u1_0.first_name,
        u1_0.role,
        u1_0.status,
        u1_0.phone,
        u1_0.ville 
    from
        users u1_0 
    where
        u1_0.id=?
2026-05-20 13:42:16.381 [http-nio-0.0.0.0-8080-exec-5] DEBUG org.hibernate.SQL - 
    select
        u1_0.id,
        u1_0.address,
        u1_0.admin_notes,
        u1_0.avatar_url,
        u1_0.bio,
        u1_0.preferred_category,
        u1_0.created_at,
        u1_0.email,
        u1_0.google_id,
        u1_0.kyc_status,
        u1_0.password,
        u1_0.last_name,
        u1_0.first_name,
        u1_0.role,
        u1_0.status,
        u1_0.phone,
        u1_0.ville 
    from
        users u1_0 
    where
        u1_0.id=?
2026-05-20 13:42:16.382 [http-nio-0.0.0.0-8080-exec-10] DEBUG org.hibernate.SQL - 
    select
        u1_0.id,
        u1_0.address,
        u1_0.admin_notes,
        u1_0.avatar_url,
        u1_0.bio,
        u1_0.preferred_category,
        u1_0.created_at,
        u1_0.email,
        u1_0.google_id,
        u1_0.kyc_status,
        u1_0.password,
        u1_0.last_name,
        u1_0.first_name,
        u1_0.role,
        u1_0.status,
        u1_0.phone,
        u1_0.ville 
    from
        users u1_0 
    where
        u1_0.id=?
2026-05-20 13:42:16.382 [http-nio-0.0.0.0-8080-exec-10] DEBUG org.hibernate.SQL - 
    select
        u1_0.id,
        u1_0.address,
        u1_0.admin_notes,
        u1_0.avatar_url,
        u1_0.bio,
        u1_0.preferred_category,
        u1_0.created_at,
        u1_0.email,
        u1_0.google_id,
        u1_0.kyc_status,
        u1_0.password,
        u1_0.last_name,
        u1_0.first_name,
        u1_0.role,
        u1_0.status,
        u1_0.phone,
        u1_0.ville 
    from
        users u1_0 
    where
        u1_0.id=?
2026-05-20 13:42:16.387 [http-nio-0.0.0.0-8080-exec-4] DEBUG o.s.o.j.s.OpenEntityManagerInViewInterceptor - Closing JPA EntityManager in OpenEntityManagerInViewInterceptor
2026-05-20 13:42:16.387 [http-nio-0.0.0.0-8080-exec-5] DEBUG o.s.orm.jpa.JpaTransactionManager - Initiating transaction commit
2026-05-20 13:42:16.388 [http-nio-0.0.0.0-8080-exec-10] DEBUG o.s.orm.jpa.JpaTransactionManager - Initiating transaction commit
2026-05-20 13:42:16.388 [http-nio-0.0.0.0-8080-exec-5] DEBUG o.s.orm.jpa.JpaTransactionManager - Committing JPA transaction on EntityManager [SessionImpl(1379639017<open>)]
2026-05-20 13:42:16.389 [http-nio-0.0.0.0-8080-exec-10] DEBUG o.s.orm.jpa.JpaTransactionManager - Committing JPA transaction on EntityManager [SessionImpl(1259664714<open>)]
2026-05-20 13:42:16.391 [http-nio-0.0.0.0-8080-exec-10] DEBUG o.s.orm.jpa.JpaTransactionManager - Not closing pre-bound JPA EntityManager after transaction
2026-05-20 13:42:16.391 [http-nio-0.0.0.0-8080-exec-5] DEBUG o.s.orm.jpa.JpaTransactionManager - Not closing pre-bound JPA EntityManager after transaction
2026-05-20 13:42:16.393 [http-nio-0.0.0.0-8080-exec-5] DEBUG o.s.o.j.s.OpenEntityManagerInViewInterceptor - Closing JPA EntityManager in OpenEntityManagerInViewInterceptor
2026-05-20 13:42:16.393 [http-nio-0.0.0.0-8080-exec-10] DEBUG o.s.o.j.s.OpenEntityManagerInViewInterceptor - Closing JPA EntityManager in OpenEntityManagerInViewInterceptor
2026-05-20 13:42:16.399 [http-nio-0.0.0.0-8080-exec-9] DEBUG o.s.o.j.SharedEntityManagerCreator$SharedEntityManagerInvocationHandler - Creating new EntityManager for shared EntityManager invocation
2026-05-20 13:42:16.402 [http-nio-0.0.0.0-8080-exec-9] DEBUG org.hibernate.SQL - 
    select
        u1_0.id,
        u1_0.address,
        u1_0.admin_notes,
        u1_0.avatar_url,
        u1_0.bio,
        u1_0.preferred_category,
        u1_0.created_at,
        u1_0.email,
        u1_0.google_id,
        u1_0.kyc_status,
        u1_0.password,
        u1_0.last_name,
        u1_0.first_name,
        u1_0.role,
        u1_0.status,
        u1_0.phone,
        u1_0.ville 
    from
        users u1_0 
    where
        u1_0.email=?
2026-05-20 13:42:16.402 [http-nio-0.0.0.0-8080-exec-9] DEBUG org.hibernate.SQL - 
    select
        u1_0.id,
        u1_0.address,
        u1_0.admin_notes,
        u1_0.avatar_url,
        u1_0.bio,
        u1_0.preferred_category,
        u1_0.created_at,
        u1_0.email,
        u1_0.google_id,
        u1_0.kyc_status,
        u1_0.password,
        u1_0.last_name,
        u1_0.first_name,
        u1_0.role,
        u1_0.status,
        u1_0.phone,
        u1_0.ville 
    from
        users u1_0 
    where
        u1_0.email=?
2026-05-20 13:42:16.411 [http-nio-0.0.0.0-8080-exec-9] DEBUG o.s.o.j.s.OpenEntityManagerInViewInterceptor - Opening JPA EntityManager in OpenEntityManagerInViewInterceptor
2026-05-20 13:42:16.415 [http-nio-0.0.0.0-8080-exec-9] DEBUG o.s.orm.jpa.JpaTransactionManager - Found thread-bound EntityManager [SessionImpl(1244659197<open>)] for JPA transaction
2026-05-20 13:42:16.415 [http-nio-0.0.0.0-8080-exec-9] DEBUG o.s.orm.jpa.JpaTransactionManager - Creating new transaction with name [org.springframework.data.jpa.repository.support.SimpleJpaRepository.findAll]: PROPAGATION_REQUIRED,ISOLATION_DEFAULT,readOnly
2026-05-20 13:42:16.420 [http-nio-0.0.0.0-8080-exec-9] DEBUG o.s.orm.jpa.JpaTransactionManager - Exposing JPA transaction as JDBC [org.springframework.orm.jpa.vendor.HibernateJpaDialect$HibernateConnectionHandle@2aba3071]
2026-05-20 13:42:16.421 [http-nio-0.0.0.0-8080-exec-9] DEBUG org.hibernate.SQL - 
    select
        kd1_0.id,
        kd1_0.submitted_at,
        kd1_0.document_url,
        kd1_0.rejection_reason,
        kd1_0.status,
        kd1_0.document_type,
        kd1_0.user_id 
    from
        kyc_documents kd1_0
2026-05-20 13:42:16.421 [http-nio-0.0.0.0-8080-exec-9] DEBUG org.hibernate.SQL - 
    select
        kd1_0.id,
        kd1_0.submitted_at,
        kd1_0.document_url,
        kd1_0.rejection_reason,
        kd1_0.status,
        kd1_0.document_type,
        kd1_0.user_id 
    from
        kyc_documents kd1_0
2026-05-20 13:42:16.423 [http-nio-0.0.0.0-8080-exec-9] DEBUG org.hibernate.SQL - 
    select
        u1_0.id,
        u1_0.address,
        u1_0.admin_notes,
        u1_0.avatar_url,
        u1_0.bio,
        u1_0.preferred_category,
        u1_0.created_at,
        u1_0.email,
        u1_0.google_id,
        u1_0.kyc_status,
        u1_0.password,
        u1_0.last_name,
        u1_0.first_name,
        u1_0.role,
        u1_0.status,
        u1_0.phone,
        u1_0.ville 
    from
        users u1_0 
    where
        u1_0.id=?
2026-05-20 13:42:16.423 [http-nio-0.0.0.0-8080-exec-9] DEBUG org.hibernate.SQL - 
    select
        u1_0.id,
        u1_0.address,
        u1_0.admin_notes,
        u1_0.avatar_url,
        u1_0.bio,
        u1_0.preferred_category,
        u1_0.created_at,
        u1_0.email,
        u1_0.google_id,
        u1_0.kyc_status,
        u1_0.password,
        u1_0.last_name,
        u1_0.first_name,
        u1_0.role,
        u1_0.status,
        u1_0.phone,
        u1_0.ville 
    from
        users u1_0 
    where
        u1_0.id=?
2026-05-20 13:42:16.425 [http-nio-0.0.0.0-8080-exec-9] DEBUG org.hibernate.SQL - 
    select
        u1_0.id,
        u1_0.address,
        u1_0.admin_notes,
        u1_0.avatar_url,
        u1_0.bio,
        u1_0.preferred_category,
        u1_0.created_at,
        u1_0.email,
        u1_0.google_id,
        u1_0.kyc_status,
        u1_0.password,
        u1_0.last_name,
        u1_0.first_name,
        u1_0.role,
        u1_0.status,
        u1_0.phone,
        u1_0.ville 
    from
        users u1_0 
    where
        u1_0.id=?
2026-05-20 13:42:16.425 [http-nio-0.0.0.0-8080-exec-9] DEBUG org.hibernate.SQL - 
    select
        u1_0.id,
        u1_0.address,
        u1_0.admin_notes,
        u1_0.avatar_url,
        u1_0.bio,
        u1_0.preferred_category,
        u1_0.created_at,
        u1_0.email,
        u1_0.google_id,
        u1_0.kyc_status,
        u1_0.password,
        u1_0.last_name,
        u1_0.first_name,
        u1_0.role,
        u1_0.status,
        u1_0.phone,
        u1_0.ville 
    from
        users u1_0 
    where
        u1_0.id=?
2026-05-20 13:42:16.428 [http-nio-0.0.0.0-8080-exec-9] DEBUG o.s.orm.jpa.JpaTransactionManager - Initiating transaction commit
2026-05-20 13:42:16.430 [http-nio-0.0.0.0-8080-exec-9] DEBUG o.s.orm.jpa.JpaTransactionManager - Committing JPA transaction on EntityManager [SessionImpl(1244659197<open>)]
2026-05-20 13:42:16.431 [http-nio-0.0.0.0-8080-exec-9] DEBUG o.s.orm.jpa.JpaTransactionManager - Not closing pre-bound JPA EntityManager after transaction
2026-05-20 13:42:16.438 [http-nio-0.0.0.0-8080-exec-9] DEBUG o.s.o.j.s.OpenEntityManagerInViewInterceptor - Closing JPA EntityManager in OpenEntityManagerInViewInterceptor
2026-05-20 13:42:16.697 [http-nio-0.0.0.0-8080-exec-8] DEBUG o.s.orm.jpa.JpaTransactionManager - Exposing JPA transaction as JDBC [org.springframework.orm.jpa.vendor.HibernateJpaDialect$HibernateConnectionHandle@1950d0aa]
2026-05-20 13:42:16.698 [http-nio-0.0.0.0-8080-exec-8] DEBUG org.hibernate.SQL - 
    select
        t1_0.id,
        t1_0.amount_xaf,
        t1_0.created_at,
        t1_0.source_amount,
        t1_0.source_currency,
        t1_0.status,
        t1_0.type,
        t1_0.user_id 
    from
        transactions t1_0
2026-05-20 13:42:16.698 [http-nio-0.0.0.0-8080-exec-8] DEBUG org.hibernate.SQL - 
    select
        t1_0.id,
        t1_0.amount_xaf,
        t1_0.created_at,
        t1_0.source_amount,
        t1_0.source_currency,
        t1_0.status,
        t1_0.type,
        t1_0.user_id 
    from
        transactions t1_0
2026-05-20 13:42:16.706 [http-nio-0.0.0.0-8080-exec-8] DEBUG o.s.orm.jpa.JpaTransactionManager - Initiating transaction commit
2026-05-20 13:42:16.711 [http-nio-0.0.0.0-8080-exec-8] DEBUG o.s.orm.jpa.JpaTransactionManager - Committing JPA transaction on EntityManager [SessionImpl(113054289<open>)]
2026-05-20 13:42:16.713 [http-nio-0.0.0.0-8080-exec-8] DEBUG o.s.orm.jpa.JpaTransactionManager - Not closing pre-bound JPA EntityManager after transaction
2026-05-20 13:42:16.728 [http-nio-0.0.0.0-8080-exec-8] DEBUG o.s.o.j.s.OpenEntityManagerInViewInterceptor - Closing JPA EntityManager in OpenEntityManagerInViewInterceptor
2026-05-20 13:42:36.200 [http-nio-0.0.0.0-8080-exec-1] DEBUG o.s.o.j.SharedEntityManagerCreator$SharedEntityManagerInvocationHandler - Creating new EntityManager for shared EntityManager invocation
2026-05-20 13:42:36.201 [http-nio-0.0.0.0-8080-exec-1] DEBUG org.hibernate.SQL - 
    select
        u1_0.id,
        u1_0.address,
        u1_0.admin_notes,
        u1_0.avatar_url,
        u1_0.bio,
        u1_0.preferred_category,
        u1_0.created_at,
        u1_0.email,
        u1_0.google_id,
        u1_0.kyc_status,
        u1_0.password,
        u1_0.last_name,
        u1_0.first_name,
        u1_0.role,
        u1_0.status,
        u1_0.phone,
        u1_0.ville 
    from
        users u1_0 
    where
        u1_0.email=?
2026-05-20 13:42:36.201 [http-nio-0.0.0.0-8080-exec-1] DEBUG org.hibernate.SQL - 
    select
        u1_0.id,
        u1_0.address,
        u1_0.admin_notes,
        u1_0.avatar_url,
        u1_0.bio,
        u1_0.preferred_category,
        u1_0.created_at,
        u1_0.email,
        u1_0.google_id,
        u1_0.kyc_status,
        u1_0.password,
        u1_0.last_name,
        u1_0.first_name,
        u1_0.role,
        u1_0.status,
        u1_0.phone,
        u1_0.ville 
    from
        users u1_0 
    where
        u1_0.email=?
2026-05-20 13:42:36.207 [http-nio-0.0.0.0-8080-exec-1] DEBUG o.s.o.j.s.OpenEntityManagerInViewInterceptor - Opening JPA EntityManager in OpenEntityManagerInViewInterceptor
2026-05-20 13:42:36.208 [http-nio-0.0.0.0-8080-exec-1] DEBUG o.s.orm.jpa.JpaTransactionManager - Found thread-bound EntityManager [SessionImpl(487205192<open>)] for JPA transaction
2026-05-20 13:42:36.208 [http-nio-0.0.0.0-8080-exec-1] DEBUG o.s.orm.jpa.JpaTransactionManager - Creating new transaction with name [org.springframework.data.jpa.repository.support.SimpleJpaRepository.findById]: PROPAGATION_REQUIRED,ISOLATION_DEFAULT,readOnly
2026-05-20 13:42:36.209 [http-nio-0.0.0.0-8080-exec-1] DEBUG o.s.orm.jpa.JpaTransactionManager - Exposing JPA transaction as JDBC [org.springframework.orm.jpa.vendor.HibernateJpaDialect$HibernateConnectionHandle@d3f1cd7]
2026-05-20 13:42:36.210 [http-nio-0.0.0.0-8080-exec-1] DEBUG org.hibernate.SQL - 
    select
        u1_0.id,
        u1_0.address,
        u1_0.admin_notes,
        u1_0.avatar_url,
        u1_0.bio,
        u1_0.preferred_category,
        u1_0.created_at,
        u1_0.email,
        u1_0.google_id,
        u1_0.kyc_status,
        u1_0.password,
        u1_0.last_name,
        u1_0.first_name,
        u1_0.role,
        u1_0.status,
        u1_0.phone,
        u1_0.ville 
    from
        users u1_0 
    where
        u1_0.id=?
2026-05-20 13:42:36.210 [http-nio-0.0.0.0-8080-exec-1] DEBUG org.hibernate.SQL - 
    select
        u1_0.id,
        u1_0.address,
        u1_0.admin_notes,
        u1_0.avatar_url,
        u1_0.bio,
        u1_0.preferred_category,
        u1_0.created_at,
        u1_0.email,
        u1_0.google_id,
        u1_0.kyc_status,
        u1_0.password,
        u1_0.last_name,
        u1_0.first_name,
        u1_0.role,
        u1_0.status,
        u1_0.phone,
        u1_0.ville 
    from
        users u1_0 
    where
        u1_0.id=?
2026-05-20 13:42:36.212 [http-nio-0.0.0.0-8080-exec-1] DEBUG o.s.orm.jpa.JpaTransactionManager - Initiating transaction commit
2026-05-20 13:42:36.213 [http-nio-0.0.0.0-8080-exec-1] DEBUG o.s.orm.jpa.JpaTransactionManager - Committing JPA transaction on EntityManager [SessionImpl(487205192<open>)]
2026-05-20 13:42:36.215 [http-nio-0.0.0.0-8080-exec-1] DEBUG o.s.orm.jpa.JpaTransactionManager - Not closing pre-bound JPA EntityManager after transaction
2026-05-20 13:42:36.217 [http-nio-0.0.0.0-8080-exec-1] DEBUG org.hibernate.SQL - 
    select
        n1_0.id,
        n1_0.categorie,
        n1_0.created_at,
        n1_0.is_read,
        n1_0.message,
        n1_0.user_id 
    from
        notifications n1_0 
    where
        n1_0.user_id=?
2026-05-20 13:42:36.217 [http-nio-0.0.0.0-8080-exec-1] DEBUG org.hibernate.SQL - 
    select
        n1_0.id,
        n1_0.categorie,
        n1_0.created_at,
        n1_0.is_read,
        n1_0.message,
        n1_0.user_id 
    from
        notifications n1_0 
    where
        n1_0.user_id=?
2026-05-20 13:42:36.221 [http-nio-0.0.0.0-8080-exec-1] DEBUG o.s.o.j.s.OpenEntityManagerInViewInterceptor - Closing JPA EntityManager in OpenEntityManagerInViewInterceptor
2026-05-20 13:43:21.514 [http-nio-0.0.0.0-8080-exec-8] DEBUG o.s.o.j.SharedEntityManagerCreator$SharedEntityManagerInvocationHandler - Creating new EntityManager for shared EntityManager invocation
2026-05-20 13:43:21.515 [http-nio-0.0.0.0-8080-exec-8] DEBUG org.hibernate.SQL - 
    select
        u1_0.id,
        u1_0.address,
        u1_0.admin_notes,
        u1_0.avatar_url,
        u1_0.bio,
        u1_0.preferred_category,
        u1_0.created_at,
        u1_0.email,
        u1_0.google_id,
        u1_0.kyc_status,
        u1_0.password,
        u1_0.last_name,
        u1_0.first_name,
        u1_0.role,
        u1_0.status,
        u1_0.phone,
        u1_0.ville 
    from
        users u1_0 
    where
        u1_0.email=?
2026-05-20 13:43:21.515 [http-nio-0.0.0.0-8080-exec-8] DEBUG org.hibernate.SQL - 
    select
        u1_0.id,
        u1_0.address,
        u1_0.admin_notes,
        u1_0.avatar_url,
        u1_0.bio,
        u1_0.preferred_category,
        u1_0.created_at,
        u1_0.email,
        u1_0.google_id,
        u1_0.kyc_status,
        u1_0.password,
        u1_0.last_name,
        u1_0.first_name,
        u1_0.role,
        u1_0.status,
        u1_0.phone,
        u1_0.ville 
    from
        users u1_0 
    where
        u1_0.email=?
2026-05-20 13:43:21.527 [http-nio-0.0.0.0-8080-exec-8] DEBUG o.s.o.j.s.OpenEntityManagerInViewInterceptor - Opening JPA EntityManager in OpenEntityManagerInViewInterceptor
2026-05-20 13:43:21.530 [http-nio-0.0.0.0-8080-exec-8] DEBUG o.s.orm.jpa.JpaTransactionManager - Found thread-bound EntityManager [SessionImpl(2063049096<open>)] for JPA transaction
2026-05-20 13:43:21.530 [http-nio-0.0.0.0-8080-exec-8] DEBUG o.s.orm.jpa.JpaTransactionManager - Creating new transaction with name [org.springframework.data.jpa.repository.support.SimpleJpaRepository.findAll]: PROPAGATION_REQUIRED,ISOLATION_DEFAULT,readOnly
2026-05-20 13:43:21.531 [http-nio-0.0.0.0-8080-exec-8] DEBUG o.s.orm.jpa.JpaTransactionManager - Exposing JPA transaction as JDBC [org.springframework.orm.jpa.vendor.HibernateJpaDialect$HibernateConnectionHandle@5e00d989]
2026-05-20 13:43:21.533 [http-nio-0.0.0.0-8080-exec-8] DEBUG org.hibernate.SQL - 
    select
        kd1_0.id,
        kd1_0.submitted_at,
        kd1_0.document_url,
        kd1_0.rejection_reason,
        kd1_0.status,
        kd1_0.document_type,
        kd1_0.user_id 
    from
        kyc_documents kd1_0
2026-05-20 13:43:21.533 [http-nio-0.0.0.0-8080-exec-8] DEBUG org.hibernate.SQL - 
    select
        kd1_0.id,
        kd1_0.submitted_at,
        kd1_0.document_url,
        kd1_0.rejection_reason,
        kd1_0.status,
        kd1_0.document_type,
        kd1_0.user_id 
    from
        kyc_documents kd1_0
2026-05-20 13:43:21.536 [http-nio-0.0.0.0-8080-exec-8] DEBUG org.hibernate.SQL - 
    select
        u1_0.id,
        u1_0.address,
        u1_0.admin_notes,
        u1_0.avatar_url,
        u1_0.bio,
        u1_0.preferred_category,
        u1_0.created_at,
        u1_0.email,
        u1_0.google_id,
        u1_0.kyc_status,
        u1_0.password,
        u1_0.last_name,
        u1_0.first_name,
        u1_0.role,
        u1_0.status,
        u1_0.phone,
        u1_0.ville 
    from
        users u1_0 
    where
        u1_0.id=?
2026-05-20 13:43:21.536 [http-nio-0.0.0.0-8080-exec-8] DEBUG org.hibernate.SQL - 
    select
        u1_0.id,
        u1_0.address,
        u1_0.admin_notes,
        u1_0.avatar_url,
        u1_0.bio,
        u1_0.preferred_category,
        u1_0.created_at,
        u1_0.email,
        u1_0.google_id,
        u1_0.kyc_status,
        u1_0.password,
        u1_0.last_name,
        u1_0.first_name,
        u1_0.role,
        u1_0.status,
        u1_0.phone,
        u1_0.ville 
    from
        users u1_0 
    where
        u1_0.id=?
2026-05-20 13:43:21.540 [http-nio-0.0.0.0-8080-exec-8] DEBUG org.hibernate.SQL - 
    select
        u1_0.id,
        u1_0.address,
        u1_0.admin_notes,
        u1_0.avatar_url,
        u1_0.bio,
        u1_0.preferred_category,
        u1_0.created_at,
        u1_0.email,
        u1_0.google_id,
        u1_0.kyc_status,
        u1_0.password,
        u1_0.last_name,
        u1_0.first_name,
        u1_0.role,
        u1_0.status,
        u1_0.phone,
        u1_0.ville 
    from
        users u1_0 
    where
        u1_0.id=?
2026-05-20 13:43:21.540 [http-nio-0.0.0.0-8080-exec-8] DEBUG org.hibernate.SQL - 
    select
        u1_0.id,
        u1_0.address,
        u1_0.admin_notes,
        u1_0.avatar_url,
        u1_0.bio,
        u1_0.preferred_category,
        u1_0.created_at,
        u1_0.email,
        u1_0.google_id,
        u1_0.kyc_status,
        u1_0.password,
        u1_0.last_name,
        u1_0.first_name,
        u1_0.role,
        u1_0.status,
        u1_0.phone,
        u1_0.ville 
    from
        users u1_0 
    where
        u1_0.id=?
2026-05-20 13:43:21.548 [http-nio-0.0.0.0-8080-exec-8] DEBUG o.s.orm.jpa.JpaTransactionManager - Initiating transaction commit
2026-05-20 13:43:21.548 [http-nio-0.0.0.0-8080-exec-8] DEBUG o.s.orm.jpa.JpaTransactionManager - Committing JPA transaction on EntityManager [SessionImpl(2063049096<open>)]
2026-05-20 13:43:21.549 [http-nio-0.0.0.0-8080-exec-8] DEBUG o.s.orm.jpa.JpaTransactionManager - Not closing pre-bound JPA EntityManager after transaction
2026-05-20 13:43:21.551 [http-nio-0.0.0.0-8080-exec-8] DEBUG o.s.o.j.s.OpenEntityManagerInViewInterceptor - Closing JPA EntityManager in OpenEntityManagerInViewInterceptor
2026-05-20 13:43:21.565 [http-nio-0.0.0.0-8080-exec-6] DEBUG o.s.o.j.SharedEntityManagerCreator$SharedEntityManagerInvocationHandler - Creating new EntityManager for shared EntityManager invocation
2026-05-20 13:43:21.566 [http-nio-0.0.0.0-8080-exec-6] DEBUG org.hibernate.SQL - 
    select
        u1_0.id,
        u1_0.address,
        u1_0.admin_notes,
        u1_0.avatar_url,
        u1_0.bio,
        u1_0.preferred_category,
        u1_0.created_at,
        u1_0.email,
        u1_0.google_id,
        u1_0.kyc_status,
        u1_0.password,
        u1_0.last_name,
        u1_0.first_name,
        u1_0.role,
        u1_0.status,
        u1_0.phone,
        u1_0.ville 
    from
        users u1_0 
    where
        u1_0.email=?
2026-05-20 13:43:21.566 [http-nio-0.0.0.0-8080-exec-6] DEBUG org.hibernate.SQL - 
    select
        u1_0.id,
        u1_0.address,
        u1_0.admin_notes,
        u1_0.avatar_url,
        u1_0.bio,
        u1_0.preferred_category,
        u1_0.created_at,
        u1_0.email,
        u1_0.google_id,
        u1_0.kyc_status,
        u1_0.password,
        u1_0.last_name,
        u1_0.first_name,
        u1_0.role,
        u1_0.status,
        u1_0.phone,
        u1_0.ville 
    from
        users u1_0 
    where
        u1_0.email=?
2026-05-20 13:43:21.580 [http-nio-0.0.0.0-8080-exec-6] DEBUG o.s.o.j.s.OpenEntityManagerInViewInterceptor - Opening JPA EntityManager in OpenEntityManagerInViewInterceptor
2026-05-20 13:43:21.586 [http-nio-0.0.0.0-8080-exec-6] DEBUG o.s.orm.jpa.JpaTransactionManager - Found thread-bound EntityManager [SessionImpl(1758596336<open>)] for JPA transaction
2026-05-20 13:43:21.586 [http-nio-0.0.0.0-8080-exec-6] DEBUG o.s.orm.jpa.JpaTransactionManager - Creating new transaction with name [org.springframework.data.jpa.repository.support.SimpleJpaRepository.findAll]: PROPAGATION_REQUIRED,ISOLATION_DEFAULT,readOnly
2026-05-20 13:43:21.590 [http-nio-0.0.0.0-8080-exec-6] DEBUG o.s.orm.jpa.JpaTransactionManager - Exposing JPA transaction as JDBC [org.springframework.orm.jpa.vendor.HibernateJpaDialect$HibernateConnectionHandle@49f8c258]
2026-05-20 13:43:21.596 [http-nio-0.0.0.0-8080-exec-6] DEBUG org.hibernate.SQL - 
    select
        kd1_0.id,
        kd1_0.submitted_at,
        kd1_0.document_url,
        kd1_0.rejection_reason,
        kd1_0.status,
        kd1_0.document_type,
        kd1_0.user_id 
    from
        kyc_documents kd1_0
2026-05-20 13:43:21.596 [http-nio-0.0.0.0-8080-exec-6] DEBUG org.hibernate.SQL - 
    select
        kd1_0.id,
        kd1_0.submitted_at,
        kd1_0.document_url,
        kd1_0.rejection_reason,
        kd1_0.status,
        kd1_0.document_type,
        kd1_0.user_id 
    from
        kyc_documents kd1_0
2026-05-20 13:43:21.601 [http-nio-0.0.0.0-8080-exec-6] DEBUG org.hibernate.SQL - 
    select
        u1_0.id,
        u1_0.address,
        u1_0.admin_notes,
        u1_0.avatar_url,
        u1_0.bio,
        u1_0.preferred_category,
        u1_0.created_at,
        u1_0.email,
        u1_0.google_id,
        u1_0.kyc_status,
        u1_0.password,
        u1_0.last_name,
        u1_0.first_name,
        u1_0.role,
        u1_0.status,
        u1_0.phone,
        u1_0.ville 
    from
        users u1_0 
    where
        u1_0.id=?
2026-05-20 13:43:21.601 [http-nio-0.0.0.0-8080-exec-6] DEBUG org.hibernate.SQL - 
    select
        u1_0.id,
        u1_0.address,
        u1_0.admin_notes,
        u1_0.avatar_url,
        u1_0.bio,
        u1_0.preferred_category,
        u1_0.created_at,
        u1_0.email,
        u1_0.google_id,
        u1_0.kyc_status,
        u1_0.password,
        u1_0.last_name,
        u1_0.first_name,
        u1_0.role,
        u1_0.status,
        u1_0.phone,
        u1_0.ville 
    from
        users u1_0 
    where
        u1_0.id=?
2026-05-20 13:43:21.607 [http-nio-0.0.0.0-8080-exec-6] DEBUG org.hibernate.SQL - 
    select
        u1_0.id,
        u1_0.address,
        u1_0.admin_notes,
        u1_0.avatar_url,
        u1_0.bio,
        u1_0.preferred_category,
        u1_0.created_at,
        u1_0.email,
        u1_0.google_id,
        u1_0.kyc_status,
        u1_0.password,
        u1_0.last_name,
        u1_0.first_name,
        u1_0.role,
        u1_0.status,
        u1_0.phone,
        u1_0.ville 
    from
        users u1_0 
    where
        u1_0.id=?
2026-05-20 13:43:21.607 [http-nio-0.0.0.0-8080-exec-6] DEBUG org.hibernate.SQL - 
    select
        u1_0.id,
        u1_0.address,
        u1_0.admin_notes,
        u1_0.avatar_url,
        u1_0.bio,
        u1_0.preferred_category,
        u1_0.created_at,
        u1_0.email,
        u1_0.google_id,
        u1_0.kyc_status,
        u1_0.password,
        u1_0.last_name,
        u1_0.first_name,
        u1_0.role,
        u1_0.status,
        u1_0.phone,
        u1_0.ville 
    from
        users u1_0 
    where
        u1_0.id=?
2026-05-20 13:43:21.611 [http-nio-0.0.0.0-8080-exec-6] DEBUG o.s.orm.jpa.JpaTransactionManager - Initiating transaction commit
2026-05-20 13:43:21.611 [http-nio-0.0.0.0-8080-exec-6] DEBUG o.s.orm.jpa.JpaTransactionManager - Committing JPA transaction on EntityManager [SessionImpl(1758596336<open>)]
2026-05-20 13:43:21.612 [http-nio-0.0.0.0-8080-exec-6] DEBUG o.s.orm.jpa.JpaTransactionManager - Not closing pre-bound JPA EntityManager after transaction
2026-05-20 13:43:21.615 [http-nio-0.0.0.0-8080-exec-6] DEBUG o.s.o.j.s.OpenEntityManagerInViewInterceptor - Closing JPA EntityManager in OpenEntityManagerInViewInterceptor
2026-05-20 13:43:36.194 [http-nio-0.0.0.0-8080-exec-4] DEBUG o.s.o.j.SharedEntityManagerCreator$SharedEntityManagerInvocationHandler - Creating new EntityManager for shared EntityManager invocation
2026-05-20 13:43:36.195 [http-nio-0.0.0.0-8080-exec-4] DEBUG org.hibernate.SQL - 
    select
        u1_0.id,
        u1_0.address,
        u1_0.admin_notes,
        u1_0.avatar_url,
        u1_0.bio,
        u1_0.preferred_category,
        u1_0.created_at,
        u1_0.email,
        u1_0.google_id,
        u1_0.kyc_status,
        u1_0.password,
        u1_0.last_name,
        u1_0.first_name,
        u1_0.role,
        u1_0.status,
        u1_0.phone,
        u1_0.ville 
    from
        users u1_0 
    where
        u1_0.email=?
2026-05-20 13:43:36.195 [http-nio-0.0.0.0-8080-exec-4] DEBUG org.hibernate.SQL - 
    select
        u1_0.id,
        u1_0.address,
        u1_0.admin_notes,
        u1_0.avatar_url,
        u1_0.bio,
        u1_0.preferred_category,
        u1_0.created_at,
        u1_0.email,
        u1_0.google_id,
        u1_0.kyc_status,
        u1_0.password,
        u1_0.last_name,
        u1_0.first_name,
        u1_0.role,
        u1_0.status,
        u1_0.phone,
        u1_0.ville 
    from
        users u1_0 
    where
        u1_0.email=?
2026-05-20 13:43:36.210 [http-nio-0.0.0.0-8080-exec-4] DEBUG o.s.o.j.s.OpenEntityManagerInViewInterceptor - Opening JPA EntityManager in OpenEntityManagerInViewInterceptor
2026-05-20 13:43:36.213 [http-nio-0.0.0.0-8080-exec-4] DEBUG o.s.orm.jpa.JpaTransactionManager - Found thread-bound EntityManager [SessionImpl(1623064334<open>)] for JPA transaction
2026-05-20 13:43:36.213 [http-nio-0.0.0.0-8080-exec-4] DEBUG o.s.orm.jpa.JpaTransactionManager - Creating new transaction with name [org.springframework.data.jpa.repository.support.SimpleJpaRepository.findById]: PROPAGATION_REQUIRED,ISOLATION_DEFAULT,readOnly
2026-05-20 13:43:36.215 [http-nio-0.0.0.0-8080-exec-4] DEBUG o.s.orm.jpa.JpaTransactionManager - Exposing JPA transaction as JDBC [org.springframework.orm.jpa.vendor.HibernateJpaDialect$HibernateConnectionHandle@332ec728]
2026-05-20 13:43:36.215 [http-nio-0.0.0.0-8080-exec-4] DEBUG org.hibernate.SQL - 
    select
        u1_0.id,
        u1_0.address,
        u1_0.admin_notes,
        u1_0.avatar_url,
        u1_0.bio,
        u1_0.preferred_category,
        u1_0.created_at,
        u1_0.email,
        u1_0.google_id,
        u1_0.kyc_status,
        u1_0.password,
        u1_0.last_name,
        u1_0.first_name,
        u1_0.role,
        u1_0.status,
        u1_0.phone,
        u1_0.ville 
    from
        users u1_0 
    where
        u1_0.id=?
2026-05-20 13:43:36.215 [http-nio-0.0.0.0-8080-exec-4] DEBUG org.hibernate.SQL - 
    select
        u1_0.id,
        u1_0.address,
        u1_0.admin_notes,
        u1_0.avatar_url,
        u1_0.bio,
        u1_0.preferred_category,
        u1_0.created_at,
        u1_0.email,
        u1_0.google_id,
        u1_0.kyc_status,
        u1_0.password,
        u1_0.last_name,
        u1_0.first_name,
        u1_0.role,
        u1_0.status,
        u1_0.phone,
        u1_0.ville 
    from
        users u1_0 
    where
        u1_0.id=?
2026-05-20 13:43:36.219 [http-nio-0.0.0.0-8080-exec-4] DEBUG o.s.orm.jpa.JpaTransactionManager - Initiating transaction commit
2026-05-20 13:43:36.221 [http-nio-0.0.0.0-8080-exec-4] DEBUG o.s.orm.jpa.JpaTransactionManager - Committing JPA transaction on EntityManager [SessionImpl(1623064334<open>)]
2026-05-20 13:43:36.225 [http-nio-0.0.0.0-8080-exec-4] DEBUG o.s.orm.jpa.JpaTransactionManager - Not closing pre-bound JPA EntityManager after transaction
2026-05-20 13:43:36.227 [http-nio-0.0.0.0-8080-exec-4] DEBUG org.hibernate.SQL - 
    select
        n1_0.id,
        n1_0.categorie,
        n1_0.created_at,
        n1_0.is_read,
        n1_0.message,
        n1_0.user_id 
    from
        notifications n1_0 
    where
        n1_0.user_id=?
2026-05-20 13:43:36.227 [http-nio-0.0.0.0-8080-exec-4] DEBUG org.hibernate.SQL - 
    select
        n1_0.id,
        n1_0.categorie,
        n1_0.created_at,
        n1_0.is_read,
        n1_0.message,
        n1_0.user_id 
    from
        notifications n1_0 
    where
        n1_0.user_id=?
2026-05-20 13:43:36.230 [http-nio-0.0.0.0-8080-exec-4] DEBUG o.s.o.j.s.OpenEntityManagerInViewInterceptor - Closing JPA EntityManager in OpenEntityManagerInViewInterceptor
2026-05-20 13:43:49.658 [http-nio-0.0.0.0-8080-exec-3] DEBUG o.s.o.j.SharedEntityManagerCreator$SharedEntityManagerInvocationHandler - Creating new EntityManager for shared EntityManager invocation
2026-05-20 13:43:49.659 [http-nio-0.0.0.0-8080-exec-3] DEBUG org.hibernate.SQL - 
    select
        u1_0.id,
        u1_0.address,
        u1_0.admin_notes,
        u1_0.avatar_url,
        u1_0.bio,
        u1_0.preferred_category,
        u1_0.created_at,
        u1_0.email,
        u1_0.google_id,
        u1_0.kyc_status,
        u1_0.password,
        u1_0.last_name,
        u1_0.first_name,
        u1_0.role,
        u1_0.status,
        u1_0.phone,
        u1_0.ville 
    from
        users u1_0 
    where
        u1_0.email=?
2026-05-20 13:43:49.659 [http-nio-0.0.0.0-8080-exec-3] DEBUG org.hibernate.SQL - 
    select
        u1_0.id,
        u1_0.address,
        u1_0.admin_notes,
        u1_0.avatar_url,
        u1_0.bio,
        u1_0.preferred_category,
        u1_0.created_at,
        u1_0.email,
        u1_0.google_id,
        u1_0.kyc_status,
        u1_0.password,
        u1_0.last_name,
        u1_0.first_name,
        u1_0.role,
        u1_0.status,
        u1_0.phone,
        u1_0.ville 
    from
        users u1_0 
    where
        u1_0.email=?
2026-05-20 13:43:49.664 [http-nio-0.0.0.0-8080-exec-3] DEBUG o.s.o.j.s.OpenEntityManagerInViewInterceptor - Opening JPA EntityManager in OpenEntityManagerInViewInterceptor
2026-05-20 13:43:49.696 [http-nio-0.0.0.0-8080-exec-3] DEBUG o.s.orm.jpa.JpaTransactionManager - Found thread-bound EntityManager [SessionImpl(144194552<open>)] for JPA transaction
2026-05-20 13:43:49.696 [http-nio-0.0.0.0-8080-exec-3] DEBUG o.s.orm.jpa.JpaTransactionManager - Creating new transaction with name [com.example.project.service.impl.KycDocumentServiceImpl.updateDocumentStatus]: PROPAGATION_REQUIRED,ISOLATION_DEFAULT
2026-05-20 13:43:49.697 [http-nio-0.0.0.0-8080-exec-3] DEBUG o.s.orm.jpa.JpaTransactionManager - Exposing JPA transaction as JDBC [org.springframework.orm.jpa.vendor.HibernateJpaDialect$HibernateConnectionHandle@71c1f2e1]
2026-05-20 13:43:49.706 [http-nio-0.0.0.0-8080-exec-3] DEBUG o.s.orm.jpa.JpaTransactionManager - Found thread-bound EntityManager [SessionImpl(144194552<open>)] for JPA transaction
2026-05-20 13:43:49.706 [http-nio-0.0.0.0-8080-exec-3] DEBUG o.s.orm.jpa.JpaTransactionManager - Participating in existing transaction
2026-05-20 13:43:49.707 [http-nio-0.0.0.0-8080-exec-3] DEBUG org.hibernate.SQL - 
    select
        kd1_0.id,
        kd1_0.submitted_at,
        kd1_0.document_url,
        kd1_0.rejection_reason,
        kd1_0.status,
        kd1_0.document_type,
        u1_0.id,
        u1_0.address,
        u1_0.admin_notes,
        u1_0.avatar_url,
        u1_0.bio,
        u1_0.preferred_category,
        u1_0.created_at,
        u1_0.email,
        u1_0.google_id,
        u1_0.kyc_status,
        u1_0.password,
        u1_0.last_name,
        u1_0.first_name,
        u1_0.role,
        u1_0.status,
        u1_0.phone,
        u1_0.ville 
    from
        kyc_documents kd1_0 
    left join
        users u1_0 
            on u1_0.id=kd1_0.user_id 
    where
        kd1_0.id=?
2026-05-20 13:43:49.707 [http-nio-0.0.0.0-8080-exec-3] DEBUG org.hibernate.SQL - 
    select
        kd1_0.id,
        kd1_0.submitted_at,
        kd1_0.document_url,
        kd1_0.rejection_reason,
        kd1_0.status,
        kd1_0.document_type,
        u1_0.id,
        u1_0.address,
        u1_0.admin_notes,
        u1_0.avatar_url,
        u1_0.bio,
        u1_0.preferred_category,
        u1_0.created_at,
        u1_0.email,
        u1_0.google_id,
        u1_0.kyc_status,
        u1_0.password,
        u1_0.last_name,
        u1_0.first_name,
        u1_0.role,
        u1_0.status,
        u1_0.phone,
        u1_0.ville 
    from
        kyc_documents kd1_0 
    left join
        users u1_0 
            on u1_0.id=kd1_0.user_id 
    where
        kd1_0.id=?
2026-05-20 13:43:49.711 [http-nio-0.0.0.0-8080-exec-3] DEBUG o.s.orm.jpa.JpaTransactionManager - Found thread-bound EntityManager [SessionImpl(144194552<open>)] for JPA transaction
2026-05-20 13:43:49.711 [http-nio-0.0.0.0-8080-exec-3] DEBUG o.s.orm.jpa.JpaTransactionManager - Participating in existing transaction
2026-05-20 13:43:49.728 [http-nio-0.0.0.0-8080-exec-3] DEBUG o.s.orm.jpa.JpaTransactionManager - Found thread-bound EntityManager [SessionImpl(144194552<open>)] for JPA transaction
2026-05-20 13:43:49.728 [http-nio-0.0.0.0-8080-exec-3] DEBUG o.s.orm.jpa.JpaTransactionManager - Participating in existing transaction
2026-05-20 13:43:49.729 [http-nio-0.0.0.0-8080-exec-3] DEBUG o.s.orm.jpa.JpaTransactionManager - Found thread-bound EntityManager [SessionImpl(144194552<open>)] for JPA transaction
2026-05-20 13:43:49.730 [http-nio-0.0.0.0-8080-exec-3] DEBUG o.s.orm.jpa.JpaTransactionManager - Participating in existing transaction
2026-05-20 13:43:49.730 [http-nio-0.0.0.0-8080-exec-3] DEBUG o.s.orm.jpa.JpaTransactionManager - Found thread-bound EntityManager [SessionImpl(144194552<open>)] for JPA transaction
2026-05-20 13:43:49.730 [http-nio-0.0.0.0-8080-exec-3] DEBUG o.s.orm.jpa.JpaTransactionManager - Participating in existing transaction
2026-05-20 13:43:49.736 [http-nio-0.0.0.0-8080-exec-3] DEBUG o.s.orm.jpa.JpaTransactionManager - Found thread-bound EntityManager [SessionImpl(144194552<open>)] for JPA transaction
2026-05-20 13:43:49.736 [http-nio-0.0.0.0-8080-exec-3] DEBUG o.s.orm.jpa.JpaTransactionManager - Participating in existing transaction
2026-05-20 13:43:49.767 [http-nio-0.0.0.0-8080-exec-3] DEBUG org.hibernate.SQL - 
    insert 
    into
        notifications
        (categorie, created_at, is_read, message, user_id) 
    values
        (?, ?, ?, ?, ?)
2026-05-20 13:43:49.767 [http-nio-0.0.0.0-8080-exec-3] DEBUG org.hibernate.SQL - 
    insert 
    into
        notifications
        (categorie, created_at, is_read, message, user_id) 
    values
        (?, ?, ?, ?, ?)
2026-05-20 13:43:49.808 [http-nio-0.0.0.0-8080-exec-3] DEBUG o.s.orm.jpa.JpaTransactionManager - Initiating transaction commit
2026-05-20 13:43:49.808 [http-nio-0.0.0.0-8080-exec-3] DEBUG o.s.orm.jpa.JpaTransactionManager - Committing JPA transaction on EntityManager [SessionImpl(144194552<open>)]
2026-05-20 13:43:49.854 [http-nio-0.0.0.0-8080-exec-3] DEBUG org.hibernate.SQL - 
    update
        users 
    set
        address=?,
        admin_notes=?,
        avatar_url=?,
        bio=?,
        preferred_category=?,
        email=?,
        google_id=?,
        kyc_status=?,
        password=?,
        last_name=?,
        first_name=?,
        role=?,
        status=?,
        phone=?,
        ville=? 
    where
        id=?
2026-05-20 13:43:49.854 [http-nio-0.0.0.0-8080-exec-3] DEBUG org.hibernate.SQL - 
    update
        users 
    set
        address=?,
        admin_notes=?,
        avatar_url=?,
        bio=?,
        preferred_category=?,
        email=?,
        google_id=?,
        kyc_status=?,
        password=?,
        last_name=?,
        first_name=?,
        role=?,
        status=?,
        phone=?,
        ville=? 
    where
        id=?
2026-05-20 13:43:49.861 [http-nio-0.0.0.0-8080-exec-3] DEBUG org.hibernate.SQL - 
    update
        kyc_documents 
    set
        document_url=?,
        rejection_reason=?,
        status=?,
        document_type=?,
        user_id=? 
    where
        id=?
2026-05-20 13:43:49.861 [http-nio-0.0.0.0-8080-exec-3] DEBUG org.hibernate.SQL - 
    update
        kyc_documents 
    set
        document_url=?,
        rejection_reason=?,
        status=?,
        document_type=?,
        user_id=? 
    where
        id=?
2026-05-20 13:43:49.869 [http-nio-0.0.0.0-8080-exec-3] DEBUG o.s.orm.jpa.JpaTransactionManager - Not closing pre-bound JPA EntityManager after transaction
2026-05-20 13:43:49.871 [http-nio-0.0.0.0-8080-exec-3] DEBUG o.s.o.j.s.OpenEntityManagerInViewInterceptor - Closing JPA EntityManager in OpenEntityManagerInViewInterceptor
2026-05-20 13:43:49.935 [http-nio-0.0.0.0-8080-exec-7] DEBUG o.s.o.j.SharedEntityManagerCreator$SharedEntityManagerInvocationHandler - Creating new EntityManager for shared EntityManager invocation
2026-05-20 13:43:49.939 [http-nio-0.0.0.0-8080-exec-7] DEBUG org.hibernate.SQL - 
    select
        u1_0.id,
        u1_0.address,
        u1_0.admin_notes,
        u1_0.avatar_url,
        u1_0.bio,
        u1_0.preferred_category,
        u1_0.created_at,
        u1_0.email,
        u1_0.google_id,
        u1_0.kyc_status,
        u1_0.password,
        u1_0.last_name,
        u1_0.first_name,
        u1_0.role,
        u1_0.status,
        u1_0.phone,
        u1_0.ville 
    from
        users u1_0 
    where
        u1_0.email=?
2026-05-20 13:43:49.939 [http-nio-0.0.0.0-8080-exec-7] DEBUG org.hibernate.SQL - 
    select
        u1_0.id,
        u1_0.address,
        u1_0.admin_notes,
        u1_0.avatar_url,
        u1_0.bio,
        u1_0.preferred_category,
        u1_0.created_at,
        u1_0.email,
        u1_0.google_id,
        u1_0.kyc_status,
        u1_0.password,
        u1_0.last_name,
        u1_0.first_name,
        u1_0.role,
        u1_0.status,
        u1_0.phone,
        u1_0.ville 
    from
        users u1_0 
    where
        u1_0.email=?
2026-05-20 13:43:49.947 [http-nio-0.0.0.0-8080-exec-7] DEBUG o.s.o.j.s.OpenEntityManagerInViewInterceptor - Opening JPA EntityManager in OpenEntityManagerInViewInterceptor
2026-05-20 13:43:49.955 [http-nio-0.0.0.0-8080-exec-7] DEBUG o.s.orm.jpa.JpaTransactionManager - Found thread-bound EntityManager [SessionImpl(1647607140<open>)] for JPA transaction
2026-05-20 13:43:49.956 [http-nio-0.0.0.0-8080-exec-7] DEBUG o.s.orm.jpa.JpaTransactionManager - Creating new transaction with name [org.springframework.data.jpa.repository.support.SimpleJpaRepository.findAll]: PROPAGATION_REQUIRED,ISOLATION_DEFAULT,readOnly
2026-05-20 13:43:49.957 [http-nio-0.0.0.0-8080-exec-7] DEBUG o.s.orm.jpa.JpaTransactionManager - Exposing JPA transaction as JDBC [org.springframework.orm.jpa.vendor.HibernateJpaDialect$HibernateConnectionHandle@22c880a]
2026-05-20 13:43:49.962 [http-nio-0.0.0.0-8080-exec-7] DEBUG org.hibernate.SQL - 
    select
        kd1_0.id,
        kd1_0.submitted_at,
        kd1_0.document_url,
        kd1_0.rejection_reason,
        kd1_0.status,
        kd1_0.document_type,
        kd1_0.user_id 
    from
        kyc_documents kd1_0
2026-05-20 13:43:49.962 [http-nio-0.0.0.0-8080-exec-7] DEBUG org.hibernate.SQL - 
    select
        kd1_0.id,
        kd1_0.submitted_at,
        kd1_0.document_url,
        kd1_0.rejection_reason,
        kd1_0.status,
        kd1_0.document_type,
        kd1_0.user_id 
    from
        kyc_documents kd1_0
2026-05-20 13:43:49.963 [http-nio-0.0.0.0-8080-exec-7] DEBUG org.hibernate.SQL - 
    select
        u1_0.id,
        u1_0.address,
        u1_0.admin_notes,
        u1_0.avatar_url,
        u1_0.bio,
        u1_0.preferred_category,
        u1_0.created_at,
        u1_0.email,
        u1_0.google_id,
        u1_0.kyc_status,
        u1_0.password,
        u1_0.last_name,
        u1_0.first_name,
        u1_0.role,
        u1_0.status,
        u1_0.phone,
        u1_0.ville 
    from
        users u1_0 
    where
        u1_0.id=?
2026-05-20 13:43:49.963 [http-nio-0.0.0.0-8080-exec-7] DEBUG org.hibernate.SQL - 
    select
        u1_0.id,
        u1_0.address,
        u1_0.admin_notes,
        u1_0.avatar_url,
        u1_0.bio,
        u1_0.preferred_category,
        u1_0.created_at,
        u1_0.email,
        u1_0.google_id,
        u1_0.kyc_status,
        u1_0.password,
        u1_0.last_name,
        u1_0.first_name,
        u1_0.role,
        u1_0.status,
        u1_0.phone,
        u1_0.ville 
    from
        users u1_0 
    where
        u1_0.id=?
2026-05-20 13:43:49.968 [http-nio-0.0.0.0-8080-exec-7] DEBUG org.hibernate.SQL - 
    select
        u1_0.id,
        u1_0.address,
        u1_0.admin_notes,
        u1_0.avatar_url,
        u1_0.bio,
        u1_0.preferred_category,
        u1_0.created_at,
        u1_0.email,
        u1_0.google_id,
        u1_0.kyc_status,
        u1_0.password,
        u1_0.last_name,
        u1_0.first_name,
        u1_0.role,
        u1_0.status,
        u1_0.phone,
        u1_0.ville 
    from
        users u1_0 
    where
        u1_0.id=?
2026-05-20 13:43:49.968 [http-nio-0.0.0.0-8080-exec-7] DEBUG org.hibernate.SQL - 
    select
        u1_0.id,
        u1_0.address,
        u1_0.admin_notes,
        u1_0.avatar_url,
        u1_0.bio,
        u1_0.preferred_category,
        u1_0.created_at,
        u1_0.email,
        u1_0.google_id,
        u1_0.kyc_status,
        u1_0.password,
        u1_0.last_name,
        u1_0.first_name,
        u1_0.role,
        u1_0.status,
        u1_0.phone,
        u1_0.ville 
    from
        users u1_0 
    where
        u1_0.id=?
2026-05-20 13:43:49.973 [http-nio-0.0.0.0-8080-exec-7] DEBUG o.s.orm.jpa.JpaTransactionManager - Initiating transaction commit
2026-05-20 13:43:49.973 [http-nio-0.0.0.0-8080-exec-7] DEBUG o.s.orm.jpa.JpaTransactionManager - Committing JPA transaction on EntityManager [SessionImpl(1647607140<open>)]
2026-05-20 13:43:49.974 [http-nio-0.0.0.0-8080-exec-7] DEBUG o.s.orm.jpa.JpaTransactionManager - Not closing pre-bound JPA EntityManager after transaction
2026-05-20 13:43:49.976 [http-nio-0.0.0.0-8080-exec-7] DEBUG o.s.o.j.s.OpenEntityManagerInViewInterceptor - Closing JPA EntityManager in OpenEntityManagerInViewInterceptor
2026-05-20 13:44:33.148 [http-nio-0.0.0.0-8080-exec-6] DEBUG o.s.o.j.SharedEntityManagerCreator$SharedEntityManagerInvocationHandler - Creating new EntityManager for shared EntityManager invocation
2026-05-20 13:44:33.150 [http-nio-0.0.0.0-8080-exec-6] DEBUG org.hibernate.SQL - 
    select
        u1_0.id,
        u1_0.address,
        u1_0.admin_notes,
        u1_0.avatar_url,
        u1_0.bio,
        u1_0.preferred_category,
        u1_0.created_at,
        u1_0.email,
        u1_0.google_id,
        u1_0.kyc_status,
        u1_0.password,
        u1_0.last_name,
        u1_0.first_name,
        u1_0.role,
        u1_0.status,
        u1_0.phone,
        u1_0.ville 
    from
        users u1_0 
    where
        u1_0.email=?
2026-05-20 13:44:33.150 [http-nio-0.0.0.0-8080-exec-6] DEBUG org.hibernate.SQL - 
    select
        u1_0.id,
        u1_0.address,
        u1_0.admin_notes,
        u1_0.avatar_url,
        u1_0.bio,
        u1_0.preferred_category,
        u1_0.created_at,
        u1_0.email,
        u1_0.google_id,
        u1_0.kyc_status,
        u1_0.password,
        u1_0.last_name,
        u1_0.first_name,
        u1_0.role,
        u1_0.status,
        u1_0.phone,
        u1_0.ville 
    from
        users u1_0 
    where
        u1_0.email=?
2026-05-20 13:44:33.166 [http-nio-0.0.0.0-8080-exec-6] DEBUG o.s.o.j.s.OpenEntityManagerInViewInterceptor - Opening JPA EntityManager in OpenEntityManagerInViewInterceptor
2026-05-20 13:44:33.168 [http-nio-0.0.0.0-8080-exec-6] DEBUG o.s.orm.jpa.JpaTransactionManager - Found thread-bound EntityManager [SessionImpl(522787940<open>)] for JPA transaction
2026-05-20 13:44:33.169 [http-nio-0.0.0.0-8080-exec-6] DEBUG o.s.orm.jpa.JpaTransactionManager - Creating new transaction with name [org.springframework.data.jpa.repository.support.SimpleJpaRepository.findAll]: PROPAGATION_REQUIRED,ISOLATION_DEFAULT,readOnly
2026-05-20 13:44:33.181 [http-nio-0.0.0.0-8080-exec-6] DEBUG o.s.orm.jpa.JpaTransactionManager - Exposing JPA transaction as JDBC [org.springframework.orm.jpa.vendor.HibernateJpaDialect$HibernateConnectionHandle@2ac24439]
2026-05-20 13:44:33.188 [http-nio-0.0.0.0-8080-exec-6] DEBUG org.hibernate.SQL - 
    select
        pc1_0.id,
        pc1_0.config_key,
        pc1_0.config_value,
        pc1_0.description,
        pc1_0.updated_at 
    from
        platform_configs pc1_0
2026-05-20 13:44:33.188 [http-nio-0.0.0.0-8080-exec-6] DEBUG org.hibernate.SQL - 
    select
        pc1_0.id,
        pc1_0.config_key,
        pc1_0.config_value,
        pc1_0.description,
        pc1_0.updated_at 
    from
        platform_configs pc1_0
2026-05-20 13:44:33.198 [http-nio-0.0.0.0-8080-exec-6] DEBUG o.s.orm.jpa.JpaTransactionManager - Initiating transaction commit
2026-05-20 13:44:33.198 [http-nio-0.0.0.0-8080-exec-6] DEBUG o.s.orm.jpa.JpaTransactionManager - Committing JPA transaction on EntityManager [SessionImpl(522787940<open>)]
2026-05-20 13:44:33.200 [http-nio-0.0.0.0-8080-exec-6] DEBUG o.s.orm.jpa.JpaTransactionManager - Not closing pre-bound JPA EntityManager after transaction
2026-05-20 13:44:33.203 [http-nio-0.0.0.0-8080-exec-6] DEBUG o.s.o.j.s.OpenEntityManagerInViewInterceptor - Closing JPA EntityManager in OpenEntityManagerInViewInterceptor
2026-05-20 13:44:33.254 [http-nio-0.0.0.0-8080-exec-1] DEBUG o.s.o.j.SharedEntityManagerCreator$SharedEntityManagerInvocationHandler - Creating new EntityManager for shared EntityManager invocation
2026-05-20 13:44:33.264 [http-nio-0.0.0.0-8080-exec-1] DEBUG org.hibernate.SQL - 
    select
        u1_0.id,
        u1_0.address,
        u1_0.admin_notes,
        u1_0.avatar_url,
        u1_0.bio,
        u1_0.preferred_category,
        u1_0.created_at,
        u1_0.email,
        u1_0.google_id,
        u1_0.kyc_status,
        u1_0.password,
        u1_0.last_name,
        u1_0.first_name,
        u1_0.role,
        u1_0.status,
        u1_0.phone,
        u1_0.ville 
    from
        users u1_0 
    where
        u1_0.email=?
2026-05-20 13:44:33.264 [http-nio-0.0.0.0-8080-exec-1] DEBUG org.hibernate.SQL - 
    select
        u1_0.id,
        u1_0.address,
        u1_0.admin_notes,
        u1_0.avatar_url,
        u1_0.bio,
        u1_0.preferred_category,
        u1_0.created_at,
        u1_0.email,
        u1_0.google_id,
        u1_0.kyc_status,
        u1_0.password,
        u1_0.last_name,
        u1_0.first_name,
        u1_0.role,
        u1_0.status,
        u1_0.phone,
        u1_0.ville 
    from
        users u1_0 
    where
        u1_0.email=?
2026-05-20 13:44:33.296 [http-nio-0.0.0.0-8080-exec-1] DEBUG o.s.o.j.s.OpenEntityManagerInViewInterceptor - Opening JPA EntityManager in OpenEntityManagerInViewInterceptor
2026-05-20 13:44:33.304 [http-nio-0.0.0.0-8080-exec-1] DEBUG o.s.orm.jpa.JpaTransactionManager - Found thread-bound EntityManager [SessionImpl(1551236470<open>)] for JPA transaction
2026-05-20 13:44:33.314 [http-nio-0.0.0.0-8080-exec-1] DEBUG o.s.orm.jpa.JpaTransactionManager - Creating new transaction with name [org.springframework.data.jpa.repository.support.SimpleJpaRepository.findAll]: PROPAGATION_REQUIRED,ISOLATION_DEFAULT,readOnly
2026-05-20 13:44:33.318 [http-nio-0.0.0.0-8080-exec-1] DEBUG o.s.orm.jpa.JpaTransactionManager - Exposing JPA transaction as JDBC [org.springframework.orm.jpa.vendor.HibernateJpaDialect$HibernateConnectionHandle@13d6fcf1]
2026-05-20 13:44:33.321 [http-nio-0.0.0.0-8080-exec-1] DEBUG org.hibernate.SQL - 
    select
        pc1_0.id,
        pc1_0.config_key,
        pc1_0.config_value,
        pc1_0.description,
        pc1_0.updated_at 
    from
        platform_configs pc1_0
2026-05-20 13:44:33.321 [http-nio-0.0.0.0-8080-exec-1] DEBUG org.hibernate.SQL - 
    select
        pc1_0.id,
        pc1_0.config_key,
        pc1_0.config_value,
        pc1_0.description,
        pc1_0.updated_at 
    from
        platform_configs pc1_0
2026-05-20 13:44:33.330 [http-nio-0.0.0.0-8080-exec-1] DEBUG o.s.orm.jpa.JpaTransactionManager - Initiating transaction commit
2026-05-20 13:44:33.330 [http-nio-0.0.0.0-8080-exec-1] DEBUG o.s.orm.jpa.JpaTransactionManager - Committing JPA transaction on EntityManager [SessionImpl(1551236470<open>)]
2026-05-20 13:44:33.332 [http-nio-0.0.0.0-8080-exec-1] DEBUG o.s.orm.jpa.JpaTransactionManager - Not closing pre-bound JPA EntityManager after transaction
2026-05-20 13:44:33.337 [http-nio-0.0.0.0-8080-exec-1] DEBUG o.s.o.j.s.OpenEntityManagerInViewInterceptor - Closing JPA EntityManager in OpenEntityManagerInViewInterceptor
2026-05-20 13:44:36.417 [http-nio-0.0.0.0-8080-exec-5] DEBUG o.s.o.j.SharedEntityManagerCreator$SharedEntityManagerInvocationHandler - Creating new EntityManager for shared EntityManager invocation
2026-05-20 13:44:36.418 [http-nio-0.0.0.0-8080-exec-5] DEBUG org.hibernate.SQL - 
    select
        u1_0.id,
        u1_0.address,
        u1_0.admin_notes,
        u1_0.avatar_url,
        u1_0.bio,
        u1_0.preferred_category,
        u1_0.created_at,
        u1_0.email,
        u1_0.google_id,
        u1_0.kyc_status,
        u1_0.password,
        u1_0.last_name,
        u1_0.first_name,
        u1_0.role,
        u1_0.status,
        u1_0.phone,
        u1_0.ville 
    from
        users u1_0 
    where
        u1_0.email=?
2026-05-20 13:44:36.418 [http-nio-0.0.0.0-8080-exec-5] DEBUG org.hibernate.SQL - 
    select
        u1_0.id,
        u1_0.address,
        u1_0.admin_notes,
        u1_0.avatar_url,
        u1_0.bio,
        u1_0.preferred_category,
        u1_0.created_at,
        u1_0.email,
        u1_0.google_id,
        u1_0.kyc_status,
        u1_0.password,
        u1_0.last_name,
        u1_0.first_name,
        u1_0.role,
        u1_0.status,
        u1_0.phone,
        u1_0.ville 
    from
        users u1_0 
    where
        u1_0.email=?
2026-05-20 13:44:36.427 [http-nio-0.0.0.0-8080-exec-5] DEBUG o.s.o.j.s.OpenEntityManagerInViewInterceptor - Opening JPA EntityManager in OpenEntityManagerInViewInterceptor
2026-05-20 13:44:36.430 [http-nio-0.0.0.0-8080-exec-5] DEBUG o.s.orm.jpa.JpaTransactionManager - Found thread-bound EntityManager [SessionImpl(2011875464<open>)] for JPA transaction
2026-05-20 13:44:36.430 [http-nio-0.0.0.0-8080-exec-5] DEBUG o.s.orm.jpa.JpaTransactionManager - Creating new transaction with name [org.springframework.data.jpa.repository.support.SimpleJpaRepository.findById]: PROPAGATION_REQUIRED,ISOLATION_DEFAULT,readOnly
2026-05-20 13:44:36.431 [http-nio-0.0.0.0-8080-exec-5] DEBUG o.s.orm.jpa.JpaTransactionManager - Exposing JPA transaction as JDBC [org.springframework.orm.jpa.vendor.HibernateJpaDialect$HibernateConnectionHandle@3095387e]
2026-05-20 13:44:36.431 [http-nio-0.0.0.0-8080-exec-5] DEBUG org.hibernate.SQL - 
    select
        u1_0.id,
        u1_0.address,
        u1_0.admin_notes,
        u1_0.avatar_url,
        u1_0.bio,
        u1_0.preferred_category,
        u1_0.created_at,
        u1_0.email,
        u1_0.google_id,
        u1_0.kyc_status,
        u1_0.password,
        u1_0.last_name,
        u1_0.first_name,
        u1_0.role,
        u1_0.status,
        u1_0.phone,
        u1_0.ville 
    from
        users u1_0 
    where
        u1_0.id=?
2026-05-20 13:44:36.431 [http-nio-0.0.0.0-8080-exec-5] DEBUG org.hibernate.SQL - 
    select
        u1_0.id,
        u1_0.address,
        u1_0.admin_notes,
        u1_0.avatar_url,
        u1_0.bio,
        u1_0.preferred_category,
        u1_0.created_at,
        u1_0.email,
        u1_0.google_id,
        u1_0.kyc_status,
        u1_0.password,
        u1_0.last_name,
        u1_0.first_name,
        u1_0.role,
        u1_0.status,
        u1_0.phone,
        u1_0.ville 
    from
        users u1_0 
    where
        u1_0.id=?
2026-05-20 13:44:36.433 [http-nio-0.0.0.0-8080-exec-5] DEBUG o.s.orm.jpa.JpaTransactionManager - Initiating transaction commit
2026-05-20 13:44:36.433 [http-nio-0.0.0.0-8080-exec-5] DEBUG o.s.orm.jpa.JpaTransactionManager - Committing JPA transaction on EntityManager [SessionImpl(2011875464<open>)]
2026-05-20 13:44:36.434 [http-nio-0.0.0.0-8080-exec-5] DEBUG o.s.orm.jpa.JpaTransactionManager - Not closing pre-bound JPA EntityManager after transaction
2026-05-20 13:44:36.436 [http-nio-0.0.0.0-8080-exec-5] DEBUG org.hibernate.SQL - 
    select
        n1_0.id,
        n1_0.categorie,
        n1_0.created_at,
        n1_0.is_read,
        n1_0.message,
        n1_0.user_id 
    from
        notifications n1_0 
    where
        n1_0.user_id=?
2026-05-20 13:44:36.436 [http-nio-0.0.0.0-8080-exec-5] DEBUG org.hibernate.SQL - 
    select
        n1_0.id,
        n1_0.categorie,
        n1_0.created_at,
        n1_0.is_read,
        n1_0.message,
        n1_0.user_id 
    from
        notifications n1_0 
    where
        n1_0.user_id=?
2026-05-20 13:44:36.438 [http-nio-0.0.0.0-8080-exec-5] DEBUG o.s.o.j.s.OpenEntityManagerInViewInterceptor - Closing JPA EntityManager in OpenEntityManagerInViewInterceptor
2026-05-20 13:44:49.607 [http-nio-0.0.0.0-8080-exec-7] DEBUG o.s.o.j.SharedEntityManagerCreator$SharedEntityManagerInvocationHandler - Creating new EntityManager for shared EntityManager invocation
2026-05-20 13:44:49.611 [http-nio-0.0.0.0-8080-exec-7] DEBUG org.hibernate.SQL - 
    select
        u1_0.id,
        u1_0.address,
        u1_0.admin_notes,
        u1_0.avatar_url,
        u1_0.bio,
        u1_0.preferred_category,
        u1_0.created_at,
        u1_0.email,
        u1_0.google_id,
        u1_0.kyc_status,
        u1_0.password,
        u1_0.last_name,
        u1_0.first_name,
        u1_0.role,
        u1_0.status,
        u1_0.phone,
        u1_0.ville 
    from
        users u1_0 
    where
        u1_0.email=?
2026-05-20 13:44:49.611 [http-nio-0.0.0.0-8080-exec-7] DEBUG org.hibernate.SQL - 
    select
        u1_0.id,
        u1_0.address,
        u1_0.admin_notes,
        u1_0.avatar_url,
        u1_0.bio,
        u1_0.preferred_category,
        u1_0.created_at,
        u1_0.email,
        u1_0.google_id,
        u1_0.kyc_status,
        u1_0.password,
        u1_0.last_name,
        u1_0.first_name,
        u1_0.role,
        u1_0.status,
        u1_0.phone,
        u1_0.ville 
    from
        users u1_0 
    where
        u1_0.email=?
2026-05-20 13:44:49.618 [http-nio-0.0.0.0-8080-exec-7] DEBUG o.s.o.j.s.OpenEntityManagerInViewInterceptor - Opening JPA EntityManager in OpenEntityManagerInViewInterceptor
2026-05-20 13:44:49.626 [http-nio-0.0.0.0-8080-exec-7] DEBUG o.s.orm.jpa.JpaTransactionManager - Found thread-bound EntityManager [SessionImpl(95908867<open>)] for JPA transaction
2026-05-20 13:44:49.626 [http-nio-0.0.0.0-8080-exec-7] DEBUG o.s.orm.jpa.JpaTransactionManager - Creating new transaction with name [org.springframework.data.jpa.repository.support.SimpleJpaRepository.findAll]: PROPAGATION_REQUIRED,ISOLATION_DEFAULT,readOnly
2026-05-20 13:44:49.628 [http-nio-0.0.0.0-8080-exec-7] DEBUG o.s.orm.jpa.JpaTransactionManager - Exposing JPA transaction as JDBC [org.springframework.orm.jpa.vendor.HibernateJpaDialect$HibernateConnectionHandle@6c12fcf4]
2026-05-20 13:44:49.629 [http-nio-0.0.0.0-8080-exec-7] DEBUG org.hibernate.SQL - 
    select
        l1_0.id,
        l1_0.accuse_id,
        l1_0.date_creation,
        l1_0.date_resolution,
        l1_0.decision_admin,
        l1_0.description,
        l1_0.plaignant_id,
        l1_0.projet_concerne_id,
        l1_0.statut,
        l1_0.titre,
        l1_0.type 
    from
        litiges l1_0
2026-05-20 13:44:49.629 [http-nio-0.0.0.0-8080-exec-7] DEBUG org.hibernate.SQL - 
    select
        l1_0.id,
        l1_0.accuse_id,
        l1_0.date_creation,
        l1_0.date_resolution,
        l1_0.decision_admin,
        l1_0.description,
        l1_0.plaignant_id,
        l1_0.projet_concerne_id,
        l1_0.statut,
        l1_0.titre,
        l1_0.type 
    from
        litiges l1_0
2026-05-20 13:44:49.631 [http-nio-0.0.0.0-8080-exec-7] DEBUG o.s.orm.jpa.JpaTransactionManager - Initiating transaction commit
2026-05-20 13:44:49.631 [http-nio-0.0.0.0-8080-exec-7] DEBUG o.s.orm.jpa.JpaTransactionManager - Committing JPA transaction on EntityManager [SessionImpl(95908867<open>)]
2026-05-20 13:44:49.632 [http-nio-0.0.0.0-8080-exec-7] DEBUG o.s.orm.jpa.JpaTransactionManager - Not closing pre-bound JPA EntityManager after transaction
2026-05-20 13:44:49.634 [http-nio-0.0.0.0-8080-exec-7] DEBUG o.s.o.j.s.OpenEntityManagerInViewInterceptor - Closing JPA EntityManager in OpenEntityManagerInViewInterceptor
2026-05-20 13:44:49.646 [http-nio-0.0.0.0-8080-exec-10] DEBUG o.s.o.j.SharedEntityManagerCreator$SharedEntityManagerInvocationHandler - Creating new EntityManager for shared EntityManager invocation
2026-05-20 13:44:49.647 [http-nio-0.0.0.0-8080-exec-10] DEBUG org.hibernate.SQL - 
    select
        u1_0.id,
        u1_0.address,
        u1_0.admin_notes,
        u1_0.avatar_url,
        u1_0.bio,
        u1_0.preferred_category,
        u1_0.created_at,
        u1_0.email,
        u1_0.google_id,
        u1_0.kyc_status,
        u1_0.password,
        u1_0.last_name,
        u1_0.first_name,
        u1_0.role,
        u1_0.status,
        u1_0.phone,
        u1_0.ville 
    from
        users u1_0 
    where
        u1_0.email=?
2026-05-20 13:44:49.647 [http-nio-0.0.0.0-8080-exec-10] DEBUG org.hibernate.SQL - 
    select
        u1_0.id,
        u1_0.address,
        u1_0.admin_notes,
        u1_0.avatar_url,
        u1_0.bio,
        u1_0.preferred_category,
        u1_0.created_at,
        u1_0.email,
        u1_0.google_id,
        u1_0.kyc_status,
        u1_0.password,
        u1_0.last_name,
        u1_0.first_name,
        u1_0.role,
        u1_0.status,
        u1_0.phone,
        u1_0.ville 
    from
        users u1_0 
    where
        u1_0.email=?
2026-05-20 13:44:49.660 [http-nio-0.0.0.0-8080-exec-10] DEBUG o.s.o.j.s.OpenEntityManagerInViewInterceptor - Opening JPA EntityManager in OpenEntityManagerInViewInterceptor
2026-05-20 13:44:49.665 [http-nio-0.0.0.0-8080-exec-10] DEBUG o.s.orm.jpa.JpaTransactionManager - Found thread-bound EntityManager [SessionImpl(1060433582<open>)] for JPA transaction
2026-05-20 13:44:49.666 [http-nio-0.0.0.0-8080-exec-10] DEBUG o.s.orm.jpa.JpaTransactionManager - Creating new transaction with name [org.springframework.data.jpa.repository.support.SimpleJpaRepository.findAll]: PROPAGATION_REQUIRED,ISOLATION_DEFAULT,readOnly
2026-05-20 13:44:49.667 [http-nio-0.0.0.0-8080-exec-10] DEBUG o.s.orm.jpa.JpaTransactionManager - Exposing JPA transaction as JDBC [org.springframework.orm.jpa.vendor.HibernateJpaDialect$HibernateConnectionHandle@5f304ae7]
2026-05-20 13:44:49.668 [http-nio-0.0.0.0-8080-exec-10] DEBUG org.hibernate.SQL - 
    select
        l1_0.id,
        l1_0.accuse_id,
        l1_0.date_creation,
        l1_0.date_resolution,
        l1_0.decision_admin,
        l1_0.description,
        l1_0.plaignant_id,
        l1_0.projet_concerne_id,
        l1_0.statut,
        l1_0.titre,
        l1_0.type 
    from
        litiges l1_0
2026-05-20 13:44:49.668 [http-nio-0.0.0.0-8080-exec-10] DEBUG org.hibernate.SQL - 
    select
        l1_0.id,
        l1_0.accuse_id,
        l1_0.date_creation,
        l1_0.date_resolution,
        l1_0.decision_admin,
        l1_0.description,
        l1_0.plaignant_id,
        l1_0.projet_concerne_id,
        l1_0.statut,
        l1_0.titre,
        l1_0.type 
    from
        litiges l1_0
2026-05-20 13:44:49.672 [http-nio-0.0.0.0-8080-exec-10] DEBUG o.s.orm.jpa.JpaTransactionManager - Initiating transaction commit
2026-05-20 13:44:49.674 [http-nio-0.0.0.0-8080-exec-10] DEBUG o.s.orm.jpa.JpaTransactionManager - Committing JPA transaction on EntityManager [SessionImpl(1060433582<open>)]
2026-05-20 13:44:49.677 [http-nio-0.0.0.0-8080-exec-10] DEBUG o.s.orm.jpa.JpaTransactionManager - Not closing pre-bound JPA EntityManager after transaction
2026-05-20 13:44:49.679 [http-nio-0.0.0.0-8080-exec-10] DEBUG o.s.o.j.s.OpenEntityManagerInViewInterceptor - Closing JPA EntityManager in OpenEntityManagerInViewInterceptor
2026-05-20 13:44:59.040 [http-nio-0.0.0.0-8080-exec-6] DEBUG o.s.o.j.SharedEntityManagerCreator$SharedEntityManagerInvocationHandler - Creating new EntityManager for shared EntityManager invocation
2026-05-20 13:44:59.042 [http-nio-0.0.0.0-8080-exec-6] DEBUG org.hibernate.SQL - 
    select
        u1_0.id,
        u1_0.address,
        u1_0.admin_notes,
        u1_0.avatar_url,
        u1_0.bio,
        u1_0.preferred_category,
        u1_0.created_at,
        u1_0.email,
        u1_0.google_id,
        u1_0.kyc_status,
        u1_0.password,
        u1_0.last_name,
        u1_0.first_name,
        u1_0.role,
        u1_0.status,
        u1_0.phone,
        u1_0.ville 
    from
        users u1_0 
    where
        u1_0.email=?
2026-05-20 13:44:59.042 [http-nio-0.0.0.0-8080-exec-6] DEBUG org.hibernate.SQL - 
    select
        u1_0.id,
        u1_0.address,
        u1_0.admin_notes,
        u1_0.avatar_url,
        u1_0.bio,
        u1_0.preferred_category,
        u1_0.created_at,
        u1_0.email,
        u1_0.google_id,
        u1_0.kyc_status,
        u1_0.password,
        u1_0.last_name,
        u1_0.first_name,
        u1_0.role,
        u1_0.status,
        u1_0.phone,
        u1_0.ville 
    from
        users u1_0 
    where
        u1_0.email=?
2026-05-20 13:44:59.050 [http-nio-0.0.0.0-8080-exec-6] DEBUG o.s.o.j.s.OpenEntityManagerInViewInterceptor - Opening JPA EntityManager in OpenEntityManagerInViewInterceptor
2026-05-20 13:44:59.057 [http-nio-0.0.0.0-8080-exec-6] DEBUG o.s.orm.jpa.JpaTransactionManager - Found thread-bound EntityManager [SessionImpl(1473072240<open>)] for JPA transaction
2026-05-20 13:44:59.057 [http-nio-0.0.0.0-8080-exec-6] DEBUG o.s.orm.jpa.JpaTransactionManager - Creating new transaction with name [org.springframework.data.jpa.repository.support.SimpleJpaRepository.findAll]: PROPAGATION_REQUIRED,ISOLATION_DEFAULT,readOnly
2026-05-20 13:44:59.058 [http-nio-0.0.0.0-8080-exec-6] DEBUG o.s.orm.jpa.JpaTransactionManager - Exposing JPA transaction as JDBC [org.springframework.orm.jpa.vendor.HibernateJpaDialect$HibernateConnectionHandle@18536e7e]
2026-05-20 13:44:59.060 [http-nio-0.0.0.0-8080-exec-6] DEBUG org.hibernate.SQL - 
    select
        p1_0.id,
        p1_0.admin_notes,
        p1_0.all_or_nothing,
        p1_0.categorie,
        p1_0.created_at,
        p1_0.start_date,
        p1_0.end_date,
        p1_0.description,
        p1_0.cover_image,
        p1_0.localisation,
        p1_0.current_amount,
        p1_0.investors_count,
        p1_0.funding_goal,
        p1_0.equity_percentage,
        p1_0.owner_id,
        p1_0.status,
        p1_0.suspension_deadline,
        p1_0.interest_rate,
        p1_0.titre,
        p1_0.funding_type 
    from
        projects p1_0
2026-05-20 13:44:59.060 [http-nio-0.0.0.0-8080-exec-6] DEBUG org.hibernate.SQL - 
    select
        p1_0.id,
        p1_0.admin_notes,
        p1_0.all_or_nothing,
        p1_0.categorie,
        p1_0.created_at,
        p1_0.start_date,
        p1_0.end_date,
        p1_0.description,
        p1_0.cover_image,
        p1_0.localisation,
        p1_0.current_amount,
        p1_0.investors_count,
        p1_0.funding_goal,
        p1_0.equity_percentage,
        p1_0.owner_id,
        p1_0.status,
        p1_0.suspension_deadline,
        p1_0.interest_rate,
        p1_0.titre,
        p1_0.funding_type 
    from
        projects p1_0
2026-05-20 13:44:59.062 [http-nio-0.0.0.0-8080-exec-6] DEBUG org.hibernate.SQL - 
    select
        u1_0.id,
        u1_0.address,
        u1_0.admin_notes,
        u1_0.avatar_url,
        u1_0.bio,
        u1_0.preferred_category,
        u1_0.created_at,
        u1_0.email,
        u1_0.google_id,
        u1_0.kyc_status,
        u1_0.password,
        u1_0.last_name,
        u1_0.first_name,
        u1_0.role,
        u1_0.status,
        u1_0.phone,
        u1_0.ville 
    from
        users u1_0 
    where
        u1_0.id=?
2026-05-20 13:44:59.062 [http-nio-0.0.0.0-8080-exec-6] DEBUG org.hibernate.SQL - 
    select
        u1_0.id,
        u1_0.address,
        u1_0.admin_notes,
        u1_0.avatar_url,
        u1_0.bio,
        u1_0.preferred_category,
        u1_0.created_at,
        u1_0.email,
        u1_0.google_id,
        u1_0.kyc_status,
        u1_0.password,
        u1_0.last_name,
        u1_0.first_name,
        u1_0.role,
        u1_0.status,
        u1_0.phone,
        u1_0.ville 
    from
        users u1_0 
    where
        u1_0.id=?
2026-05-20 13:44:59.064 [http-nio-0.0.0.0-8080-exec-6] DEBUG o.s.orm.jpa.JpaTransactionManager - Initiating transaction commit
2026-05-20 13:44:59.064 [http-nio-0.0.0.0-8080-exec-6] DEBUG o.s.orm.jpa.JpaTransactionManager - Committing JPA transaction on EntityManager [SessionImpl(1473072240<open>)]
2026-05-20 13:44:59.066 [http-nio-0.0.0.0-8080-exec-6] DEBUG o.s.orm.jpa.JpaTransactionManager - Not closing pre-bound JPA EntityManager after transaction
2026-05-20 13:44:59.072 [http-nio-0.0.0.0-8080-exec-6] DEBUG o.s.o.j.s.OpenEntityManagerInViewInterceptor - Closing JPA EntityManager in OpenEntityManagerInViewInterceptor
2026-05-20 13:44:59.080 [http-nio-0.0.0.0-8080-exec-1] DEBUG o.s.o.j.SharedEntityManagerCreator$SharedEntityManagerInvocationHandler - Creating new EntityManager for shared EntityManager invocation
2026-05-20 13:44:59.083 [http-nio-0.0.0.0-8080-exec-1] DEBUG org.hibernate.SQL - 
    select
        u1_0.id,
        u1_0.address,
        u1_0.admin_notes,
        u1_0.avatar_url,
        u1_0.bio,
        u1_0.preferred_category,
        u1_0.created_at,
        u1_0.email,
        u1_0.google_id,
        u1_0.kyc_status,
        u1_0.password,
        u1_0.last_name,
        u1_0.first_name,
        u1_0.role,
        u1_0.status,
        u1_0.phone,
        u1_0.ville 
    from
        users u1_0 
    where
        u1_0.email=?
2026-05-20 13:44:59.083 [http-nio-0.0.0.0-8080-exec-1] DEBUG org.hibernate.SQL - 
    select
        u1_0.id,
        u1_0.address,
        u1_0.admin_notes,
        u1_0.avatar_url,
        u1_0.bio,
        u1_0.preferred_category,
        u1_0.created_at,
        u1_0.email,
        u1_0.google_id,
        u1_0.kyc_status,
        u1_0.password,
        u1_0.last_name,
        u1_0.first_name,
        u1_0.role,
        u1_0.status,
        u1_0.phone,
        u1_0.ville 
    from
        users u1_0 
    where
        u1_0.email=?
2026-05-20 13:44:59.105 [http-nio-0.0.0.0-8080-exec-1] DEBUG o.s.o.j.s.OpenEntityManagerInViewInterceptor - Opening JPA EntityManager in OpenEntityManagerInViewInterceptor
2026-05-20 13:44:59.107 [http-nio-0.0.0.0-8080-exec-1] DEBUG o.s.orm.jpa.JpaTransactionManager - Found thread-bound EntityManager [SessionImpl(1448823680<open>)] for JPA transaction
2026-05-20 13:44:59.108 [http-nio-0.0.0.0-8080-exec-1] DEBUG o.s.orm.jpa.JpaTransactionManager - Creating new transaction with name [org.springframework.data.jpa.repository.support.SimpleJpaRepository.findAll]: PROPAGATION_REQUIRED,ISOLATION_DEFAULT,readOnly
2026-05-20 13:44:59.109 [http-nio-0.0.0.0-8080-exec-1] DEBUG o.s.orm.jpa.JpaTransactionManager - Exposing JPA transaction as JDBC [org.springframework.orm.jpa.vendor.HibernateJpaDialect$HibernateConnectionHandle@62a3ba8]
2026-05-20 13:44:59.111 [http-nio-0.0.0.0-8080-exec-1] DEBUG org.hibernate.SQL - 
    select
        p1_0.id,
        p1_0.admin_notes,
        p1_0.all_or_nothing,
        p1_0.categorie,
        p1_0.created_at,
        p1_0.start_date,
        p1_0.end_date,
        p1_0.description,
        p1_0.cover_image,
        p1_0.localisation,
        p1_0.current_amount,
        p1_0.investors_count,
        p1_0.funding_goal,
        p1_0.equity_percentage,
        p1_0.owner_id,
        p1_0.status,
        p1_0.suspension_deadline,
        p1_0.interest_rate,
        p1_0.titre,
        p1_0.funding_type 
    from
        projects p1_0
2026-05-20 13:44:59.111 [http-nio-0.0.0.0-8080-exec-1] DEBUG org.hibernate.SQL - 
    select
        p1_0.id,
        p1_0.admin_notes,
        p1_0.all_or_nothing,
        p1_0.categorie,
        p1_0.created_at,
        p1_0.start_date,
        p1_0.end_date,
        p1_0.description,
        p1_0.cover_image,
        p1_0.localisation,
        p1_0.current_amount,
        p1_0.investors_count,
        p1_0.funding_goal,
        p1_0.equity_percentage,
        p1_0.owner_id,
        p1_0.status,
        p1_0.suspension_deadline,
        p1_0.interest_rate,
        p1_0.titre,
        p1_0.funding_type 
    from
        projects p1_0
2026-05-20 13:44:59.115 [http-nio-0.0.0.0-8080-exec-1] DEBUG org.hibernate.SQL - 
    select
        u1_0.id,
        u1_0.address,
        u1_0.admin_notes,
        u1_0.avatar_url,
        u1_0.bio,
        u1_0.preferred_category,
        u1_0.created_at,
        u1_0.email,
        u1_0.google_id,
        u1_0.kyc_status,
        u1_0.password,
        u1_0.last_name,
        u1_0.first_name,
        u1_0.role,
        u1_0.status,
        u1_0.phone,
        u1_0.ville 
    from
        users u1_0 
    where
        u1_0.id=?
2026-05-20 13:44:59.115 [http-nio-0.0.0.0-8080-exec-1] DEBUG org.hibernate.SQL - 
    select
        u1_0.id,
        u1_0.address,
        u1_0.admin_notes,
        u1_0.avatar_url,
        u1_0.bio,
        u1_0.preferred_category,
        u1_0.created_at,
        u1_0.email,
        u1_0.google_id,
        u1_0.kyc_status,
        u1_0.password,
        u1_0.last_name,
        u1_0.first_name,
        u1_0.role,
        u1_0.status,
        u1_0.phone,
        u1_0.ville 
    from
        users u1_0 
    where
        u1_0.id=?
2026-05-20 13:44:59.117 [http-nio-0.0.0.0-8080-exec-1] DEBUG o.s.orm.jpa.JpaTransactionManager - Initiating transaction commit
2026-05-20 13:44:59.130 [http-nio-0.0.0.0-8080-exec-1] DEBUG o.s.orm.jpa.JpaTransactionManager - Committing JPA transaction on EntityManager [SessionImpl(1448823680<open>)]
2026-05-20 13:44:59.132 [http-nio-0.0.0.0-8080-exec-1] DEBUG o.s.orm.jpa.JpaTransactionManager - Not closing pre-bound JPA EntityManager after transaction
2026-05-20 13:44:59.135 [http-nio-0.0.0.0-8080-exec-1] DEBUG o.s.o.j.s.OpenEntityManagerInViewInterceptor - Closing JPA EntityManager in OpenEntityManagerInViewInterceptor
2026-05-20 13:45:01.341 [http-nio-0.0.0.0-8080-exec-3] DEBUG o.s.o.j.SharedEntityManagerCreator$SharedEntityManagerInvocationHandler - Creating new EntityManager for shared EntityManager invocation
2026-05-20 13:45:01.343 [http-nio-0.0.0.0-8080-exec-3] DEBUG org.hibernate.SQL - 
    select
        u1_0.id,
        u1_0.address,
        u1_0.admin_notes,
        u1_0.avatar_url,
        u1_0.bio,
        u1_0.preferred_category,
        u1_0.created_at,
        u1_0.email,
        u1_0.google_id,
        u1_0.kyc_status,
        u1_0.password,
        u1_0.last_name,
        u1_0.first_name,
        u1_0.role,
        u1_0.status,
        u1_0.phone,
        u1_0.ville 
    from
        users u1_0 
    where
        u1_0.email=?
2026-05-20 13:45:01.343 [http-nio-0.0.0.0-8080-exec-3] DEBUG org.hibernate.SQL - 
    select
        u1_0.id,
        u1_0.address,
        u1_0.admin_notes,
        u1_0.avatar_url,
        u1_0.bio,
        u1_0.preferred_category,
        u1_0.created_at,
        u1_0.email,
        u1_0.google_id,
        u1_0.kyc_status,
        u1_0.password,
        u1_0.last_name,
        u1_0.first_name,
        u1_0.role,
        u1_0.status,
        u1_0.phone,
        u1_0.ville 
    from
        users u1_0 
    where
        u1_0.email=?
2026-05-20 13:45:01.357 [http-nio-0.0.0.0-8080-exec-3] DEBUG o.s.o.j.s.OpenEntityManagerInViewInterceptor - Opening JPA EntityManager in OpenEntityManagerInViewInterceptor
2026-05-20 13:45:01.358 [http-nio-0.0.0.0-8080-exec-3] DEBUG o.s.orm.jpa.JpaTransactionManager - Found thread-bound EntityManager [SessionImpl(1040094580<open>)] for JPA transaction
2026-05-20 13:45:01.358 [http-nio-0.0.0.0-8080-exec-3] DEBUG o.s.orm.jpa.JpaTransactionManager - Creating new transaction with name [org.springframework.data.jpa.repository.support.SimpleJpaRepository.findAll]: PROPAGATION_REQUIRED,ISOLATION_DEFAULT,readOnly
2026-05-20 13:45:01.359 [http-nio-0.0.0.0-8080-exec-3] DEBUG o.s.orm.jpa.JpaTransactionManager - Exposing JPA transaction as JDBC [org.springframework.orm.jpa.vendor.HibernateJpaDialect$HibernateConnectionHandle@26819fb8]
2026-05-20 13:45:01.360 [http-nio-0.0.0.0-8080-exec-3] DEBUG org.hibernate.SQL - 
    select
        u1_0.id,
        u1_0.address,
        u1_0.admin_notes,
        u1_0.avatar_url,
        u1_0.bio,
        u1_0.preferred_category,
        u1_0.created_at,
        u1_0.email,
        u1_0.google_id,
        u1_0.kyc_status,
        u1_0.password,
        u1_0.last_name,
        u1_0.first_name,
        u1_0.role,
        u1_0.status,
        u1_0.phone,
        u1_0.ville 
    from
        users u1_0
2026-05-20 13:45:01.360 [http-nio-0.0.0.0-8080-exec-3] DEBUG org.hibernate.SQL - 
    select
        u1_0.id,
        u1_0.address,
        u1_0.admin_notes,
        u1_0.avatar_url,
        u1_0.bio,
        u1_0.preferred_category,
        u1_0.created_at,
        u1_0.email,
        u1_0.google_id,
        u1_0.kyc_status,
        u1_0.password,
        u1_0.last_name,
        u1_0.first_name,
        u1_0.role,
        u1_0.status,
        u1_0.phone,
        u1_0.ville 
    from
        users u1_0
2026-05-20 13:45:01.362 [http-nio-0.0.0.0-8080-exec-3] DEBUG o.s.orm.jpa.JpaTransactionManager - Initiating transaction commit
2026-05-20 13:45:01.362 [http-nio-0.0.0.0-8080-exec-3] DEBUG o.s.orm.jpa.JpaTransactionManager - Committing JPA transaction on EntityManager [SessionImpl(1040094580<open>)]
2026-05-20 13:45:01.366 [http-nio-0.0.0.0-8080-exec-3] DEBUG o.s.orm.jpa.JpaTransactionManager - Not closing pre-bound JPA EntityManager after transaction
2026-05-20 13:45:01.373 [http-nio-0.0.0.0-8080-exec-3] DEBUG o.s.o.j.s.OpenEntityManagerInViewInterceptor - Closing JPA EntityManager in OpenEntityManagerInViewInterceptor
2026-05-20 13:45:01.378 [http-nio-0.0.0.0-8080-exec-2] DEBUG o.s.o.j.SharedEntityManagerCreator$SharedEntityManagerInvocationHandler - Creating new EntityManager for shared EntityManager invocation
2026-05-20 13:45:01.381 [http-nio-0.0.0.0-8080-exec-2] DEBUG org.hibernate.SQL - 
    select
        u1_0.id,
        u1_0.address,
        u1_0.admin_notes,
        u1_0.avatar_url,
        u1_0.bio,
        u1_0.preferred_category,
        u1_0.created_at,
        u1_0.email,
        u1_0.google_id,
        u1_0.kyc_status,
        u1_0.password,
        u1_0.last_name,
        u1_0.first_name,
        u1_0.role,
        u1_0.status,
        u1_0.phone,
        u1_0.ville 
    from
        users u1_0 
    where
        u1_0.email=?
2026-05-20 13:45:01.381 [http-nio-0.0.0.0-8080-exec-2] DEBUG org.hibernate.SQL - 
    select
        u1_0.id,
        u1_0.address,
        u1_0.admin_notes,
        u1_0.avatar_url,
        u1_0.bio,
        u1_0.preferred_category,
        u1_0.created_at,
        u1_0.email,
        u1_0.google_id,
        u1_0.kyc_status,
        u1_0.password,
        u1_0.last_name,
        u1_0.first_name,
        u1_0.role,
        u1_0.status,
        u1_0.phone,
        u1_0.ville 
    from
        users u1_0 
    where
        u1_0.email=?
2026-05-20 13:45:01.393 [http-nio-0.0.0.0-8080-exec-2] DEBUG o.s.o.j.s.OpenEntityManagerInViewInterceptor - Opening JPA EntityManager in OpenEntityManagerInViewInterceptor
2026-05-20 13:45:01.400 [http-nio-0.0.0.0-8080-exec-2] DEBUG o.s.orm.jpa.JpaTransactionManager - Found thread-bound EntityManager [SessionImpl(1363482303<open>)] for JPA transaction
2026-05-20 13:45:01.406 [http-nio-0.0.0.0-8080-exec-2] DEBUG o.s.orm.jpa.JpaTransactionManager - Creating new transaction with name [org.springframework.data.jpa.repository.support.SimpleJpaRepository.findAll]: PROPAGATION_REQUIRED,ISOLATION_DEFAULT,readOnly
2026-05-20 13:45:01.412 [http-nio-0.0.0.0-8080-exec-2] DEBUG o.s.orm.jpa.JpaTransactionManager - Exposing JPA transaction as JDBC [org.springframework.orm.jpa.vendor.HibernateJpaDialect$HibernateConnectionHandle@37233436]
2026-05-20 13:45:01.413 [http-nio-0.0.0.0-8080-exec-2] DEBUG org.hibernate.SQL - 
    select
        u1_0.id,
        u1_0.address,
        u1_0.admin_notes,
        u1_0.avatar_url,
        u1_0.bio,
        u1_0.preferred_category,
        u1_0.created_at,
        u1_0.email,
        u1_0.google_id,
        u1_0.kyc_status,
        u1_0.password,
        u1_0.last_name,
        u1_0.first_name,
        u1_0.role,
        u1_0.status,
        u1_0.phone,
        u1_0.ville 
    from
        users u1_0
2026-05-20 13:45:01.413 [http-nio-0.0.0.0-8080-exec-2] DEBUG org.hibernate.SQL - 
    select
        u1_0.id,
        u1_0.address,
        u1_0.admin_notes,
        u1_0.avatar_url,
        u1_0.bio,
        u1_0.preferred_category,
        u1_0.created_at,
        u1_0.email,
        u1_0.google_id,
        u1_0.kyc_status,
        u1_0.password,
        u1_0.last_name,
        u1_0.first_name,
        u1_0.role,
        u1_0.status,
        u1_0.phone,
        u1_0.ville 
    from
        users u1_0
2026-05-20 13:45:01.415 [http-nio-0.0.0.0-8080-exec-2] DEBUG o.s.orm.jpa.JpaTransactionManager - Initiating transaction commit
2026-05-20 13:45:01.416 [http-nio-0.0.0.0-8080-exec-2] DEBUG o.s.orm.jpa.JpaTransactionManager - Committing JPA transaction on EntityManager [SessionImpl(1363482303<open>)]
2026-05-20 13:45:01.421 [http-nio-0.0.0.0-8080-exec-2] DEBUG o.s.orm.jpa.JpaTransactionManager - Not closing pre-bound JPA EntityManager after transaction
2026-05-20 13:45:01.425 [http-nio-0.0.0.0-8080-exec-2] DEBUG o.s.o.j.s.OpenEntityManagerInViewInterceptor - Closing JPA EntityManager in OpenEntityManagerInViewInterceptor
2026-05-20 13:45:37.134 [http-nio-0.0.0.0-8080-exec-10] DEBUG o.s.o.j.SharedEntityManagerCreator$SharedEntityManagerInvocationHandler - Creating new EntityManager for shared EntityManager invocation
2026-05-20 13:45:37.137 [http-nio-0.0.0.0-8080-exec-10] DEBUG org.hibernate.SQL - 
    select
        u1_0.id,
        u1_0.address,
        u1_0.admin_notes,
        u1_0.avatar_url,
        u1_0.bio,
        u1_0.preferred_category,
        u1_0.created_at,
        u1_0.email,
        u1_0.google_id,
        u1_0.kyc_status,
        u1_0.password,
        u1_0.last_name,
        u1_0.first_name,
        u1_0.role,
        u1_0.status,
        u1_0.phone,
        u1_0.ville 
    from
        users u1_0 
    where
        u1_0.email=?
2026-05-20 13:45:37.137 [http-nio-0.0.0.0-8080-exec-10] DEBUG org.hibernate.SQL - 
    select
        u1_0.id,
        u1_0.address,
        u1_0.admin_notes,
        u1_0.avatar_url,
        u1_0.bio,
        u1_0.preferred_category,
        u1_0.created_at,
        u1_0.email,
        u1_0.google_id,
        u1_0.kyc_status,
        u1_0.password,
        u1_0.last_name,
        u1_0.first_name,
        u1_0.role,
        u1_0.status,
        u1_0.phone,
        u1_0.ville 
    from
        users u1_0 
    where
        u1_0.email=?
2026-05-20 13:45:37.149 [http-nio-0.0.0.0-8080-exec-10] DEBUG o.s.o.j.s.OpenEntityManagerInViewInterceptor - Opening JPA EntityManager in OpenEntityManagerInViewInterceptor
2026-05-20 13:45:37.153 [http-nio-0.0.0.0-8080-exec-10] DEBUG o.s.orm.jpa.JpaTransactionManager - Found thread-bound EntityManager [SessionImpl(411375435<open>)] for JPA transaction
2026-05-20 13:45:37.153 [http-nio-0.0.0.0-8080-exec-10] DEBUG o.s.orm.jpa.JpaTransactionManager - Creating new transaction with name [org.springframework.data.jpa.repository.support.SimpleJpaRepository.findById]: PROPAGATION_REQUIRED,ISOLATION_DEFAULT,readOnly
2026-05-20 13:45:37.156 [http-nio-0.0.0.0-8080-exec-10] DEBUG o.s.orm.jpa.JpaTransactionManager - Exposing JPA transaction as JDBC [org.springframework.orm.jpa.vendor.HibernateJpaDialect$HibernateConnectionHandle@3a7f3b6d]
2026-05-20 13:45:37.157 [http-nio-0.0.0.0-8080-exec-10] DEBUG org.hibernate.SQL - 
    select
        u1_0.id,
        u1_0.address,
        u1_0.admin_notes,
        u1_0.avatar_url,
        u1_0.bio,
        u1_0.preferred_category,
        u1_0.created_at,
        u1_0.email,
        u1_0.google_id,
        u1_0.kyc_status,
        u1_0.password,
        u1_0.last_name,
        u1_0.first_name,
        u1_0.role,
        u1_0.status,
        u1_0.phone,
        u1_0.ville 
    from
        users u1_0 
    where
        u1_0.id=?
2026-05-20 13:45:37.157 [http-nio-0.0.0.0-8080-exec-10] DEBUG org.hibernate.SQL - 
    select
        u1_0.id,
        u1_0.address,
        u1_0.admin_notes,
        u1_0.avatar_url,
        u1_0.bio,
        u1_0.preferred_category,
        u1_0.created_at,
        u1_0.email,
        u1_0.google_id,
        u1_0.kyc_status,
        u1_0.password,
        u1_0.last_name,
        u1_0.first_name,
        u1_0.role,
        u1_0.status,
        u1_0.phone,
        u1_0.ville 
    from
        users u1_0 
    where
        u1_0.id=?
2026-05-20 13:45:37.159 [http-nio-0.0.0.0-8080-exec-10] DEBUG o.s.orm.jpa.JpaTransactionManager - Initiating transaction commit
2026-05-20 13:45:37.159 [http-nio-0.0.0.0-8080-exec-10] DEBUG o.s.orm.jpa.JpaTransactionManager - Committing JPA transaction on EntityManager [SessionImpl(411375435<open>)]
2026-05-20 13:45:37.162 [http-nio-0.0.0.0-8080-exec-10] DEBUG o.s.orm.jpa.JpaTransactionManager - Not closing pre-bound JPA EntityManager after transaction
2026-05-20 13:45:37.167 [http-nio-0.0.0.0-8080-exec-10] DEBUG org.hibernate.SQL - 
    select
        n1_0.id,
        n1_0.categorie,
        n1_0.created_at,
        n1_0.is_read,
        n1_0.message,
        n1_0.user_id 
    from
        notifications n1_0 
    where
        n1_0.user_id=?
2026-05-20 13:45:37.167 [http-nio-0.0.0.0-8080-exec-10] DEBUG org.hibernate.SQL - 
    select
        n1_0.id,
        n1_0.categorie,
        n1_0.created_at,
        n1_0.is_read,
        n1_0.message,
        n1_0.user_id 
    from
        notifications n1_0 
    where
        n1_0.user_id=?
2026-05-20 13:45:37.171 [http-nio-0.0.0.0-8080-exec-10] DEBUG o.s.o.j.s.OpenEntityManagerInViewInterceptor - Closing JPA EntityManager in OpenEntityManagerInViewInterceptor
2026-05-20 13:45:49.733 [http-nio-0.0.0.0-8080-exec-6] DEBUG o.s.o.j.SharedEntityManagerCreator$SharedEntityManagerInvocationHandler - Creating new EntityManager for shared EntityManager invocation
2026-05-20 13:45:49.734 [http-nio-0.0.0.0-8080-exec-6] DEBUG org.hibernate.SQL - 
    select
        u1_0.id,
        u1_0.address,
        u1_0.admin_notes,
        u1_0.avatar_url,
        u1_0.bio,
        u1_0.preferred_category,
        u1_0.created_at,
        u1_0.email,
        u1_0.google_id,
        u1_0.kyc_status,
        u1_0.password,
        u1_0.last_name,
        u1_0.first_name,
        u1_0.role,
        u1_0.status,
        u1_0.phone,
        u1_0.ville 
    from
        users u1_0 
    where
        u1_0.email=?
2026-05-20 13:45:49.734 [http-nio-0.0.0.0-8080-exec-6] DEBUG org.hibernate.SQL - 
    select
        u1_0.id,
        u1_0.address,
        u1_0.admin_notes,
        u1_0.avatar_url,
        u1_0.bio,
        u1_0.preferred_category,
        u1_0.created_at,
        u1_0.email,
        u1_0.google_id,
        u1_0.kyc_status,
        u1_0.password,
        u1_0.last_name,
        u1_0.first_name,
        u1_0.role,
        u1_0.status,
        u1_0.phone,
        u1_0.ville 
    from
        users u1_0 
    where
        u1_0.email=?
2026-05-20 13:45:49.750 [http-nio-0.0.0.0-8080-exec-6] DEBUG o.s.o.j.s.OpenEntityManagerInViewInterceptor - Opening JPA EntityManager in OpenEntityManagerInViewInterceptor
2026-05-20 13:45:49.752 [http-nio-0.0.0.0-8080-exec-6] DEBUG o.s.orm.jpa.JpaTransactionManager - Found thread-bound EntityManager [SessionImpl(2031157596<open>)] for JPA transaction
2026-05-20 13:45:49.753 [http-nio-0.0.0.0-8080-exec-6] DEBUG o.s.orm.jpa.JpaTransactionManager - Creating new transaction with name [org.springframework.data.jpa.repository.support.SimpleJpaRepository.findAll]: PROPAGATION_REQUIRED,ISOLATION_DEFAULT,readOnly
2026-05-20 13:45:49.754 [http-nio-0.0.0.0-8080-exec-6] DEBUG o.s.orm.jpa.JpaTransactionManager - Exposing JPA transaction as JDBC [org.springframework.orm.jpa.vendor.HibernateJpaDialect$HibernateConnectionHandle@4ecead81]
2026-05-20 13:45:49.756 [http-nio-0.0.0.0-8080-exec-6] DEBUG org.hibernate.SQL - 
    select
        kd1_0.id,
        kd1_0.submitted_at,
        kd1_0.document_url,
        kd1_0.rejection_reason,
        kd1_0.status,
        kd1_0.document_type,
        kd1_0.user_id 
    from
        kyc_documents kd1_0
2026-05-20 13:45:49.756 [http-nio-0.0.0.0-8080-exec-6] DEBUG org.hibernate.SQL - 
    select
        kd1_0.id,
        kd1_0.submitted_at,
        kd1_0.document_url,
        kd1_0.rejection_reason,
        kd1_0.status,
        kd1_0.document_type,
        kd1_0.user_id 
    from
        kyc_documents kd1_0
2026-05-20 13:45:49.764 [http-nio-0.0.0.0-8080-exec-6] DEBUG org.hibernate.SQL - 
    select
        u1_0.id,
        u1_0.address,
        u1_0.admin_notes,
        u1_0.avatar_url,
        u1_0.bio,
        u1_0.preferred_category,
        u1_0.created_at,
        u1_0.email,
        u1_0.google_id,
        u1_0.kyc_status,
        u1_0.password,
        u1_0.last_name,
        u1_0.first_name,
        u1_0.role,
        u1_0.status,
        u1_0.phone,
        u1_0.ville 
    from
        users u1_0 
    where
        u1_0.id=?
2026-05-20 13:45:49.764 [http-nio-0.0.0.0-8080-exec-6] DEBUG org.hibernate.SQL - 
    select
        u1_0.id,
        u1_0.address,
        u1_0.admin_notes,
        u1_0.avatar_url,
        u1_0.bio,
        u1_0.preferred_category,
        u1_0.created_at,
        u1_0.email,
        u1_0.google_id,
        u1_0.kyc_status,
        u1_0.password,
        u1_0.last_name,
        u1_0.first_name,
        u1_0.role,
        u1_0.status,
        u1_0.phone,
        u1_0.ville 
    from
        users u1_0 
    where
        u1_0.id=?
2026-05-20 13:45:49.767 [http-nio-0.0.0.0-8080-exec-6] DEBUG org.hibernate.SQL - 
    select
        u1_0.id,
        u1_0.address,
        u1_0.admin_notes,
        u1_0.avatar_url,
        u1_0.bio,
        u1_0.preferred_category,
        u1_0.created_at,
        u1_0.email,
        u1_0.google_id,
        u1_0.kyc_status,
        u1_0.password,
        u1_0.last_name,
        u1_0.first_name,
        u1_0.role,
        u1_0.status,
        u1_0.phone,
        u1_0.ville 
    from
        users u1_0 
    where
        u1_0.id=?
2026-05-20 13:45:49.767 [http-nio-0.0.0.0-8080-exec-6] DEBUG org.hibernate.SQL - 
    select
        u1_0.id,
        u1_0.address,
        u1_0.admin_notes,
        u1_0.avatar_url,
        u1_0.bio,
        u1_0.preferred_category,
        u1_0.created_at,
        u1_0.email,
        u1_0.google_id,
        u1_0.kyc_status,
        u1_0.password,
        u1_0.last_name,
        u1_0.first_name,
        u1_0.role,
        u1_0.status,
        u1_0.phone,
        u1_0.ville 
    from
        users u1_0 
    where
        u1_0.id=?
2026-05-20 13:45:49.770 [http-nio-0.0.0.0-8080-exec-6] DEBUG o.s.orm.jpa.JpaTransactionManager - Initiating transaction commit
2026-05-20 13:45:49.770 [http-nio-0.0.0.0-8080-exec-6] DEBUG o.s.orm.jpa.JpaTransactionManager - Committing JPA transaction on EntityManager [SessionImpl(2031157596<open>)]
2026-05-20 13:45:49.772 [http-nio-0.0.0.0-8080-exec-6] DEBUG o.s.orm.jpa.JpaTransactionManager - Not closing pre-bound JPA EntityManager after transaction
2026-05-20 13:45:49.775 [http-nio-0.0.0.0-8080-exec-6] DEBUG o.s.o.j.s.OpenEntityManagerInViewInterceptor - Closing JPA EntityManager in OpenEntityManagerInViewInterceptor
2026-05-20 13:45:49.787 [http-nio-0.0.0.0-8080-exec-1] DEBUG o.s.o.j.SharedEntityManagerCreator$SharedEntityManagerInvocationHandler - Creating new EntityManager for shared EntityManager invocation
2026-05-20 13:45:49.790 [http-nio-0.0.0.0-8080-exec-1] DEBUG org.hibernate.SQL - 
    select
        u1_0.id,
        u1_0.address,
        u1_0.admin_notes,
        u1_0.avatar_url,
        u1_0.bio,
        u1_0.preferred_category,
        u1_0.created_at,
        u1_0.email,
        u1_0.google_id,
        u1_0.kyc_status,
        u1_0.password,
        u1_0.last_name,
        u1_0.first_name,
        u1_0.role,
        u1_0.status,
        u1_0.phone,
        u1_0.ville 
    from
        users u1_0 
    where
        u1_0.email=?
2026-05-20 13:45:49.790 [http-nio-0.0.0.0-8080-exec-1] DEBUG org.hibernate.SQL - 
    select
        u1_0.id,
        u1_0.address,
        u1_0.admin_notes,
        u1_0.avatar_url,
        u1_0.bio,
        u1_0.preferred_category,
        u1_0.created_at,
        u1_0.email,
        u1_0.google_id,
        u1_0.kyc_status,
        u1_0.password,
        u1_0.last_name,
        u1_0.first_name,
        u1_0.role,
        u1_0.status,
        u1_0.phone,
        u1_0.ville 
    from
        users u1_0 
    where
        u1_0.email=?
2026-05-20 13:45:49.801 [http-nio-0.0.0.0-8080-exec-1] DEBUG o.s.o.j.s.OpenEntityManagerInViewInterceptor - Opening JPA EntityManager in OpenEntityManagerInViewInterceptor
2026-05-20 13:45:49.804 [http-nio-0.0.0.0-8080-exec-1] DEBUG o.s.orm.jpa.JpaTransactionManager - Found thread-bound EntityManager [SessionImpl(1111555038<open>)] for JPA transaction
2026-05-20 13:45:49.804 [http-nio-0.0.0.0-8080-exec-1] DEBUG o.s.orm.jpa.JpaTransactionManager - Creating new transaction with name [org.springframework.data.jpa.repository.support.SimpleJpaRepository.findAll]: PROPAGATION_REQUIRED,ISOLATION_DEFAULT,readOnly
2026-05-20 13:45:49.806 [http-nio-0.0.0.0-8080-exec-1] DEBUG o.s.orm.jpa.JpaTransactionManager - Exposing JPA transaction as JDBC [org.springframework.orm.jpa.vendor.HibernateJpaDialect$HibernateConnectionHandle@59b27bc9]
2026-05-20 13:45:49.809 [http-nio-0.0.0.0-8080-exec-1] DEBUG org.hibernate.SQL - 
    select
        kd1_0.id,
        kd1_0.submitted_at,
        kd1_0.document_url,
        kd1_0.rejection_reason,
        kd1_0.status,
        kd1_0.document_type,
        kd1_0.user_id 
    from
        kyc_documents kd1_0
2026-05-20 13:45:49.809 [http-nio-0.0.0.0-8080-exec-1] DEBUG org.hibernate.SQL - 
    select
        kd1_0.id,
        kd1_0.submitted_at,
        kd1_0.document_url,
        kd1_0.rejection_reason,
        kd1_0.status,
        kd1_0.document_type,
        kd1_0.user_id 
    from
        kyc_documents kd1_0
2026-05-20 13:45:49.814 [http-nio-0.0.0.0-8080-exec-1] DEBUG org.hibernate.SQL - 
    select
        u1_0.id,
        u1_0.address,
        u1_0.admin_notes,
        u1_0.avatar_url,
        u1_0.bio,
        u1_0.preferred_category,
        u1_0.created_at,
        u1_0.email,
        u1_0.google_id,
        u1_0.kyc_status,
        u1_0.password,
        u1_0.last_name,
        u1_0.first_name,
        u1_0.role,
        u1_0.status,
        u1_0.phone,
        u1_0.ville 
    from
        users u1_0 
    where
        u1_0.id=?
2026-05-20 13:45:49.814 [http-nio-0.0.0.0-8080-exec-1] DEBUG org.hibernate.SQL - 
    select
        u1_0.id,
        u1_0.address,
        u1_0.admin_notes,
        u1_0.avatar_url,
        u1_0.bio,
        u1_0.preferred_category,
        u1_0.created_at,
        u1_0.email,
        u1_0.google_id,
        u1_0.kyc_status,
        u1_0.password,
        u1_0.last_name,
        u1_0.first_name,
        u1_0.role,
        u1_0.status,
        u1_0.phone,
        u1_0.ville 
    from
        users u1_0 
    where
        u1_0.id=?
2026-05-20 13:45:49.817 [http-nio-0.0.0.0-8080-exec-1] DEBUG org.hibernate.SQL - 
    select
        u1_0.id,
        u1_0.address,
        u1_0.admin_notes,
        u1_0.avatar_url,
        u1_0.bio,
        u1_0.preferred_category,
        u1_0.created_at,
        u1_0.email,
        u1_0.google_id,
        u1_0.kyc_status,
        u1_0.password,
        u1_0.last_name,
        u1_0.first_name,
        u1_0.role,
        u1_0.status,
        u1_0.phone,
        u1_0.ville 
    from
        users u1_0 
    where
        u1_0.id=?
2026-05-20 13:45:49.817 [http-nio-0.0.0.0-8080-exec-1] DEBUG org.hibernate.SQL - 
    select
        u1_0.id,
        u1_0.address,
        u1_0.admin_notes,
        u1_0.avatar_url,
        u1_0.bio,
        u1_0.preferred_category,
        u1_0.created_at,
        u1_0.email,
        u1_0.google_id,
        u1_0.kyc_status,
        u1_0.password,
        u1_0.last_name,
        u1_0.first_name,
        u1_0.role,
        u1_0.status,
        u1_0.phone,
        u1_0.ville 
    from
        users u1_0 
    where
        u1_0.id=?
2026-05-20 13:45:49.819 [http-nio-0.0.0.0-8080-exec-1] DEBUG o.s.orm.jpa.JpaTransactionManager - Initiating transaction commit
2026-05-20 13:45:49.819 [http-nio-0.0.0.0-8080-exec-1] DEBUG o.s.orm.jpa.JpaTransactionManager - Committing JPA transaction on EntityManager [SessionImpl(1111555038<open>)]
2026-05-20 13:45:49.821 [http-nio-0.0.0.0-8080-exec-1] DEBUG o.s.orm.jpa.JpaTransactionManager - Not closing pre-bound JPA EntityManager after transaction
2026-05-20 13:45:49.831 [http-nio-0.0.0.0-8080-exec-1] DEBUG o.s.o.j.s.OpenEntityManagerInViewInterceptor - Closing JPA EntityManager in OpenEntityManagerInViewInterceptor
2026-05-20 13:45:57.389 [http-nio-0.0.0.0-8080-exec-3] DEBUG o.s.o.j.SharedEntityManagerCreator$SharedEntityManagerInvocationHandler - Creating new EntityManager for shared EntityManager invocation
2026-05-20 13:45:57.394 [http-nio-0.0.0.0-8080-exec-3] DEBUG org.hibernate.SQL - 
    select
        u1_0.id,
        u1_0.address,
        u1_0.admin_notes,
        u1_0.avatar_url,
        u1_0.bio,
        u1_0.preferred_category,
        u1_0.created_at,
        u1_0.email,
        u1_0.google_id,
        u1_0.kyc_status,
        u1_0.password,
        u1_0.last_name,
        u1_0.first_name,
        u1_0.role,
        u1_0.status,
        u1_0.phone,
        u1_0.ville 
    from
        users u1_0 
    where
        u1_0.email=?
2026-05-20 13:45:57.394 [http-nio-0.0.0.0-8080-exec-3] DEBUG org.hibernate.SQL - 
    select
        u1_0.id,
        u1_0.address,
        u1_0.admin_notes,
        u1_0.avatar_url,
        u1_0.bio,
        u1_0.preferred_category,
        u1_0.created_at,
        u1_0.email,
        u1_0.google_id,
        u1_0.kyc_status,
        u1_0.password,
        u1_0.last_name,
        u1_0.first_name,
        u1_0.role,
        u1_0.status,
        u1_0.phone,
        u1_0.ville 
    from
        users u1_0 
    where
        u1_0.email=?
2026-05-20 13:45:57.502 [http-nio-0.0.0.0-8080-exec-3] DEBUG o.s.o.j.s.OpenEntityManagerInViewInterceptor - Opening JPA EntityManager in OpenEntityManagerInViewInterceptor
2026-05-20 13:45:57.503 [http-nio-0.0.0.0-8080-exec-3] DEBUG o.s.orm.jpa.JpaTransactionManager - Found thread-bound EntityManager [SessionImpl(1017994330<open>)] for JPA transaction
2026-05-20 13:45:57.503 [http-nio-0.0.0.0-8080-exec-3] DEBUG o.s.orm.jpa.JpaTransactionManager - Creating new transaction with name [org.springframework.data.jpa.repository.support.SimpleJpaRepository.findById]: PROPAGATION_REQUIRED,ISOLATION_DEFAULT,readOnly
2026-05-20 13:45:57.508 [http-nio-0.0.0.0-8080-exec-3] DEBUG o.s.orm.jpa.JpaTransactionManager - Exposing JPA transaction as JDBC [org.springframework.orm.jpa.vendor.HibernateJpaDialect$HibernateConnectionHandle@2bb37ad8]
2026-05-20 13:45:57.512 [http-nio-0.0.0.0-8080-exec-3] DEBUG org.hibernate.SQL - 
    select
        u1_0.id,
        u1_0.address,
        u1_0.admin_notes,
        u1_0.avatar_url,
        u1_0.bio,
        u1_0.preferred_category,
        u1_0.created_at,
        u1_0.email,
        u1_0.google_id,
        u1_0.kyc_status,
        u1_0.password,
        u1_0.last_name,
        u1_0.first_name,
        u1_0.role,
        u1_0.status,
        u1_0.phone,
        u1_0.ville 
    from
        users u1_0 
    where
        u1_0.id=?
2026-05-20 13:45:57.512 [http-nio-0.0.0.0-8080-exec-3] DEBUG org.hibernate.SQL - 
    select
        u1_0.id,
        u1_0.address,
        u1_0.admin_notes,
        u1_0.avatar_url,
        u1_0.bio,
        u1_0.preferred_category,
        u1_0.created_at,
        u1_0.email,
        u1_0.google_id,
        u1_0.kyc_status,
        u1_0.password,
        u1_0.last_name,
        u1_0.first_name,
        u1_0.role,
        u1_0.status,
        u1_0.phone,
        u1_0.ville 
    from
        users u1_0 
    where
        u1_0.id=?
2026-05-20 13:45:57.515 [http-nio-0.0.0.0-8080-exec-3] DEBUG o.s.orm.jpa.JpaTransactionManager - Initiating transaction commit
2026-05-20 13:45:57.516 [http-nio-0.0.0.0-8080-exec-3] DEBUG o.s.orm.jpa.JpaTransactionManager - Committing JPA transaction on EntityManager [SessionImpl(1017994330<open>)]
2026-05-20 13:45:57.518 [http-nio-0.0.0.0-8080-exec-3] DEBUG o.s.orm.jpa.JpaTransactionManager - Not closing pre-bound JPA EntityManager after transaction
2026-05-20 13:45:57.521 [http-nio-0.0.0.0-8080-exec-3] DEBUG o.s.o.j.s.OpenEntityManagerInViewInterceptor - Closing JPA EntityManager in OpenEntityManagerInViewInterceptor
2026-05-20 13:45:57.559 [http-nio-0.0.0.0-8080-exec-2] DEBUG o.s.o.j.SharedEntityManagerCreator$SharedEntityManagerInvocationHandler - Creating new EntityManager for shared EntityManager invocation
2026-05-20 13:45:57.583 [http-nio-0.0.0.0-8080-exec-2] DEBUG org.hibernate.SQL - 
    select
        u1_0.id,
        u1_0.address,
        u1_0.admin_notes,
        u1_0.avatar_url,
        u1_0.bio,
        u1_0.preferred_category,
        u1_0.created_at,
        u1_0.email,
        u1_0.google_id,
        u1_0.kyc_status,
        u1_0.password,
        u1_0.last_name,
        u1_0.first_name,
        u1_0.role,
        u1_0.status,
        u1_0.phone,
        u1_0.ville 
    from
        users u1_0 
    where
        u1_0.email=?
2026-05-20 13:45:57.583 [http-nio-0.0.0.0-8080-exec-2] DEBUG org.hibernate.SQL - 
    select
        u1_0.id,
        u1_0.address,
        u1_0.admin_notes,
        u1_0.avatar_url,
        u1_0.bio,
        u1_0.preferred_category,
        u1_0.created_at,
        u1_0.email,
        u1_0.google_id,
        u1_0.kyc_status,
        u1_0.password,
        u1_0.last_name,
        u1_0.first_name,
        u1_0.role,
        u1_0.status,
        u1_0.phone,
        u1_0.ville 
    from
        users u1_0 
    where
        u1_0.email=?
2026-05-20 13:45:57.606 [http-nio-0.0.0.0-8080-exec-2] DEBUG o.s.o.j.s.OpenEntityManagerInViewInterceptor - Opening JPA EntityManager in OpenEntityManagerInViewInterceptor
2026-05-20 13:45:57.616 [http-nio-0.0.0.0-8080-exec-2] DEBUG o.s.orm.jpa.JpaTransactionManager - Found thread-bound EntityManager [SessionImpl(332639561<open>)] for JPA transaction
2026-05-20 13:45:57.618 [http-nio-0.0.0.0-8080-exec-2] DEBUG o.s.orm.jpa.JpaTransactionManager - Creating new transaction with name [org.springframework.data.jpa.repository.support.SimpleJpaRepository.findById]: PROPAGATION_REQUIRED,ISOLATION_DEFAULT,readOnly
2026-05-20 13:45:57.620 [http-nio-0.0.0.0-8080-exec-2] DEBUG o.s.orm.jpa.JpaTransactionManager - Exposing JPA transaction as JDBC [org.springframework.orm.jpa.vendor.HibernateJpaDialect$HibernateConnectionHandle@193d6474]
2026-05-20 13:45:57.620 [http-nio-0.0.0.0-8080-exec-2] DEBUG org.hibernate.SQL - 
    select
        u1_0.id,
        u1_0.address,
        u1_0.admin_notes,
        u1_0.avatar_url,
        u1_0.bio,
        u1_0.preferred_category,
        u1_0.created_at,
        u1_0.email,
        u1_0.google_id,
        u1_0.kyc_status,
        u1_0.password,
        u1_0.last_name,
        u1_0.first_name,
        u1_0.role,
        u1_0.status,
        u1_0.phone,
        u1_0.ville 
    from
        users u1_0 
    where
        u1_0.id=?
2026-05-20 13:45:57.620 [http-nio-0.0.0.0-8080-exec-2] DEBUG org.hibernate.SQL - 
    select
        u1_0.id,
        u1_0.address,
        u1_0.admin_notes,
        u1_0.avatar_url,
        u1_0.bio,
        u1_0.preferred_category,
        u1_0.created_at,
        u1_0.email,
        u1_0.google_id,
        u1_0.kyc_status,
        u1_0.password,
        u1_0.last_name,
        u1_0.first_name,
        u1_0.role,
        u1_0.status,
        u1_0.phone,
        u1_0.ville 
    from
        users u1_0 
    where
        u1_0.id=?
2026-05-20 13:45:57.627 [http-nio-0.0.0.0-8080-exec-2] DEBUG o.s.orm.jpa.JpaTransactionManager - Initiating transaction commit
2026-05-20 13:45:57.629 [http-nio-0.0.0.0-8080-exec-2] DEBUG o.s.orm.jpa.JpaTransactionManager - Committing JPA transaction on EntityManager [SessionImpl(332639561<open>)]
2026-05-20 13:45:57.632 [http-nio-0.0.0.0-8080-exec-2] DEBUG o.s.orm.jpa.JpaTransactionManager - Not closing pre-bound JPA EntityManager after transaction
2026-05-20 13:45:57.652 [http-nio-0.0.0.0-8080-exec-2] DEBUG o.s.o.j.s.OpenEntityManagerInViewInterceptor - Closing JPA EntityManager in OpenEntityManagerInViewInterceptor
2026-05-20 13:46:05.368 [http-nio-0.0.0.0-8080-exec-9] DEBUG o.s.o.j.SharedEntityManagerCreator$SharedEntityManagerInvocationHandler - Creating new EntityManager for shared EntityManager invocation
2026-05-20 13:46:05.370 [http-nio-0.0.0.0-8080-exec-9] DEBUG org.hibernate.SQL - 
    select
        u1_0.id,
        u1_0.address,
        u1_0.admin_notes,
        u1_0.avatar_url,
        u1_0.bio,
        u1_0.preferred_category,
        u1_0.created_at,
        u1_0.email,
        u1_0.google_id,
        u1_0.kyc_status,
        u1_0.password,
        u1_0.last_name,
        u1_0.first_name,
        u1_0.role,
        u1_0.status,
        u1_0.phone,
        u1_0.ville 
    from
        users u1_0 
    where
        u1_0.email=?
2026-05-20 13:46:05.370 [http-nio-0.0.0.0-8080-exec-9] DEBUG org.hibernate.SQL - 
    select
        u1_0.id,
        u1_0.address,
        u1_0.admin_notes,
        u1_0.avatar_url,
        u1_0.bio,
        u1_0.preferred_category,
        u1_0.created_at,
        u1_0.email,
        u1_0.google_id,
        u1_0.kyc_status,
        u1_0.password,
        u1_0.last_name,
        u1_0.first_name,
        u1_0.role,
        u1_0.status,
        u1_0.phone,
        u1_0.ville 
    from
        users u1_0 
    where
        u1_0.email=?
2026-05-20 13:46:05.380 [http-nio-0.0.0.0-8080-exec-9] DEBUG o.s.o.j.s.OpenEntityManagerInViewInterceptor - Opening JPA EntityManager in OpenEntityManagerInViewInterceptor
2026-05-20 13:46:05.381 [http-nio-0.0.0.0-8080-exec-9] DEBUG o.s.orm.jpa.JpaTransactionManager - Found thread-bound EntityManager [SessionImpl(334580602<open>)] for JPA transaction
2026-05-20 13:46:05.382 [http-nio-0.0.0.0-8080-exec-9] DEBUG o.s.orm.jpa.JpaTransactionManager - Creating new transaction with name [org.springframework.data.jpa.repository.support.SimpleJpaRepository.findAll]: PROPAGATION_REQUIRED,ISOLATION_DEFAULT,readOnly
2026-05-20 13:46:05.383 [http-nio-0.0.0.0-8080-exec-9] DEBUG o.s.orm.jpa.JpaTransactionManager - Exposing JPA transaction as JDBC [org.springframework.orm.jpa.vendor.HibernateJpaDialect$HibernateConnectionHandle@5b6e274e]
2026-05-20 13:46:05.384 [http-nio-0.0.0.0-8080-exec-9] DEBUG org.hibernate.SQL - 
    select
        kd1_0.id,
        kd1_0.submitted_at,
        kd1_0.document_url,
        kd1_0.rejection_reason,
        kd1_0.status,
        kd1_0.document_type,
        kd1_0.user_id 
    from
        kyc_documents kd1_0
2026-05-20 13:46:05.384 [http-nio-0.0.0.0-8080-exec-9] DEBUG org.hibernate.SQL - 
    select
        kd1_0.id,
        kd1_0.submitted_at,
        kd1_0.document_url,
        kd1_0.rejection_reason,
        kd1_0.status,
        kd1_0.document_type,
        kd1_0.user_id 
    from
        kyc_documents kd1_0
2026-05-20 13:46:05.386 [http-nio-0.0.0.0-8080-exec-9] DEBUG org.hibernate.SQL - 
    select
        u1_0.id,
        u1_0.address,
        u1_0.admin_notes,
        u1_0.avatar_url,
        u1_0.bio,
        u1_0.preferred_category,
        u1_0.created_at,
        u1_0.email,
        u1_0.google_id,
        u1_0.kyc_status,
        u1_0.password,
        u1_0.last_name,
        u1_0.first_name,
        u1_0.role,
        u1_0.status,
        u1_0.phone,
        u1_0.ville 
    from
        users u1_0 
    where
        u1_0.id=?
2026-05-20 13:46:05.386 [http-nio-0.0.0.0-8080-exec-9] DEBUG org.hibernate.SQL - 
    select
        u1_0.id,
        u1_0.address,
        u1_0.admin_notes,
        u1_0.avatar_url,
        u1_0.bio,
        u1_0.preferred_category,
        u1_0.created_at,
        u1_0.email,
        u1_0.google_id,
        u1_0.kyc_status,
        u1_0.password,
        u1_0.last_name,
        u1_0.first_name,
        u1_0.role,
        u1_0.status,
        u1_0.phone,
        u1_0.ville 
    from
        users u1_0 
    where
        u1_0.id=?
2026-05-20 13:46:05.390 [http-nio-0.0.0.0-8080-exec-9] DEBUG org.hibernate.SQL - 
    select
        u1_0.id,
        u1_0.address,
        u1_0.admin_notes,
        u1_0.avatar_url,
        u1_0.bio,
        u1_0.preferred_category,
        u1_0.created_at,
        u1_0.email,
        u1_0.google_id,
        u1_0.kyc_status,
        u1_0.password,
        u1_0.last_name,
        u1_0.first_name,
        u1_0.role,
        u1_0.status,
        u1_0.phone,
        u1_0.ville 
    from
        users u1_0 
    where
        u1_0.id=?
2026-05-20 13:46:05.390 [http-nio-0.0.0.0-8080-exec-9] DEBUG org.hibernate.SQL - 
    select
        u1_0.id,
        u1_0.address,
        u1_0.admin_notes,
        u1_0.avatar_url,
        u1_0.bio,
        u1_0.preferred_category,
        u1_0.created_at,
        u1_0.email,
        u1_0.google_id,
        u1_0.kyc_status,
        u1_0.password,
        u1_0.last_name,
        u1_0.first_name,
        u1_0.role,
        u1_0.status,
        u1_0.phone,
        u1_0.ville 
    from
        users u1_0 
    where
        u1_0.id=?
2026-05-20 13:46:05.393 [http-nio-0.0.0.0-8080-exec-9] DEBUG o.s.orm.jpa.JpaTransactionManager - Initiating transaction commit
2026-05-20 13:46:05.394 [http-nio-0.0.0.0-8080-exec-9] DEBUG o.s.orm.jpa.JpaTransactionManager - Committing JPA transaction on EntityManager [SessionImpl(334580602<open>)]
2026-05-20 13:46:05.395 [http-nio-0.0.0.0-8080-exec-9] DEBUG o.s.orm.jpa.JpaTransactionManager - Not closing pre-bound JPA EntityManager after transaction
2026-05-20 13:46:05.397 [http-nio-0.0.0.0-8080-exec-9] DEBUG o.s.o.j.s.OpenEntityManagerInViewInterceptor - Closing JPA EntityManager in OpenEntityManagerInViewInterceptor
2026-05-20 13:46:05.401 [http-nio-0.0.0.0-8080-exec-8] DEBUG o.s.o.j.SharedEntityManagerCreator$SharedEntityManagerInvocationHandler - Creating new EntityManager for shared EntityManager invocation
2026-05-20 13:46:05.402 [http-nio-0.0.0.0-8080-exec-8] DEBUG org.hibernate.SQL - 
    select
        u1_0.id,
        u1_0.address,
        u1_0.admin_notes,
        u1_0.avatar_url,
        u1_0.bio,
        u1_0.preferred_category,
        u1_0.created_at,
        u1_0.email,
        u1_0.google_id,
        u1_0.kyc_status,
        u1_0.password,
        u1_0.last_name,
        u1_0.first_name,
        u1_0.role,
        u1_0.status,
        u1_0.phone,
        u1_0.ville 
    from
        users u1_0 
    where
        u1_0.email=?
2026-05-20 13:46:05.402 [http-nio-0.0.0.0-8080-exec-8] DEBUG org.hibernate.SQL - 
    select
        u1_0.id,
        u1_0.address,
        u1_0.admin_notes,
        u1_0.avatar_url,
        u1_0.bio,
        u1_0.preferred_category,
        u1_0.created_at,
        u1_0.email,
        u1_0.google_id,
        u1_0.kyc_status,
        u1_0.password,
        u1_0.last_name,
        u1_0.first_name,
        u1_0.role,
        u1_0.status,
        u1_0.phone,
        u1_0.ville 
    from
        users u1_0 
    where
        u1_0.email=?
2026-05-20 13:46:05.412 [http-nio-0.0.0.0-8080-exec-8] DEBUG o.s.o.j.s.OpenEntityManagerInViewInterceptor - Opening JPA EntityManager in OpenEntityManagerInViewInterceptor
2026-05-20 13:46:05.415 [http-nio-0.0.0.0-8080-exec-8] DEBUG o.s.orm.jpa.JpaTransactionManager - Found thread-bound EntityManager [SessionImpl(1756871924<open>)] for JPA transaction
2026-05-20 13:46:05.416 [http-nio-0.0.0.0-8080-exec-8] DEBUG o.s.orm.jpa.JpaTransactionManager - Creating new transaction with name [org.springframework.data.jpa.repository.support.SimpleJpaRepository.findAll]: PROPAGATION_REQUIRED,ISOLATION_DEFAULT,readOnly
2026-05-20 13:46:05.417 [http-nio-0.0.0.0-8080-exec-8] DEBUG o.s.orm.jpa.JpaTransactionManager - Exposing JPA transaction as JDBC [org.springframework.orm.jpa.vendor.HibernateJpaDialect$HibernateConnectionHandle@66a17175]
2026-05-20 13:46:05.418 [http-nio-0.0.0.0-8080-exec-8] DEBUG org.hibernate.SQL - 
    select
        kd1_0.id,
        kd1_0.submitted_at,
        kd1_0.document_url,
        kd1_0.rejection_reason,
        kd1_0.status,
        kd1_0.document_type,
        kd1_0.user_id 
    from
        kyc_documents kd1_0
2026-05-20 13:46:05.418 [http-nio-0.0.0.0-8080-exec-8] DEBUG org.hibernate.SQL - 
    select
        kd1_0.id,
        kd1_0.submitted_at,
        kd1_0.document_url,
        kd1_0.rejection_reason,
        kd1_0.status,
        kd1_0.document_type,
        kd1_0.user_id 
    from
        kyc_documents kd1_0
2026-05-20 13:46:05.420 [http-nio-0.0.0.0-8080-exec-8] DEBUG org.hibernate.SQL - 
    select
        u1_0.id,
        u1_0.address,
        u1_0.admin_notes,
        u1_0.avatar_url,
        u1_0.bio,
        u1_0.preferred_category,
        u1_0.created_at,
        u1_0.email,
        u1_0.google_id,
        u1_0.kyc_status,
        u1_0.password,
        u1_0.last_name,
        u1_0.first_name,
        u1_0.role,
        u1_0.status,
        u1_0.phone,
        u1_0.ville 
    from
        users u1_0 
    where
        u1_0.id=?
2026-05-20 13:46:05.420 [http-nio-0.0.0.0-8080-exec-8] DEBUG org.hibernate.SQL - 
    select
        u1_0.id,
        u1_0.address,
        u1_0.admin_notes,
        u1_0.avatar_url,
        u1_0.bio,
        u1_0.preferred_category,
        u1_0.created_at,
        u1_0.email,
        u1_0.google_id,
        u1_0.kyc_status,
        u1_0.password,
        u1_0.last_name,
        u1_0.first_name,
        u1_0.role,
        u1_0.status,
        u1_0.phone,
        u1_0.ville 
    from
        users u1_0 
    where
        u1_0.id=?
2026-05-20 13:46:05.424 [http-nio-0.0.0.0-8080-exec-8] DEBUG org.hibernate.SQL - 
    select
        u1_0.id,
        u1_0.address,
        u1_0.admin_notes,
        u1_0.avatar_url,
        u1_0.bio,
        u1_0.preferred_category,
        u1_0.created_at,
        u1_0.email,
        u1_0.google_id,
        u1_0.kyc_status,
        u1_0.password,
        u1_0.last_name,
        u1_0.first_name,
        u1_0.role,
        u1_0.status,
        u1_0.phone,
        u1_0.ville 
    from
        users u1_0 
    where
        u1_0.id=?
2026-05-20 13:46:05.424 [http-nio-0.0.0.0-8080-exec-8] DEBUG org.hibernate.SQL - 
    select
        u1_0.id,
        u1_0.address,
        u1_0.admin_notes,
        u1_0.avatar_url,
        u1_0.bio,
        u1_0.preferred_category,
        u1_0.created_at,
        u1_0.email,
        u1_0.google_id,
        u1_0.kyc_status,
        u1_0.password,
        u1_0.last_name,
        u1_0.first_name,
        u1_0.role,
        u1_0.status,
        u1_0.phone,
        u1_0.ville 
    from
        users u1_0 
    where
        u1_0.id=?
2026-05-20 13:46:05.427 [http-nio-0.0.0.0-8080-exec-8] DEBUG o.s.orm.jpa.JpaTransactionManager - Initiating transaction commit
2026-05-20 13:46:05.427 [http-nio-0.0.0.0-8080-exec-8] DEBUG o.s.orm.jpa.JpaTransactionManager - Committing JPA transaction on EntityManager [SessionImpl(1756871924<open>)]
2026-05-20 13:46:05.430 [http-nio-0.0.0.0-8080-exec-8] DEBUG o.s.orm.jpa.JpaTransactionManager - Not closing pre-bound JPA EntityManager after transaction
2026-05-20 13:46:05.434 [http-nio-0.0.0.0-8080-exec-8] DEBUG o.s.o.j.s.OpenEntityManagerInViewInterceptor - Closing JPA EntityManager in OpenEntityManagerInViewInterceptor
2026-05-20 13:46:37.112 [http-nio-0.0.0.0-8080-exec-1] DEBUG o.s.o.j.SharedEntityManagerCreator$SharedEntityManagerInvocationHandler - Creating new EntityManager for shared EntityManager invocation
2026-05-20 13:46:37.114 [http-nio-0.0.0.0-8080-exec-1] DEBUG org.hibernate.SQL - 
    select
        u1_0.id,
        u1_0.address,
        u1_0.admin_notes,
        u1_0.avatar_url,
        u1_0.bio,
        u1_0.preferred_category,
        u1_0.created_at,
        u1_0.email,
        u1_0.google_id,
        u1_0.kyc_status,
        u1_0.password,
        u1_0.last_name,
        u1_0.first_name,
        u1_0.role,
        u1_0.status,
        u1_0.phone,
        u1_0.ville 
    from
        users u1_0 
    where
        u1_0.email=?
2026-05-20 13:46:37.114 [http-nio-0.0.0.0-8080-exec-1] DEBUG org.hibernate.SQL - 
    select
        u1_0.id,
        u1_0.address,
        u1_0.admin_notes,
        u1_0.avatar_url,
        u1_0.bio,
        u1_0.preferred_category,
        u1_0.created_at,
        u1_0.email,
        u1_0.google_id,
        u1_0.kyc_status,
        u1_0.password,
        u1_0.last_name,
        u1_0.first_name,
        u1_0.role,
        u1_0.status,
        u1_0.phone,
        u1_0.ville 
    from
        users u1_0 
    where
        u1_0.email=?
2026-05-20 13:46:37.137 [http-nio-0.0.0.0-8080-exec-1] DEBUG o.s.o.j.s.OpenEntityManagerInViewInterceptor - Opening JPA EntityManager in OpenEntityManagerInViewInterceptor
2026-05-20 13:46:37.159 [http-nio-0.0.0.0-8080-exec-1] DEBUG o.s.orm.jpa.JpaTransactionManager - Found thread-bound EntityManager [SessionImpl(1620820032<open>)] for JPA transaction
2026-05-20 13:46:37.161 [http-nio-0.0.0.0-8080-exec-1] DEBUG o.s.orm.jpa.JpaTransactionManager - Creating new transaction with name [org.springframework.data.jpa.repository.support.SimpleJpaRepository.findById]: PROPAGATION_REQUIRED,ISOLATION_DEFAULT,readOnly
2026-05-20 13:46:37.173 [http-nio-0.0.0.0-8080-exec-1] DEBUG o.s.orm.jpa.JpaTransactionManager - Exposing JPA transaction as JDBC [org.springframework.orm.jpa.vendor.HibernateJpaDialect$HibernateConnectionHandle@36091605]
2026-05-20 13:46:37.174 [http-nio-0.0.0.0-8080-exec-1] DEBUG org.hibernate.SQL - 
    select
        u1_0.id,
        u1_0.address,
        u1_0.admin_notes,
        u1_0.avatar_url,
        u1_0.bio,
        u1_0.preferred_category,
        u1_0.created_at,
        u1_0.email,
        u1_0.google_id,
        u1_0.kyc_status,
        u1_0.password,
        u1_0.last_name,
        u1_0.first_name,
        u1_0.role,
        u1_0.status,
        u1_0.phone,
        u1_0.ville 
    from
        users u1_0 
    where
        u1_0.id=?
2026-05-20 13:46:37.174 [http-nio-0.0.0.0-8080-exec-1] DEBUG org.hibernate.SQL - 
    select
        u1_0.id,
        u1_0.address,
        u1_0.admin_notes,
        u1_0.avatar_url,
        u1_0.bio,
        u1_0.preferred_category,
        u1_0.created_at,
        u1_0.email,
        u1_0.google_id,
        u1_0.kyc_status,
        u1_0.password,
        u1_0.last_name,
        u1_0.first_name,
        u1_0.role,
        u1_0.status,
        u1_0.phone,
        u1_0.ville 
    from
        users u1_0 
    where
        u1_0.id=?
2026-05-20 13:46:37.178 [http-nio-0.0.0.0-8080-exec-1] DEBUG o.s.orm.jpa.JpaTransactionManager - Initiating transaction commit
2026-05-20 13:46:37.181 [http-nio-0.0.0.0-8080-exec-1] DEBUG o.s.orm.jpa.JpaTransactionManager - Committing JPA transaction on EntityManager [SessionImpl(1620820032<open>)]
2026-05-20 13:46:37.186 [http-nio-0.0.0.0-8080-exec-1] DEBUG o.s.orm.jpa.JpaTransactionManager - Not closing pre-bound JPA EntityManager after transaction
2026-05-20 13:46:37.189 [http-nio-0.0.0.0-8080-exec-1] DEBUG org.hibernate.SQL - 
    select
        n1_0.id,
        n1_0.categorie,
        n1_0.created_at,
        n1_0.is_read,
        n1_0.message,
        n1_0.user_id 
    from
        notifications n1_0 
    where
        n1_0.user_id=?
2026-05-20 13:46:37.189 [http-nio-0.0.0.0-8080-exec-1] DEBUG org.hibernate.SQL - 
    select
        n1_0.id,
        n1_0.categorie,
        n1_0.created_at,
        n1_0.is_read,
        n1_0.message,
        n1_0.user_id 
    from
        notifications n1_0 
    where
        n1_0.user_id=?
2026-05-20 13:46:37.193 [http-nio-0.0.0.0-8080-exec-1] DEBUG o.s.o.j.s.OpenEntityManagerInViewInterceptor - Closing JPA EntityManager in OpenEntityManagerInViewInterceptor
2026-05-20 13:47:58.072 [http-nio-0.0.0.0-8080-exec-2] DEBUG o.s.o.j.SharedEntityManagerCreator$SharedEntityManagerInvocationHandler - Creating new EntityManager for shared EntityManager invocation
2026-05-20 13:47:58.074 [http-nio-0.0.0.0-8080-exec-2] DEBUG org.hibernate.SQL - 
    select
        u1_0.id,
        u1_0.address,
        u1_0.admin_notes,
        u1_0.avatar_url,
        u1_0.bio,
        u1_0.preferred_category,
        u1_0.created_at,
        u1_0.email,
        u1_0.google_id,
        u1_0.kyc_status,
        u1_0.password,
        u1_0.last_name,
        u1_0.first_name,
        u1_0.role,
        u1_0.status,
        u1_0.phone,
        u1_0.ville 
    from
        users u1_0 
    where
        u1_0.email=?
2026-05-20 13:47:58.074 [http-nio-0.0.0.0-8080-exec-2] DEBUG org.hibernate.SQL - 
    select
        u1_0.id,
        u1_0.address,
        u1_0.admin_notes,
        u1_0.avatar_url,
        u1_0.bio,
        u1_0.preferred_category,
        u1_0.created_at,
        u1_0.email,
        u1_0.google_id,
        u1_0.kyc_status,
        u1_0.password,
        u1_0.last_name,
        u1_0.first_name,
        u1_0.role,
        u1_0.status,
        u1_0.phone,
        u1_0.ville 
    from
        users u1_0 
    where
        u1_0.email=?
2026-05-20 13:47:58.080 [http-nio-0.0.0.0-8080-exec-2] DEBUG o.s.o.j.s.OpenEntityManagerInViewInterceptor - Opening JPA EntityManager in OpenEntityManagerInViewInterceptor
2026-05-20 13:47:58.086 [http-nio-0.0.0.0-8080-exec-2] DEBUG o.s.orm.jpa.JpaTransactionManager - Found thread-bound EntityManager [SessionImpl(329534665<open>)] for JPA transaction
2026-05-20 13:47:58.086 [http-nio-0.0.0.0-8080-exec-2] DEBUG o.s.orm.jpa.JpaTransactionManager - Creating new transaction with name [org.springframework.data.jpa.repository.support.SimpleJpaRepository.findById]: PROPAGATION_REQUIRED,ISOLATION_DEFAULT,readOnly
2026-05-20 13:47:58.088 [http-nio-0.0.0.0-8080-exec-2] DEBUG o.s.orm.jpa.JpaTransactionManager - Exposing JPA transaction as JDBC [org.springframework.orm.jpa.vendor.HibernateJpaDialect$HibernateConnectionHandle@179201f6]
2026-05-20 13:47:58.089 [http-nio-0.0.0.0-8080-exec-2] DEBUG org.hibernate.SQL - 
    select
        u1_0.id,
        u1_0.address,
        u1_0.admin_notes,
        u1_0.avatar_url,
        u1_0.bio,
        u1_0.preferred_category,
        u1_0.created_at,
        u1_0.email,
        u1_0.google_id,
        u1_0.kyc_status,
        u1_0.password,
        u1_0.last_name,
        u1_0.first_name,
        u1_0.role,
        u1_0.status,
        u1_0.phone,
        u1_0.ville 
    from
        users u1_0 
    where
        u1_0.id=?
2026-05-20 13:47:58.089 [http-nio-0.0.0.0-8080-exec-2] DEBUG org.hibernate.SQL - 
    select
        u1_0.id,
        u1_0.address,
        u1_0.admin_notes,
        u1_0.avatar_url,
        u1_0.bio,
        u1_0.preferred_category,
        u1_0.created_at,
        u1_0.email,
        u1_0.google_id,
        u1_0.kyc_status,
        u1_0.password,
        u1_0.last_name,
        u1_0.first_name,
        u1_0.role,
        u1_0.status,
        u1_0.phone,
        u1_0.ville 
    from
        users u1_0 
    where
        u1_0.id=?
2026-05-20 13:47:58.092 [http-nio-0.0.0.0-8080-exec-2] DEBUG o.s.orm.jpa.JpaTransactionManager - Initiating transaction commit
2026-05-20 13:47:58.092 [http-nio-0.0.0.0-8080-exec-2] DEBUG o.s.orm.jpa.JpaTransactionManager - Committing JPA transaction on EntityManager [SessionImpl(329534665<open>)]
2026-05-20 13:47:58.094 [http-nio-0.0.0.0-8080-exec-2] DEBUG o.s.orm.jpa.JpaTransactionManager - Not closing pre-bound JPA EntityManager after transaction
2026-05-20 13:47:58.100 [http-nio-0.0.0.0-8080-exec-2] DEBUG org.hibernate.SQL - 
    select
        n1_0.id,
        n1_0.categorie,
        n1_0.created_at,
        n1_0.is_read,
        n1_0.message,
        n1_0.user_id 
    from
        notifications n1_0 
    where
        n1_0.user_id=?
2026-05-20 13:47:58.100 [http-nio-0.0.0.0-8080-exec-2] DEBUG org.hibernate.SQL - 
    select
        n1_0.id,
        n1_0.categorie,
        n1_0.created_at,
        n1_0.is_read,
        n1_0.message,
        n1_0.user_id 
    from
        notifications n1_0 
    where
        n1_0.user_id=?
2026-05-20 13:47:58.107 [http-nio-0.0.0.0-8080-exec-2] DEBUG o.s.o.j.s.OpenEntityManagerInViewInterceptor - Closing JPA EntityManager in OpenEntityManagerInViewInterceptor
2026-05-20 13:48:58.103 [http-nio-0.0.0.0-8080-exec-9] DEBUG o.s.o.j.SharedEntityManagerCreator$SharedEntityManagerInvocationHandler - Creating new EntityManager for shared EntityManager invocation
2026-05-20 13:48:58.110 [http-nio-0.0.0.0-8080-exec-9] DEBUG org.hibernate.SQL - 
    select
        u1_0.id,
        u1_0.address,
        u1_0.admin_notes,
        u1_0.avatar_url,
        u1_0.bio,
        u1_0.preferred_category,
        u1_0.created_at,
        u1_0.email,
        u1_0.google_id,
        u1_0.kyc_status,
        u1_0.password,
        u1_0.last_name,
        u1_0.first_name,
        u1_0.role,
        u1_0.status,
        u1_0.phone,
        u1_0.ville 
    from
        users u1_0 
    where
        u1_0.email=?
2026-05-20 13:48:58.110 [http-nio-0.0.0.0-8080-exec-9] DEBUG org.hibernate.SQL - 
    select
        u1_0.id,
        u1_0.address,
        u1_0.admin_notes,
        u1_0.avatar_url,
        u1_0.bio,
        u1_0.preferred_category,
        u1_0.created_at,
        u1_0.email,
        u1_0.google_id,
        u1_0.kyc_status,
        u1_0.password,
        u1_0.last_name,
        u1_0.first_name,
        u1_0.role,
        u1_0.status,
        u1_0.phone,
        u1_0.ville 
    from
        users u1_0 
    where
        u1_0.email=?
2026-05-20 13:48:58.119 [http-nio-0.0.0.0-8080-exec-9] DEBUG o.s.o.j.s.OpenEntityManagerInViewInterceptor - Opening JPA EntityManager in OpenEntityManagerInViewInterceptor
2026-05-20 13:48:58.127 [http-nio-0.0.0.0-8080-exec-9] DEBUG o.s.orm.jpa.JpaTransactionManager - Found thread-bound EntityManager [SessionImpl(513764406<open>)] for JPA transaction
2026-05-20 13:48:58.127 [http-nio-0.0.0.0-8080-exec-9] DEBUG o.s.orm.jpa.JpaTransactionManager - Creating new transaction with name [org.springframework.data.jpa.repository.support.SimpleJpaRepository.findById]: PROPAGATION_REQUIRED,ISOLATION_DEFAULT,readOnly
2026-05-20 13:48:58.128 [http-nio-0.0.0.0-8080-exec-9] DEBUG o.s.orm.jpa.JpaTransactionManager - Exposing JPA transaction as JDBC [org.springframework.orm.jpa.vendor.HibernateJpaDialect$HibernateConnectionHandle@87014a9]
2026-05-20 13:48:58.128 [http-nio-0.0.0.0-8080-exec-9] DEBUG org.hibernate.SQL - 
    select
        u1_0.id,
        u1_0.address,
        u1_0.admin_notes,
        u1_0.avatar_url,
        u1_0.bio,
        u1_0.preferred_category,
        u1_0.created_at,
        u1_0.email,
        u1_0.google_id,
        u1_0.kyc_status,
        u1_0.password,
        u1_0.last_name,
        u1_0.first_name,
        u1_0.role,
        u1_0.status,
        u1_0.phone,
        u1_0.ville 
    from
        users u1_0 
    where
        u1_0.id=?
2026-05-20 13:48:58.128 [http-nio-0.0.0.0-8080-exec-9] DEBUG org.hibernate.SQL - 
    select
        u1_0.id,
        u1_0.address,
        u1_0.admin_notes,
        u1_0.avatar_url,
        u1_0.bio,
        u1_0.preferred_category,
        u1_0.created_at,
        u1_0.email,
        u1_0.google_id,
        u1_0.kyc_status,
        u1_0.password,
        u1_0.last_name,
        u1_0.first_name,
        u1_0.role,
        u1_0.status,
        u1_0.phone,
        u1_0.ville 
    from
        users u1_0 
    where
        u1_0.id=?
2026-05-20 13:48:58.131 [http-nio-0.0.0.0-8080-exec-9] DEBUG o.s.orm.jpa.JpaTransactionManager - Initiating transaction commit
2026-05-20 13:48:58.131 [http-nio-0.0.0.0-8080-exec-9] DEBUG o.s.orm.jpa.JpaTransactionManager - Committing JPA transaction on EntityManager [SessionImpl(513764406<open>)]
2026-05-20 13:48:58.133 [http-nio-0.0.0.0-8080-exec-9] DEBUG o.s.orm.jpa.JpaTransactionManager - Not closing pre-bound JPA EntityManager after transaction
2026-05-20 13:48:58.135 [http-nio-0.0.0.0-8080-exec-9] DEBUG org.hibernate.SQL - 
    select
        n1_0.id,
        n1_0.categorie,
        n1_0.created_at,
        n1_0.is_read,
        n1_0.message,
        n1_0.user_id 
    from
        notifications n1_0 
    where
        n1_0.user_id=?
2026-05-20 13:48:58.135 [http-nio-0.0.0.0-8080-exec-9] DEBUG org.hibernate.SQL - 
    select
        n1_0.id,
        n1_0.categorie,
        n1_0.created_at,
        n1_0.is_read,
        n1_0.message,
        n1_0.user_id 
    from
        notifications n1_0 
    where
        n1_0.user_id=?
2026-05-20 13:48:58.140 [http-nio-0.0.0.0-8080-exec-9] DEBUG o.s.o.j.s.OpenEntityManagerInViewInterceptor - Closing JPA EntityManager in OpenEntityManagerInViewInterceptor
2026-05-20 13:49:58.067 [http-nio-0.0.0.0-8080-exec-6] DEBUG o.s.o.j.SharedEntityManagerCreator$SharedEntityManagerInvocationHandler - Creating new EntityManager for shared EntityManager invocation
2026-05-20 13:49:58.069 [http-nio-0.0.0.0-8080-exec-6] DEBUG org.hibernate.SQL - 
    select
        u1_0.id,
        u1_0.address,
        u1_0.admin_notes,
        u1_0.avatar_url,
        u1_0.bio,
        u1_0.preferred_category,
        u1_0.created_at,
        u1_0.email,
        u1_0.google_id,
        u1_0.kyc_status,
        u1_0.password,
        u1_0.last_name,
        u1_0.first_name,
        u1_0.role,
        u1_0.status,
        u1_0.phone,
        u1_0.ville 
    from
        users u1_0 
    where
        u1_0.email=?
2026-05-20 13:49:58.069 [http-nio-0.0.0.0-8080-exec-6] DEBUG org.hibernate.SQL - 
    select
        u1_0.id,
        u1_0.address,
        u1_0.admin_notes,
        u1_0.avatar_url,
        u1_0.bio,
        u1_0.preferred_category,
        u1_0.created_at,
        u1_0.email,
        u1_0.google_id,
        u1_0.kyc_status,
        u1_0.password,
        u1_0.last_name,
        u1_0.first_name,
        u1_0.role,
        u1_0.status,
        u1_0.phone,
        u1_0.ville 
    from
        users u1_0 
    where
        u1_0.email=?
2026-05-20 13:49:58.080 [http-nio-0.0.0.0-8080-exec-6] DEBUG o.s.o.j.s.OpenEntityManagerInViewInterceptor - Opening JPA EntityManager in OpenEntityManagerInViewInterceptor
2026-05-20 13:49:58.082 [http-nio-0.0.0.0-8080-exec-6] DEBUG o.s.orm.jpa.JpaTransactionManager - Found thread-bound EntityManager [SessionImpl(612264219<open>)] for JPA transaction
2026-05-20 13:49:58.082 [http-nio-0.0.0.0-8080-exec-6] DEBUG o.s.orm.jpa.JpaTransactionManager - Creating new transaction with name [org.springframework.data.jpa.repository.support.SimpleJpaRepository.findById]: PROPAGATION_REQUIRED,ISOLATION_DEFAULT,readOnly
2026-05-20 13:49:58.083 [http-nio-0.0.0.0-8080-exec-6] DEBUG o.s.orm.jpa.JpaTransactionManager - Exposing JPA transaction as JDBC [org.springframework.orm.jpa.vendor.HibernateJpaDialect$HibernateConnectionHandle@527983c7]
2026-05-20 13:49:58.084 [http-nio-0.0.0.0-8080-exec-6] DEBUG org.hibernate.SQL - 
    select
        u1_0.id,
        u1_0.address,
        u1_0.admin_notes,
        u1_0.avatar_url,
        u1_0.bio,
        u1_0.preferred_category,
        u1_0.created_at,
        u1_0.email,
        u1_0.google_id,
        u1_0.kyc_status,
        u1_0.password,
        u1_0.last_name,
        u1_0.first_name,
        u1_0.role,
        u1_0.status,
        u1_0.phone,
        u1_0.ville 
    from
        users u1_0 
    where
        u1_0.id=?
2026-05-20 13:49:58.084 [http-nio-0.0.0.0-8080-exec-6] DEBUG org.hibernate.SQL - 
    select
        u1_0.id,
        u1_0.address,
        u1_0.admin_notes,
        u1_0.avatar_url,
        u1_0.bio,
        u1_0.preferred_category,
        u1_0.created_at,
        u1_0.email,
        u1_0.google_id,
        u1_0.kyc_status,
        u1_0.password,
        u1_0.last_name,
        u1_0.first_name,
        u1_0.role,
        u1_0.status,
        u1_0.phone,
        u1_0.ville 
    from
        users u1_0 
    where
        u1_0.id=?
2026-05-20 13:49:58.085 [http-nio-0.0.0.0-8080-exec-6] DEBUG o.s.orm.jpa.JpaTransactionManager - Initiating transaction commit
2026-05-20 13:49:58.086 [http-nio-0.0.0.0-8080-exec-6] DEBUG o.s.orm.jpa.JpaTransactionManager - Committing JPA transaction on EntityManager [SessionImpl(612264219<open>)]
2026-05-20 13:49:58.088 [http-nio-0.0.0.0-8080-exec-6] DEBUG o.s.orm.jpa.JpaTransactionManager - Not closing pre-bound JPA EntityManager after transaction
2026-05-20 13:49:58.089 [http-nio-0.0.0.0-8080-exec-6] DEBUG org.hibernate.SQL - 
    select
        n1_0.id,
        n1_0.categorie,
        n1_0.created_at,
        n1_0.is_read,
        n1_0.message,
        n1_0.user_id 
    from
        notifications n1_0 
    where
        n1_0.user_id=?
2026-05-20 13:49:58.089 [http-nio-0.0.0.0-8080-exec-6] DEBUG org.hibernate.SQL - 
    select
        n1_0.id,
        n1_0.categorie,
        n1_0.created_at,
        n1_0.is_read,
        n1_0.message,
        n1_0.user_id 
    from
        notifications n1_0 
    where
        n1_0.user_id=?
2026-05-20 13:49:58.093 [http-nio-0.0.0.0-8080-exec-6] DEBUG o.s.o.j.s.OpenEntityManagerInViewInterceptor - Closing JPA EntityManager in OpenEntityManagerInViewInterceptor
2026-05-20 13:50:58.091 [http-nio-0.0.0.0-8080-exec-4] DEBUG o.s.o.j.SharedEntityManagerCreator$SharedEntityManagerInvocationHandler - Creating new EntityManager for shared EntityManager invocation
2026-05-20 13:50:58.094 [http-nio-0.0.0.0-8080-exec-4] DEBUG org.hibernate.SQL - 
    select
        u1_0.id,
        u1_0.address,
        u1_0.admin_notes,
        u1_0.avatar_url,
        u1_0.bio,
        u1_0.preferred_category,
        u1_0.created_at,
        u1_0.email,
        u1_0.google_id,
        u1_0.kyc_status,
        u1_0.password,
        u1_0.last_name,
        u1_0.first_name,
        u1_0.role,
        u1_0.status,
        u1_0.phone,
        u1_0.ville 
    from
        users u1_0 
    where
        u1_0.email=?
2026-05-20 13:50:58.094 [http-nio-0.0.0.0-8080-exec-4] DEBUG org.hibernate.SQL - 
    select
        u1_0.id,
        u1_0.address,
        u1_0.admin_notes,
        u1_0.avatar_url,
        u1_0.bio,
        u1_0.preferred_category,
        u1_0.created_at,
        u1_0.email,
        u1_0.google_id,
        u1_0.kyc_status,
        u1_0.password,
        u1_0.last_name,
        u1_0.first_name,
        u1_0.role,
        u1_0.status,
        u1_0.phone,
        u1_0.ville 
    from
        users u1_0 
    where
        u1_0.email=?
2026-05-20 13:50:58.106 [http-nio-0.0.0.0-8080-exec-4] DEBUG o.s.o.j.s.OpenEntityManagerInViewInterceptor - Opening JPA EntityManager in OpenEntityManagerInViewInterceptor
2026-05-20 13:50:58.110 [http-nio-0.0.0.0-8080-exec-4] DEBUG o.s.orm.jpa.JpaTransactionManager - Found thread-bound EntityManager [SessionImpl(1432406822<open>)] for JPA transaction
2026-05-20 13:50:58.110 [http-nio-0.0.0.0-8080-exec-4] DEBUG o.s.orm.jpa.JpaTransactionManager - Creating new transaction with name [org.springframework.data.jpa.repository.support.SimpleJpaRepository.findById]: PROPAGATION_REQUIRED,ISOLATION_DEFAULT,readOnly
2026-05-20 13:50:58.112 [http-nio-0.0.0.0-8080-exec-4] DEBUG o.s.orm.jpa.JpaTransactionManager - Exposing JPA transaction as JDBC [org.springframework.orm.jpa.vendor.HibernateJpaDialect$HibernateConnectionHandle@11e0e39d]
2026-05-20 13:50:58.113 [http-nio-0.0.0.0-8080-exec-4] DEBUG org.hibernate.SQL - 
    select
        u1_0.id,
        u1_0.address,
        u1_0.admin_notes,
        u1_0.avatar_url,
        u1_0.bio,
        u1_0.preferred_category,
        u1_0.created_at,
        u1_0.email,
        u1_0.google_id,
        u1_0.kyc_status,
        u1_0.password,
        u1_0.last_name,
        u1_0.first_name,
        u1_0.role,
        u1_0.status,
        u1_0.phone,
        u1_0.ville 
    from
        users u1_0 
    where
        u1_0.id=?
2026-05-20 13:50:58.113 [http-nio-0.0.0.0-8080-exec-4] DEBUG org.hibernate.SQL - 
    select
        u1_0.id,
        u1_0.address,
        u1_0.admin_notes,
        u1_0.avatar_url,
        u1_0.bio,
        u1_0.preferred_category,
        u1_0.created_at,
        u1_0.email,
        u1_0.google_id,
        u1_0.kyc_status,
        u1_0.password,
        u1_0.last_name,
        u1_0.first_name,
        u1_0.role,
        u1_0.status,
        u1_0.phone,
        u1_0.ville 
    from
        users u1_0 
    where
        u1_0.id=?
2026-05-20 13:50:58.117 [http-nio-0.0.0.0-8080-exec-4] DEBUG o.s.orm.jpa.JpaTransactionManager - Initiating transaction commit
2026-05-20 13:50:58.121 [http-nio-0.0.0.0-8080-exec-4] DEBUG o.s.orm.jpa.JpaTransactionManager - Committing JPA transaction on EntityManager [SessionImpl(1432406822<open>)]
2026-05-20 13:50:58.125 [http-nio-0.0.0.0-8080-exec-4] DEBUG o.s.orm.jpa.JpaTransactionManager - Not closing pre-bound JPA EntityManager after transaction
2026-05-20 13:50:58.127 [http-nio-0.0.0.0-8080-exec-4] DEBUG org.hibernate.SQL - 
    select
        n1_0.id,
        n1_0.categorie,
        n1_0.created_at,
        n1_0.is_read,
        n1_0.message,
        n1_0.user_id 
    from
        notifications n1_0 
    where
        n1_0.user_id=?
2026-05-20 13:50:58.127 [http-nio-0.0.0.0-8080-exec-4] DEBUG org.hibernate.SQL - 
    select
        n1_0.id,
        n1_0.categorie,
        n1_0.created_at,
        n1_0.is_read,
        n1_0.message,
        n1_0.user_id 
    from
        notifications n1_0 
    where
        n1_0.user_id=?
2026-05-20 13:50:58.135 [http-nio-0.0.0.0-8080-exec-4] DEBUG o.s.o.j.s.OpenEntityManagerInViewInterceptor - Closing JPA EntityManager in OpenEntityManagerInViewInterceptor
2026-05-20 13:51:58.167 [http-nio-0.0.0.0-8080-exec-3] DEBUG o.s.o.j.SharedEntityManagerCreator$SharedEntityManagerInvocationHandler - Creating new EntityManager for shared EntityManager invocation
2026-05-20 13:51:58.177 [http-nio-0.0.0.0-8080-exec-3] DEBUG org.hibernate.SQL - 
    select
        u1_0.id,
        u1_0.address,
        u1_0.admin_notes,
        u1_0.avatar_url,
        u1_0.bio,
        u1_0.preferred_category,
        u1_0.created_at,
        u1_0.email,
        u1_0.google_id,
        u1_0.kyc_status,
        u1_0.password,
        u1_0.last_name,
        u1_0.first_name,
        u1_0.role,
        u1_0.status,
        u1_0.phone,
        u1_0.ville 
    from
        users u1_0 
    where
        u1_0.email=?
2026-05-20 13:51:58.177 [http-nio-0.0.0.0-8080-exec-3] DEBUG org.hibernate.SQL - 
    select
        u1_0.id,
        u1_0.address,
        u1_0.admin_notes,
        u1_0.avatar_url,
        u1_0.bio,
        u1_0.preferred_category,
        u1_0.created_at,
        u1_0.email,
        u1_0.google_id,
        u1_0.kyc_status,
        u1_0.password,
        u1_0.last_name,
        u1_0.first_name,
        u1_0.role,
        u1_0.status,
        u1_0.phone,
        u1_0.ville 
    from
        users u1_0 
    where
        u1_0.email=?
2026-05-20 13:51:58.196 [http-nio-0.0.0.0-8080-exec-3] DEBUG o.s.o.j.s.OpenEntityManagerInViewInterceptor - Opening JPA EntityManager in OpenEntityManagerInViewInterceptor
2026-05-20 13:51:58.201 [http-nio-0.0.0.0-8080-exec-3] DEBUG o.s.orm.jpa.JpaTransactionManager - Found thread-bound EntityManager [SessionImpl(2024108941<open>)] for JPA transaction
2026-05-20 13:51:58.201 [http-nio-0.0.0.0-8080-exec-3] DEBUG o.s.orm.jpa.JpaTransactionManager - Creating new transaction with name [org.springframework.data.jpa.repository.support.SimpleJpaRepository.findById]: PROPAGATION_REQUIRED,ISOLATION_DEFAULT,readOnly
2026-05-20 13:51:58.208 [http-nio-0.0.0.0-8080-exec-3] DEBUG o.s.orm.jpa.JpaTransactionManager - Exposing JPA transaction as JDBC [org.springframework.orm.jpa.vendor.HibernateJpaDialect$HibernateConnectionHandle@117cc44]
2026-05-20 13:51:58.209 [http-nio-0.0.0.0-8080-exec-3] DEBUG org.hibernate.SQL - 
    select
        u1_0.id,
        u1_0.address,
        u1_0.admin_notes,
        u1_0.avatar_url,
        u1_0.bio,
        u1_0.preferred_category,
        u1_0.created_at,
        u1_0.email,
        u1_0.google_id,
        u1_0.kyc_status,
        u1_0.password,
        u1_0.last_name,
        u1_0.first_name,
        u1_0.role,
        u1_0.status,
        u1_0.phone,
        u1_0.ville 
    from
        users u1_0 
    where
        u1_0.id=?
2026-05-20 13:51:58.209 [http-nio-0.0.0.0-8080-exec-3] DEBUG org.hibernate.SQL - 
    select
        u1_0.id,
        u1_0.address,
        u1_0.admin_notes,
        u1_0.avatar_url,
        u1_0.bio,
        u1_0.preferred_category,
        u1_0.created_at,
        u1_0.email,
        u1_0.google_id,
        u1_0.kyc_status,
        u1_0.password,
        u1_0.last_name,
        u1_0.first_name,
        u1_0.role,
        u1_0.status,
        u1_0.phone,
        u1_0.ville 
    from
        users u1_0 
    where
        u1_0.id=?
2026-05-20 13:51:58.213 [http-nio-0.0.0.0-8080-exec-3] DEBUG o.s.orm.jpa.JpaTransactionManager - Initiating transaction commit
2026-05-20 13:51:58.213 [http-nio-0.0.0.0-8080-exec-3] DEBUG o.s.orm.jpa.JpaTransactionManager - Committing JPA transaction on EntityManager [SessionImpl(2024108941<open>)]
2026-05-20 13:51:58.216 [http-nio-0.0.0.0-8080-exec-3] DEBUG o.s.orm.jpa.JpaTransactionManager - Not closing pre-bound JPA EntityManager after transaction
2026-05-20 13:51:58.224 [http-nio-0.0.0.0-8080-exec-3] DEBUG org.hibernate.SQL - 
    select
        n1_0.id,
        n1_0.categorie,
        n1_0.created_at,
        n1_0.is_read,
        n1_0.message,
        n1_0.user_id 
    from
        notifications n1_0 
    where
        n1_0.user_id=?
2026-05-20 13:51:58.224 [http-nio-0.0.0.0-8080-exec-3] DEBUG org.hibernate.SQL - 
    select
        n1_0.id,
        n1_0.categorie,
        n1_0.created_at,
        n1_0.is_read,
        n1_0.message,
        n1_0.user_id 
    from
        notifications n1_0 
    where
        n1_0.user_id=?
2026-05-20 13:51:58.230 [http-nio-0.0.0.0-8080-exec-3] DEBUG o.s.o.j.s.OpenEntityManagerInViewInterceptor - Closing JPA EntityManager in OpenEntityManagerInViewInterceptor
2026-05-20 13:52:58.054 [http-nio-0.0.0.0-8080-exec-7] DEBUG o.s.o.j.SharedEntityManagerCreator$SharedEntityManagerInvocationHandler - Creating new EntityManager for shared EntityManager invocation
2026-05-20 13:52:58.056 [http-nio-0.0.0.0-8080-exec-7] DEBUG org.hibernate.SQL - 
    select
        u1_0.id,
        u1_0.address,
        u1_0.admin_notes,
        u1_0.avatar_url,
        u1_0.bio,
        u1_0.preferred_category,
        u1_0.created_at,
        u1_0.email,
        u1_0.google_id,
        u1_0.kyc_status,
        u1_0.password,
        u1_0.last_name,
        u1_0.first_name,
        u1_0.role,
        u1_0.status,
        u1_0.phone,
        u1_0.ville 
    from
        users u1_0 
    where
        u1_0.email=?
2026-05-20 13:52:58.056 [http-nio-0.0.0.0-8080-exec-7] DEBUG org.hibernate.SQL - 
    select
        u1_0.id,
        u1_0.address,
        u1_0.admin_notes,
        u1_0.avatar_url,
        u1_0.bio,
        u1_0.preferred_category,
        u1_0.created_at,
        u1_0.email,
        u1_0.google_id,
        u1_0.kyc_status,
        u1_0.password,
        u1_0.last_name,
        u1_0.first_name,
        u1_0.role,
        u1_0.status,
        u1_0.phone,
        u1_0.ville 
    from
        users u1_0 
    where
        u1_0.email=?
2026-05-20 13:52:58.064 [http-nio-0.0.0.0-8080-exec-7] DEBUG o.s.o.j.s.OpenEntityManagerInViewInterceptor - Opening JPA EntityManager in OpenEntityManagerInViewInterceptor
2026-05-20 13:52:58.066 [http-nio-0.0.0.0-8080-exec-7] DEBUG o.s.orm.jpa.JpaTransactionManager - Found thread-bound EntityManager [SessionImpl(745287417<open>)] for JPA transaction
2026-05-20 13:52:58.067 [http-nio-0.0.0.0-8080-exec-7] DEBUG o.s.orm.jpa.JpaTransactionManager - Creating new transaction with name [org.springframework.data.jpa.repository.support.SimpleJpaRepository.findById]: PROPAGATION_REQUIRED,ISOLATION_DEFAULT,readOnly
2026-05-20 13:52:58.068 [http-nio-0.0.0.0-8080-exec-7] DEBUG o.s.orm.jpa.JpaTransactionManager - Exposing JPA transaction as JDBC [org.springframework.orm.jpa.vendor.HibernateJpaDialect$HibernateConnectionHandle@512f1edc]
2026-05-20 13:52:58.071 [http-nio-0.0.0.0-8080-exec-7] DEBUG org.hibernate.SQL - 
    select
        u1_0.id,
        u1_0.address,
        u1_0.admin_notes,
        u1_0.avatar_url,
        u1_0.bio,
        u1_0.preferred_category,
        u1_0.created_at,
        u1_0.email,
        u1_0.google_id,
        u1_0.kyc_status,
        u1_0.password,
        u1_0.last_name,
        u1_0.first_name,
        u1_0.role,
        u1_0.status,
        u1_0.phone,
        u1_0.ville 
    from
        users u1_0 
    where
        u1_0.id=?
2026-05-20 13:52:58.071 [http-nio-0.0.0.0-8080-exec-7] DEBUG org.hibernate.SQL - 
    select
        u1_0.id,
        u1_0.address,
        u1_0.admin_notes,
        u1_0.avatar_url,
        u1_0.bio,
        u1_0.preferred_category,
        u1_0.created_at,
        u1_0.email,
        u1_0.google_id,
        u1_0.kyc_status,
        u1_0.password,
        u1_0.last_name,
        u1_0.first_name,
        u1_0.role,
        u1_0.status,
        u1_0.phone,
        u1_0.ville 
    from
        users u1_0 
    where
        u1_0.id=?
2026-05-20 13:52:58.073 [http-nio-0.0.0.0-8080-exec-7] DEBUG o.s.orm.jpa.JpaTransactionManager - Initiating transaction commit
2026-05-20 13:52:58.074 [http-nio-0.0.0.0-8080-exec-7] DEBUG o.s.orm.jpa.JpaTransactionManager - Committing JPA transaction on EntityManager [SessionImpl(745287417<open>)]
2026-05-20 13:52:58.077 [http-nio-0.0.0.0-8080-exec-7] DEBUG o.s.orm.jpa.JpaTransactionManager - Not closing pre-bound JPA EntityManager after transaction
2026-05-20 13:52:58.080 [http-nio-0.0.0.0-8080-exec-7] DEBUG org.hibernate.SQL - 
    select
        n1_0.id,
        n1_0.categorie,
        n1_0.created_at,
        n1_0.is_read,
        n1_0.message,
        n1_0.user_id 
    from
        notifications n1_0 
    where
        n1_0.user_id=?
2026-05-20 13:52:58.080 [http-nio-0.0.0.0-8080-exec-7] DEBUG org.hibernate.SQL - 
    select
        n1_0.id,
        n1_0.categorie,
        n1_0.created_at,
        n1_0.is_read,
        n1_0.message,
        n1_0.user_id 
    from
        notifications n1_0 
    where
        n1_0.user_id=?
2026-05-20 13:52:58.084 [http-nio-0.0.0.0-8080-exec-7] DEBUG o.s.o.j.s.OpenEntityManagerInViewInterceptor - Closing JPA EntityManager in OpenEntityManagerInViewInterceptor
2026-05-20 13:53:58.126 [http-nio-0.0.0.0-8080-exec-9] DEBUG o.s.o.j.SharedEntityManagerCreator$SharedEntityManagerInvocationHandler - Creating new EntityManager for shared EntityManager invocation
2026-05-20 13:53:58.133 [http-nio-0.0.0.0-8080-exec-9] DEBUG org.hibernate.SQL - 
    select
        u1_0.id,
        u1_0.address,
        u1_0.admin_notes,
        u1_0.avatar_url,
        u1_0.bio,
        u1_0.preferred_category,
        u1_0.created_at,
        u1_0.email,
        u1_0.google_id,
        u1_0.kyc_status,
        u1_0.password,
        u1_0.last_name,
        u1_0.first_name,
        u1_0.role,
        u1_0.status,
        u1_0.phone,
        u1_0.ville 
    from
        users u1_0 
    where
        u1_0.email=?
2026-05-20 13:53:58.133 [http-nio-0.0.0.0-8080-exec-9] DEBUG org.hibernate.SQL - 
    select
        u1_0.id,
        u1_0.address,
        u1_0.admin_notes,
        u1_0.avatar_url,
        u1_0.bio,
        u1_0.preferred_category,
        u1_0.created_at,
        u1_0.email,
        u1_0.google_id,
        u1_0.kyc_status,
        u1_0.password,
        u1_0.last_name,
        u1_0.first_name,
        u1_0.role,
        u1_0.status,
        u1_0.phone,
        u1_0.ville 
    from
        users u1_0 
    where
        u1_0.email=?
2026-05-20 13:53:58.142 [http-nio-0.0.0.0-8080-exec-9] DEBUG o.s.o.j.s.OpenEntityManagerInViewInterceptor - Opening JPA EntityManager in OpenEntityManagerInViewInterceptor
2026-05-20 13:53:58.169 [http-nio-0.0.0.0-8080-exec-9] DEBUG o.s.orm.jpa.JpaTransactionManager - Found thread-bound EntityManager [SessionImpl(462521481<open>)] for JPA transaction
2026-05-20 13:53:58.174 [http-nio-0.0.0.0-8080-exec-9] DEBUG o.s.orm.jpa.JpaTransactionManager - Creating new transaction with name [org.springframework.data.jpa.repository.support.SimpleJpaRepository.findById]: PROPAGATION_REQUIRED,ISOLATION_DEFAULT,readOnly
2026-05-20 13:53:58.176 [http-nio-0.0.0.0-8080-exec-9] DEBUG o.s.orm.jpa.JpaTransactionManager - Exposing JPA transaction as JDBC [org.springframework.orm.jpa.vendor.HibernateJpaDialect$HibernateConnectionHandle@72de1450]
2026-05-20 13:53:58.177 [http-nio-0.0.0.0-8080-exec-9] DEBUG org.hibernate.SQL - 
    select
        u1_0.id,
        u1_0.address,
        u1_0.admin_notes,
        u1_0.avatar_url,
        u1_0.bio,
        u1_0.preferred_category,
        u1_0.created_at,
        u1_0.email,
        u1_0.google_id,
        u1_0.kyc_status,
        u1_0.password,
        u1_0.last_name,
        u1_0.first_name,
        u1_0.role,
        u1_0.status,
        u1_0.phone,
        u1_0.ville 
    from
        users u1_0 
    where
        u1_0.id=?
2026-05-20 13:53:58.177 [http-nio-0.0.0.0-8080-exec-9] DEBUG org.hibernate.SQL - 
    select
        u1_0.id,
        u1_0.address,
        u1_0.admin_notes,
        u1_0.avatar_url,
        u1_0.bio,
        u1_0.preferred_category,
        u1_0.created_at,
        u1_0.email,
        u1_0.google_id,
        u1_0.kyc_status,
        u1_0.password,
        u1_0.last_name,
        u1_0.first_name,
        u1_0.role,
        u1_0.status,
        u1_0.phone,
        u1_0.ville 
    from
        users u1_0 
    where
        u1_0.id=?
2026-05-20 13:53:58.180 [http-nio-0.0.0.0-8080-exec-9] DEBUG o.s.orm.jpa.JpaTransactionManager - Initiating transaction commit
2026-05-20 13:53:58.181 [http-nio-0.0.0.0-8080-exec-9] DEBUG o.s.orm.jpa.JpaTransactionManager - Committing JPA transaction on EntityManager [SessionImpl(462521481<open>)]
2026-05-20 13:53:58.184 [http-nio-0.0.0.0-8080-exec-9] DEBUG o.s.orm.jpa.JpaTransactionManager - Not closing pre-bound JPA EntityManager after transaction
2026-05-20 13:53:58.190 [http-nio-0.0.0.0-8080-exec-9] DEBUG org.hibernate.SQL - 
    select
        n1_0.id,
        n1_0.categorie,
        n1_0.created_at,
        n1_0.is_read,
        n1_0.message,
        n1_0.user_id 
    from
        notifications n1_0 
    where
        n1_0.user_id=?
2026-05-20 13:53:58.190 [http-nio-0.0.0.0-8080-exec-9] DEBUG org.hibernate.SQL - 
    select
        n1_0.id,
        n1_0.categorie,
        n1_0.created_at,
        n1_0.is_read,
        n1_0.message,
        n1_0.user_id 
    from
        notifications n1_0 
    where
        n1_0.user_id=?
2026-05-20 13:53:58.210 [http-nio-0.0.0.0-8080-exec-9] DEBUG o.s.o.j.s.OpenEntityManagerInViewInterceptor - Closing JPA EntityManager in OpenEntityManagerInViewInterceptor
2026-05-20 13:54:58.079 [http-nio-0.0.0.0-8080-exec-6] DEBUG o.s.o.j.SharedEntityManagerCreator$SharedEntityManagerInvocationHandler - Creating new EntityManager for shared EntityManager invocation
2026-05-20 13:54:58.081 [http-nio-0.0.0.0-8080-exec-6] DEBUG org.hibernate.SQL - 
    select
        u1_0.id,
        u1_0.address,
        u1_0.admin_notes,
        u1_0.avatar_url,
        u1_0.bio,
        u1_0.preferred_category,
        u1_0.created_at,
        u1_0.email,
        u1_0.google_id,
        u1_0.kyc_status,
        u1_0.password,
        u1_0.last_name,
        u1_0.first_name,
        u1_0.role,
        u1_0.status,
        u1_0.phone,
        u1_0.ville 
    from
        users u1_0 
    where
        u1_0.email=?
2026-05-20 13:54:58.081 [http-nio-0.0.0.0-8080-exec-6] DEBUG org.hibernate.SQL - 
    select
        u1_0.id,
        u1_0.address,
        u1_0.admin_notes,
        u1_0.avatar_url,
        u1_0.bio,
        u1_0.preferred_category,
        u1_0.created_at,
        u1_0.email,
        u1_0.google_id,
        u1_0.kyc_status,
        u1_0.password,
        u1_0.last_name,
        u1_0.first_name,
        u1_0.role,
        u1_0.status,
        u1_0.phone,
        u1_0.ville 
    from
        users u1_0 
    where
        u1_0.email=?
2026-05-20 13:54:58.088 [http-nio-0.0.0.0-8080-exec-6] DEBUG o.s.o.j.s.OpenEntityManagerInViewInterceptor - Opening JPA EntityManager in OpenEntityManagerInViewInterceptor
2026-05-20 13:54:58.090 [http-nio-0.0.0.0-8080-exec-6] DEBUG o.s.orm.jpa.JpaTransactionManager - Found thread-bound EntityManager [SessionImpl(783109891<open>)] for JPA transaction
2026-05-20 13:54:58.090 [http-nio-0.0.0.0-8080-exec-6] DEBUG o.s.orm.jpa.JpaTransactionManager - Creating new transaction with name [org.springframework.data.jpa.repository.support.SimpleJpaRepository.findById]: PROPAGATION_REQUIRED,ISOLATION_DEFAULT,readOnly
2026-05-20 13:54:58.092 [http-nio-0.0.0.0-8080-exec-6] DEBUG o.s.orm.jpa.JpaTransactionManager - Exposing JPA transaction as JDBC [org.springframework.orm.jpa.vendor.HibernateJpaDialect$HibernateConnectionHandle@693a3cd5]
2026-05-20 13:54:58.092 [http-nio-0.0.0.0-8080-exec-6] DEBUG org.hibernate.SQL - 
    select
        u1_0.id,
        u1_0.address,
        u1_0.admin_notes,
        u1_0.avatar_url,
        u1_0.bio,
        u1_0.preferred_category,
        u1_0.created_at,
        u1_0.email,
        u1_0.google_id,
        u1_0.kyc_status,
        u1_0.password,
        u1_0.last_name,
        u1_0.first_name,
        u1_0.role,
        u1_0.status,
        u1_0.phone,
        u1_0.ville 
    from
        users u1_0 
    where
        u1_0.id=?
2026-05-20 13:54:58.092 [http-nio-0.0.0.0-8080-exec-6] DEBUG org.hibernate.SQL - 
    select
        u1_0.id,
        u1_0.address,
        u1_0.admin_notes,
        u1_0.avatar_url,
        u1_0.bio,
        u1_0.preferred_category,
        u1_0.created_at,
        u1_0.email,
        u1_0.google_id,
        u1_0.kyc_status,
        u1_0.password,
        u1_0.last_name,
        u1_0.first_name,
        u1_0.role,
        u1_0.status,
        u1_0.phone,
        u1_0.ville 
    from
        users u1_0 
    where
        u1_0.id=?
2026-05-20 13:54:58.094 [http-nio-0.0.0.0-8080-exec-6] DEBUG o.s.orm.jpa.JpaTransactionManager - Initiating transaction commit
2026-05-20 13:54:58.094 [http-nio-0.0.0.0-8080-exec-6] DEBUG o.s.orm.jpa.JpaTransactionManager - Committing JPA transaction on EntityManager [SessionImpl(783109891<open>)]
2026-05-20 13:54:58.095 [http-nio-0.0.0.0-8080-exec-6] DEBUG o.s.orm.jpa.JpaTransactionManager - Not closing pre-bound JPA EntityManager after transaction
2026-05-20 13:54:58.096 [http-nio-0.0.0.0-8080-exec-6] DEBUG org.hibernate.SQL - 
    select
        n1_0.id,
        n1_0.categorie,
        n1_0.created_at,
        n1_0.is_read,
        n1_0.message,
        n1_0.user_id 
    from
        notifications n1_0 
    where
        n1_0.user_id=?
2026-05-20 13:54:58.096 [http-nio-0.0.0.0-8080-exec-6] DEBUG org.hibernate.SQL - 
    select
        n1_0.id,
        n1_0.categorie,
        n1_0.created_at,
        n1_0.is_read,
        n1_0.message,
        n1_0.user_id 
    from
        notifications n1_0 
    where
        n1_0.user_id=?
2026-05-20 13:54:58.099 [http-nio-0.0.0.0-8080-exec-6] DEBUG o.s.o.j.s.OpenEntityManagerInViewInterceptor - Closing JPA EntityManager in OpenEntityManagerInViewInterceptor
2026-05-20 13:55:58.132 [http-nio-0.0.0.0-8080-exec-4] DEBUG o.s.o.j.SharedEntityManagerCreator$SharedEntityManagerInvocationHandler - Creating new EntityManager for shared EntityManager invocation
2026-05-20 13:55:58.146 [http-nio-0.0.0.0-8080-exec-4] DEBUG org.hibernate.SQL - 
    select
        u1_0.id,
        u1_0.address,
        u1_0.admin_notes,
        u1_0.avatar_url,
        u1_0.bio,
        u1_0.preferred_category,
        u1_0.created_at,
        u1_0.email,
        u1_0.google_id,
        u1_0.kyc_status,
        u1_0.password,
        u1_0.last_name,
        u1_0.first_name,
        u1_0.role,
        u1_0.status,
        u1_0.phone,
        u1_0.ville 
    from
        users u1_0 
    where
        u1_0.email=?
2026-05-20 13:55:58.146 [http-nio-0.0.0.0-8080-exec-4] DEBUG org.hibernate.SQL - 
    select
        u1_0.id,
        u1_0.address,
        u1_0.admin_notes,
        u1_0.avatar_url,
        u1_0.bio,
        u1_0.preferred_category,
        u1_0.created_at,
        u1_0.email,
        u1_0.google_id,
        u1_0.kyc_status,
        u1_0.password,
        u1_0.last_name,
        u1_0.first_name,
        u1_0.role,
        u1_0.status,
        u1_0.phone,
        u1_0.ville 
    from
        users u1_0 
    where
        u1_0.email=?
2026-05-20 13:55:58.162 [http-nio-0.0.0.0-8080-exec-4] DEBUG o.s.o.j.s.OpenEntityManagerInViewInterceptor - Opening JPA EntityManager in OpenEntityManagerInViewInterceptor
2026-05-20 13:55:58.167 [http-nio-0.0.0.0-8080-exec-4] DEBUG o.s.orm.jpa.JpaTransactionManager - Found thread-bound EntityManager [SessionImpl(1197161234<open>)] for JPA transaction
2026-05-20 13:55:58.168 [http-nio-0.0.0.0-8080-exec-4] DEBUG o.s.orm.jpa.JpaTransactionManager - Creating new transaction with name [org.springframework.data.jpa.repository.support.SimpleJpaRepository.findById]: PROPAGATION_REQUIRED,ISOLATION_DEFAULT,readOnly
2026-05-20 13:55:58.170 [http-nio-0.0.0.0-8080-exec-4] DEBUG o.s.orm.jpa.JpaTransactionManager - Exposing JPA transaction as JDBC [org.springframework.orm.jpa.vendor.HibernateJpaDialect$HibernateConnectionHandle@2c4495f9]
2026-05-20 13:55:58.173 [http-nio-0.0.0.0-8080-exec-4] DEBUG org.hibernate.SQL - 
    select
        u1_0.id,
        u1_0.address,
        u1_0.admin_notes,
        u1_0.avatar_url,
        u1_0.bio,
        u1_0.preferred_category,
        u1_0.created_at,
        u1_0.email,
        u1_0.google_id,
        u1_0.kyc_status,
        u1_0.password,
        u1_0.last_name,
        u1_0.first_name,
        u1_0.role,
        u1_0.status,
        u1_0.phone,
        u1_0.ville 
    from
        users u1_0 
    where
        u1_0.id=?
2026-05-20 13:55:58.173 [http-nio-0.0.0.0-8080-exec-4] DEBUG org.hibernate.SQL - 
    select
        u1_0.id,
        u1_0.address,
        u1_0.admin_notes,
        u1_0.avatar_url,
        u1_0.bio,
        u1_0.preferred_category,
        u1_0.created_at,
        u1_0.email,
        u1_0.google_id,
        u1_0.kyc_status,
        u1_0.password,
        u1_0.last_name,
        u1_0.first_name,
        u1_0.role,
        u1_0.status,
        u1_0.phone,
        u1_0.ville 
    from
        users u1_0 
    where
        u1_0.id=?
2026-05-20 13:55:58.183 [http-nio-0.0.0.0-8080-exec-4] DEBUG o.s.orm.jpa.JpaTransactionManager - Initiating transaction commit
2026-05-20 13:55:58.186 [http-nio-0.0.0.0-8080-exec-4] DEBUG o.s.orm.jpa.JpaTransactionManager - Committing JPA transaction on EntityManager [SessionImpl(1197161234<open>)]
2026-05-20 13:55:58.191 [http-nio-0.0.0.0-8080-exec-4] DEBUG o.s.orm.jpa.JpaTransactionManager - Not closing pre-bound JPA EntityManager after transaction
2026-05-20 13:55:58.199 [http-nio-0.0.0.0-8080-exec-4] DEBUG org.hibernate.SQL - 
    select
        n1_0.id,
        n1_0.categorie,
        n1_0.created_at,
        n1_0.is_read,
        n1_0.message,
        n1_0.user_id 
    from
        notifications n1_0 
    where
        n1_0.user_id=?
2026-05-20 13:55:58.199 [http-nio-0.0.0.0-8080-exec-4] DEBUG org.hibernate.SQL - 
    select
        n1_0.id,
        n1_0.categorie,
        n1_0.created_at,
        n1_0.is_read,
        n1_0.message,
        n1_0.user_id 
    from
        notifications n1_0 
    where
        n1_0.user_id=?
2026-05-20 13:55:58.212 [http-nio-0.0.0.0-8080-exec-4] DEBUG o.s.o.j.s.OpenEntityManagerInViewInterceptor - Closing JPA EntityManager in OpenEntityManagerInViewInterceptor
2026-05-20 13:56:25.775 [http-nio-0.0.0.0-8080-exec-7] DEBUG o.s.o.j.s.OpenEntityManagerInViewInterceptor - Opening JPA EntityManager in OpenEntityManagerInViewInterceptor
2026-05-20 13:56:25.779 [http-nio-0.0.0.0-8080-exec-7] DEBUG org.hibernate.SQL - 
    select
        u1_0.id,
        u1_0.address,
        u1_0.admin_notes,
        u1_0.avatar_url,
        u1_0.bio,
        u1_0.preferred_category,
        u1_0.created_at,
        u1_0.email,
        u1_0.google_id,
        u1_0.kyc_status,
        u1_0.password,
        u1_0.last_name,
        u1_0.first_name,
        u1_0.role,
        u1_0.status,
        u1_0.phone,
        u1_0.ville 
    from
        users u1_0 
    where
        u1_0.email=?
2026-05-20 13:56:25.779 [http-nio-0.0.0.0-8080-exec-7] DEBUG org.hibernate.SQL - 
    select
        u1_0.id,
        u1_0.address,
        u1_0.admin_notes,
        u1_0.avatar_url,
        u1_0.bio,
        u1_0.preferred_category,
        u1_0.created_at,
        u1_0.email,
        u1_0.google_id,
        u1_0.kyc_status,
        u1_0.password,
        u1_0.last_name,
        u1_0.first_name,
        u1_0.role,
        u1_0.status,
        u1_0.phone,
        u1_0.ville 
    from
        users u1_0 
    where
        u1_0.email=?
2026-05-20 13:56:26.023 [http-nio-0.0.0.0-8080-exec-7] DEBUG o.s.o.j.s.OpenEntityManagerInViewInterceptor - Closing JPA EntityManager in OpenEntityManagerInViewInterceptor
2026-05-20 13:56:30.759 [http-nio-0.0.0.0-8080-exec-10] DEBUG o.s.o.j.s.OpenEntityManagerInViewInterceptor - Opening JPA EntityManager in OpenEntityManagerInViewInterceptor
2026-05-20 13:56:30.763 [http-nio-0.0.0.0-8080-exec-10] DEBUG org.hibernate.SQL - 
    select
        u1_0.id,
        u1_0.address,
        u1_0.admin_notes,
        u1_0.avatar_url,
        u1_0.bio,
        u1_0.preferred_category,
        u1_0.created_at,
        u1_0.email,
        u1_0.google_id,
        u1_0.kyc_status,
        u1_0.password,
        u1_0.last_name,
        u1_0.first_name,
        u1_0.role,
        u1_0.status,
        u1_0.phone,
        u1_0.ville 
    from
        users u1_0 
    where
        u1_0.email=?
2026-05-20 13:56:30.763 [http-nio-0.0.0.0-8080-exec-10] DEBUG org.hibernate.SQL - 
    select
        u1_0.id,
        u1_0.address,
        u1_0.admin_notes,
        u1_0.avatar_url,
        u1_0.bio,
        u1_0.preferred_category,
        u1_0.created_at,
        u1_0.email,
        u1_0.google_id,
        u1_0.kyc_status,
        u1_0.password,
        u1_0.last_name,
        u1_0.first_name,
        u1_0.role,
        u1_0.status,
        u1_0.phone,
        u1_0.ville 
    from
        users u1_0 
    where
        u1_0.email=?
2026-05-20 13:56:30.892 [http-nio-0.0.0.0-8080-exec-10] DEBUG o.s.o.j.s.OpenEntityManagerInViewInterceptor - Closing JPA EntityManager in OpenEntityManagerInViewInterceptor
2026-05-20 13:56:46.090 [http-nio-0.0.0.0-8080-exec-8] DEBUG o.s.o.j.s.OpenEntityManagerInViewInterceptor - Opening JPA EntityManager in OpenEntityManagerInViewInterceptor
2026-05-20 13:56:46.093 [http-nio-0.0.0.0-8080-exec-8] DEBUG org.hibernate.SQL - 
    select
        u1_0.id,
        u1_0.address,
        u1_0.admin_notes,
        u1_0.avatar_url,
        u1_0.bio,
        u1_0.preferred_category,
        u1_0.created_at,
        u1_0.email,
        u1_0.google_id,
        u1_0.kyc_status,
        u1_0.password,
        u1_0.last_name,
        u1_0.first_name,
        u1_0.role,
        u1_0.status,
        u1_0.phone,
        u1_0.ville 
    from
        users u1_0 
    where
        u1_0.email=?
2026-05-20 13:56:46.093 [http-nio-0.0.0.0-8080-exec-8] DEBUG org.hibernate.SQL - 
    select
        u1_0.id,
        u1_0.address,
        u1_0.admin_notes,
        u1_0.avatar_url,
        u1_0.bio,
        u1_0.preferred_category,
        u1_0.created_at,
        u1_0.email,
        u1_0.google_id,
        u1_0.kyc_status,
        u1_0.password,
        u1_0.last_name,
        u1_0.first_name,
        u1_0.role,
        u1_0.status,
        u1_0.phone,
        u1_0.ville 
    from
        users u1_0 
    where
        u1_0.email=?
2026-05-20 13:56:46.226 [http-nio-0.0.0.0-8080-exec-8] DEBUG o.s.o.j.s.OpenEntityManagerInViewInterceptor - Closing JPA EntityManager in OpenEntityManagerInViewInterceptor
2026-05-20 13:56:53.835 [http-nio-0.0.0.0-8080-exec-1] DEBUG o.s.o.j.s.OpenEntityManagerInViewInterceptor - Opening JPA EntityManager in OpenEntityManagerInViewInterceptor
2026-05-20 13:56:53.841 [http-nio-0.0.0.0-8080-exec-1] DEBUG org.hibernate.SQL - 
    select
        u1_0.id,
        u1_0.address,
        u1_0.admin_notes,
        u1_0.avatar_url,
        u1_0.bio,
        u1_0.preferred_category,
        u1_0.created_at,
        u1_0.email,
        u1_0.google_id,
        u1_0.kyc_status,
        u1_0.password,
        u1_0.last_name,
        u1_0.first_name,
        u1_0.role,
        u1_0.status,
        u1_0.phone,
        u1_0.ville 
    from
        users u1_0 
    where
        u1_0.email=?
2026-05-20 13:56:53.841 [http-nio-0.0.0.0-8080-exec-1] DEBUG org.hibernate.SQL - 
    select
        u1_0.id,
        u1_0.address,
        u1_0.admin_notes,
        u1_0.avatar_url,
        u1_0.bio,
        u1_0.preferred_category,
        u1_0.created_at,
        u1_0.email,
        u1_0.google_id,
        u1_0.kyc_status,
        u1_0.password,
        u1_0.last_name,
        u1_0.first_name,
        u1_0.role,
        u1_0.status,
        u1_0.phone,
        u1_0.ville 
    from
        users u1_0 
    where
        u1_0.email=?
2026-05-20 13:56:53.972 [http-nio-0.0.0.0-8080-exec-1] DEBUG o.s.o.j.s.OpenEntityManagerInViewInterceptor - Closing JPA EntityManager in OpenEntityManagerInViewInterceptor
2026-05-20 13:59:11.277 [http-nio-0.0.0.0-8080-exec-5] DEBUG o.s.o.j.s.OpenEntityManagerInViewInterceptor - Opening JPA EntityManager in OpenEntityManagerInViewInterceptor
2026-05-20 13:59:11.282 [http-nio-0.0.0.0-8080-exec-5] DEBUG org.hibernate.SQL - 
    select
        u1_0.id,
        u1_0.address,
        u1_0.admin_notes,
        u1_0.avatar_url,
        u1_0.bio,
        u1_0.preferred_category,
        u1_0.created_at,
        u1_0.email,
        u1_0.google_id,
        u1_0.kyc_status,
        u1_0.password,
        u1_0.last_name,
        u1_0.first_name,
        u1_0.role,
        u1_0.status,
        u1_0.phone,
        u1_0.ville 
    from
        users u1_0 
    where
        u1_0.email=?
2026-05-20 13:59:11.282 [http-nio-0.0.0.0-8080-exec-5] DEBUG org.hibernate.SQL - 
    select
        u1_0.id,
        u1_0.address,
        u1_0.admin_notes,
        u1_0.avatar_url,
        u1_0.bio,
        u1_0.preferred_category,
        u1_0.created_at,
        u1_0.email,
        u1_0.google_id,
        u1_0.kyc_status,
        u1_0.password,
        u1_0.last_name,
        u1_0.first_name,
        u1_0.role,
        u1_0.status,
        u1_0.phone,
        u1_0.ville 
    from
        users u1_0 
    where
        u1_0.email=?
2026-05-20 13:59:11.413 [http-nio-0.0.0.0-8080-exec-5] DEBUG o.s.o.j.s.OpenEntityManagerInViewInterceptor - Closing JPA EntityManager in OpenEntityManagerInViewInterceptor
2026-05-20 13:59:17.853 [http-nio-0.0.0.0-8080-exec-2] DEBUG o.s.o.j.s.OpenEntityManagerInViewInterceptor - Opening JPA EntityManager in OpenEntityManagerInViewInterceptor
2026-05-20 13:59:17.857 [http-nio-0.0.0.0-8080-exec-2] DEBUG org.hibernate.SQL - 
    select
        u1_0.id,
        u1_0.address,
        u1_0.admin_notes,
        u1_0.avatar_url,
        u1_0.bio,
        u1_0.preferred_category,
        u1_0.created_at,
        u1_0.email,
        u1_0.google_id,
        u1_0.kyc_status,
        u1_0.password,
        u1_0.last_name,
        u1_0.first_name,
        u1_0.role,
        u1_0.status,
        u1_0.phone,
        u1_0.ville 
    from
        users u1_0 
    where
        u1_0.email=?
2026-05-20 13:59:17.857 [http-nio-0.0.0.0-8080-exec-2] DEBUG org.hibernate.SQL - 
    select
        u1_0.id,
        u1_0.address,
        u1_0.admin_notes,
        u1_0.avatar_url,
        u1_0.bio,
        u1_0.preferred_category,
        u1_0.created_at,
        u1_0.email,
        u1_0.google_id,
        u1_0.kyc_status,
        u1_0.password,
        u1_0.last_name,
        u1_0.first_name,
        u1_0.role,
        u1_0.status,
        u1_0.phone,
        u1_0.ville 
    from
        users u1_0 
    where
        u1_0.email=?
2026-05-20 13:59:17.976 [http-nio-0.0.0.0-8080-exec-2] DEBUG o.s.o.j.s.OpenEntityManagerInViewInterceptor - Closing JPA EntityManager in OpenEntityManagerInViewInterceptor
2026-05-20 13:59:33.840 [http-nio-0.0.0.0-8080-exec-10] DEBUG o.s.o.j.s.OpenEntityManagerInViewInterceptor - Opening JPA EntityManager in OpenEntityManagerInViewInterceptor
2026-05-20 13:59:33.843 [http-nio-0.0.0.0-8080-exec-10] DEBUG org.hibernate.SQL - 
    select
        u1_0.id,
        u1_0.address,
        u1_0.admin_notes,
        u1_0.avatar_url,
        u1_0.bio,
        u1_0.preferred_category,
        u1_0.created_at,
        u1_0.email,
        u1_0.google_id,
        u1_0.kyc_status,
        u1_0.password,
        u1_0.last_name,
        u1_0.first_name,
        u1_0.role,
        u1_0.status,
        u1_0.phone,
        u1_0.ville 
    from
        users u1_0 
    where
        u1_0.email=?
2026-05-20 13:59:33.843 [http-nio-0.0.0.0-8080-exec-10] DEBUG org.hibernate.SQL - 
    select
        u1_0.id,
        u1_0.address,
        u1_0.admin_notes,
        u1_0.avatar_url,
        u1_0.bio,
        u1_0.preferred_category,
        u1_0.created_at,
        u1_0.email,
        u1_0.google_id,
        u1_0.kyc_status,
        u1_0.password,
        u1_0.last_name,
        u1_0.first_name,
        u1_0.role,
        u1_0.status,
        u1_0.phone,
        u1_0.ville 
    from
        users u1_0 
    where
        u1_0.email=?
2026-05-20 13:59:33.976 [http-nio-0.0.0.0-8080-exec-10] DEBUG o.s.o.j.s.OpenEntityManagerInViewInterceptor - Closing JPA EntityManager in OpenEntityManagerInViewInterceptor
2026-05-20 13:59:57.153 [http-nio-0.0.0.0-8080-exec-9] DEBUG o.s.o.j.s.OpenEntityManagerInViewInterceptor - Opening JPA EntityManager in OpenEntityManagerInViewInterceptor
2026-05-20 13:59:57.167 [http-nio-0.0.0.0-8080-exec-9] DEBUG org.hibernate.SQL - 
    select
        p1_0.id,
        p1_0.admin_notes,
        p1_0.all_or_nothing,
        p1_0.categorie,
        p1_0.created_at,
        p1_0.start_date,
        p1_0.end_date,
        p1_0.description,
        p1_0.cover_image,
        p1_0.localisation,
        p1_0.current_amount,
        p1_0.investors_count,
        p1_0.funding_goal,
        p1_0.equity_percentage,
        p1_0.owner_id,
        p1_0.status,
        p1_0.suspension_deadline,
        p1_0.interest_rate,
        p1_0.titre,
        p1_0.funding_type 
    from
        projects p1_0 
    where
        p1_0.status=? 
        and p1_0.end_date>=?
2026-05-20 13:59:57.167 [http-nio-0.0.0.0-8080-exec-9] DEBUG org.hibernate.SQL - 
    select
        p1_0.id,
        p1_0.admin_notes,
        p1_0.all_or_nothing,
        p1_0.categorie,
        p1_0.created_at,
        p1_0.start_date,
        p1_0.end_date,
        p1_0.description,
        p1_0.cover_image,
        p1_0.localisation,
        p1_0.current_amount,
        p1_0.investors_count,
        p1_0.funding_goal,
        p1_0.equity_percentage,
        p1_0.owner_id,
        p1_0.status,
        p1_0.suspension_deadline,
        p1_0.interest_rate,
        p1_0.titre,
        p1_0.funding_type 
    from
        projects p1_0 
    where
        p1_0.status=? 
        and p1_0.end_date>=?
2026-05-20 13:59:57.179 [http-nio-0.0.0.0-8080-exec-9] DEBUG o.s.o.j.s.OpenEntityManagerInViewInterceptor - Closing JPA EntityManager in OpenEntityManagerInViewInterceptor
2026-05-20 13:59:57.240 [http-nio-0.0.0.0-8080-exec-8] DEBUG o.s.o.j.s.OpenEntityManagerInViewInterceptor - Opening JPA EntityManager in OpenEntityManagerInViewInterceptor
2026-05-20 13:59:57.248 [http-nio-0.0.0.0-8080-exec-8] DEBUG org.hibernate.SQL - 
    select
        p1_0.id,
        p1_0.admin_notes,
        p1_0.all_or_nothing,
        p1_0.categorie,
        p1_0.created_at,
        p1_0.start_date,
        p1_0.end_date,
        p1_0.description,
        p1_0.cover_image,
        p1_0.localisation,
        p1_0.current_amount,
        p1_0.investors_count,
        p1_0.funding_goal,
        p1_0.equity_percentage,
        p1_0.owner_id,
        p1_0.status,
        p1_0.suspension_deadline,
        p1_0.interest_rate,
        p1_0.titre,
        p1_0.funding_type 
    from
        projects p1_0 
    where
        p1_0.status=? 
        and p1_0.end_date>=?
2026-05-20 13:59:57.248 [http-nio-0.0.0.0-8080-exec-8] DEBUG org.hibernate.SQL - 
    select
        p1_0.id,
        p1_0.admin_notes,
        p1_0.all_or_nothing,
        p1_0.categorie,
        p1_0.created_at,
        p1_0.start_date,
        p1_0.end_date,
        p1_0.description,
        p1_0.cover_image,
        p1_0.localisation,
        p1_0.current_amount,
        p1_0.investors_count,
        p1_0.funding_goal,
        p1_0.equity_percentage,
        p1_0.owner_id,
        p1_0.status,
        p1_0.suspension_deadline,
        p1_0.interest_rate,
        p1_0.titre,
        p1_0.funding_type 
    from
        projects p1_0 
    where
        p1_0.status=? 
        and p1_0.end_date>=?
2026-05-20 13:59:57.287 [http-nio-0.0.0.0-8080-exec-8] DEBUG o.s.o.j.s.OpenEntityManagerInViewInterceptor - Closing JPA EntityManager in OpenEntityManagerInViewInterceptor
2026-05-20 14:00:59.688 [http-nio-0.0.0.0-8080-exec-4] DEBUG o.s.o.j.s.OpenEntityManagerInViewInterceptor - Opening JPA EntityManager in OpenEntityManagerInViewInterceptor
2026-05-20 14:00:59.700 [http-nio-0.0.0.0-8080-exec-4] DEBUG org.hibernate.SQL - 
    select
        p1_0.id,
        p1_0.admin_notes,
        p1_0.all_or_nothing,
        p1_0.categorie,
        p1_0.created_at,
        p1_0.start_date,
        p1_0.end_date,
        p1_0.description,
        p1_0.cover_image,
        p1_0.localisation,
        p1_0.current_amount,
        p1_0.investors_count,
        p1_0.funding_goal,
        p1_0.equity_percentage,
        p1_0.owner_id,
        p1_0.status,
        p1_0.suspension_deadline,
        p1_0.interest_rate,
        p1_0.titre,
        p1_0.funding_type 
    from
        projects p1_0 
    where
        p1_0.status=? 
        and p1_0.end_date>=?
2026-05-20 14:00:59.700 [http-nio-0.0.0.0-8080-exec-4] DEBUG org.hibernate.SQL - 
    select
        p1_0.id,
        p1_0.admin_notes,
        p1_0.all_or_nothing,
        p1_0.categorie,
        p1_0.created_at,
        p1_0.start_date,
        p1_0.end_date,
        p1_0.description,
        p1_0.cover_image,
        p1_0.localisation,
        p1_0.current_amount,
        p1_0.investors_count,
        p1_0.funding_goal,
        p1_0.equity_percentage,
        p1_0.owner_id,
        p1_0.status,
        p1_0.suspension_deadline,
        p1_0.interest_rate,
        p1_0.titre,
        p1_0.funding_type 
    from
        projects p1_0 
    where
        p1_0.status=? 
        and p1_0.end_date>=?
2026-05-20 14:00:59.707 [http-nio-0.0.0.0-8080-exec-4] DEBUG o.s.o.j.s.OpenEntityManagerInViewInterceptor - Closing JPA EntityManager in OpenEntityManagerInViewInterceptor
2026-05-20 14:00:59.720 [http-nio-0.0.0.0-8080-exec-5] DEBUG o.s.o.j.s.OpenEntityManagerInViewInterceptor - Opening JPA EntityManager in OpenEntityManagerInViewInterceptor
2026-05-20 14:00:59.723 [http-nio-0.0.0.0-8080-exec-5] DEBUG org.hibernate.SQL - 
    select
        p1_0.id,
        p1_0.admin_notes,
        p1_0.all_or_nothing,
        p1_0.categorie,
        p1_0.created_at,
        p1_0.start_date,
        p1_0.end_date,
        p1_0.description,
        p1_0.cover_image,
        p1_0.localisation,
        p1_0.current_amount,
        p1_0.investors_count,
        p1_0.funding_goal,
        p1_0.equity_percentage,
        p1_0.owner_id,
        p1_0.status,
        p1_0.suspension_deadline,
        p1_0.interest_rate,
        p1_0.titre,
        p1_0.funding_type 
    from
        projects p1_0 
    where
        p1_0.status=? 
        and p1_0.end_date>=?
2026-05-20 14:00:59.723 [http-nio-0.0.0.0-8080-exec-5] DEBUG org.hibernate.SQL - 
    select
        p1_0.id,
        p1_0.admin_notes,
        p1_0.all_or_nothing,
        p1_0.categorie,
        p1_0.created_at,
        p1_0.start_date,
        p1_0.end_date,
        p1_0.description,
        p1_0.cover_image,
        p1_0.localisation,
        p1_0.current_amount,
        p1_0.investors_count,
        p1_0.funding_goal,
        p1_0.equity_percentage,
        p1_0.owner_id,
        p1_0.status,
        p1_0.suspension_deadline,
        p1_0.interest_rate,
        p1_0.titre,
        p1_0.funding_type 
    from
        projects p1_0 
    where
        p1_0.status=? 
        and p1_0.end_date>=?
2026-05-20 14:00:59.729 [http-nio-0.0.0.0-8080-exec-5] DEBUG o.s.o.j.s.OpenEntityManagerInViewInterceptor - Closing JPA EntityManager in OpenEntityManagerInViewInterceptor
2026-05-20 14:02:48.423 [http-nio-0.0.0.0-8080-exec-10] DEBUG o.s.o.j.s.OpenEntityManagerInViewInterceptor - Opening JPA EntityManager in OpenEntityManagerInViewInterceptor
2026-05-20 14:02:48.437 [http-nio-0.0.0.0-8080-exec-10] DEBUG org.hibernate.SQL - 
    select
        p1_0.id,
        p1_0.admin_notes,
        p1_0.all_or_nothing,
        p1_0.categorie,
        p1_0.created_at,
        p1_0.start_date,
        p1_0.end_date,
        p1_0.description,
        p1_0.cover_image,
        p1_0.localisation,
        p1_0.current_amount,
        p1_0.investors_count,
        p1_0.funding_goal,
        p1_0.equity_percentage,
        p1_0.owner_id,
        p1_0.status,
        p1_0.suspension_deadline,
        p1_0.interest_rate,
        p1_0.titre,
        p1_0.funding_type 
    from
        projects p1_0 
    where
        p1_0.status=? 
        and p1_0.end_date>=?
2026-05-20 14:02:48.437 [http-nio-0.0.0.0-8080-exec-10] DEBUG org.hibernate.SQL - 
    select
        p1_0.id,
        p1_0.admin_notes,
        p1_0.all_or_nothing,
        p1_0.categorie,
        p1_0.created_at,
        p1_0.start_date,
        p1_0.end_date,
        p1_0.description,
        p1_0.cover_image,
        p1_0.localisation,
        p1_0.current_amount,
        p1_0.investors_count,
        p1_0.funding_goal,
        p1_0.equity_percentage,
        p1_0.owner_id,
        p1_0.status,
        p1_0.suspension_deadline,
        p1_0.interest_rate,
        p1_0.titre,
        p1_0.funding_type 
    from
        projects p1_0 
    where
        p1_0.status=? 
        and p1_0.end_date>=?
2026-05-20 14:02:48.485 [http-nio-0.0.0.0-8080-exec-10] DEBUG o.s.o.j.s.OpenEntityManagerInViewInterceptor - Closing JPA EntityManager in OpenEntityManagerInViewInterceptor
2026-05-20 14:02:48.713 [http-nio-0.0.0.0-8080-exec-9] DEBUG o.s.o.j.s.OpenEntityManagerInViewInterceptor - Opening JPA EntityManager in OpenEntityManagerInViewInterceptor
2026-05-20 14:02:48.734 [http-nio-0.0.0.0-8080-exec-9] DEBUG org.hibernate.SQL - 
    select
        p1_0.id,
        p1_0.admin_notes,
        p1_0.all_or_nothing,
        p1_0.categorie,
        p1_0.created_at,
        p1_0.start_date,
        p1_0.end_date,
        p1_0.description,
        p1_0.cover_image,
        p1_0.localisation,
        p1_0.current_amount,
        p1_0.investors_count,
        p1_0.funding_goal,
        p1_0.equity_percentage,
        p1_0.owner_id,
        p1_0.status,
        p1_0.suspension_deadline,
        p1_0.interest_rate,
        p1_0.titre,
        p1_0.funding_type 
    from
        projects p1_0 
    where
        p1_0.status=? 
        and p1_0.end_date>=?
2026-05-20 14:02:48.734 [http-nio-0.0.0.0-8080-exec-9] DEBUG org.hibernate.SQL - 
    select
        p1_0.id,
        p1_0.admin_notes,
        p1_0.all_or_nothing,
        p1_0.categorie,
        p1_0.created_at,
        p1_0.start_date,
        p1_0.end_date,
        p1_0.description,
        p1_0.cover_image,
        p1_0.localisation,
        p1_0.current_amount,
        p1_0.investors_count,
        p1_0.funding_goal,
        p1_0.equity_percentage,
        p1_0.owner_id,
        p1_0.status,
        p1_0.suspension_deadline,
        p1_0.interest_rate,
        p1_0.titre,
        p1_0.funding_type 
    from
        projects p1_0 
    where
        p1_0.status=? 
        and p1_0.end_date>=?
2026-05-20 14:02:48.751 [http-nio-0.0.0.0-8080-exec-9] DEBUG o.s.o.j.s.OpenEntityManagerInViewInterceptor - Closing JPA EntityManager in OpenEntityManagerInViewInterceptor
2026-05-20 14:03:21.032 [http-nio-0.0.0.0-8080-exec-4] DEBUG o.s.o.j.s.OpenEntityManagerInViewInterceptor - Opening JPA EntityManager in OpenEntityManagerInViewInterceptor
2026-05-20 14:03:21.046 [http-nio-0.0.0.0-8080-exec-4] DEBUG org.hibernate.SQL - 
    select
        u1_0.id,
        u1_0.address,
        u1_0.admin_notes,
        u1_0.avatar_url,
        u1_0.bio,
        u1_0.preferred_category,
        u1_0.created_at,
        u1_0.email,
        u1_0.google_id,
        u1_0.kyc_status,
        u1_0.password,
        u1_0.last_name,
        u1_0.first_name,
        u1_0.role,
        u1_0.status,
        u1_0.phone,
        u1_0.ville 
    from
        users u1_0 
    where
        u1_0.email=?
2026-05-20 14:03:21.046 [http-nio-0.0.0.0-8080-exec-4] DEBUG org.hibernate.SQL - 
    select
        u1_0.id,
        u1_0.address,
        u1_0.admin_notes,
        u1_0.avatar_url,
        u1_0.bio,
        u1_0.preferred_category,
        u1_0.created_at,
        u1_0.email,
        u1_0.google_id,
        u1_0.kyc_status,
        u1_0.password,
        u1_0.last_name,
        u1_0.first_name,
        u1_0.role,
        u1_0.status,
        u1_0.phone,
        u1_0.ville 
    from
        users u1_0 
    where
        u1_0.email=?
2026-05-20 14:03:21.259 [http-nio-0.0.0.0-8080-exec-4] DEBUG o.s.o.j.s.OpenEntityManagerInViewInterceptor - Closing JPA EntityManager in OpenEntityManagerInViewInterceptor
2026-05-20 14:03:34.812 [http-nio-0.0.0.0-8080-exec-5] DEBUG o.s.o.j.s.OpenEntityManagerInViewInterceptor - Opening JPA EntityManager in OpenEntityManagerInViewInterceptor
2026-05-20 14:03:34.822 [http-nio-0.0.0.0-8080-exec-5] DEBUG org.hibernate.SQL - 
    select
        u1_0.id,
        u1_0.address,
        u1_0.admin_notes,
        u1_0.avatar_url,
        u1_0.bio,
        u1_0.preferred_category,
        u1_0.created_at,
        u1_0.email,
        u1_0.google_id,
        u1_0.kyc_status,
        u1_0.password,
        u1_0.last_name,
        u1_0.first_name,
        u1_0.role,
        u1_0.status,
        u1_0.phone,
        u1_0.ville 
    from
        users u1_0 
    where
        u1_0.email=?
2026-05-20 14:03:34.822 [http-nio-0.0.0.0-8080-exec-5] DEBUG org.hibernate.SQL - 
    select
        u1_0.id,
        u1_0.address,
        u1_0.admin_notes,
        u1_0.avatar_url,
        u1_0.bio,
        u1_0.preferred_category,
        u1_0.created_at,
        u1_0.email,
        u1_0.google_id,
        u1_0.kyc_status,
        u1_0.password,
        u1_0.last_name,
        u1_0.first_name,
        u1_0.role,
        u1_0.status,
        u1_0.phone,
        u1_0.ville 
    from
        users u1_0 
    where
        u1_0.email=?
2026-05-20 14:03:34.993 [http-nio-0.0.0.0-8080-exec-5] DEBUG o.s.o.j.s.OpenEntityManagerInViewInterceptor - Closing JPA EntityManager in OpenEntityManagerInViewInterceptor
2026-05-20 14:03:50.574 [http-nio-0.0.0.0-8080-exec-10] DEBUG o.s.o.j.s.OpenEntityManagerInViewInterceptor - Opening JPA EntityManager in OpenEntityManagerInViewInterceptor
2026-05-20 14:03:50.641 [http-nio-0.0.0.0-8080-exec-10] DEBUG org.hibernate.SQL - 
    select
        u1_0.id,
        u1_0.address,
        u1_0.admin_notes,
        u1_0.avatar_url,
        u1_0.bio,
        u1_0.preferred_category,
        u1_0.created_at,
        u1_0.email,
        u1_0.google_id,
        u1_0.kyc_status,
        u1_0.password,
        u1_0.last_name,
        u1_0.first_name,
        u1_0.role,
        u1_0.status,
        u1_0.phone,
        u1_0.ville 
    from
        users u1_0 
    where
        u1_0.email=?
2026-05-20 14:03:50.641 [http-nio-0.0.0.0-8080-exec-10] DEBUG org.hibernate.SQL - 
    select
        u1_0.id,
        u1_0.address,
        u1_0.admin_notes,
        u1_0.avatar_url,
        u1_0.bio,
        u1_0.preferred_category,
        u1_0.created_at,
        u1_0.email,
        u1_0.google_id,
        u1_0.kyc_status,
        u1_0.password,
        u1_0.last_name,
        u1_0.first_name,
        u1_0.role,
        u1_0.status,
        u1_0.phone,
        u1_0.ville 
    from
        users u1_0 
    where
        u1_0.email=?
2026-05-20 14:03:51.177 [http-nio-0.0.0.0-8080-exec-10] DEBUG o.s.o.j.s.OpenEntityManagerInViewInterceptor - Closing JPA EntityManager in OpenEntityManagerInViewInterceptor
